#! FIELDS time TM1_TM6 TM1_ICL2 ICL2_TM5 TM6_H8 TM3_TM6 Npxxy N300_S115 L78_Y297
 0.000000 1.939787 1.627294 2.604641 1.715132 1.061477 1.255109 1.022063 0.626382
 2400.000000 2.033871 1.705680 2.574365 1.831460 1.004923 1.240334 0.939866 0.608088
 4800.000000 2.062892 1.829653 2.584685 1.763784 0.964648 1.203715 1.027427 0.630069
 7200.000000 1.994113 1.874873 2.544277 1.633481 0.988900 1.210579 1.071010 0.605116
 9600.000000 1.946811 1.798831 2.611545 1.870858 0.962882 1.290955 0.996763 0.671019
 12000.000000 1.977590 1.691045 2.712523 1.793887 0.982360 1.289039 0.973112 0.656063
 14400.000000 1.965990 1.793681 2.599582 1.811868 1.003904 1.253490 0.974380 0.623998
 16800.000000 2.001208 1.726504 2.530778 1.583984 1.036192 1.179954 1.000524 0.618517
 19200.000000 2.128966 1.887241 2.629315 1.785122 1.045572 1.303335 0.957534 0.646900
 21600.000000 2.149309 1.776458 2.577729 1.802223 1.018252 1.367863 0.959135 0.623401
 24000.000000 2.043034 1.791900 2.586522 1.773017 0.953815 1.201602 0.948784 0.633095
 26400.000000 1.939437 1.812584 2.474539 1.840680 0.993759 1.243673 1.051506 0.611299
 28800.000000 1.939930 1.654848 2.530503 1.685838 1.095942 1.194811 1.007995 0.594184
 31200.000000 1.876659 1.834827 2.427320 1.759155 1.108875 1.190104 1.059679 0.593965
 33600.000000 2.054974 1.864460 2.579227 1.827613 1.029003 1.341103 0.971441 0.647498
 36000.000000 2.128415 1.860211 2.411841 1.789642 1.096734 1.205928 1.007079 0.664583
 38400.000000 2.091826 1.854949 2.596460 1.773210 1.207700 1.246478 1.020641 0.645326
 40800.000000 2.074582 1.908021 2.449742 1.765050 1.190910 1.265912 1.047031 0.623866
 43200.000000 2.068116 1.869713 2.509952 1.732897 1.124038 1.271298 1.022617 0.616926
 45600.000000 2.052595 1.803282 2.648077 1.902254 0.958429 1.237750 0.944183 0.606509
 48000.000000 2.200499 1.748296 2.607357 1.792152 0.981657 1.226455 0.996860 0.615978
 50400.000000 1.951895 1.603557 2.622058 1.784346 1.069899 1.175354 1.009000 0.596961
 52800.000000 1.915895 1.779815 2.547930 1.771836 1.103642 1.242128 1.088394 0.624876
 55200.000000 2.020183 1.824921 2.589173 1.707453 1.055137 1.212365 0.998337 0.592718
 57600.000000 2.150155 1.752581 2.636022 1.799298 1.094202 1.327579 1.019840 0.608457
 60000.000000 2.057848 2.078666 2.572165 1.792315 1.008809 1.306036 1.075681 0.638795
 62400.000000 1.989325 1.796527 2.514363 1.725601 1.106503 1.226136 1.111596 0.633426
 64800.000000 1.989117 1.753750 2.485958 1.872215 1.070357 1.267125 1.095050 0.618922
 67200.000000 1.991123 1.700466 2.527990 1.771950 1.029572 1.310368 1.130300 0.645408
 69600.000000 1.963623 1.979915 2.561178 1.462301 1.101656 1.248428 1.021174 0.608318
 72000.000000 2.012823 1.857108 2.473762 1.486796 1.116728 1.124219 1.025052 0.626825
 74400.000000 2.173622 1.886942 2.543178 1.611030 1.071179 1.183769 1.031532 0.617805
 76800.000000 2.190941 2.073085 2.565888 1.584523 1.052313 1.245544 0.951808 0.594701
 79200.000000 1.984293 1.991181 2.629796 1.589802 1.059576 1.174397 0.960729 0.581117
 81600.000000 2.098757 1.932237 2.511150 1.574309 1.022817 1.255360 0.970992 0.649784
 84000.000000 2.112574 1.877315 2.551013 1.843380 0.975535 1.342409 1.001621 0.595419
 86400.000000 1.986660 1.827452 2.391778 1.856176 0.976990 1.173777 0.994711 0.646343
 88800.000000 2.107581 1.741956 2.547124 1.871332 1.168997 1.295243 0.988716 0.607433
 91200.000000 2.014382 1.823870 2.468956 1.719238 1.170500 1.241514 0.984141 0.630509
 93600.000000 1.998449 1.790405 2.426081 1.810845 1.025517 1.155856 0.996433 0.600743
 96000.000000 1.989728 1.954271 2.426114 1.820935 0.990137 1.145420 0.991883 0.602523
 98400.000000 2.134937 1.946676 2.453319 1.776635 1.053120 1.260760 0.980992 0.620002
 100800.000000 2.107887 1.937654 2.347500 1.839622 0.982151 1.351166 0.982576 0.600855
 103200.000000 2.017495 1.921435 2.378674 1.833439 1.039857 1.257786 1.023500 0.644597
 105600.000000 2.149211 1.905800 2.385792 1.879612 1.005655 1.289760 0.987892 0.559500
 108000.000000 2.071700 1.956615 2.515619 1.768548 1.007483 1.235350 0.998849 0.614947
 110400.000000 2.015801 1.987331 2.438866 1.861128 1.036684 1.252388 0.940203 0.595397
 112800.000000 2.088196 1.853296 2.472851 1.864882 1.014376 1.302599 0.997369 0.610796
 115200.000000 2.183062 1.913069 2.351575 1.914730 1.005806 1.283653 0.992104 0.632150
 117600.000000 1.959614 1.886394 2.475804 1.771299 1.093942 1.317964 1.062128 0.652993
 120000.000000 2.063627 1.702465 2.331666 1.799921 1.048617 1.263048 1.028350 0.626667
 122400.000000 2.097580 1.916831 2.421935 1.510752 1.161028 1.226474 1.021026 0.616559
 124800.000000 2.027233 1.886981 2.488637 1.488750 1.071893 1.249242 0.978262 0.610674
 127200.000000 2.235324 2.002611 2.432604 1.585842 0.983400 1.245014 1.048266 0.586350
 129600.000000 2.048785 2.008614 2.405339 1.505238 1.029892 1.229409 0.955965 0.621149
 132000.000000 2.171631 1.968032 2.430065 1.571932 1.032899 1.215292 1.067446 0.647473
 134400.000000 2.233125 1.928822 2.499948 1.644008 1.145260 1.214870 1.052922 0.626987
 136800.000000 2.227777 1.877441 2.386918 1.606131 1.138389 1.280572 0.974598 0.667198
 139200.000000 2.077676 1.817791 2.505883 1.460210 1.082888 1.160405 0.988923 0.627175
 141600.000000 2.004142 1.841249 2.539357 1.552775 1.039158 1.283000 1.011275 0.659471
 144000.000000 2.005796 1.811723 2.502969 1.577934 1.016175 1.164791 1.065773 0.674850
 146400.000000 2.057108 1.841679 2.522067 1.532296 1.093253 1.197792 1.055054 0.628502
 148800.000000 2.137190 1.954757 2.476552 1.489205 1.107224 1.248542 1.011934 0.617186
 151200.000000 2.115155 1.942994 2.550699 1.579807 1.160326 1.227799 1.040600 0.589615
 153600.000000 2.116233 1.968354 2.533225 1.566637 1.087655 1.300276 1.036707 0.608060
 156000.000000 2.061483 1.885978 2.427616 1.549848 1.082627 1.300087 0.983472 0.615032
 158400.000000 2.031103 1.937806 2.358378 1.557222 0.981788 1.297194 1.009700 0.591328
 160800.000000 2.112862 1.940478 2.565542 1.522211 1.020911 1.223075 0.975772 0.607558
 163200.000000 2.007289 1.895823 2.436740 1.410731 1.145810 1.311812 1.017005 0.638677
 165600.000000 2.136417 1.838058 2.374579 1.604485 1.037097 1.218450 1.037221 0.630209
 168000.000000 2.064172 1.812295 2.488327 1.483030 1.096904 1.287721 1.080653 0.608101
 170400.000000 2.067763 1.831115 2.467791 1.551265 1.006346 1.329805 0.973015 0.616412
 172800.000000 2.130302 1.886577 2.550896 1.510187 1.042636 1.350186 0.992870 0.607912
 175200.000000 1.989220 1.727639 2.696752 1.515561 1.035332 1.162779 1.013437 0.609354
 177600.000000 2.143727 1.705700 2.520837 1.537557 1.100892 1.245100 1.022798 0.602811
 180000.000000 2.113411 1.851498 2.545135 1.535908 0.986178 1.282326 1.140583 0.675618
 182400.000000 2.174900 1.790452 2.481997 1.560374 1.090039 1.270716 0.984051 0.628171
 184800.000000 2.082979 1.630052 2.636949 1.586485 1.085398 1.327570 1.025918 0.636171
 187200.000000 2.216314 1.657595 2.578740 1.610559 1.110690 1.201668 1.000674 0.638982
 189600.000000 2.068726 1.831791 2.609061 1.573010 1.039595 1.325554 1.037589 0.593272
 192000.000000 2.080580 1.813075 2.537333 1.563112 1.073584 1.248620 1.094905 0.652882
 194400.000000 2.080627 1.710868 2.635262 1.460278 1.077650 1.262026 1.040082 0.624175
 196800.000000 2.128527 1.636072 2.542737 1.463318 1.102535 1.228639 1.037284 0.689026
 199200.000000 2.035123 1.668947 2.661700 1.441544 1.148786 1.219471 0.984182 0.638281
 201600.000000 2.096321 1.554880 2.591647 1.507096 1.167330 1.207091 1.058857 0.651519
 204000.000000 2.029486 1.758064 2.542619 1.607874 0.998866 1.290564 0.975096 0.641233
 206400.000000 2.216550 1.782870 2.749630 1.552116 1.134791 1.284450 1.052335 0.613939
 208800.000000 2.188128 1.814875 2.558297 1.485180 1.032377 1.214264 1.108761 0.597841
 211200.000000 2.016495 1.624516 2.543603 1.509884 1.065805 1.260576 1.009254 0.602972
 213600.000000 2.128935 1.709815 2.624077 1.566580 1.069891 1.179916 1.091618 0.635270
 216000.000000 2.148472 1.911871 2.562418 1.536677 1.142260 1.135234 0.988539 0.615284
 218400.000000 2.139307 1.671094 2.468414 1.443690 1.110127 1.178550 0.934654 0.605399
 220800.000000 2.247833 1.573215 2.582420 1.548897 1.145426 1.194600 0.995417 0.631475
 223200.000000 2.173882 1.625737 2.677946 1.567591 1.143840 1.246061 1.022391 0.618343
 225600.000000 2.246044 1.838639 2.430453 1.446164 1.113703 1.308105 1.047522 0.618181
 228000.000000 2.220652 1.636576 2.517366 1.510596 1.120852 1.222271 1.092454 0.618862
 230400.000000 2.221901 1.792004 2.639096 1.555170 1.093434 1.267152 1.056898 0.642872
 232800.000000 2.026666 1.875902 2.626995 1.473972 1.013121 1.223681 1.129847 0.637691
 235200.000000 2.024440 1.641763 2.658503 1.504682 1.150046 1.210517 1.027198 0.631230
 237600.000000 2.116317 1.910326 2.554180 1.468462 1.254488 1.315167 1.114419 0.587383
 240000.000000 2.107005 1.764334 2.738167 1.525973 1.160587 1.323584 1.111565 0.654513
 242400.000000 2.122097 1.757868 2.507230 1.588559 1.189341 1.268168 1.074132 0.644345
 244800.000000 2.093164 1.626561 2.603727 1.554870 1.165784 1.182250 1.138645 0.660410
 247200.000000 2.111208 1.685173 2.523953 1.577594 1.106079 1.262358 1.079135 0.634143
 249600.000000 2.114419 1.790088 2.557362 1.467528 1.186438 1.235113 1.104844 0.607140
 252000.000000 2.230119 1.974304 2.422644 1.525051 1.120503 1.262644 1.090247 0.630669
 254400.000000 2.331051 1.672712 2.601175 1.698829 1.132838 1.225900 1.148669 0.619585
 256800.000000 2.282224 1.858577 2.599213 1.476475 1.134603 1.283696 1.024824 0.619680
 259200.000000 2.468466 1.909883 2.627809 1.499994 1.294854 1.180292 1.021913 0.615567
 261600.000000 2.380895 1.905401 2.502052 1.493203 1.144082 1.199192 1.003588 0.626120
 264000.000000 2.498814 2.013484 2.589384 1.603953 1.121109 1.162939 1.036378 0.634871
 266400.000000 2.328875 1.833105 2.694779 1.545090 1.190663 1.187921 0.998079 0.601903
 268800.000000 2.395542 1.781835 2.633616 1.632728 1.108869 1.204294 0.963629 0.659178
 271200.000000 2.232255 1.544227 2.597347 1.579203 1.098512 1.168703 1.002576 0.623628
 273600.000000 2.299831 1.824653 2.597234 1.521732 1.089997 1.238148 0.935236 0.614073
 276000.000000 2.247091 1.607856 2.626396 1.481806 1.072291 1.206165 0.955945 0.671296
 278400.000000 2.273653 1.614423 2.621326 1.442969 1.124622 1.300634 1.050562 0.647881
 280800.000000 2.083552 1.583233 2.681808 1.557330 1.136840 1.284539 1.053552 0.670296
 283200.000000 2.351083 1.696450 2.648366 1.671935 1.165723 1.257999 0.982286 0.600432
 285600.000000 2.302574 1.802962 2.544345 1.721749 1.199079 1.150463 0.969431 0.610924
 288000.000000 2.256516 1.612668 2.607893 1.752516 1.225352 1.157415 0.987537 0.631486
 290400.000000 2.609055 1.808656 2.578851 1.852419 1.190795 1.411797 0.979695 0.594144
 292800.000000 2.543211 1.713209 2.531221 1.792037 1.065057 1.381116 1.010311 0.610214
 295200.000000 2.526616 1.797258 2.558134 1.913944 1.071563 1.469349 0.982918 0.603632
 297600.000000 2.447511 1.720854 2.532086 1.869417 1.089518 1.289127 0.954180 0.684378
 300000.000000 2.454688 1.608655 2.599028 1.846948 1.133912 1.446276 0.980360 0.645141
 302400.000000 2.377839 1.588310 2.616071 1.821349 1.076340 1.377503 0.967868 0.611928
 304800.000000 2.479254 1.963443 2.553394 1.825599 1.170371 1.322564 1.000370 0.607020
 307200.000000 2.398480 1.817706 2.626161 1.800187 1.046512 1.335020 1.050601 0.687052
 309600.000000 2.413767 1.846145 2.600668 1.761455 1.341512 1.274118 1.106697 0.619432
 312000.000000 2.586750 1.837956 2.565006 1.798227 1.269093 1.264834 0.989117 0.636465
 314400.000000 2.220183 1.782512 2.612666 1.745671 1.131739 1.403280 1.015130 0.571656
 316800.000000 2.208769 1.662333 2.620344 1.849711 1.182862 1.197508 1.006392 0.637581
 319200.000000 2.097243 1.818151 2.542239 1.737865 1.098634 1.307588 1.055909 0.649288
 321600.000000 2.388180 1.733375 2.601927 1.792118 1.233888 1.377466 0.984119 0.607119
 324000.000000 2.389374 1.795868 2.587744 1.773244 1.053230 1.437781 0.896993 0.644547
 326400.000000 2.376463 1.777380 2.566181 1.784609 1.164296 1.382862 1.008869 0.579021
 328800.000000 2.294797 1.755491 2.519045 1.727196 1.118662 1.376251 1.019731 0.666332
 331200.000000 2.208832 1.778263 2.472595 1.719853 1.174153 1.321433 0.993987 0.640004
 333600.000000 2.391444 1.880401 2.594743 1.853743 1.141201 1.352496 0.978355 0.621572
 336000.000000 2.230656 1.717723 2.573472 1.763535 1.160549 1.342005 0.919170 0.600005
 338400.000000 2.302835 1.890640 2.535682 1.843304 1.007294 1.506116 0.984584 0.593562
 340800.000000 2.259716 1.648208 2.610003 1.816366 1.054622 1.305315 1.009308 0.600700
 343200.000000 2.321445 1.726676 2.496909 1.870468 1.006398 1.370544 0.924492 0.608880
 345600.000000 2.267877 1.811132 2.548554 1.624021 1.049256 1.403996 0.980412 0.641302
 348000.000000 2.157288 1.844894 2.581507 1.434547 1.076812 1.374118 0.987569 0.607801
 350400.000000 2.433874 1.923679 2.543622 1.484797 0.988838 1.360841 1.001828 0.601639
 352800.000000 2.246182 1.856905 2.553415 1.426401 1.015617 1.313716 0.959590 0.620002
 355200.000000 2.263391 1.959592 2.473474 1.677060 0.997149 1.355649 0.966326 0.611003
 357600.000000 2.290416 1.903825 2.511605 1.503684 0.970543 1.267838 0.970315 0.631384
 360000.000000 2.239497 1.854152 2.544274 1.531479 0.987844 1.246753 0.954571 0.665643
 362400.000000 2.091067 1.831540 2.645863 1.420479 1.024499 1.330896 0.963815 0.661578
 364800.000000 2.209221 1.799203 2.521951 1.463339 0.976180 1.274437 0.995434 0.611510
 367200.000000 2.349963 1.850657 2.565717 1.749332 1.026772 1.221377 0.959217 0.642284
 369600.000000 2.075055 1.859992 2.448422 1.531403 1.016316 1.253603 1.030424 0.596402
 372000.000000 2.030786 1.842906 2.539704 1.619841 1.001020 1.264697 0.977911 0.603296
 374400.000000 1.978565 1.871261 2.524086 1.520043 1.017567 1.064739 0.943535 0.620677
 376800.000000 2.110031 1.860059 2.532263 1.609155 1.066101 1.268510 0.975410 0.604439
 379200.000000 2.161079 1.913149 2.550810 1.538761 0.984334 1.173903 1.001066 0.605936
 381600.000000 2.066224 1.827422 2.502887 1.486528 1.027834 1.261315 0.963991 0.648228
 384000.000000 2.389663 1.859615 2.516427 1.506026 0.987360 1.194820 0.959864 0.632357
 386400.000000 2.254641 1.755319 2.490883 1.455050 1.005547 1.211420 1.028409 0.632443
 388800.000000 2.240779 1.790023 2.508863 1.656767 1.055078 1.227585 0.986679 0.636060
 391200.000000 2.166222 1.939980 2.455294 1.742835 0.983574 1.255139 1.009132 0.618257
 393600.000000 2.535832 1.876726 2.526865 1.631071 1.041220 1.265338 0.989874 0.567994
 396000.000000 2.391019 1.771322 2.578062 1.564829 1.076648 1.203311 1.017457 0.582881
 398400.000000 2.412545 1.783344 2.564536 1.640515 1.046865 1.300702 1.022707 0.625042
 400800.000000 2.345909 1.904383 2.503394 1.680342 1.023347 1.290160 0.985875 0.663446
 403200.000000 2.279183 1.838446 2.584112 1.715733 0.985510 1.218485 1.004125 0.599586
 405600.000000 2.265682 1.854045 2.566576 1.752316 0.995088 1.301060 1.018041 0.626529
 408000.000000 2.375671 1.907911 2.716473 1.745550 1.063643 1.246183 1.038831 0.699294
 410400.000000 2.169671 1.808958 2.557947 1.625832 1.012596 1.161846 1.019067 0.651484
 412800.000000 2.210532 1.958839 2.553271 1.850386 1.030539 1.238713 1.040178 0.589244
 415200.000000 2.337472 1.955625 2.457727 1.854613 1.042437 1.423174 1.029432 0.633632
 417600.000000 2.327467 1.877391 2.483259 1.853220 1.084049 1.277773 1.010462 0.645001
 420000.000000 2.087718 1.859530 2.556764 1.650439 0.990542 1.322097 1.137281 0.662920
 422400.000000 2.227764 1.895520 2.460636 1.680792 0.965068 1.481749 1.204045 0.628024
 424800.000000 2.430789 1.869840 2.433842 1.883583 1.044219 1.422108 1.039025 0.560612
 427200.000000 2.239429 2.012014 2.534608 1.813633 1.050148 1.284743 1.079304 0.603773
 429600.000000 2.386397 2.007140 2.557759 1.905251 1.017524 1.808673 1.035945 0.625620
 432000.000000 2.276156 1.809810 2.474658 1.839746 0.969169 1.739767 1.077709 0.675439
 434400.000000 2.368510 1.806963 2.508815 1.870860 0.972889 1.772619 1.055799 0.607422
 436800.000000 2.394912 1.813245 2.660984 1.898253 0.998932 1.766286 1.024390 0.583551
 439200.000000 2.332711 1.842051 2.619194 1.849771 0.953196 1.821457 0.962874 0.641298
 441600.000000 2.387080 1.904974 2.657750 1.827088 0.985611 1.727426 1.052321 0.622684
 444000.000000 2.431249 1.806761 2.609538 1.795748 1.015495 1.674542 1.099361 0.604797
 446400.000000 2.449969 1.936740 2.542066 1.777681 0.991763 1.431484 1.028096 0.616788
 448800.000000 2.347437 2.014810 2.428645 1.671715 0.982273 1.682119 1.025472 0.604871
 451200.000000 2.208188 1.754086 2.704954 1.777112 1.025814 1.665895 1.001900 0.639867
 453600.000000 2.476352 1.986658 2.586164 1.872438 0.973057 1.773023 0.924278 0.607163
 456000.000000 2.389224 1.893096 2.564754 1.862092 1.040980 1.761649 0.971531 0.631997
 458400.000000 2.472781 1.981746 2.471722 1.797781 1.029409 1.599658 0.974004 0.572134
 460800.000000 2.392785 1.857833 2.523755 1.830623 1.035739 1.214772 0.994996 0.652069
 463200.000000 2.511404 1.821091 2.533329 1.850471 1.051119 1.230459 1.017751 0.651960
 465600.000000 2.413701 1.841780 2.575728 1.907874 0.970382 1.272625 1.033918 0.646500
 468000.000000 2.386633 1.871341 2.456564 1.806272 0.982965 1.205604 1.003451 0.603567
 470400.000000 2.409774 2.013209 2.427577 1.800091 0.937129 1.291852 0.994274 0.594889
 472800.000000 2.374382 1.927523 2.423038 1.897181 1.001241 1.356197 0.962701 0.636133
 475200.000000 2.437827 1.909663 2.595310 1.878497 1.044434 1.436329 0.967821 0.633962
 477600.000000 2.323122 1.847589 2.390858 1.870746 1.041585 1.210218 1.016450 0.647418
 480000.000000 2.363920 1.752083 2.542723 1.850138 1.044058 1.352303 0.992621 0.591169
 482400.000000 2.397970 1.888112 2.539615 1.938320 1.035056 1.287097 0.987748 0.610355
 484800.000000 2.338205 1.740195 2.502444 1.895245 1.017014 1.293537 1.003389 0.602272
 487200.000000 2.402656 1.807993 2.554576 1.863081 1.054306 1.239989 1.041175 0.608107
 489600.000000 2.403489 1.974164 2.447372 1.825254 1.021099 1.227437 1.014151 0.647517
 492000.000000 2.492325 1.797755 2.560196 1.912184 1.123774 1.807402 0.997137 0.593365
 494400.000000 2.382178 1.867622 2.594028 1.889122 1.040246 1.855962 0.922368 0.612412
 496800.000000 2.493007 1.808648 2.738579 1.869159 1.034438 1.775825 0.993980 0.588659
 499200.000000 2.378071 1.856838 2.549063 1.848897 0.983990 1.765180 0.990750 0.606988
 501600.000000 2.345145 1.880790 2.600950 1.825350 1.023381 1.617187 1.051798 0.660686
 504000.000000 2.385903 1.963819 2.540367 1.790700 1.016278 1.930198 0.973983 0.628698
 506400.000000 2.321691 1.794053 2.616439 1.823702 1.014827 1.371441 1.023589 0.621475
 508800.000000 2.483854 1.747915 2.679283 1.736905 1.067917 1.324633 1.048480 0.640132
 511200.000000 2.484296 1.945988 2.611344 1.819005 0.994824 1.380307 0.996696 0.599110
 513600.000000 2.290358 1.874786 2.710633 1.846310 1.020770 1.283598 1.061780 0.675421
 516000.000000 2.581782 1.945606 2.494255 1.835456 1.111059 1.328889 1.003080 0.626004
 518400.000000 2.527855 1.963994 2.418167 1.926702 1.022040 1.280460 0.955697 0.605158
 520800.000000 2.505752 1.977427 2.303520 1.813009 1.026361 1.313810 0.975867 0.597412
 523200.000000 2.499740 1.946123 2.444721 1.891749 0.999834 1.315825 0.972905 0.598282
 525600.000000 2.454852 1.924614 2.578078 1.888238 1.016498 1.124520 0.965811 0.571024
 528000.000000 2.539372 2.005129 2.489999 2.054306 0.914169 1.183552 0.929687 0.603889
 530400.000000 2.511823 1.978930 2.509045 2.017893 0.996268 1.309263 0.943893 0.610562
 532800.000000 2.535418 2.014488 2.493629 1.810232 1.035089 1.233249 0.993425 0.648409
 535200.000000 2.493159 1.946536 2.382498 1.850798 1.005359 1.226353 0.960087 0.612632
 537600.000000 2.334711 1.804929 2.340870 1.798649 1.026621 1.238526 0.891670 0.624730
 540000.000000 2.280536 1.834518 2.482938 1.593806 0.958714 1.197288 1.083626 0.672860
 542400.000000 2.420487 1.878899 2.385421 1.757904 1.024426 1.404277 1.037059 0.616296
 544800.000000 2.395610 1.962525 2.358715 1.769599 0.975390 1.195303 0.967975 0.587011
 547200.000000 2.172785 1.881611 2.480875 1.698771 1.004070 1.213930 1.005712 0.624920
 549600.000000 2.309933 2.018357 2.410440 1.696520 1.024243 1.202865 1.036594 0.633431
 552000.000000 2.208251 1.828216 2.568788 1.664556 0.960921 1.199682 1.024548 0.650401
 554400.000000 2.306426 1.874403 2.306817 1.742684 1.024193 1.264234 1.018172 0.611600
 556800.000000 2.347656 1.915969 2.380988 1.779026 1.025170 1.234114 1.023876 0.595975
 559200.000000 2.321058 1.922606 2.346587 1.730568 1.068531 1.283295 1.001631 0.605267
 561600.000000 2.291452 1.908219 2.367565 1.686349 1.045279 1.226989 0.952356 0.650208
 564000.000000 2.340929 2.027432 2.318628 1.833183 0.960007 1.302490 0.998638 0.659506
 566400.000000 2.439655 1.923600 2.538706 1.753663 1.044342 1.212080 0.939947 0.595094
 568800.000000 2.510406 1.943929 2.545346 1.958819 1.046074 1.212002 0.993483 0.588836
 571200.000000 2.306349 1.838920 2.500008 1.826944 1.042272 1.308545 0.963020 0.655158
 573600.000000 2.349126 1.996197 2.482097 1.812536 1.020083 1.308547 1.016162 0.620743
 576000.000000 2.423664 1.805113 2.534173 1.787296 1.018600 1.275632 0.946862 0.607758
 578400.000000 2.276860 1.815115 2.527460 1.816019 0.989806 1.287315 0.985754 0.668780
 580800.000000 2.303238 1.917167 2.485536 1.678359 0.987291 1.291671 0.979958 0.615692
 583200.000000 2.366464 1.987012 2.499806 1.813447 0.980867 1.289700 1.014882 0.633745
 585600.000000 2.461270 1.775453 2.507415 1.874624 1.073329 1.180709 0.924398 0.651627
 588000.000000 2.360159 1.791936 2.673017 1.814069 1.047518 1.286318 0.958923 0.620362
 590400.000000 2.474754 1.936279 2.479932 1.906495 1.059427 1.326711 0.949060 0.644230
 592800.000000 2.555534 1.992696 2.519388 1.992041 0.968358 1.400567 1.030171 0.588977
 595200.000000 2.295256 1.812683 2.578079 1.837206 0.987120 1.289348 1.003524 0.633104
 597600.000000 2.288151 1.773629 2.585271 1.711969 0.960654 1.252841 1.022309 0.617048
 600000.000000 2.248426 1.861972 2.327831 1.675355 0.992728 1.198218 1.020892 0.610237
 602400.000000 2.336596 1.874450 2.397031 1.723559 1.015899 1.202171 1.014780 0.640816
 604800.000000 2.479965 1.964338 2.433128 1.829057 1.048559 1.226609 1.017528 0.641529
 607200.000000 2.414896 2.041848 2.540907 1.759341 1.002015 1.286893 0.976680 0.593562
 609600.000000 2.414828 1.961716 2.429977 1.745951 1.009342 1.293406 1.083989 0.672211
 612000.000000 2.289556 1.889465 2.457784 1.643647 1.067008 1.236815 1.016421 0.639955
 614400.000000 2.227518 1.852593 2.464007 1.747345 0.993420 1.238313 1.027763 0.620604
 616800.000000 2.173959 1.933944 2.427557 1.718997 1.013124 1.362889 1.070043 0.677178
 619200.000000 2.300801 1.931028 2.380072 1.708621 1.020911 1.304984 1.025222 0.615146
 621600.000000 2.234365 1.812541 2.468772 1.735919 1.011014 1.364285 0.992035 0.605483
 624000.000000 2.252573 1.895084 2.456424 1.710019 0.960163 1.291174 1.011254 0.662815
 626400.000000 2.216903 1.885350 2.431794 1.659200 1.033453 1.253685 0.960944 0.628581
 628800.000000 2.543547 1.847695 2.569008 1.641313 1.027986 1.230382 1.056654 0.633609
 631200.000000 2.537251 1.879424 2.477360 1.592832 1.011572 1.305633 0.973350 0.640669
 633600.000000 2.461843 1.916141 2.544308 1.650697 1.031672 1.212714 0.955476 0.624580
 636000.000000 2.477200 1.950624 2.452513 1.732199 0.974122 1.292044 0.971197 0.664818
 638400.000000 2.338819 1.851751 2.378363 1.737656 0.963540 1.246560 0.939675 0.635293
 640800.000000 2.449781 1.777273 2.492788 1.793450 0.972498 1.314698 1.029228 0.600201
 643200.000000 2.528905 1.861862 2.475769 1.668598 1.003217 1.321655 0.969973 0.608600
 645600.000000 2.403092 1.886669 2.511042 1.687576 1.040051 1.307757 0.984912 0.655117
 648000.000000 2.568624 1.924043 2.468654 1.752645 1.036229 1.262780 0.914220 0.665018
 650400.000000 2.580251 1.916974 2.578547 1.825477 1.039031 1.271407 0.991010 0.619023
 652800.000000 2.557880 2.043595 2.435214 1.778614 1.046236 1.284527 1.000153 0.616861
 655200.000000 2.607222 1.963491 2.486369 1.773924 1.112069 1.283507 0.996760 0.609893
 657600.000000 2.520496 1.922788 2.433146 1.734891 1.090468 1.288045 0.972374 0.624910
 660000.000000 2.528924 2.169406 2.507213 1.690884 1.017792 1.246758 0.946789 0.627947
 662400.000000 2.572988 2.109370 2.407808 1.686411 1.053857 1.297444 0.962538 0.620958
 664800.000000 2.502158 2.068978 2.393336 1.642269 1.003451 1.199423 0.953001 0.600648
 667200.000000 2.489750 2.131430 2.403907 1.490823 0.992596 1.230699 0.975381 0.639851
 669600.000000 2.531243 2.207584 2.381954 1.550780 1.009573 1.177857 1.008031 0.613334
 672000.000000 2.459660 2.123094 2.380759 1.503813 1.074280 1.255800 0.982975 0.608823
 674400.000000 2.637947 2.047097 2.477866 1.684543 1.167322 1.182610 1.005117 0.646486
 676800.000000 2.448064 1.937622 2.510776 1.700293 1.027282 1.228309 0.995107 0.607890
 679200.000000 2.554517 1.923121 2.426787 1.663602 1.056374 1.289549 1.034599 0.616257
 681600.000000 2.508408 2.158682 2.425504 1.741704 0.985176 1.282705 0.995031 0.625567
 684000.000000 2.614694 2.224696 2.474297 1.822680 1.002395 1.229930 1.045954 0.624181
 686400.000000 2.529748 2.050480 2.462933 1.761367 1.048168 1.132135 1.009800 0.602096
 688800.000000 2.666802 2.233998 2.506903 1.894994 1.048843 1.287401 0.980408 0.640756
 691200.000000 2.652298 2.224262 2.419087 1.663148 1.027108 1.253910 0.968236 0.656389
 693600.000000 2.723894 2.278086 2.437886 1.758488 1.023710 1.484966 0.994183 0.599936
 696000.000000 2.591310 2.018202 2.438723 1.702452 1.045594 1.355623 1.088058 0.640609
 698400.000000 2.569641 1.890145 2.530802 1.662343 0.914093 1.455000 0.919024 0.561653
 700800.000000 2.730617 2.170472 2.520878 1.648111 0.998564 1.277743 0.995929 0.637935
 703200.000000 2.645557 2.218008 2.435903 1.461754 1.069102 1.224729 0.979419 0.649665
 705600.000000 2.697355 2.016794 2.486116 1.539783 1.025970 1.204915 0.969871 0.575461
 708000.000000 2.653748 2.157833 2.396050 1.613088 1.071642 1.294346 0.975104 0.603085
 710400.000000 2.608930 2.125399 2.287261 1.541965 1.112761 1.264232 0.970009 0.610924
 712800.000000 2.504950 1.875864 2.482334 1.746200 1.036591 1.364209 1.058485 0.674627
 715200.000000 2.516978 1.853990 2.389949 1.655064 1.031397 1.301737 0.946585 0.593167
 717600.000000 2.505885 2.031927 2.490745 1.626703 1.017827 1.213650 0.951039 0.657596
 720000.000000 2.427017 1.916351 2.466979 1.547100 1.003046 1.340374 0.959118 0.628146
 722400.000000 2.402423 1.898774 2.497547 1.621712 1.038061 1.287161 1.030178 0.637909
 724800.000000 2.652884 1.889907 2.463991 1.730430 1.020957 1.265038 1.013807 0.659956
 727200.000000 2.523839 1.823276 2.666575 1.593035 1.118074 1.317747 0.994209 0.601500
 729600.000000 2.376254 1.795747 2.461776 1.507032 1.034861 1.239066 1.012444 0.629153
 732000.000000 2.460378 2.004016 2.436835 1.790391 1.022320 1.316473 1.077441 0.622629
 734400.000000 2.435680 1.623540 2.655433 1.688959 1.048929 1.404484 0.973778 0.656028
 736800.000000 2.433044 1.830639 2.504416 1.709447 1.039515 1.361394 1.010511 0.613746
 739200.000000 2.553835 1.909048 2.491725 1.805903 1.005616 1.392212 1.049822 0.690140
 741600.000000 2.581444 1.926040 2.395019 1.819067 1.019858 1.352280 1.005321 0.586857
 744000.000000 2.462396 1.892493 2.546469 1.742332 1.002220 1.318144 1.005809 0.579808
 746400.000000 2.478392 1.900843 2.509235 1.806263 1.063089 1.224203 1.002474 0.674942
 748800.000000 2.572050 1.883473 2.555363 1.777852 0.985383 1.230813 1.008420 0.630082
 751200.000000 2.623859 1.984495 2.463523 1.794237 1.001243 1.284116 1.008426 0.611932
 753600.000000 2.638769 1.985503 2.612743 1.661529 1.014754 1.284101 1.014427 0.661064
 756000.000000 2.541949 1.912028 2.616880 1.624296 0.998407 1.232869 0.956789 0.625729
 758400.000000 2.622863 1.940933 2.495135 1.774364 1.016191 1.255801 0.970031 0.656724
 760800.000000 2.419226 1.904420 2.620331 1.576490 0.995732 1.292743 1.035245 0.604703
 763200.000000 2.522659 1.964993 2.523440 1.741436 1.016750 1.259065 1.008279 0.641310
 765600.000000 2.450547 1.903569 2.635151 1.629641 0.988261 1.282964 0.958478 0.605855
 768000.000000 2.536974 1.958123 2.508906 1.608617 1.023255 1.253238 0.984223 0.596104
 770400.000000 2.451405 2.046246 2.447655 1.702630 1.004057 1.241689 1.020304 0.628238
 772800.000000 2.502384 1.883130 2.711689 1.627697 1.013008 1.238142 1.024068 0.595911
 775200.000000 2.340021 1.948036 2.568215 1.515148 1.023446 1.092947 0.972053 0.603898
 777600.000000 2.309263 1.905222 2.488742 1.624326 0.980991 1.179472 1.006684 0.696777
 780000.000000 2.455413 1.820642 2.561202 1.637952 1.045299 1.262658 1.025223 0.689446
 782400.000000 2.466277 1.872796 2.582858 1.632358 1.011158 1.272423 1.027641 0.650106
 784800.000000 2.545131 1.935449 2.578982 1.656242 1.055512 1.230497 0.956102 0.624923
 787200.000000 2.425234 1.884474 2.542227 1.566040 1.002132 1.217899 0.949672 0.605552
 789600.000000 2.552587 1.957363 2.529922 1.631174 1.034652 1.302937 1.023942 0.612459
 792000.000000 2.561675 1.943224 2.437768 1.589507 1.018714 1.324768 0.984594 0.602425
 794400.000000 2.431591 1.895637 2.515900 1.535141 0.938962 1.294429 0.963109 0.597139
 796800.000000 2.494443 2.011473 2.668936 1.712916 0.977091 1.242833 0.952436 0.608829
 799200.000000 2.639433 1.934218 2.463861 1.729380 1.080509 1.206693 0.947981 0.616340
 801600.000000 2.543250 1.791772 2.608390 1.761314 0.994105 1.335946 1.012217 0.634859
 804000.000000 2.418601 1.743722 2.585658 1.630097 0.965462 1.296701 1.052090 0.622677
 806400.000000 2.352448 1.819527 2.565635 1.773177 0.982693 1.223641 0.994203 0.623708
 808800.000000 2.384575 1.882209 2.476874 1.670764 1.069546 1.222485 1.095452 0.704833
 811200.000000 2.424323 1.849322 2.410635 1.645360 1.008914 1.190923 1.010646 0.623761
 813600.000000 2.366579 1.855059 2.455006 1.683891 1.050168 1.244385 0.982788 0.593231
 816000.000000 2.410659 1.902304 2.538098 1.679464 1.025572 1.289187 1.016516 0.590852
 818400.000000 2.445050 1.926507 2.422280 1.637046 0.998602 1.303379 1.031236 0.683184
 820800.000000 2.403672 1.907309 2.419537 1.640073 1.034560 1.339996 0.980050 0.626377
 823200.000000 2.325959 1.878477 2.566706 1.533912 0.997192 1.285443 1.046410 0.579894
 825600.000000 2.406773 1.864294 2.455044 1.659160 1.029408 1.251788 0.993947 0.632093
 828000.000000 2.404951 2.037821 2.432287 1.694233 1.088144 1.195375 0.973300 0.614430
 830400.000000 2.389899 1.973659 2.491271 1.682946 0.986421 1.219232 1.005420 0.620148
 832800.000000 2.457676 1.850864 2.509325 1.793774 1.031117 1.234743 1.007675 0.635645
 835200.000000 2.391400 1.938736 2.478212 1.644123 0.939549 1.178600 1.000375 0.631488
 837600.000000 2.437250 1.990589 2.597900 1.762577 1.065193 1.183543 1.056510 0.618690
 840000.000000 2.385696 1.967741 2.551523 1.673628 1.047711 1.234000 0.988232 0.580601
 842400.000000 2.355356 1.846874 2.496312 1.701140 0.997697 1.181588 1.031222 0.628573
 844800.000000 2.475953 1.944084 2.499287 1.654544 1.040346 1.257979 1.045737 0.627704
 847200.000000 2.595225 2.005994 2.473805 1.802322 0.955301 1.281844 0.918967 0.632993
 849600.000000 2.526312 1.897751 2.380297 1.776591 0.979739 1.293306 0.988858 0.593914
 852000.000000 2.344511 1.889899 2.517021 1.585656 1.024534 1.305080 0.952775 0.597527
 854400.000000 2.537366 2.018596 2.472445 1.528108 1.036829 1.129370 0.988354 0.626440
 856800.000000 2.370610 1.864196 2.491097 1.792016 0.959809 1.223703 0.968550 0.611239
 859200.000000 2.489184 1.906907 2.526701 1.922102 1.023178 1.236990 1.005158 0.635584
 861600.000000 2.476230 2.053936 2.513093 1.672175 1.069809 1.377523 1.028384 0.630729
 864000.000000 2.381501 1.890032 2.518049 1.659982 1.007732 1.394008 1.034187 0.657139
 866400.000000 2.531320 2.000324 2.534031 1.605961 1.030428 1.310431 0.946595 0.627174
 868800.000000 2.528295 1.824671 2.566977 1.723207 1.040610 1.337304 0.991146 0.621253
 871200.000000 2.564201 1.978961 2.449673 1.813947 0.978923 1.248075 1.000564 0.578990
 873600.000000 2.689830 2.000581 2.447073 1.861668 1.047380 1.292859 0.942038 0.603014
 876000.000000 2.508731 1.778406 2.463128 1.701405 1.043430 1.299111 1.001477 0.621156
 878400.000000 2.522746 1.723322 2.661886 1.709186 1.044484 1.279329 0.995911 0.606847
 880800.000000 2.415362 1.754487 2.638270 1.639641 0.903611 1.241034 0.996097 0.646595
 883200.000000 2.408033 1.615434 2.633996 1.717992 0.979679 1.374899 0.966455 0.635642
 885600.000000 2.416018 1.810885 2.492947 1.648076 1.041273 1.138048 0.987824 0.672761
 888000.000000 2.663057 2.021853 2.505485 1.849748 0.962805 1.265607 0.959877 0.621090
 890400.000000 2.542371 1.944237 2.525127 1.834685 0.936419 1.226613 1.057572 0.625344
 892800.000000 2.621293 1.983541 2.728319 1.839172 1.058898 1.308480 0.963060 0.682089
 895200.000000 2.492261 1.933460 2.397373 1.709321 0.974669 1.237880 1.103306 0.630938
 897600.000000 2.515588 1.933421 2.550008 1.799150 1.011102 1.276726 0.980731 0.621465
 900000.000000 2.483197 1.904104 2.478844 1.790435 0.971012 1.168823 0.933234 0.596182
 902400.000000 2.624280 1.912947 2.589093 1.901798 0.999026 1.225036 0.993015 0.624029
 904800.000000 2.301089 1.769596 2.561393 1.610158 1.033413 1.147708 1.028344 0.608718
 907200.000000 2.252186 1.891927 2.523406 1.590438 0.943091 1.186190 1.019749 0.608297
 909600.000000 2.559028 2.079252 2.494932 1.626981 0.991188 1.142423 0.938401 0.617887
 912000.000000 2.569021 1.987544 2.559202 1.766463 0.981143 1.270304 1.037495 0.622070
 914400.000000 2.563858 2.046468 2.492203 1.766484 1.040860 1.230810 0.936176 0.630574
 916800.000000 2.512004 1.951041 2.604403 1.776915 1.014829 1.175356 1.003450 0.630382
 919200.000000 2.718479 1.828393 2.583190 1.812482 1.142580 1.274270 0.993888 0.636749
 921600.000000 2.691610 1.873743 2.554808 1.695356 1.064147 1.308982 1.009207 0.613747
 924000.000000 2.661023 1.866024 2.427403 1.654136 1.000810 1.243359 0.971416 0.615918
 926400.000000 2.504739 2.019030 2.483579 1.675330 1.046884 1.245421 1.014764 0.595947
 928800.000000 2.632863 1.926337 2.519650 1.768933 0.982015 1.245402 0.989970 0.657169
 931200.000000 2.686154 1.925141 2.468668 1.804308 0.970357 1.235160 1.004333 0.600580
 933600.000000 2.302292 1.858747 2.546675 1.687416 1.020383 1.155805 1.082194 0.607226
 936000.000000 2.406742 1.828706 2.471864 1.652802 0.997102 1.242368 0.974699 0.620930
 938400.000000 2.511531 2.084304 2.436728 1.810361 1.019608 1.207700 0.939888 0.599009
 940800.000000 2.559704 1.973176 2.518373 1.761654 1.031951 1.264260 0.986352 0.614129
 943200.000000 2.656907 1.948897 2.465923 1.836291 1.001975 1.269523 0.967214 0.658937
 945600.000000 2.565313 1.902063 2.510377 1.768008 1.021898 1.230354 0.972170 0.625625
 948000.000000 2.635569 2.024881 2.485260 1.770041 1.117606 1.149341 0.992406 0.623648
 950400.000000 2.494833 1.875653 2.412586 1.730754 1.030205 1.228963 1.028789 0.630011
 952800.000000 2.573017 1.895653 2.473595 1.681737 1.045034 1.209102 1.007658 0.590737
 955200.000000 2.646541 2.018420 2.472064 1.754452 1.050681 1.298659 0.990688 0.661810
 957600.000000 2.624149 1.902399 2.415201 1.785724 1.002307 1.309921 0.973813 0.624309
 960000.000000 2.489509 1.865216 2.522277 1.790176 1.091712 1.314363 1.010106 0.624824
 962400.000000 2.637615 2.008523 2.468138 1.782928 1.059951 1.254948 0.959419 0.626438
 964800.000000 2.746149 1.953673 2.372367 1.844962 1.066074 1.283803 0.983379 0.629222
 967200.000000 2.666192 2.069864 2.382250 1.783109 1.057670 1.291750 0.951946 0.646908
 969600.000000 2.719614 2.059980 2.371119 1.751885 1.031677 1.317894 0.949496 0.618042
 972000.000000 2.467534 2.000393 2.426043 1.638717 0.985039 1.166520 0.948034 0.627237
 974400.000000 2.647325 1.944111 2.532801 1.862362 1.108701 1.295746 0.938691 0.641243
 976800.000000 2.555651 1.810368 2.423314 1.750641 1.082600 1.281740 1.008039 0.585063
 979200.000000 2.653856 2.118329 2.404517 1.734856 1.003678 1.330383 0.961015 0.626967
 981600.000000 2.433612 1.801335 2.299625 1.633566 0.941152 1.275959 0.983121 0.623722
 984000.000000 2.629652 1.999363 2.493744 1.781545 0.999666 1.301702 0.981692 0.603643
 986400.000000 2.524946 1.911861 2.332223 1.790764 1.035709 1.251607 1.016821 0.595300
 988800.000000 2.618854 2.030260 2.535511 1.825628 1.036175 1.282079 1.038227 0.620684
 991200.000000 2.503280 2.048928 2.425244 1.708715 1.003445 1.203891 0.971851 0.658651
 993600.000000 2.598585 2.031607 2.478776 1.719776 1.094790 1.237516 0.974898 0.622570
 996000.000000 2.611280 1.888624 2.564889 1.701462 1.087155 1.173134 0.940314 0.607166
 998400.000000 2.552531 2.051606 2.482448 1.719949 1.004411 1.279197 0.935141 0.606370
 1000800.000000 2.517537 1.975897 2.420615 1.724615 1.054459 1.320028 1.021690 0.602406
 1003200.000000 2.684738 2.096498 2.451190 1.835421 0.995620 1.268895 0.988894 0.598414
 1005600.000000 2.726408 2.082970 2.376854 1.811508 1.024802 1.267544 0.973537 0.606043
 1008000.000000 2.516362 1.907249 2.400662 1.610369 0.983082 1.315486 0.981024 0.642435
 1010400.000000 2.636275 2.084836 2.354424 1.736786 1.022042 1.226924 0.957116 0.608941
 1012800.000000 2.734201 2.172207 2.366854 1.781459 1.081649 1.243147 0.918053 0.595334
 1015200.000000 2.625671 2.105780 2.374912 1.800242 1.077645 1.270739 0.931509 0.624341
 1017600.000000 2.607181 2.074146 2.343915 1.670809 0.972213 1.271262 0.966605 0.662771
 1020000.000000 2.520123 2.009291 2.366559 1.570888 0.948619 1.251526 0.979018 0.656279
 1022400.000000 2.722203 2.031422 2.371147 1.640415 1.093525 1.253088 0.948628 0.633646
 1024800.000000 2.623057 2.045026 2.402397 1.786741 1.066356 1.223581 0.925478 0.624984
 1027200.000000 2.602351 2.121747 2.429728 1.787786 1.071312 1.348403 0.980304 0.621697
 1029600.000000 2.775433 2.048721 2.490116 1.825704 1.077693 1.252890 0.934731 0.623930
 1032000.000000 2.566665 2.064860 2.460467 1.780461 1.105785 1.220861 1.007970 0.669267
 1034400.000000 2.645514 2.091246 2.421546 1.732148 1.032384 1.308664 1.008257 0.635884
 1036800.000000 2.585913 1.903928 2.395009 1.743770 1.055243 1.270667 1.002841 0.672603
 1039200.000000 2.475269 2.113470 2.365727 1.643123 1.031272 1.212596 0.967331 0.605507
 1041600.000000 2.366719 1.977531 2.428031 1.583025 0.947792 1.291140 0.969009 0.655005
 1044000.000000 2.432121 2.026422 2.289903 1.614890 0.985051 1.183801 1.007133 0.608693
 1046400.000000 2.454353 2.041388 2.537548 1.666184 0.996037 1.228934 0.965370 0.655719
 1048800.000000 2.450512 1.888203 2.417323 1.774182 1.018208 1.335547 1.036519 0.694176
 1051200.000000 2.578817 1.958457 2.424319 1.802711 1.004581 1.293481 1.008867 0.618271
 1053600.000000 2.499340 2.055318 2.394712 1.711234 1.026979 1.273254 1.013140 0.656831
 1056000.000000 2.345495 2.032295 2.442402 1.682614 0.960743 1.241582 1.014286 0.654174
 1058400.000000 2.426620 1.956569 2.420821 1.635873 1.046904 1.315074 0.961430 0.666620
 1060800.000000 2.559089 2.006036 2.465459 1.752270 0.993633 1.272193 0.974685 0.615969
 1063200.000000 2.336239 2.089075 2.460403 1.616476 0.979284 1.322540 1.077828 0.651821
 1065600.000000 2.460191 2.051841 2.513117 1.607807 0.966636 1.326256 0.994165 0.615927
 1068000.000000 2.317494 2.050682 2.341878 1.680110 0.973161 1.292045 1.064353 0.629984
 1070400.000000 2.433409 1.976897 2.389963 1.558016 1.260041 1.062681 1.027001 0.628990
 1072800.000000 2.363418 2.065589 2.423385 1.576772 1.011222 1.188400 1.032486 0.584889
 1075200.000000 2.383917 1.979601 2.356880 1.601232 0.957650 1.162219 0.974655 0.583265
 1077600.000000 2.639130 1.953312 2.422918 1.702218 1.015338 1.210009 0.971612 0.587995
 1080000.000000 2.543185 2.114044 2.423359 1.616912 0.989027 1.189132 0.977322 0.607458
 1082400.000000 2.443847 1.999625 2.430426 1.612595 0.972006 1.211838 0.978207 0.582285
 1084800.000000 2.591922 1.963609 2.438441 1.649346 1.026947 1.254747 0.935023 0.615388
 1087200.000000 2.398200 1.929432 2.397580 1.524872 1.025256 1.210457 0.998618 0.634477
 1089600.000000 2.539973 2.024705 2.430785 1.640022 0.998512 1.168031 1.054460 0.568802
 1092000.000000 2.679745 1.973078 2.411192 1.770176 1.037333 1.287241 0.985998 0.570916
 1094400.000000 2.801778 2.010524 2.396849 1.786967 1.049753 1.238759 1.030827 0.607680
 1096800.000000 2.758501 1.973129 2.399752 1.743966 1.087562 1.240201 1.036655 0.562923
 1099200.000000 2.697364 1.956125 2.325464 1.768981 1.022464 1.385243 1.017277 0.565944
 1101600.000000 2.726942 1.939298 2.367320 1.809910 1.098606 1.264607 1.025565 0.570680
 1104000.000000 2.835648 2.003686 2.370357 1.840882 1.175609 1.298102 1.017664 0.540570
 1106400.000000 2.748760 1.855700 2.387347 1.858792 1.217121 1.207371 1.088426 0.594237
 1108800.000000 2.562005 1.645934 2.444525 1.755636 1.099237 1.185327 0.987462 0.590628
 1111200.000000 2.705150 1.711683 2.391791 1.823848 1.196371 1.301772 1.011662 0.596616
 1113600.000000 2.833640 1.902872 2.393836 1.843071 1.114127 1.228333 1.035971 0.579412
 1116000.000000 2.774705 1.867950 2.420177 1.813273 1.057723 1.234290 1.014685 0.594777
 1118400.000000 2.421399 1.844791 2.313759 1.593234 1.075063 1.168160 1.045197 0.609130
 1120800.000000 2.490541 1.959804 2.421225 1.595412 1.074613 1.209753 1.032965 0.579584
 1123200.000000 2.450331 1.823827 2.344571 1.626329 1.089912 1.234252 1.060734 0.586066
 1125600.000000 2.584227 1.987044 2.303607 1.670831 0.960430 1.232124 1.006007 0.551655
 1128000.000000 2.418813 1.862343 2.438843 1.593745 1.003228 1.137983 0.987286 0.606228
 1130400.000000 2.541308 1.976936 2.313842 1.596201 1.029893 1.211788 1.111284 0.555516
 1132800.000000 2.491219 1.911214 2.385605 1.617870 1.022456 1.410530 1.080196 0.591739
 1135200.000000 2.582512 1.961494 2.344185 1.769676 1.035551 1.275708 1.071456 0.582868
 1137600.000000 2.552607 1.970596 2.342102 1.669044 1.092832 1.251305 1.047139 0.553903
 1140000.000000 2.615052 1.874345 2.446555 1.752378 1.068487 1.298175 1.081903 0.613048
 1142400.000000 2.622709 1.887135 2.398277 1.759165 1.027128 1.254125 0.998866 0.589515
 1144800.000000 2.542371 1.865391 2.409562 1.745442 1.051506 1.184254 1.036749 0.592938
 1147200.000000 2.463039 1.793034 2.332596 1.661311 1.228281 1.202443 1.024501 0.582161
 1149600.000000 2.560668 1.833482 2.487713 1.623412 1.131181 1.380789 1.058755 0.584011
 1152000.000000 2.465727 1.975455 2.403613 1.594855 1.059142 1.204079 1.036372 0.593019
 1154400.000000 2.456217 1.983479 2.323219 1.614999 1.046095 1.200764 1.034759 0.602908
 1156800.000000 2.384306 1.882933 2.385910 1.577195 0.951478 1.184505 1.056277 0.570416
 1159200.000000 2.388222 1.855494 2.307365 1.650290 1.007582 1.342980 1.001940 0.615374
 1161600.000000 2.639895 1.913418 2.383244 1.712635 1.162875 1.228704 1.085471 0.570651
 1164000.000000 2.521668 1.995290 2.342423 1.668020 1.061686 1.211955 1.085403 0.585110
 1166400.000000 2.545921 1.984449 2.487725 1.676538 0.957713 1.271643 1.042338 0.598210
 1168800.000000 2.657041 2.039761 2.354737 1.594008 1.064833 1.195649 1.072323 0.590077
 1171200.000000 2.496802 1.859885 2.452882 1.676170 1.006575 1.272975 1.016345 0.574394
 1173600.000000 2.447107 1.824816 2.502924 1.620903 1.090003 1.183889 1.057117 0.598732
 1176000.000000 2.535179 1.946510 2.414343 1.672609 1.163447 1.299277 1.096073 0.562029
 1178400.000000 2.570689 1.988755 2.374800 1.621682 1.075293 1.200571 1.046127 0.615876
 1180800.000000 2.490964 2.188929 2.340886 1.656756 1.058387 1.256507 1.043581 0.568749
 1183200.000000 2.407488 1.906438 2.388662 1.644712 1.121323 1.264429 1.086365 0.605130
 1185600.000000 2.410620 1.887764 2.466244 1.727602 0.877075 1.257282 1.030639 0.576429
 1188000.000000 2.494415 1.977860 2.422068 1.653136 1.023815 1.378562 1.071250 0.587833
 1190400.000000 2.527345 1.885505 2.433308 1.635469 1.123565 1.272823 0.964166 0.581368
 1192800.000000 2.455514 1.897915 2.442416 1.615792 1.018768 1.316341 1.039146 0.593819
 1195200.000000 2.530123 1.919898 2.432190 1.778605 1.047123 1.428545 1.097596 0.592711
 1197600.000000 2.459059 2.043806 2.317073 1.649525 1.056291 1.430764 1.098592 0.622760
 1200000.000000 2.171280 1.936737 2.399465 1.805037 1.074466 1.268811 1.161741 0.605879
 1202400.000000 2.155964 1.908339 2.426287 1.740349 0.964555 1.403337 1.051633 0.691023
 1204800.000000 2.380712 1.939396 2.442617 1.715096 0.962009 1.367694 1.079881 0.619567
 1207200.000000 2.215416 1.936650 2.455317 1.630993 0.949021 1.377352 1.054549 0.615772
 1209600.000000 2.239907 2.037016 2.408718 1.776889 1.031835 1.401327 1.081584 0.615708
 1212000.000000 2.050289 1.929406 2.380025 1.609356 0.993244 1.258575 1.126584 0.703213
 1214400.000000 2.140098 1.822317 2.487442 1.629083 1.042392 1.413054 1.102633 0.651601
 1216800.000000 2.146474 2.113677 2.434083 1.656724 1.001641 1.242841 1.121105 0.607581
 1219200.000000 2.342759 2.041121 2.533067 1.712944 0.980387 1.505166 1.130285 0.642678
 1221600.000000 2.118981 1.615447 2.485263 1.606383 1.001060 1.426724 1.127919 0.580624
 1224000.000000 2.395113 1.964054 2.392941 1.658694 1.046795 1.257011 1.120320 0.676100
 1226400.000000 2.192605 1.764411 2.406486 1.658694 1.024612 1.272567 1.123740 0.619206
 1228800.000000 2.156032 1.992539 2.445708 1.501453 1.015447 1.277151 1.117716 0.628081
 1231200.000000 2.137923 1.959048 2.396779 1.579092 1.056917 1.474782 1.238098 0.660335
 1233600.000000 2.247520 1.812475 2.486271 1.625695 1.019241 1.308911 1.116034 0.675462
 1236000.000000 2.039066 1.867355 2.516976 1.688428 1.039675 1.275190 1.130444 0.677829
 1238400.000000 2.025252 1.778319 2.475631 1.709699 1.025599 1.568838 1.118009 0.699672
 1240800.000000 1.926466 1.712635 2.435755 1.630623 1.033873 1.554745 1.161082 0.657578
 1243200.000000 2.004224 1.805142 2.431916 1.666326 1.027399 1.443332 1.200356 0.648019
 1245600.000000 2.055905 1.739546 2.392412 1.838031 1.009121 1.172229 1.089276 0.649007
 1248000.000000 1.984054 1.752604 2.467202 1.670336 1.015233 1.756944 1.057891 0.603870
 1250400.000000 2.055449 1.868015 2.405684 1.631536 1.012020 1.565699 1.082391 0.630630
 1252800.000000 2.047951 1.763296 2.524651 1.676902 1.056285 1.634333 1.113116 0.577100
 1255200.000000 2.075550 1.756297 2.512704 1.608999 1.083944 1.625632 1.114807 0.599689
 1257600.000000 1.905972 1.834014 2.454751 1.480336 1.066818 1.654856 1.121942 0.605002
 1260000.000000 1.949684 1.805375 2.414164 1.549393 1.052507 1.646612 1.111426 0.600836
 1262400.000000 1.942410 1.741869 2.467822 1.559778 1.039812 1.612219 1.131582 0.578148
 1264800.000000 1.975080 1.962608 2.423962 1.620855 1.009496 1.342380 1.115913 0.649081
 1267200.000000 1.878200 1.726992 2.498082 1.542078 1.069363 1.308144 1.139356 0.577798
 1269600.000000 1.893658 1.580036 2.487570 1.570673 0.962591 1.230827 1.101940 0.587933
 1272000.000000 1.809676 1.789226 2.504259 1.547224 1.014186 1.284563 1.085819 0.599127
 1274400.000000 1.998431 1.990063 2.498670 1.694714 1.030331 1.275198 1.124087 0.576810
 1276800.000000 2.058590 1.839403 2.561793 1.598243 1.046091 1.729459 1.117713 0.563962
 1279200.000000 1.832165 1.794205 2.537393 1.769668 1.035143 1.228750 1.090766 0.599982
 1281600.000000 1.981722 1.866958 2.482657 1.712517 1.092275 1.632188 1.100962 0.580662
 1284000.000000 2.158810 1.784745 2.539314 1.751840 1.100725 1.683754 1.199953 0.612692
 1286400.000000 1.971565 1.802510 2.562905 1.811311 0.908807 1.387094 1.081296 0.558335
 1288800.000000 1.999268 1.713463 2.572632 1.674676 1.054713 1.219187 1.205938 0.671345
 1291200.000000 1.993832 1.790557 2.473830 1.720160 1.058628 1.284138 1.036326 0.585581
 1293600.000000 2.037270 1.673790 2.442959 1.803613 1.049905 1.750542 1.068093 0.641754
 1296000.000000 2.143486 1.947735 2.525203 1.697223 1.114469 1.620392 1.057002 0.653137
 1298400.000000 1.881551 1.718471 2.503358 1.573182 1.063415 1.603681 1.047019 0.595955
 1300800.000000 2.057469 1.888997 2.417876 1.659182 1.024633 1.429634 1.053070 0.591479
 1303200.000000 1.988170 1.747215 2.586736 1.686346 1.129488 1.587062 1.083656 0.608593
 1305600.000000 2.119393 1.847696 2.517391 1.619965 1.167478 1.774892 1.116882 0.592242
 1308000.000000 1.785219 1.838146 2.591254 1.687012 1.021636 1.566473 1.125266 0.609884
 1310400.000000 2.419136 1.872613 2.524674 1.660596 1.163516 1.573623 1.137113 0.559031
 1312800.000000 2.363870 1.820317 2.417582 1.600158 1.147142 1.670853 1.165872 0.625963
 1315200.000000 2.359290 1.936250 2.452387 1.594029 1.136819 1.828366 1.117564 0.562538
 1317600.000000 2.217204 1.962924 2.380570 1.626780 1.087425 1.676610 1.302825 0.662503
 1320000.000000 2.280532 1.940890 2.431278 1.544256 1.083973 1.716076 1.220301 0.611010
 1322400.000000 2.119648 1.909485 2.586843 1.564983 1.176059 1.662473 1.165004 0.595782
 1324800.000000 2.074285 2.007061 2.611271 1.554656 1.048332 1.670434 1.195933 0.643684
 1327200.000000 2.155736 1.795003 2.606861 1.973749 1.041958 1.700384 1.223819 0.679643
 1329600.000000 2.265612 1.974059 2.544549 1.696271 0.986341 1.474816 1.106812 0.569778
 1332000.000000 2.107164 1.960893 2.636815 1.811172 1.074595 1.871443 1.124826 0.588521
 1334400.000000 2.052523 1.955513 2.414234 1.650153 0.975256 1.472364 1.043565 0.562458
 1336800.000000 2.018735 2.046371 2.474473 1.645773 1.031727 1.368325 1.107613 0.656129
 1339200.000000 2.125530 2.032829 2.437897 1.739952 1.020564 1.505867 1.032054 0.582543
 1341600.000000 2.116934 2.053283 2.378981 1.751017 1.002545 1.419387 1.139279 0.625896
 1344000.000000 2.051515 1.861477 2.485735 1.594457 0.986431 1.458386 1.079681 0.601022
 1346400.000000 2.100520 1.884895 2.470357 1.646988 1.041273 1.500665 1.117077 0.602410
 1348800.000000 2.175454 2.108425 2.522383 1.783976 0.940864 1.589522 1.064398 0.566335
 1351200.000000 2.110392 1.993322 2.658077 1.737176 1.043332 1.574389 1.038936 0.608386
 1353600.000000 2.095862 1.857057 2.537071 1.672281 1.126773 1.582885 1.086614 0.603474
 1356000.000000 2.083752 1.825194 2.639493 1.698341 1.087195 1.567861 1.028250 0.547965
 1358400.000000 2.012357 1.953400 2.515587 1.695768 1.112704 1.629982 1.030542 0.627598
 1360800.000000 1.827538 1.886748 2.634698 1.559868 1.130478 1.516283 1.042823 0.602386
 1363200.000000 2.164719 2.114402 2.456622 1.791210 1.093399 1.377422 1.093182 0.550502
 1365600.000000 1.994488 1.894952 2.501906 1.664705 1.094652 1.561502 1.118449 0.642102
 1368000.000000 1.918387 1.969218 2.425174 1.630462 1.085227 1.372075 1.086698 0.618362
 1370400.000000 1.931034 1.980728 2.454317 1.839945 1.052981 1.579811 1.066737 0.596930
 1372800.000000 1.904121 2.025815 2.368492 1.673529 1.074168 1.598511 1.144983 0.631300
 1375200.000000 2.005360 1.950423 2.442425 1.745807 1.008316 1.407688 1.048365 0.627605
 1377600.000000 2.154512 2.151323 2.386315 1.866014 0.977712 1.549039 1.091727 0.588593
 1380000.000000 2.062559 2.050360 2.349967 1.675846 0.986626 1.480479 1.050585 0.594104
 1382400.000000 1.903153 1.971275 2.448739 1.717364 1.025590 1.584047 1.156703 0.599803
 1384800.000000 1.966533 1.962745 2.478862 1.625697 1.022646 1.616556 1.106473 0.596371
 1387200.000000 1.950886 2.095650 2.473618 1.675981 1.056135 1.570889 1.117911 0.579310
 1389600.000000 2.112077 2.032042 2.403816 1.678614 1.038521 1.674775 1.055309 0.564594
 1392000.000000 2.028824 2.031222 2.371501 1.685780 0.992075 1.691015 1.100161 0.595291
 1394400.000000 1.864692 1.965412 2.500821 1.617171 1.035387 1.674255 1.169327 0.605886
 1396800.000000 2.051580 2.085551 2.379292 1.483490 1.017777 1.520697 1.043069 0.560899
 1399200.000000 2.155616 2.025891 2.459360 1.583830 1.026786 1.521341 1.031806 0.626038
 1401600.000000 1.981387 1.888234 2.484145 1.727841 1.082069 1.790117 1.167996 0.687035
 1404000.000000 1.914282 1.944019 2.486309 1.735753 0.973132 1.608969 1.180462 0.654746
 1406400.000000 1.986110 2.068355 2.501297 1.667730 1.007171 1.762116 1.151220 0.611564
 1408800.000000 2.138906 2.131333 2.470246 1.710661 1.050625 1.669780 1.057305 0.593000
 1411200.000000 2.001182 2.012065 2.469415 1.624123 1.035492 1.549432 1.198177 0.594793
 1413600.000000 2.068347 2.013550 2.493045 1.613797 1.027693 1.604621 1.126278 0.706304
 1416000.000000 2.067290 1.952885 2.400158 1.627919 1.060738 1.678220 1.104889 0.690433
 1418400.000000 2.044204 1.992892 2.498170 1.645761 1.065677 1.546190 1.104038 0.676376
 1420800.000000 1.959125 1.920198 2.522501 1.655142 1.007669 1.618101 1.124689 0.693616
 1423200.000000 2.002631 2.080616 2.580336 1.811499 1.079658 1.652935 1.095861 0.659789
 1425600.000000 1.866091 1.948516 2.607032 1.530043 1.025431 1.657833 1.159114 0.632760
 1428000.000000 1.863853 1.782821 2.462412 1.460905 1.022198 1.706372 1.135271 0.718815
 1430400.000000 1.954390 1.979924 2.515322 1.620841 1.069377 1.532627 1.260932 0.611808
 1432800.000000 1.935745 1.953592 2.487355 1.704952 1.003581 1.679748 1.172854 0.616257
 1435200.000000 2.002422 1.923260 2.491265 1.707265 1.023331 1.738053 1.150622 0.668301
 1437600.000000 1.927287 1.910618 2.386621 1.652482 1.138758 1.639158 1.132935 0.559871
 1440000.000000 1.845436 2.017358 2.524083 1.597653 1.010142 1.536295 1.124727 0.639585
 1442400.000000 1.955064 1.967500 2.492461 1.613833 1.051957 1.556502 1.147131 0.701464
 1444800.000000 2.035098 2.072186 2.505184 1.650827 1.019853 1.582732 1.111711 0.648021
 1447200.000000 1.939146 2.029338 2.546130 1.603868 1.101367 1.607772 1.090179 0.688309
 1449600.000000 1.912471 2.072082 2.517358 1.613000 0.980583 1.611506 1.145344 0.672365
 1452000.000000 2.059234 2.171449 2.476046 1.584470 1.067174 1.619744 1.096067 0.672394
 1454400.000000 2.069141 2.096117 2.454361 1.580523 1.009051 1.541032 1.111730 0.698034
 1456800.000000 1.945421 1.995114 2.462608 1.575534 1.082613 1.559724 1.081088 0.632352
 1459200.000000 1.789414 2.030252 2.472697 1.596861 1.028442 1.546488 1.020956 0.642101
 1461600.000000 1.988134 2.141935 2.509486 1.520957 1.058702 1.686725 1.087976 0.647762
 1464000.000000 2.005962 2.041742 2.508768 1.558861 1.019794 1.631927 1.068006 0.636148
 1466400.000000 2.019386 2.062790 2.382749 1.640330 0.944662 1.631635 1.064811 0.674415
 1468800.000000 1.869836 2.033350 2.409456 1.566871 1.011674 1.636094 1.056428 0.751536
 1471200.000000 1.945563 1.984265 2.539008 1.504136 0.999760 1.621607 1.038395 0.685832
 1473600.000000 1.952709 1.973669 2.459146 1.613826 1.042118 1.607013 1.082411 0.645919
 1476000.000000 2.062563 2.023606 2.423254 1.746379 1.028051 1.683135 1.152649 0.645708
 1478400.000000 1.986549 2.067788 2.448935 1.616839 1.038658 1.589703 0.997816 0.790915
 1480800.000000 1.981494 1.999573 2.426883 1.636360 1.013995 1.656082 1.080484 0.646518
 1483200.000000 1.970466 1.971451 2.520501 1.554735 0.987906 1.563315 1.097183 0.632581
 1485600.000000 2.054702 2.104927 2.522723 1.690067 1.014746 1.672126 0.997299 0.643686
 1488000.000000 2.038189 2.146750 2.426903 1.630203 0.961019 1.581964 1.016678 0.615821
 1490400.000000 2.035396 2.081085 2.414043 1.552123 1.046283 1.666118 1.052230 0.642715
 1492800.000000 2.018005 2.107691 2.419113 1.654384 0.941218 1.736665 1.107321 0.683267
 1495200.000000 1.928951 2.014307 2.309078 1.583710 1.042875 1.650017 1.115731 0.608207
 1497600.000000 1.897026 2.029528 2.390155 1.603073 1.032386 1.703863 1.126120 0.657265
 1500000.000000 2.028943 2.082380 2.478567 1.617925 1.003639 1.677149 1.103967 0.646758
 1502400.000000 2.161427 2.052599 2.448848 1.599353 1.052027 1.526180 1.134128 0.645905
 1504800.000000 2.058447 2.019535 2.380805 1.733511 1.016393 1.790504 1.147601 0.669898
 1507200.000000 2.097174 2.128373 2.379561 1.557255 1.026343 1.501058 1.123501 0.629819
 1509600.000000 2.051734 2.037862 2.431233 1.521505 1.010602 1.321404 1.105343 0.634614
 1512000.000000 1.974792 2.038269 2.431564 1.596681 1.065439 1.539757 1.074868 0.623318
 1514400.000000 1.949801 2.042973 2.542072 1.626646 1.096597 1.724101 1.108824 0.641121
 1516800.000000 1.906291 2.172201 2.707837 1.540924 1.071275 1.704199 1.089460 0.674168
 1519200.000000 1.990881 1.881780 2.555204 1.720855 1.014285 1.802562 1.108803 0.658164
 1521600.000000 1.951422 1.958322 2.628174 1.629555 1.107349 1.771941 1.079867 0.714463
 1524000.000000 1.877731 1.987083 2.542954 1.575026 1.174041 1.770102 1.086662 0.641624
 1526400.000000 2.029529 1.981293 2.551461 1.687679 1.058655 1.613888 1.057232 0.632100
 1528800.000000 1.798232 1.901544 2.538881 1.642479 1.028730 1.682410 1.116255 0.625777
 1531200.000000 2.045954 1.948134 2.546834 1.727342 0.992998 1.755436 1.075496 0.643578
 1533600.000000 2.012932 1.890952 2.558754 1.637115 1.033687 1.694746 1.074531 0.615697
 1536000.000000 2.011627 2.015932 2.577679 1.698728 1.025144 1.856741 1.111098 0.620147
 1538400.000000 1.807551 1.859308 2.696196 1.408773 1.048096 1.470680 1.118017 0.610540
 1540800.000000 1.861572 1.746942 2.547458 1.381759 1.183653 1.379805 1.160633 0.651134
 1543200.000000 2.042695 1.799609 2.601223 1.589502 1.087706 1.680639 1.169930 0.593865
 1545600.000000 2.013162 1.776076 2.628071 1.507077 1.106609 1.621576 1.176485 0.595659
 1548000.000000 1.956578 1.825838 2.599984 1.512192 1.018093 1.799841 1.170599 0.635001
 1550400.000000 2.143573 1.812422 2.511735 1.700677 1.074904 1.774136 1.248628 0.652766
 1552800.000000 1.895714 1.817357 2.543463 1.877367 1.055715 1.823292 1.188616 0.620449
 1555200.000000 2.054261 1.816902 2.483669 1.864397 1.022789 1.809389 1.155989 0.643827
 1557600.000000 2.030963 1.725912 2.614426 1.753468 0.935926 1.714644 1.158488 0.623645
 1560000.000000 1.956004 1.744470 2.610187 1.795093 1.025312 1.433316 1.151142 0.609470
 1562400.000000 2.145141 1.735808 2.620407 1.824553 1.042933 1.649413 1.143244 0.652938
 1564800.000000 2.043050 1.743690 2.473647 1.791096 1.038115 1.665333 1.062374 0.631481
 1567200.000000 2.132124 1.889656 2.541615 1.789079 0.988491 1.731940 1.034388 0.650909
 1569600.000000 2.036977 1.952574 2.602603 1.850378 0.892946 1.655172 1.061221 0.666635
 1572000.000000 2.128824 2.091709 2.504310 1.843624 0.946164 1.450350 0.981972 0.755952
 1574400.000000 2.095925 2.038643 2.623261 1.654088 0.963805 1.406125 0.994641 0.651611
 1576800.000000 2.246874 1.979881 2.651295 1.654209 0.929808 1.669866 1.125941 0.582681
 1579200.000000 2.119950 2.055607 2.673946 1.830765 0.900295 1.747999 1.057877 0.650933
 1581600.000000 2.134358 1.951687 2.649456 1.834919 0.946806 1.433760 1.062669 0.641235
 1584000.000000 2.217453 1.949932 2.631429 1.879715 0.909595 1.547518 1.143549 0.656471
 1586400.000000 2.256544 1.930642 2.602176 1.844839 0.971135 1.351682 1.079549 0.658777
 1588800.000000 2.260625 2.076861 2.577052 1.755205 0.944310 1.611475 1.018368 0.656986
 1591200.000000 2.199608 1.973754 2.547246 1.393471 0.987301 1.548175 1.034900 0.675474
 1593600.000000 2.157155 2.039410 2.541849 1.674310 0.995043 1.991544 1.078170 0.605529
 1596000.000000 2.201789 2.056563 2.601633 1.567981 1.078740 1.945503 1.090000 0.662503
 1598400.000000 2.149979 1.965537 2.556064 1.801453 1.042244 1.916081 1.074084 0.595985
 1600800.000000 2.085109 1.854734 2.705325 1.589261 1.138322 2.050455 1.142693 0.610377
 1603200.000000 2.228942 1.682965 2.643266 1.773556 1.045995 1.893240 1.092257 0.633443
 1605600.000000 2.044411 1.854000 2.614470 1.931885 1.059627 2.072451 1.110726 0.611702
 1608000.000000 2.020788 1.891872 2.652729 1.894045 0.928962 2.040567 1.215080 0.669698
 1610400.000000 2.170575 1.979039 2.636959 1.938162 1.008929 1.703890 1.128116 0.663540
 1612800.000000 2.037707 1.879938 2.680293 1.898546 0.973011 1.777505 1.192210 0.655631
 1615200.000000 1.960303 1.890618 2.695678 1.834799 0.960009 2.010385 1.207352 0.692000
 1617600.000000 2.029151 1.846783 2.722703 1.774620 1.017083 1.806206 1.098571 0.628164
 1620000.000000 2.108784 1.893383 2.683609 1.834083 1.018568 2.023586 1.051199 0.634874
 1622400.000000 2.124902 1.894042 2.758210 1.863112 1.070178 2.022046 1.084384 0.666852
 1624800.000000 2.007827 1.994786 2.771656 1.916166 0.992046 1.965031 1.019193 0.660365
 1627200.000000 1.876147 2.024429 2.669250 1.826775 0.909414 1.930885 1.075862 0.586856
 1629600.000000 1.951250 1.882035 2.712288 1.870700 1.233850 2.004748 1.026085 0.647915
 1632000.000000 1.940571 1.721554 2.632165 1.902526 1.163105 1.853476 1.043684 0.650745
 1634400.000000 2.114257 1.918871 2.615960 2.171031 0.953885 2.028597 1.086349 0.606125
 1636800.000000 1.969984 1.959280 2.608918 1.901743 1.119259 2.035881 0.984620 0.631386
 1639200.000000 1.896160 1.886246 2.509200 1.831006 1.047563 2.100210 1.060954 0.589941
 1641600.000000 2.236558 2.083115 2.490244 1.969397 1.062122 2.070911 1.048814 0.617656
 1644000.000000 1.953715 2.023932 2.571856 1.984146 0.908725 1.914389 1.104698 0.619026
 1646400.000000 1.947497 1.989329 2.597631 1.895993 0.988413 1.900329 1.078215 0.595458
 1648800.000000 2.149779 2.130628 2.502281 1.999201 0.961449 1.841681 1.083490 0.593428
 1651200.000000 2.135126 1.967799 2.472314 1.957168 0.959765 1.833841 1.061835 0.610455
 1653600.000000 2.073228 1.782536 2.593154 1.830605 0.951751 1.869693 1.062458 0.592150
 1656000.000000 2.057371 1.971005 2.625909 1.845750 0.827093 2.135391 1.164648 0.608851
 1658400.000000 2.103842 2.081813 2.584288 1.961835 0.888274 1.798981 1.150141 0.628982
 1660800.000000 1.965857 1.968048 2.517679 1.856267 0.926018 1.834989 1.079322 0.632510
 1663200.000000 1.805174 2.010480 2.584630 1.757179 1.180232 1.988247 1.034118 0.665377
 1665600.000000 1.966413 1.787857 2.580789 1.670540 1.156141 1.825902 1.016564 0.547204
 1668000.000000 2.192480 1.824176 2.527158 1.964915 1.077638 1.872556 1.016269 0.697276
 1670400.000000 2.113386 1.930574 2.648225 1.711498 1.151443 1.825573 1.112610 0.636518
 1672800.000000 2.234397 1.977158 2.641809 1.738784 1.100381 1.949741 1.017103 0.639118
 1675200.000000 1.961649 1.755337 2.549127 1.741745 1.129512 1.802091 1.061184 0.574943
 1677600.000000 1.944082 1.805593 2.572425 1.749835 1.099868 1.837023 1.101955 0.601507
 1680000.000000 2.060482 1.900109 2.535241 1.794849 1.080638 1.919582 1.077272 0.591044
 1682400.000000 2.285020 2.147364 2.472151 1.743423 1.230412 1.875057 1.113454 0.611378
 1684800.000000 2.017788 1.979038 2.559404 1.773073 1.198638 1.988597 1.080780 0.565058
 1687200.000000 2.172831 2.059458 2.535802 1.824880 1.133835 1.890771 1.052560 0.639551
 1689600.000000 1.859818 1.971471 2.472259 1.701985 1.134373 1.831696 1.112486 0.587758
 1692000.000000 2.094318 2.027628 2.524878 1.835134 1.080875 1.986173 1.041903 0.633171
 1694400.000000 2.077513 1.954313 2.670235 1.827209 1.246045 1.928805 1.066588 0.582091
 1696800.000000 1.969628 1.955809 2.716515 1.760963 1.058371 1.971260 1.003162 0.639127
 1699200.000000 2.203428 2.090488 2.689025 1.743814 1.003221 2.106241 1.082522 0.632001
 1701600.000000 1.957157 1.914518 2.701048 1.625411 1.007653 1.942045 1.030721 0.637535
 1704000.000000 2.233530 2.040709 2.598861 1.778984 1.102837 2.036669 1.068465 0.571340
 1706400.000000 1.979860 1.959108 2.624118 1.874386 1.068900 2.534561 1.143164 0.663166
 1708800.000000 2.165030 1.854639 2.677358 1.902817 1.292589 2.162855 1.112409 0.575067
 1711200.000000 2.012775 1.880108 2.613679 1.887512 1.233029 2.203814 1.200032 0.622972
 1713600.000000 2.078374 1.958649 2.541413 1.879845 1.321494 2.313324 1.128466 0.642695
 1716000.000000 2.204946 2.093138 2.495675 1.905196 1.107137 2.348703 1.063703 0.660793
 1718400.000000 2.226854 2.044719 2.601376 1.756623 1.159943 2.246630 1.080524 0.611648
 1720800.000000 1.997202 1.820862 2.674724 1.722527 1.205491 2.205688 1.131610 0.653292
 1723200.000000 2.032655 1.922039 2.702237 1.777563 1.044261 2.386679 1.133211 0.680838
 1725600.000000 2.114322 1.994369 2.608515 1.823676 1.041390 2.347859 1.050883 0.652187
 1728000.000000 1.889569 1.954741 2.623304 1.961852 0.979102 2.369045 1.141238 0.634438
 1730400.000000 1.902451 1.963541 2.506312 1.926694 0.924703 2.400254 1.087881 0.622661
 1732800.000000 1.868717 1.963028 2.607437 1.878394 1.262939 2.281792 1.128241 0.650430
 1735200.000000 1.905537 1.850976 2.556567 2.021673 1.230591 2.222702 1.069222 0.620801
 1737600.000000 1.912519 1.762894 2.743067 1.830555 1.122263 2.172424 1.140039 0.587420
 1740000.000000 2.122823 1.869905 2.580851 1.892121 1.224623 2.139069 1.071556 0.609864
 1742400.000000 1.867547 1.888040 2.360755 1.775187 1.294087 2.270057 1.059686 0.647734
 1744800.000000 2.082827 1.841001 2.389793 1.801769 1.348149 2.192077 1.072534 0.621566
 1747200.000000 1.892016 1.671318 2.705317 1.959636 1.225100 2.273915 1.171417 0.569553
 1749600.000000 1.920232 1.965418 2.600293 1.948812 1.233860 2.362484 1.125882 0.608703
 1752000.000000 1.849757 1.880812 2.427819 1.754665 1.239949 2.190812 1.085868 0.613388
 1754400.000000 1.992626 1.964984 2.415189 1.856967 1.284753 2.196248 1.166135 0.577403
 1756800.000000 1.844480 1.920128 2.595975 1.751201 1.230031 2.371476 1.094899 0.606751
 1759200.000000 1.999693 1.652109 2.692906 1.843114 1.250440 2.459241 1.135832 0.636542
 1761600.000000 1.773903 1.931476 2.558556 1.889668 1.164537 2.521124 1.118073 0.633693
 1764000.000000 1.943572 2.028007 2.554632 2.037076 1.183726 2.411091 1.099003 0.612326
 1766400.000000 2.209223 2.186962 2.524281 1.924442 1.146935 2.489361 1.037680 0.685423
 1768800.000000 2.116169 2.138501 2.463044 2.160875 1.132526 2.611005 1.065934 0.637342
 1771200.000000 1.963890 2.040662 2.433428 2.260553 1.183350 2.437905 1.076157 0.622241
 1773600.000000 2.022372 2.152722 2.523598 2.228919 1.168029 2.474743 1.108243 0.663412
 1776000.000000 2.054452 1.897855 2.633244 2.270918 1.115033 2.504912 1.169456 0.638245
 1778400.000000 1.993747 1.989930 2.445946 2.206589 1.144176 2.389531 1.235791 0.680413
 1780800.000000 2.075401 2.026740 2.729789 2.366198 1.154682 2.466194 1.070870 0.672481
 1783200.000000 2.082539 1.940173 2.648307 2.292102 1.121749 2.495000 1.082504 0.678322
 1785600.000000 2.037258 1.856169 2.658244 2.031840 1.170513 2.468313 1.120143 0.609462
 1788000.000000 2.165442 1.910474 2.662922 2.121740 1.137848 2.640392 1.109011 0.630463
 1790400.000000 2.034982 1.969921 2.687525 2.094110 1.149418 2.796650 1.182910 0.586790
 1792800.000000 1.981602 1.844105 2.618035 1.985430 1.182165 2.492004 1.085353 0.663913
 1795200.000000 2.040597 1.914121 2.647856 2.105766 1.148079 2.466987 1.084143 0.638063
 1797600.000000 1.932414 2.019950 2.589524 1.936590 1.153290 2.597743 1.122775 0.646857
 1800000.000000 1.874649 1.924482 2.631430 1.824318 1.176888 2.524276 1.075517 0.607966
 1802400.000000 2.088209 1.860946 2.641329 2.109111 1.166961 2.572526 1.248820 0.673944
 1804800.000000 1.995195 1.824049 2.601450 2.061001 1.124303 2.619668 1.129669 0.577617
 1807200.000000 2.116306 1.889891 2.567599 2.115097 1.179702 2.419481 1.084036 0.581629
 1809600.000000 2.198759 1.935298 2.525433 2.184546 1.146198 2.547899 1.103213 0.587332
 1812000.000000 1.931728 1.866738 2.658206 2.043229 1.191043 2.481871 1.108180 0.580787
 1814400.000000 1.963325 1.936288 2.599892 1.942360 1.157249 2.602152 1.084975 0.579417
 1816800.000000 1.863010 1.965087 2.664363 2.013010 1.184920 2.457719 1.110464 0.586037
 1819200.000000 1.955273 1.936067 2.542096 2.103754 1.164407 2.456023 1.035190 0.569051
 1821600.000000 1.982600 1.966495 2.577636 2.091099 1.119099 2.548854 1.044254 0.620882
 1824000.000000 1.964213 1.922224 2.582348 2.074674 1.168508 2.588374 1.018714 0.580673
 1826400.000000 1.896678 1.975049 2.597609 1.913935 1.145586 2.615584 1.041852 0.590496
 1828800.000000 1.930094 1.955754 2.636282 2.067652 1.133670 2.200873 1.138914 0.585476
 1831200.000000 1.994510 1.773960 2.683895 2.236726 1.134395 2.755127 1.109517 0.585788
 1833600.000000 1.859006 1.855440 2.889509 2.061773 1.080284 2.349504 1.078293 0.583984
 1836000.000000 2.079387 1.673015 2.935701 2.159389 1.285201 2.405542 1.172856 0.585532
 1838400.000000 2.022459 1.769072 2.790107 2.093652 1.053573 2.571328 1.144237 0.592815
 1840800.000000 2.129589 1.939684 2.578861 2.135628 1.231611 2.475303 1.147817 0.656991
 1843200.000000 1.988894 1.921368 2.446563 2.013076 1.235388 2.275288 1.163060 0.599117
 1845600.000000 2.175150 1.959746 2.563285 2.227477 1.114592 2.418512 1.116979 0.574953
 1848000.000000 2.147701 2.020305 2.504548 2.020477 1.178101 2.518968 1.135543 0.606772
 1850400.000000 1.998635 1.880857 2.465635 2.277208 1.194300 2.471385 1.178624 0.603412
 1852800.000000 2.113921 1.821030 2.587320 2.327133 1.085334 2.441924 1.075462 0.631681
 1855200.000000 1.956658 1.861424 2.728470 2.487608 1.160749 2.363783 1.142164 0.614557
 1857600.000000 2.020323 1.887858 2.578384 2.392598 1.177351 2.573764 1.072698 0.604680
 1860000.000000 2.019736 1.986717 2.761241 2.411363 1.179526 2.650426 1.213812 0.678074
 1862400.000000 1.986775 1.693285 2.665062 2.455134 1.167641 2.412903 1.132000 0.668156
 1864800.000000 2.154406 1.831954 2.737176 2.562793 1.284526 2.515380 1.126526 0.642778
 1867200.000000 2.059078 1.921368 2.677165 2.388563 1.131698 2.597153 1.151346 0.595886
 1869600.000000 1.951337 1.861750 2.709927 2.178266 1.156787 2.266156 1.136991 0.581975
 1872000.000000 1.781086 1.877174 2.766190 2.384937 1.093096 2.666732 1.246220 0.581578
 1874400.000000 1.993660 2.104408 2.448952 2.456617 1.314773 2.764531 1.159736 0.600829
 1876800.000000 1.809156 2.049795 2.401061 2.216115 1.418286 2.584502 1.112514 0.620770
 1879200.000000 1.904611 2.041037 2.530558 2.318454 1.192683 2.646581 1.128619 0.599137
 1881600.000000 2.000383 2.185408 2.422142 2.424643 1.115861 2.913432 1.096125 0.602468
 1884000.000000 1.890741 1.999991 2.344804 2.485815 1.196783 2.333779 1.128622 0.617966
 1886400.000000 2.014946 2.017418 2.407019 2.489484 1.296230 2.545984 1.137796 0.559296
 1888800.000000 1.981980 1.914708 2.318012 2.431264 1.252178 2.781929 1.139845 0.607072
 1891200.000000 2.061075 2.100507 2.486072 2.236755 1.206440 2.866186 1.145785 0.626715
 1893600.000000 1.946054 1.854802 2.477569 2.396611 1.196431 2.752798 1.089678 0.612717
 1896000.000000 1.905828 1.913382 2.508146 2.469407 1.188892 2.855549 1.086970 0.556350
 1898400.000000 1.941691 2.014921 2.419366 2.568395 1.084301 2.678861 1.085432 0.628205
 1900800.000000 1.953385 1.773627 2.471137 2.330386 1.141827 2.496190 1.071668 0.594615
 1903200.000000 2.049402 1.746061 2.597393 2.198048 1.177005 2.281536 1.065231 0.617430
 1905600.000000 2.044093 1.890337 2.563997 2.398423 1.282066 2.528065 1.121531 0.604038
 1908000.000000 2.039368 1.724674 2.428034 2.375619 1.200542 2.657282 1.141140 0.650223
 1910400.000000 2.046057 1.920199 2.688807 2.322020 1.202330 2.665609 1.152562 0.635577
 1912800.000000 1.942127 1.741293 2.729388 2.511530 1.186596 2.703705 1.085428 0.626760
 1915200.000000 1.890816 1.872430 2.491659 2.401235 1.222168 2.551340 1.141300 0.651342
 1917600.000000 1.976233 1.843708 2.761495 2.442401 1.110002 2.554740 1.191905 0.657330
 1920000.000000 1.858129 1.724576 2.646243 2.315823 1.166222 2.626446 1.153126 0.676173
 1922400.000000 1.870733 1.689501 2.675876 2.410359 1.135255 2.573212 1.157917 0.662308
 1924800.000000 2.191765 1.626374 2.736824 2.594623 1.048408 2.497045 1.116076 0.617373
 1927200.000000 2.091297 1.755398 2.615482 2.411013 1.156423 2.473668 1.072980 0.663712
 1929600.000000 2.151599 1.681017 2.706057 2.517232 1.255884 2.678406 1.126854 0.600356
 1932000.000000 2.022037 1.751079 2.631549 2.575041 1.032500 2.698017 1.128417 0.607858
 1934400.000000 1.934038 1.574911 2.757600 2.331110 1.079819 2.623929 1.126680 0.597130
 1936800.000000 2.015787 1.718994 2.462853 2.495034 1.291107 2.597841 1.091717 0.644360
 1939200.000000 2.041421 1.918735 2.566277 2.430689 1.262006 2.509752 1.215203 0.561209
 1941600.000000 1.974694 1.656346 2.601972 2.314407 1.270503 2.529706 1.043281 0.643043
 1944000.000000 2.068924 1.674532 2.618165 2.368025 1.284002 2.642245 1.103019 0.594536
 1946400.000000 1.963760 1.631223 2.574301 2.471078 1.205905 2.640184 1.195385 0.621443
 1948800.000000 1.843873 1.744454 2.550940 2.270098 1.100493 2.418167 1.140369 0.612300
 1951200.000000 1.932104 1.614818 2.615996 2.293250 1.227572 2.511913 1.154600 0.678323
 1953600.000000 1.787045 1.806121 2.562307 2.150049 1.278961 2.741626 1.195153 0.677557
 1956000.000000 1.814625 1.853038 2.542056 2.307513 1.098843 2.627854 1.187043 0.654576
 1958400.000000 1.877727 1.750461 2.562011 2.299263 1.234774 2.739994 1.132759 0.614791
 1960800.000000 1.758680 1.893961 2.638698 2.112910 1.231289 2.509667 1.176618 0.562191
 1963200.000000 1.948836 1.993578 2.565808 2.127172 1.133860 2.432923 1.172934 0.611376
 1965600.000000 1.865573 1.836903 2.623482 2.195699 1.178486 2.513381 1.135308 0.609400
 1968000.000000 1.773682 1.867123 2.647431 2.244844 1.235657 2.315103 1.182988 0.611454
 1970400.000000 1.811844 1.842943 2.679123 2.070543 1.308759 2.277844 1.234844 0.608156
 1972800.000000 1.849903 1.874685 2.543475 2.035908 1.221897 2.473751 1.206742 0.583120
 1975200.000000 2.000246 1.923802 2.547925 2.173913 1.264023 2.350269 1.176884 0.607977
 1977600.000000 1.879502 1.880482 2.642101 1.996977 1.239100 2.492188 1.150854 0.641473
 1980000.000000 1.884432 1.777421 2.613653 1.973347 1.254075 2.581842 1.107015 0.649018
 1982400.000000 1.880566 1.872666 2.621180 1.999226 1.231428 2.519152 1.122706 0.639612
 1984800.000000 2.008564 2.033622 2.509263 2.200355 1.352932 2.666280 1.197679 0.625255
 1987200.000000 1.991464 1.894525 2.571559 2.043219 1.246655 2.487352 1.119876 0.721625
 1989600.000000 2.006653 1.888361 2.577735 2.105970 1.194460 2.496968 1.180764 0.654892
 1992000.000000 1.998648 1.796217 2.615196 2.104448 1.254122 2.836862 1.110171 0.616032
 1994400.000000 1.903678 1.862856 2.635569 1.973819 1.305417 2.736369 1.194970 0.672316
 1996800.000000 1.831371 1.861282 2.677367 2.027946 1.308414 2.700085 1.137190 0.722349
 1999200.000000 1.958125 1.889300 2.610173 2.084047 1.294473 2.571526 1.078693 0.604188
 2001600.000000 2.018012 1.874004 2.672326 2.073214 1.276405 2.341129 1.171495 0.601936
 2004000.000000 1.961504 1.814939 2.606769 2.087852 1.403666 2.282859 1.210657 0.608762
 2006400.000000 2.036554 1.914210 2.621592 2.278865 1.290778 2.475558 1.057821 0.578198
 2008800.000000 2.046588 1.848978 2.596913 2.234231 1.194555 2.504173 1.100488 0.590556
 2011200.000000 1.912248 1.874576 2.592333 2.156966 1.180433 2.664349 1.022278 0.689666
 2013600.000000 1.767589 1.736969 2.617270 2.081137 1.168823 2.541141 1.099893 0.638049
 2016000.000000 2.047490 1.874676 2.576677 2.153881 1.163561 2.470112 1.144814 0.630226
 2018400.000000 1.973867 1.820568 2.527932 2.242189 1.191935 2.572161 1.130574 0.634499
 2020800.000000 1.744759 1.835363 2.659922 1.999232 1.185137 2.657567 1.050370 0.627850
 2023200.000000 1.967011 1.681966 2.562488 2.267081 1.176094 2.617520 1.144280 0.633562
 2025600.000000 2.093585 1.806619 2.578981 2.125756 1.198261 2.520715 1.102555 0.683840
 2028000.000000 1.990242 1.855317 2.501728 2.192624 1.186431 2.514445 1.079916 0.659213
 2030400.000000 2.081402 1.805467 2.609483 2.220745 1.186678 2.352101 1.136122 0.623967
 2032800.000000 1.894788 1.859203 2.588271 2.144509 1.178887 2.652457 1.138631 0.640062
 2035200.000000 1.934450 1.773999 2.606126 2.240699 1.130553 2.573319 1.107508 0.568500
 2037600.000000 1.838472 1.724312 2.768322 2.055825 1.204626 2.482398 1.074272 0.636688
 2040000.000000 1.974950 1.718735 2.752482 2.178377 1.191683 2.636682 1.129199 0.688372
 2042400.000000 2.085033 1.861511 2.557985 2.052140 1.149609 2.588256 1.067796 0.691712
 2044800.000000 1.902810 1.833671 2.537141 2.080721 1.178520 2.452460 1.146604 0.650233
 2047200.000000 2.165776 1.824657 2.680432 2.300282 1.181454 2.612896 1.098369 0.604026
 2049600.000000 2.040044 2.005530 2.574703 2.392801 1.160201 2.549046 1.104650 0.579417
 2052000.000000 1.969415 1.814544 2.532408 2.353614 1.128600 2.628394 1.083833 0.584956
 2054400.000000 1.993564 1.911557 2.610174 2.088469 1.191415 2.458303 1.137120 0.609675
 2056800.000000 1.892587 1.702004 2.664675 2.036710 1.172133 2.470828 1.128332 0.627222
 2059200.000000 1.938004 1.918743 2.579489 2.248221 1.186970 2.330997 1.140448 0.588589
 2061600.000000 1.936272 1.820827 2.648996 2.035687 1.181317 2.311804 1.192503 0.608880
 2064000.000000 1.908086 1.868652 2.549627 2.072641 1.166885 2.313703 1.155305 0.610656
 2066400.000000 1.961679 1.742247 2.666661 2.026964 1.137834 2.196641 1.160927 0.647175
 2068800.000000 2.108418 1.874135 2.485494 2.209877 1.187221 2.193737 1.064521 0.594409
 2071200.000000 1.889545 1.807714 2.456089 2.096513 1.162322 2.347208 1.080339 0.636240
 2073600.000000 1.936111 1.956876 2.532909 2.120942 1.198472 2.225662 1.139827 0.633858
 2076000.000000 2.035077 1.887103 2.485981 2.122362 1.290977 2.621084 1.078311 0.643395
 2078400.000000 1.868779 1.852914 2.513004 2.131617 1.186468 2.358802 1.182639 0.616395
 2080800.000000 1.968080 1.857681 2.520621 2.117329 1.337282 2.536907 1.172835 0.647869
 2083200.000000 2.004462 1.970837 2.621203 2.204358 1.185738 2.607812 1.126041 0.628225
 2085600.000000 1.979271 1.889166 2.677862 2.236924 1.160232 2.255193 1.132859 0.679469
 2088000.000000 2.019709 1.957148 2.500876 2.167358 1.199636 2.464790 1.045639 0.665218
 2090400.000000 1.934813 1.860699 2.479863 2.136942 1.080827 2.123218 1.094596 0.657779
 2092800.000000 1.984087 1.845623 2.533547 2.013486 1.202100 2.356817 1.116955 0.666797
 2095200.000000 2.057811 1.869274 2.432518 2.167828 1.170525 2.209444 1.081110 0.582612
 2097600.000000 1.904288 1.848502 2.485523 2.086270 1.179542 2.223767 1.163977 0.609873
 2100000.000000 1.896347 1.826278 2.512434 2.127261 1.151884 2.453660 1.153486 0.652988
 2102400.000000 1.934992 1.873067 2.374451 2.067585 1.195928 2.426057 1.108444 0.605041
 2104800.000000 1.884931 1.940597 2.340704 2.035645 1.177522 2.586019 1.124654 0.607188
 2107200.000000 1.904738 1.750926 2.412250 2.200710 1.168279 2.395792 1.117275 0.636307
 2109600.000000 1.855885 1.862502 2.645333 1.938011 1.193153 2.475442 1.189092 0.641986
 2112000.000000 1.963644 1.837928 2.622477 2.073575 1.204027 2.432456 1.060179 0.661123
 2114400.000000 1.891536 1.684927 2.499565 1.952595 1.130702 2.500036 1.084946 0.643005
 2116800.000000 1.982433 1.867971 2.520333 2.150345 1.060893 2.363738 1.100699 0.638327
 2119200.000000 1.977193 1.833769 2.599845 2.021388 1.231634 2.495619 1.091890 0.615937
 2121600.000000 2.031562 1.893471 2.505139 2.025333 1.216676 2.244575 1.062180 0.695895
 2124000.000000 2.031324 1.833061 2.476495 2.146303 1.188144 2.396768 1.209102 0.696350
 2126400.000000 2.001893 1.924820 2.440186 2.198774 1.060534 2.214332 1.097459 0.605945
 2128800.000000 1.880400 1.860698 2.508246 2.145412 1.019503 2.409585 1.038321 0.605487
 2131200.000000 2.067651 1.979710 2.398787 2.207561 1.127673 2.267837 1.170284 0.664952
 2133600.000000 1.854047 1.859094 2.510126 2.147195 1.202237 2.521415 1.152871 0.646373
 2136000.000000 1.951951 1.990364 2.590141 2.146810 1.123586 2.295069 1.084294 0.615436
 2138400.000000 2.032260 1.986990 2.514121 2.163973 1.223442 2.579631 1.053900 0.590453
 2140800.000000 1.890170 1.854751 2.633636 2.099022 1.218697 2.323221 1.044531 0.636845
 2143200.000000 1.941600 2.072069 2.691010 2.168255 1.222039 2.508834 1.099030 0.628799
 2145600.000000 1.751327 1.798453 2.584230 2.007963 1.337413 2.493060 1.079529 0.613178
 2148000.000000 2.003190 1.570548 2.664221 2.108576 1.216196 2.714847 1.196350 0.657241
 2150400.000000 2.060889 1.859034 2.462715 2.265627 1.233957 2.522263 1.076828 0.563118
 2152800.000000 1.997216 1.945922 2.508910 2.126732 1.089805 2.305708 1.073438 0.684045
 2155200.000000 1.983472 1.848560 2.553819 2.199226 1.191771 2.245217 1.125101 0.634097
 2157600.000000 2.210741 1.856730 2.536496 2.269559 1.134383 2.179389 1.097275 0.566948
 2160000.000000 1.947419 1.983040 2.481122 2.607023 1.186391 2.447307 1.133745 0.612690
 2162400.000000 1.996778 1.853536 2.397584 2.431509 1.242948 2.462695 1.052380 0.583506
 2164800.000000 1.843656 1.994987 2.470497 2.435640 1.226903 2.403071 1.106010 0.634374
 2167200.000000 1.953658 1.988279 2.451128 2.460417 1.262915 2.710391 1.096657 0.648321
 2169600.000000 1.949327 2.135301 2.337639 2.414200 1.093255 2.568692 1.120894 0.599673
 2172000.000000 2.000790 2.166138 2.455555 2.210203 1.209799 2.580721 1.112292 0.622020
 2174400.000000 1.981537 1.986605 2.411025 2.222705 1.184120 2.509663 1.204064 0.622211
 2176800.000000 1.999670 1.976507 2.481757 2.199169 1.088555 2.572121 1.092820 0.604976
 2179200.000000 2.030731 2.061876 2.466125 2.171872 1.157322 2.357098 1.103481 0.579459
 2181600.000000 1.958570 1.975269 2.438433 2.288952 1.277500 2.515182 1.047320 0.596732
 2184000.000000 2.158235 2.048451 2.415850 2.333900 1.317549 2.554244 1.130653 0.585231
 2186400.000000 2.057442 1.909581 2.541367 2.367400 1.090342 2.479473 1.156182 0.702581
 2188800.000000 1.894315 1.853888 2.450195 2.176659 1.265550 2.337691 1.200802 0.597552
 2191200.000000 1.884049 1.904211 2.550633 2.501133 1.129627 2.462476 1.143008 0.582008
 2193600.000000 1.866721 1.935496 2.522693 2.343961 1.330199 2.467070 1.122693 0.668223
 2196000.000000 1.785359 2.135800 2.550653 2.219625 1.375714 2.415659 1.171663 0.588373
 2198400.000000 1.929793 1.844100 2.550747 2.296299 1.330844 2.181679 1.211538 0.593839
 2200800.000000 1.887569 1.813895 2.672401 2.241358 1.272658 2.341142 1.153192 0.679664
 2203200.000000 1.984837 1.849016 2.562398 2.384125 1.202585 2.465972 1.130932 0.692169
 2205600.000000 2.216031 2.028141 2.560600 2.384672 1.172072 2.628855 1.088059 0.652491
 2208000.000000 1.830357 1.826710 2.583480 2.213447 1.290663 2.465490 1.189078 0.704124
 2210400.000000 2.017568 1.894519 2.493486 2.287747 1.285440 2.322011 1.048291 0.616598
 2212800.000000 1.967920 1.958018 2.439752 2.367228 1.350943 2.598617 1.164522 0.642207
 2215200.000000 1.948633 1.857016 2.430287 2.330705 1.195590 2.576149 1.144194 0.617285
 2217600.000000 1.825011 1.906372 2.419961 2.166102 1.303249 2.317799 1.177949 0.662449
 2220000.000000 1.996767 2.115864 2.543168 2.350079 1.247766 2.343389 1.122670 0.646418
 2222400.000000 1.856463 2.056170 2.523038 2.299992 1.234145 2.322993 1.111077 0.596353
 2224800.000000 1.971662 2.000162 2.514218 2.320662 1.270226 2.390154 1.090495 0.609512
 2227200.000000 1.984575 1.983453 2.553290 2.455412 1.069881 2.594043 1.068596 0.607776
 2229600.000000 1.946970 1.868858 2.466399 2.215965 1.365204 2.232801 1.124699 0.644150
 2232000.000000 1.940812 1.999094 2.569038 2.147008 1.294472 2.442167 1.124922 0.599931
 2234400.000000 1.693293 1.958230 2.562009 2.026148 1.375749 2.241147 1.094195 0.670410
 2236800.000000 1.770778 2.048370 2.411815 2.110934 1.308903 2.297446 1.083579 0.617347
 2239200.000000 1.802589 1.957215 2.504088 2.098803 1.262554 2.306074 1.079720 0.626688
 2241600.000000 1.896432 1.791613 2.498951 2.012815 1.335834 2.404919 1.124617 0.630636
 2244000.000000 1.929369 1.884086 2.487665 2.131541 1.151216 2.303419 1.015091 0.606799
 2246400.000000 1.822962 1.954673 2.438724 1.921215 1.425448 2.231804 1.082589 0.625454
 2248800.000000 1.894756 1.901930 2.483263 2.024365 1.417292 2.228923 1.013911 0.623256
 2251200.000000 1.814891 1.796345 2.518826 1.884700 1.445701 2.311797 1.119199 0.638107
 2253600.000000 1.896958 2.086879 2.565886 1.978244 1.376278 2.309334 1.096798 0.653785
 2256000.000000 1.810413 1.936200 2.499141 1.976121 1.336159 2.441371 1.070659 0.656432
 2258400.000000 1.832793 1.932077 2.562205 2.063847 1.338314 2.436492 1.110916 0.570044
 2260800.000000 1.822999 1.828294 2.601997 2.083205 1.282102 2.492219 1.142449 0.658565
 2263200.000000 1.827350 1.944513 2.504349 1.879177 1.332598 2.602262 1.081703 0.616331
 2265600.000000 1.776099 1.837861 2.517780 2.095644 1.266354 2.302992 1.058756 0.654700
 2268000.000000 1.799950 1.926633 2.563839 2.157221 1.266155 2.394974 1.095125 0.614101
 2270400.000000 1.830071 1.843963 2.562629 2.188010 1.221925 2.368829 1.123659 0.606345
 2272800.000000 1.870355 1.891031 2.608008 2.051823 1.264358 2.308446 1.121555 0.633103
 2275200.000000 1.853991 1.912603 2.571418 2.212515 1.179934 2.500873 1.046504 0.647454
 2277600.000000 1.905681 1.908307 2.618551 2.166348 1.290692 2.428355 1.059853 0.570391
 2280000.000000 1.838830 1.985607 2.515272 2.229434 1.263465 2.205618 1.135358 0.624467
 2282400.000000 2.034688 1.949859 2.644770 2.207091 1.361429 2.523833 1.144225 0.655138
 2284800.000000 1.790003 1.955867 2.597582 2.191260 1.232857 2.524348 1.091347 0.601938
 2287200.000000 1.965949 1.884099 2.692712 2.297932 1.315348 2.412890 1.128131 0.605530
 2289600.000000 1.839356 1.935974 2.562072 2.171564 1.303270 2.282311 1.178659 0.662442
 2292000.000000 1.892284 1.989574 2.585813 2.287548 1.342224 2.368884 1.110464 0.622715
 2294400.000000 1.859153 2.081716 2.635484 1.841658 1.355303 2.506915 1.146469 0.639379
 2296800.000000 1.779705 2.023359 2.663549 2.482444 1.342225 2.622735 1.154073 0.625256
 2299200.000000 1.713123 1.930175 2.665813 2.564122 1.222230 2.454138 1.160589 0.693327
 2301600.000000 2.022952 1.993242 2.711995 2.260235 1.287397 2.515800 1.116491 0.641356
 2304000.000000 2.066294 2.014727 2.645917 2.263579 1.212986 2.314681 1.086296 0.644920
 2306400.000000 1.980199 1.929911 2.698559 2.366540 1.231688 2.339103 1.110467 0.639156
 2308800.000000 1.884263 2.009602 2.672927 2.235657 1.296062 2.289117 1.071459 0.660568
 2311200.000000 1.755049 2.146943 2.658799 2.063886 1.222559 2.200286 1.182999 0.718451
 2313600.000000 1.846465 2.022941 2.698412 2.226923 1.244638 2.281251 1.068727 0.618042
 2316000.000000 1.852683 2.008967 2.720018 2.176414 1.193881 2.399177 1.162072 0.629546
 2318400.000000 1.865046 2.037077 2.696583 2.219218 1.190082 2.317545 1.147446 0.639142
 2320800.000000 1.803211 2.013529 2.788585 2.310072 1.212146 2.417594 1.164700 0.657219
 2323200.000000 1.786801 1.832385 2.641384 2.279328 1.339218 2.449190 1.136336 0.644759
 2325600.000000 1.860909 1.777935 2.605681 2.165490 1.320028 2.298069 1.125066 0.596326
 2328000.000000 1.827055 1.872857 2.633492 2.213568 1.239426 2.336041 1.139507 0.636452
 2330400.000000 1.818666 1.788077 2.659787 2.123495 1.216172 2.465579 1.042116 0.638265
 2332800.000000 1.950329 1.767783 2.649126 2.277286 1.262042 2.348946 1.123900 0.661612
 2335200.000000 1.731429 1.888212 2.682175 2.130615 1.244452 2.289919 1.110639 0.667009
 2337600.000000 1.712144 1.896218 2.593126 2.073233 1.322636 2.075894 1.095843 0.603710
 2340000.000000 1.823255 1.824531 2.647980 2.216969 1.328672 2.212230 1.070750 0.648147
 2342400.000000 1.896022 1.898028 2.655948 2.161525 1.219750 2.399914 1.144381 0.639915
 2344800.000000 1.814615 1.971164 2.617641 2.296096 1.413139 2.370068 1.081840 0.638421
 2347200.000000 1.903653 1.985423 2.624748 2.420422 1.258591 2.364110 1.084024 0.601895
 2349600.000000 1.924239 1.837176 2.654220 2.212196 1.345100 2.206155 1.166625 0.625384
 2352000.000000 1.858240 1.766694 2.654380 2.177890 1.355981 2.313783 1.243596 0.686864
 2354400.000000 1.982486 1.756324 2.647131 2.238105 1.256349 2.517206 1.161382 0.649439
 2356800.000000 1.849052 1.837416 2.701901 2.003063 1.275656 2.187350 1.012464 0.601463
 2359200.000000 1.895454 1.796190 2.612000 2.109664 1.352123 2.287188 1.108421 0.625012
 2361600.000000 2.059868 1.903846 2.671782 2.092471 1.378025 2.514205 1.060257 0.564327
 2364000.000000 2.026710 1.957255 2.619435 2.316409 1.395293 2.390490 1.132360 0.600978
 2366400.000000 1.886526 1.916299 2.631496 2.203926 1.411184 2.447982 1.116501 0.634295
 2368800.000000 1.786547 1.886385 2.733795 2.256515 1.288955 2.257671 1.105423 0.613396
 2371200.000000 2.085879 1.849107 2.675192 2.232128 1.420442 2.362371 1.113685 0.636395
 2373600.000000 2.096068 2.066637 2.409304 2.184937 1.321354 2.444621 1.111060 0.639077
 2376000.000000 1.902005 1.924034 2.460047 2.123914 1.359908 2.316639 1.176898 0.584229
 2378400.000000 1.968308 1.913873 2.504703 2.191562 1.295363 2.239474 1.077876 0.592585
 2380800.000000 1.885202 1.912634 2.526397 2.177918 1.239140 2.157441 1.063848 0.577051
 2383200.000000 1.924552 1.887838 2.446295 2.172521 1.375839 2.269643 1.082310 0.627178
 2385600.000000 2.032962 2.020126 2.545908 2.125376 1.354026 2.211324 1.140757 0.620545
 2388000.000000 1.707801 2.081499 2.482239 2.161241 1.203817 2.280719 1.090616 0.599598
 2390400.000000 1.986371 1.984898 2.524137 2.344592 1.314480 2.391452 1.087446 0.604428
 2392800.000000 2.387674 2.035227 2.402804 2.470829 1.361327 2.289573 1.081251 0.611363
 2395200.000000 2.042176 2.050010 2.505646 2.386908 1.343545 2.612067 1.202797 0.660306
 2397600.000000 2.157976 2.070260 2.569620 2.521363 1.247059 2.348466 1.146124 0.631633
 2400000.000000 1.932829 2.017449 2.575839 2.347993 1.217910 2.327107 1.155342 0.662600
 2402400.000000 1.867801 1.906089 2.569701 2.271806 1.330505 2.466696 1.126751 0.584646
 2404800.000000 1.888491 1.847442 2.571035 2.223252 1.338868 2.403676 1.087784 0.658229
 2407200.000000 1.724730 1.947617 2.523882 2.227869 1.254838 2.489150 1.111800 0.596629
 2409600.000000 2.074605 2.223330 2.600545 2.475783 1.296445 2.419799 1.102128 0.611732
 2412000.000000 1.857504 1.917356 2.549686 2.371329 1.334811 2.320377 1.137535 0.628370
 2414400.000000 1.899420 1.981852 2.464949 2.419073 1.217296 2.345657 1.088975 0.620662
 2416800.000000 2.069084 1.892384 2.511130 2.379782 1.384597 2.321713 1.050274 0.653446
 2419200.000000 1.875219 2.053055 2.528882 2.420517 1.371739 2.290102 1.120505 0.629638
 2421600.000000 1.976729 2.079749 2.388438 2.272135 1.318152 2.302158 1.179197 0.620583
 2424000.000000 1.927778 1.937639 2.418546 2.327114 1.448892 2.293632 1.104267 0.587480
 2426400.000000 1.957118 2.151132 2.490118 2.409145 1.224680 2.324302 1.083305 0.639318
 2428800.000000 1.969495 1.947231 2.492859 2.376191 1.322568 2.291459 1.168201 0.606732
 2431200.000000 1.997654 2.139283 2.485370 2.412158 1.264359 2.250570 1.070061 0.551770
 2433600.000000 1.847866 2.101992 2.505678 2.300162 1.265764 2.285938 1.137915 0.608001
 2436000.000000 2.015481 1.854631 2.492285 2.258876 1.382340 2.399552 1.123457 0.602435
 2438400.000000 1.812851 1.941677 2.447219 2.162163 1.270568 2.578842 1.077702 0.633247
 2440800.000000 1.987846 2.083312 2.518731 2.187155 1.274764 2.167323 1.041565 0.598125
 2443200.000000 1.943108 2.046119 2.450277 2.185660 1.248132 2.254114 1.128510 0.622017
 2445600.000000 2.010258 1.988634 2.465018 2.215064 1.258378 2.101528 1.169342 0.669288
 2448000.000000 1.876210 2.042858 2.405522 2.342887 1.297469 2.372269 1.108485 0.656341
 2450400.000000 1.977035 1.965767 2.465962 2.367570 1.301876 2.348642 1.154080 0.692747
 2452800.000000 1.992865 2.085690 2.460121 2.325831 1.371168 2.321471 1.180060 0.661068
 2455200.000000 1.897369 2.047515 2.546742 2.290518 1.268746 2.217505 1.043512 0.646868
 2457600.000000 2.141966 2.044091 2.497540 2.401736 1.379165 2.173642 1.122416 0.672051
 2460000.000000 2.018664 2.030616 2.462501 2.358485 1.306961 2.216414 1.185630 0.685351
 2462400.000000 1.901796 2.060919 2.507690 2.439955 1.189228 2.248380 1.125241 0.603438
 2464800.000000 2.025599 2.101786 2.555162 2.461654 1.280751 2.390617 1.152000 0.590856
 2467200.000000 1.925058 1.999195 2.524728 2.324655 1.316201 2.216713 1.071822 0.655591
 2469600.000000 2.089786 1.766521 2.545494 2.393261 1.259970 2.257602 1.106826 0.608142
 2472000.000000 2.004570 2.195915 2.463097 2.502486 1.338786 2.286603 1.175401 0.630519
 2474400.000000 1.923692 2.008302 2.456378 2.469009 1.368992 2.109544 1.118472 0.725710
 2476800.000000 1.967956 1.867565 2.518372 2.332101 1.235632 2.076868 1.094608 0.590669
 2479200.000000 1.958862 2.026389 2.539673 2.200202 1.216764 2.128850 1.053435 0.627592
 2481600.000000 1.810672 2.019361 2.629534 2.274755 1.211629 2.310461 1.168151 0.580056
 2484000.000000 1.788753 2.044091 2.531328 2.247425 1.367473 2.270472 1.113154 0.658588
 2486400.000000 1.905559 2.015150 2.499545 2.354171 1.387922 2.240619 1.159020 0.671939
 2488800.000000 1.904347 1.988908 2.503352 2.222601 1.223965 2.335627 1.186239 0.612332
 2491200.000000 1.817576 2.004148 2.572154 2.294001 1.259959 2.085522 1.106330 0.595271
 2493600.000000 1.918227 1.930213 2.438275 2.279156 1.341490 2.502514 1.052459 0.661056
 2496000.000000 1.785868 1.920710 2.496823 2.274805 1.344123 2.241837 1.094965 0.618190
 2498400.000000 1.907247 1.999008 2.416319 2.245335 1.413919 2.412404 1.120274 0.689020
 2500800.000000 1.842891 1.939019 2.514407 2.214129 1.388021 2.509077 1.100701 0.666336
 2503200.000000 1.920948 1.977608 2.461427 2.424585 1.204435 2.153361 1.081851 0.709907
 2505600.000000 1.982510 1.959367 2.472109 2.394608 1.372912 2.289299 1.159680 0.672530
 2508000.000000 2.080604 1.960194 2.424462 2.683048 1.260103 2.411465 1.186842 0.651183
 2510400.000000 1.886907 1.991834 2.478879 2.461701 1.218974 2.380415 1.168162 0.631499
 2512800.000000 1.916879 1.856120 2.490584 2.431870 1.248901 2.404432 1.141094 0.566126
 2515200.000000 1.782298 1.972134 2.470804 2.358093 1.272230 2.434318 1.139877 0.602697
 2517600.000000 1.930020 1.899278 2.547318 2.455749 1.170871 2.322000 1.090606 0.594970
 2520000.000000 1.723086 1.817690 2.521223 2.114469 1.271310 2.363345 1.077664 0.652909
 2522400.000000 1.592483 1.728274 2.540401 2.153839 1.252901 2.373782 1.150106 0.658522
 2524800.000000 1.779225 1.917841 2.514721 2.226623 1.223239 2.253286 1.131596 0.690176
 2527200.000000 1.835071 1.795163 2.469238 2.161451 1.232638 2.252198 1.150770 0.585614
 2529600.000000 1.722420 1.836756 2.438598 2.206876 1.126008 2.316582 1.149535 0.647573
 2532000.000000 1.683929 1.993063 2.486525 2.225147 1.207659 2.321518 1.143538 0.609830
 2534400.000000 1.831173 1.896830 2.463091 2.128495 1.225028 2.292791 1.224121 0.622872
 2536800.000000 1.669799 1.811342 2.583345 2.194266 1.241819 2.164415 1.242089 0.645615
 2539200.000000 1.881373 1.779224 2.537904 2.195941 1.263239 2.440812 1.103050 0.578653
 2541600.000000 1.854795 1.933928 2.538852 2.211169 1.267233 2.036277 1.170805 0.638553
 2544000.000000 1.670656 1.936952 2.534259 2.201100 1.263203 2.273842 1.285130 0.615336
 2546400.000000 1.696294 1.935401 2.558633 1.840189 1.229481 2.346970 1.171851 0.669267
 2548800.000000 1.755111 1.722869 2.491315 2.105947 1.230469 2.216827 1.172668 0.628459
 2551200.000000 1.817214 1.774692 2.573194 2.149118 1.241783 2.340797 1.173424 0.609903
 2553600.000000 1.875506 1.862029 2.436864 2.049568 1.233090 2.287554 1.121078 0.639987
 2556000.000000 1.769102 1.796264 2.533082 2.156641 1.268423 2.212629 1.117539 0.623344
 2558400.000000 2.028933 1.843285 2.393437 2.168270 1.250304 2.358441 1.123637 0.629085
 2560800.000000 1.945108 1.871884 2.378050 2.007734 1.243182 2.355078 1.111941 0.635840
 2563200.000000 1.783154 1.844680 2.448371 1.822594 1.207495 2.229139 1.143657 0.582082
 2565600.000000 1.767896 1.944276 2.431412 1.841194 1.229215 2.490800 1.221901 0.638280
 2568000.000000 1.808514 1.899830 2.576804 1.910256 1.314529 2.272859 1.152282 0.635847
 2570400.000000 1.880958 1.739507 2.502025 2.031298 1.374914 2.344964 1.120087 0.629337
 2572800.000000 1.727651 1.891320 2.538334 1.974191 1.305498 2.261730 1.181747 0.623855
 2575200.000000 1.918190 1.871123 2.455411 2.041002 1.244470 2.398826 1.147539 0.578696
 2577600.000000 1.875089 1.853601 2.508271 1.974529 1.359294 2.360058 1.192048 0.592946
 2580000.000000 1.880791 2.071900 2.491604 1.930092 1.431908 2.298422 1.174896 0.567381
 2582400.000000 1.772087 1.848126 2.540489 1.937272 1.306037 2.545763 1.154228 0.594288
 2584800.000000 1.781362 1.916398 2.540597 1.850497 1.314517 2.148926 1.143696 0.632907
 2587200.000000 1.767383 1.831634 2.597071 1.931405 1.244194 2.288417 1.090124 0.661285
 2589600.000000 1.856806 1.747466 2.492457 2.071490 1.281013 2.023786 1.195488 0.669243
 2592000.000000 1.808139 1.745076 2.536377 2.098743 1.248731 2.349785 1.234437 0.662678
 2594400.000000 1.779861 1.885903 2.518992 1.978450 1.201856 2.301758 1.120698 0.619699
 2596800.000000 1.836913 1.854366 2.576625 2.012160 1.267054 2.263381 1.159862 0.627000
 2599200.000000 1.784038 1.825077 2.601153 2.159544 1.242877 2.134333 1.197183 0.618551
 2601600.000000 1.992244 1.817871 2.590137 2.161044 1.255314 2.307545 1.123911 0.588717
 2604000.000000 1.836458 1.868099 2.583556 2.077733 1.156074 2.183313 1.165232 0.546167
 2606400.000000 1.726459 1.808076 2.517526 1.954455 1.239324 2.377394 1.100333 0.594730
 2608800.000000 1.735464 1.846663 2.647127 1.930041 1.302765 2.246120 1.075274 0.565921
 2611200.000000 1.730493 1.839144 2.593450 2.138898 1.276907 2.429787 1.200512 0.639012
 2613600.000000 1.695797 1.942170 2.585299 2.079829 1.235562 1.993458 1.150562 0.576233
 2616000.000000 1.758693 1.805924 2.521560 2.066247 1.227714 2.116167 1.111435 0.607921
 2618400.000000 1.731037 1.858687 2.543331 1.942892 1.281447 2.311176 1.159403 0.603110
 2620800.000000 1.870032 1.701660 2.485734 2.169298 1.235168 2.415158 1.027928 0.598190
 2623200.000000 1.816460 1.852967 2.505189 2.420400 1.295199 2.356901 1.070550 0.623451
 2625600.000000 1.884968 1.913675 2.572200 2.442871 1.281877 2.285621 1.065535 0.637022
 2628000.000000 1.990591 1.873203 2.408739 2.244356 1.240936 2.207514 1.139632 0.616263
 2630400.000000 1.940986 1.979921 2.469740 2.270996 1.295593 2.404214 1.109364 0.619769
 2632800.000000 1.732490 1.898407 2.507099 2.287053 1.212221 2.157351 1.250214 0.675831
 2635200.000000 1.786783 1.898552 2.567220 2.102776 1.239918 2.250380 1.136830 0.631858
 2637600.000000 1.954375 1.913378 2.479278 2.121271 1.346833 2.056182 1.075813 0.606383
 2640000.000000 1.926070 1.962151 2.466948 2.377244 1.226472 2.250397 1.082872 0.555835
 2642400.000000 1.737416 1.961735 2.474604 2.214428 1.261382 2.279712 1.129646 0.612591
 2644800.000000 1.936409 1.930569 2.433192 2.349278 1.347200 2.218531 1.141987 0.606074
 2647200.000000 1.855500 1.929988 2.474402 2.366882 1.276654 2.131405 1.149311 0.592014
 2649600.000000 1.936993 1.918707 2.487878 2.327293 1.329157 2.197641 1.131641 0.608088
 2652000.000000 1.758090 1.840108 2.544714 2.242551 1.222698 2.278560 1.101693 0.590880
 2654400.000000 1.754967 2.028926 2.653661 2.139982 1.273193 2.068571 1.162172 0.620705
 2656800.000000 1.869691 1.848737 2.620817 2.142116 1.284547 2.192851 1.102444 0.604744
 2659200.000000 1.883697 1.872489 2.615500 2.289090 1.322430 2.327909 1.092816 0.706003
 2661600.000000 1.818299 1.905030 2.544834 2.309400 1.261902 2.337001 1.116313 0.577563
 2664000.000000 1.872427 1.828767 2.586403 2.339683 1.305837 2.364358 1.135032 0.623288
 2666400.000000 1.957197 1.807665 2.532587 2.317034 1.263198 2.111288 1.161452 0.638676
 2668800.000000 1.809229 1.874951 2.530173 2.312801 1.226221 2.292106 1.146892 0.704389
 2671200.000000 1.848072 1.895330 2.569087 2.382136 1.318509 2.281790 1.167844 0.615584
 2673600.000000 1.876491 1.985881 2.487039 2.455567 1.254318 2.277987 1.148195 0.588624
 2676000.000000 1.826700 1.788735 2.503044 2.235926 1.395462 2.032496 1.148522 0.649164
 2678400.000000 1.849509 1.893291 2.542522 2.226823 1.284648 2.001593 1.082543 0.579731
 2680800.000000 1.781305 1.878285 2.528205 2.245751 1.270310 2.397246 1.085003 0.649206
 2683200.000000 1.847708 1.982815 2.470524 2.530804 1.167388 2.218729 1.191384 0.604996
 2685600.000000 1.883623 1.948239 2.575529 2.279936 1.291025 2.276722 1.120665 0.714748
 2688000.000000 1.697748 1.952762 2.459554 2.265531 1.249608 2.118907 1.105815 0.644143
 2690400.000000 1.733859 1.874396 2.619322 2.217991 1.365499 2.128978 1.002691 0.639279
 2692800.000000 1.753058 1.876117 2.491988 2.417115 1.226405 2.214430 1.059368 0.699471
 2695200.000000 1.754017 1.796006 2.529372 2.310632 1.294796 2.249621 1.148599 0.572408
 2697600.000000 1.754666 1.758567 2.500532 2.249856 1.215767 2.275723 1.059177 0.627448
 2700000.000000 1.771495 1.663830 2.515969 2.272454 1.239855 2.256703 1.117643 0.603681
 2702400.000000 1.888434 1.810592 2.489915 2.228762 1.322401 2.214594 1.154049 0.597391
 2704800.000000 1.930159 1.751200 2.502342 2.276439 1.320611 2.346805 1.069685 0.619409
 2707200.000000 1.737151 1.860518 2.428018 2.302284 1.210918 2.439233 1.121884 0.614384
 2709600.000000 1.869518 1.913727 2.569299 2.328134 1.276513 2.298483 1.221515 0.631463
 2712000.000000 1.731851 1.729371 2.538396 2.195944 1.337369 2.293058 1.097043 0.605083
 2714400.000000 1.903663 1.905708 2.453837 2.287752 1.286077 2.269044 1.133074 0.660849
 2716800.000000 1.841089 1.790342 2.541744 2.365150 1.428516 2.225427 1.193988 0.645550
 2719200.000000 1.801031 1.730566 2.623157 2.220164 1.197034 2.222699 1.135272 0.707912
 2721600.000000 1.890728 1.866206 2.482523 2.337289 1.212346 2.200117 1.157812 0.651486
 2724000.000000 1.761033 1.850443 2.583209 2.206837 1.223952 2.252700 1.153163 0.620931
 2726400.000000 1.780690 1.996262 2.474613 2.308108 1.266665 2.235520 1.124965 0.618463
 2728800.000000 1.843838 1.906524 2.495188 2.206882 1.327958 2.270322 1.088061 0.586427
 2731200.000000 1.729288 1.898826 2.524061 2.217005 1.281987 2.389806 1.189641 0.661939
 2733600.000000 1.834209 1.828740 2.569134 2.184508 1.237593 2.399723 1.133571 0.620632
 2736000.000000 1.787544 1.732174 2.472882 2.153375 1.278922 2.486554 1.138595 0.622812
 2738400.000000 1.800371 1.946818 2.568210 2.227705 1.256405 2.402695 1.062646 0.573018
 2740800.000000 1.934452 1.898502 2.453743 2.176461 1.318039 2.289325 1.080014 0.646914
 2743200.000000 1.789211 1.841126 2.558804 2.139566 1.244395 2.269880 1.102586 0.601696
 2745600.000000 1.716829 1.876688 2.577914 2.013489 1.388908 2.237951 1.072931 0.606681
 2748000.000000 1.790818 1.910151 2.524248 2.097194 1.334712 2.365258 1.016595 0.662086
 2750400.000000 1.829405 1.795863 2.579427 2.077302 1.296902 2.395652 1.096174 0.612630
 2752800.000000 1.898573 1.857380 2.525174 2.005955 1.324688 2.341472 1.093967 0.600623
 2755200.000000 1.695656 1.858675 2.499905 1.928578 1.261079 2.376064 1.111978 0.604764
 2757600.000000 1.761618 1.856789 2.555425 2.053982 1.248001 2.198088 1.142443 0.642314
 2760000.000000 1.732596 1.837626 2.535819 2.061334 1.318704 2.279640 1.149755 0.591942
 2762400.000000 1.816409 1.942245 2.537726 2.068423 1.397487 2.341398 1.121502 0.554095
 2764800.000000 1.769540 1.828948 2.576581 2.112291 1.241090 2.220049 1.165364 0.624780
 2767200.000000 1.773094 2.043512 2.433883 2.034092 1.331041 2.186394 1.116511 0.579792
 2769600.000000 1.841375 1.890480 2.538354 2.043161 1.298601 2.222610 1.185064 0.641180
 2772000.000000 1.905934 1.926639 2.527730 2.134105 1.236235 2.193413 1.092642 0.636610
 2774400.000000 1.744544 1.871616 2.526831 1.982713 1.355347 2.393137 1.093882 0.583250
 2776800.000000 1.842931 1.871579 2.581785 2.205837 1.376968 2.354984 1.065025 0.585334
 2779200.000000 1.871003 1.898845 2.536136 2.115186 1.284343 2.232538 1.064267 0.646860
 2781600.000000 1.919680 1.778102 2.603017 2.135928 1.309908 2.267579 1.078055 0.638277
 2784000.000000 1.694765 1.916636 2.579613 2.085796 1.308528 2.334975 1.079346 0.592453
 2786400.000000 1.752278 1.817064 2.556546 2.050706 1.356044 1.889089 1.140997 0.614354
 2788800.000000 1.754018 1.779862 2.590978 2.175515 1.408057 1.915837 1.116593 0.587322
 2791200.000000 1.937858 1.890412 2.595339 2.009025 1.284012 2.115483 1.066627 0.596980
 2793600.000000 1.958332 1.924247 2.643214 2.084377 1.286167 2.266290 1.070183 0.589534
 2796000.000000 1.845909 1.835466 2.545438 2.062596 1.304709 2.244470 1.191246 0.610508
 2798400.000000 1.831455 1.844883 2.556180 2.033675 1.355821 2.359421 1.116149 0.607765
 2800800.000000 1.763161 1.955150 2.596593 1.921654 1.328917 2.123767 1.076431 0.583518
 2803200.000000 1.764275 1.921261 2.537691 1.877587 1.413715 2.117284 1.063832 0.599546
 2805600.000000 1.739750 1.965264 2.463701 1.940486 1.366753 2.148265 1.165238 0.606840
 2808000.000000 1.811042 1.793030 2.515566 1.972448 1.335428 2.439809 1.155674 0.638598
 2810400.000000 1.959058 1.728512 2.542284 2.056499 1.345137 2.195681 1.263343 0.637434
 2812800.000000 2.029868 2.002300 2.499886 2.088709 1.300938 2.178001 1.154035 0.628627
 2815200.000000 1.898737 1.959384 2.552082 2.112387 1.311629 2.449433 1.117722 0.596774
 2817600.000000 1.859276 1.854878 2.516827 2.040056 1.369522 2.291525 1.170863 0.616851
 2820000.000000 1.773378 1.846890 2.562188 2.061330 1.210056 2.193340 1.010202 0.629478
 2822400.000000 1.677295 1.919694 2.418247 1.908948 1.399799 2.252105 1.120973 0.610307
 2824800.000000 1.813595 1.937452 2.444776 1.980103 1.365337 2.252569 1.187513 0.632044
 2827200.000000 1.760242 1.884258 2.492303 2.008934 1.359004 2.295296 1.242063 0.658819
 2829600.000000 1.674846 1.897986 2.436693 1.947147 1.353598 2.344349 1.177741 0.600065
 2832000.000000 1.797570 1.785111 2.536839 1.939165 1.278490 2.438770 1.080865 0.593838
 2834400.000000 1.858008 1.849901 2.484271 2.093632 1.247183 2.416779 1.087338 0.595109
 2836800.000000 1.844235 1.801377 2.562252 2.001298 1.284773 2.471950 1.083813 0.602527
 2839200.000000 1.883301 1.862457 2.496459 2.068441 1.297123 2.276416 1.109256 0.575855
 2841600.000000 1.836661 1.885397 2.539431 2.036948 1.333619 2.395724 1.116319 0.588880
 2844000.000000 1.871029 1.880476 2.539406 2.022711 1.373615 2.161731 1.114437 0.578266
 2846400.000000 1.858659 1.846733 2.492119 2.051719 1.297142 2.374094 1.159522 0.603404
 2848800.000000 1.877487 1.658323 2.547790 2.148170 1.336283 2.230636 1.115863 0.610671
 2851200.000000 1.793708 1.684801 2.590926 2.073554 1.228763 2.359438 1.104093 0.590237
 2853600.000000 1.741997 1.762406 2.483165 1.988464 1.265384 2.389463 1.167596 0.632896
 2856000.000000 1.751175 1.921891 2.579987 2.005309 1.223795 2.232200 1.077818 0.611037
 2858400.000000 1.762215 1.841620 2.557470 2.021585 1.176235 2.132370 1.091892 0.566231
 2860800.000000 1.838716 1.837278 2.578864 2.039433 1.302752 2.340996 1.122957 0.610882
 2863200.000000 1.730746 1.944352 2.487678 2.009112 1.310953 2.249784 1.107855 0.629391
 2865600.000000 1.846981 1.932104 2.584667 2.046791 1.247290 2.075664 1.093079 0.565009
 2868000.000000 1.875598 1.849472 2.533555 2.021062 1.310400 2.167816 1.065117 0.622764
 2870400.000000 1.873341 1.953729 2.514441 2.084402 1.276233 2.106595 1.162048 0.613766
 2872800.000000 1.841877 2.022702 2.503705 2.055946 1.249880 2.090766 1.053275 0.678688
 2875200.000000 1.946136 1.984602 2.529183 2.084654 1.283732 2.091649 1.061330 0.637406
 2877600.000000 1.825459 1.977246 2.491617 2.037761 1.198627 1.943631 1.132139 0.714782
 2880000.000000 1.733029 1.974982 2.562169 1.936955 1.266463 2.200128 1.114518 0.621303
 2882400.000000 1.845169 1.884905 2.482061 2.013811 1.354677 2.294503 1.097360 0.609342
 2884800.000000 1.788670 1.881780 2.563297 2.031700 1.277767 2.282210 1.166361 0.584597
 2887200.000000 1.818205 2.014032 2.518769 2.040798 1.253506 2.241798 1.153009 0.605265
 2889600.000000 1.623026 1.820087 2.616178 1.952753 1.285715 2.267798 1.192921 0.637116
 2892000.000000 1.756795 1.853034 2.651076 2.015913 1.222305 2.193242 1.125740 0.603331
 2894400.000000 1.758392 1.885397 2.593512 2.112349 1.295628 2.400834 1.154899 0.587754
 2896800.000000 1.850473 1.748411 2.560468 2.051368 1.297691 2.356137 1.084088 0.589416
 2899200.000000 1.929520 1.969985 2.612025 2.025327 1.324510 2.326552 1.179389 0.645317
 2901600.000000 1.859412 1.950980 2.571676 2.113201 1.286562 2.228087 1.054179 0.625002
 2904000.000000 1.786827 1.690784 2.681889 1.929640 1.414803 2.073629 1.092069 0.609947
 2906400.000000 1.642305 1.570971 2.609810 1.879460 1.379915 2.402622 1.125705 0.636439
 2908800.000000 1.767993 1.631050 2.678618 2.021253 1.233006 2.179151 1.145731 0.630654
 2911200.000000 1.627329 1.885518 2.594095 1.955845 1.227309 2.364186 1.113355 0.603566
 2913600.000000 1.743097 1.637796 2.631369 2.078063 1.327499 2.201928 1.091489 0.592112
 2916000.000000 1.885778 1.854307 2.553694 2.034874 1.320437 2.344115 1.098258 0.599371
 2918400.000000 1.831521 1.675468 2.586852 2.028667 1.293505 2.475647 1.050802 0.585776
 2920800.000000 1.738651 1.611890 2.607257 2.071523 1.228536 2.388821 1.078791 0.603767
 2923200.000000 1.912608 2.024658 2.625252 2.156992 1.295839 2.270102 1.117517 0.585001
 2925600.000000 1.789187 1.647269 2.649703 2.181758 1.302608 2.329878 1.091495 0.559101
 2928000.000000 1.897327 1.873949 2.511153 2.050007 1.274778 2.264208 1.085941 0.591335
 2930400.000000 1.878984 2.061386 2.575781 2.170558 1.263716 2.297422 1.042835 0.599045
 2932800.000000 1.798423 1.909797 2.656683 2.089844 1.316476 2.353873 1.069778 0.591213
 2935200.000000 1.729072 1.833135 2.701881 2.013433 1.329041 2.501524 1.166487 0.574586
 2937600.000000 1.725498 1.824420 2.506391 2.029773 1.339503 2.395966 1.051247 0.578393
 2940000.000000 1.814751 1.802730 2.540378 2.118223 1.304536 2.399450 1.057732 0.594601
 2942400.000000 1.886237 1.912325 2.575940 2.054904 1.295767 2.145119 1.178522 0.639869
 2944800.000000 1.824150 2.032246 2.624441 1.989650 1.368814 2.541232 1.164337 0.643667
 2947200.000000 1.804819 1.953283 2.443275 2.158826 1.265665 2.635373 1.088221 0.576393
 2949600.000000 1.753004 1.891813 2.432062 2.070041 1.211483 2.503983 1.139113 0.577000
 2952000.000000 1.846246 1.874857 2.530996 2.210293 1.186427 2.622496 1.138892 0.595541
 2954400.000000 1.710213 1.842274 2.543219 2.027725 1.350856 2.595956 1.106432 0.582276
 2956800.000000 1.762413 2.061993 2.450113 1.897035 1.207961 2.500764 1.150296 0.590376
 2959200.000000 1.813899 2.019757 2.406862 2.016241 1.258571 2.569255 1.195357 0.634754
 2961600.000000 1.896198 1.963338 2.287202 2.259075 1.181764 2.533816 1.039375 0.604925
 2964000.000000 1.918305 1.888468 2.354334 2.230427 1.231879 2.589202 1.030422 0.623082
 2966400.000000 1.811964 1.788580 2.478478 2.173386 1.245405 2.587888 1.034371 0.579790
 2968800.000000 1.745814 1.889010 2.456723 2.082808 1.274726 2.502783 1.126975 0.617500
 2971200.000000 1.808236 1.817316 2.576006 2.124042 1.232025 2.249461 1.099170 0.599329
 2973600.000000 1.899708 1.999649 2.533288 2.193313 1.236218 2.481603 1.094072 0.584816
 2976000.000000 1.991808 1.926761 2.521444 2.283032 1.262164 2.478206 1.007873 0.597858
 2978400.000000 1.956289 2.010007 2.616054 2.160405 1.199937 2.388497 1.095540 0.639517
 2980800.000000 1.751602 1.994107 2.592739 1.938439 1.263880 2.373967 1.103568 0.604751
 2983200.000000 1.873660 1.940545 2.570154 2.098450 1.291406 2.253689 1.020172 0.585055
 2985600.000000 1.725112 1.851570 2.539266 2.001298 1.366183 2.348122 1.046336 0.606016
 2988000.000000 1.758158 1.827835 2.552154 2.083312 1.209136 2.304186 1.034830 0.591444
 2990400.000000 1.806070 1.745599 2.560099 1.983193 1.373931 2.324888 1.071716 0.603679
 2992800.000000 1.848285 1.775878 2.597520 2.081865 1.235536 2.362754 1.143129 0.606154
 2995200.000000 1.756289 1.808408 2.559234 1.921686 1.257244 2.153038 1.079990 0.658512
 2997600.000000 1.727443 1.781795 2.559029 1.973860 1.304354 2.297387 1.060171 0.624783
 3000000.000000 1.774650 1.669599 2.573193 2.203088 1.237163 2.303708 1.221616 0.595129
 3002400.000000 1.899380 1.940952 2.540119 2.330094 1.327894 2.383894 1.149640 0.589107
 3004800.000000 1.968528 1.931889 2.604496 2.124692 1.317582 2.343143 1.076136 0.611288
 3007200.000000 1.813515 1.791947 2.508823 2.071640 1.289891 2.397717 1.143545 0.587308
 3009600.000000 1.902613 1.701768 2.560785 2.086790 1.322956 2.529345 1.081866 0.600437
 3012000.000000 1.826310 1.724023 2.484406 1.998208 1.341382 2.332510 1.091884 0.573756
 3014400.000000 1.807924 1.752143 2.499324 2.070247 1.282609 2.318327 1.034322 0.597436
 3016800.000000 1.855143 1.813404 2.555242 2.209671 1.329992 2.385419 1.035836 0.618227
 3019200.000000 1.865685 1.723809 2.511511 2.242487 1.244757 2.361461 1.164048 0.618947
 3021600.000000 1.893024 1.713898 2.477399 1.992792 1.260065 2.034397 1.090137 0.647706
 3024000.000000 1.850541 1.902189 2.326040 2.011043 1.356709 2.267453 1.047983 0.588462
 3026400.000000 1.960558 1.800470 2.510363 2.129325 1.308386 2.365352 1.101738 0.592433
 3028800.000000 1.819947 1.989258 2.538328 1.963643 1.369263 2.351538 1.058334 0.609572
 3031200.000000 2.018055 1.935595 2.510341 2.051486 1.456434 2.012377 1.124125 0.614361
 3033600.000000 1.823870 1.942623 2.513877 1.981003 1.422700 2.397126 1.088695 0.612137
 3036000.000000 1.671068 2.022925 2.486609 1.900287 1.386824 2.156432 1.141970 0.637569
 3038400.000000 1.914631 1.920604 2.514662 2.018636 1.326138 2.069079 1.074515 0.618576
 3040800.000000 1.930176 1.955255 2.532551 2.194009 1.317253 2.385831 1.071231 0.624595
 3043200.000000 1.803338 1.908383 2.564742 1.932958 1.422572 2.384231 1.048733 0.590874
 3045600.000000 1.912530 2.027614 2.489868 1.980568 1.442239 2.382553 1.029930 0.596117
 3048000.000000 1.886203 2.099936 2.607823 2.097045 1.402587 2.660295 1.082224 0.580500
 3050400.000000 1.859745 1.889007 2.538957 1.957912 1.363717 2.208766 1.084417 0.567879
 3052800.000000 1.835894 1.979427 2.460050 1.951389 1.300534 2.302021 1.072069 0.583675
 3055200.000000 1.917966 1.852976 2.514417 1.998708 1.421838 2.292056 1.125833 0.617502
 3057600.000000 1.869262 1.814612 2.609269 1.918010 1.267363 2.354096 1.099905 0.619494
 3060000.000000 1.883440 1.977968 2.540692 2.005427 1.253621 2.413160 1.087221 0.585001
 3062400.000000 1.787061 1.978574 2.485532 1.945424 1.461656 2.344300 1.040406 0.603177
 3064800.000000 1.864115 1.912922 2.484243 2.087618 1.246123 2.173897 1.178949 0.668212
 3067200.000000 2.033137 2.013859 2.548186 2.146456 1.202014 2.461243 1.040462 0.569126
 3069600.000000 1.781371 1.950973 2.539022 1.963727 1.269824 2.337051 1.051112 0.645722
 3072000.000000 1.920694 2.043247 2.564050 2.018994 1.284625 2.401872 1.127814 0.576258
 3074400.000000 1.926289 1.911903 2.424574 2.088977 1.276268 2.346059 1.086423 0.625841
 3076800.000000 1.943154 1.937389 2.473938 2.110948 1.332651 2.437226 1.076820 0.638899
 3079200.000000 1.787429 1.876988 2.478127 2.064334 1.409134 2.359434 1.168266 0.573380
 3081600.000000 1.838105 1.908227 2.551534 2.066752 1.379931 2.303775 1.108335 0.614182
 3084000.000000 1.791699 1.987986 2.497539 2.024701 1.409578 2.355826 1.073771 0.611592
 3086400.000000 1.828723 1.930233 2.478104 1.905541 1.426157 2.431305 1.133841 0.607764
 3088800.000000 1.686636 1.827497 2.530797 1.873649 1.535338 2.367945 1.117625 0.649979
 3091200.000000 1.969955 1.870443 2.479280 2.132252 1.377271 2.246500 1.146142 0.620238
 3093600.000000 1.870543 1.905555 2.486325 1.997524 1.512086 2.142361 1.097858 0.627379
 3096000.000000 1.776180 1.791065 2.614069 2.033487 1.358582 2.325420 0.999665 0.706568
 3098400.000000 1.836278 1.709898 2.582489 1.868860 1.475893 2.264521 1.103535 0.625266
 3100800.000000 1.845126 1.807675 2.482629 1.923082 1.265494 2.218160 1.074833 0.634675
 3103200.000000 1.900258 1.865162 2.566208 2.005091 1.420813 2.179693 1.126201 0.612906
 3105600.000000 1.754759 1.994900 2.487522 1.843684 1.391188 2.138543 1.148671 0.604651
 3108000.000000 2.109633 1.917586 2.464749 2.292468 1.300100 2.270064 1.083782 0.618249
 3110400.000000 2.122701 1.981375 2.523949 2.279269 1.309240 2.448754 1.170200 0.627037
 3112800.000000 1.840505 1.924301 2.567136 2.171933 1.311384 2.297542 1.045413 0.630718
 3115200.000000 1.812971 2.157993 2.506209 1.963004 1.317117 2.308200 1.170431 0.628295
 3117600.000000 1.964414 1.832826 2.491741 2.063795 1.336515 2.432592 1.072797 0.588395
 3120000.000000 2.082673 2.007247 2.531414 2.379228 1.330560 2.256249 1.095461 0.639962
 3122400.000000 2.010155 2.021827 2.428320 2.193421 1.350580 2.479625 1.103182 0.606635
 3124800.000000 2.094812 2.032832 2.446008 2.310813 1.306882 2.184960 1.119582 0.588473
 3127200.000000 1.976450 2.028384 2.485339 2.271900 1.371423 2.253973 1.108676 0.596145
 3129600.000000 1.841633 2.063241 2.550015 2.192982 1.203906 2.402717 1.086075 0.583622
 3132000.000000 1.960539 1.930926 2.496584 2.273760 1.296683 2.145779 1.079396 0.623119
 3134400.000000 2.041624 2.133809 2.542692 2.272239 1.333475 2.252424 1.168459 0.599493
 3136800.000000 2.065188 1.934748 2.522821 2.333226 1.280732 2.145744 1.144165 0.576390
 3139200.000000 1.967978 1.955161 2.468496 2.173649 1.272659 2.247896 1.179976 0.622566
 3141600.000000 1.978837 2.128431 2.477320 2.167514 1.453513 2.345350 1.166137 0.590702
 3144000.000000 1.810384 2.030402 2.495462 2.017204 1.415485 2.498076 1.102920 0.563608
 3146400.000000 1.796825 1.916118 2.441064 2.246070 1.172272 2.736622 1.066504 0.620641
 3148800.000000 1.967826 1.975202 2.555187 2.277864 1.245310 2.286333 1.030753 0.581294
 3151200.000000 1.892256 2.043172 2.496481 2.094241 1.340315 2.434751 1.114282 0.613601
 3153600.000000 1.842646 1.987154 2.541879 2.140190 1.297014 2.424964 1.104797 0.599401
 3156000.000000 1.849548 2.140472 2.472772 2.234871 1.393461 2.337408 1.111468 0.578777
 3158400.000000 1.850974 2.018278 2.456505 2.235236 1.254026 2.470758 1.049607 0.640767
 3160800.000000 1.720782 1.946341 2.594833 2.252550 1.461950 2.362974 1.192712 0.586694
 3163200.000000 1.917318 1.933119 2.541378 2.431267 1.383318 2.728179 1.128458 0.583114
 3165600.000000 1.733800 1.996955 2.428571 2.351573 1.252456 2.699809 1.068133 0.584397
 3168000.000000 1.778540 1.960673 2.466202 2.410419 1.259257 2.476155 1.044424 0.595074
 3170400.000000 1.777359 1.835939 2.495693 2.012365 1.419079 2.270636 1.119766 0.599122
 3172800.000000 1.876977 1.890542 2.481236 2.356993 1.355253 2.340288 1.100468 0.644732
 3175200.000000 1.856129 1.918526 2.516418 2.207357 1.389845 2.413934 1.052511 0.626408
 3177600.000000 1.929130 1.961914 2.477553 2.350580 1.302225 2.678240 1.036530 0.618740
 3180000.000000 1.701643 1.817133 2.481204 2.262763 1.469030 2.407829 1.077419 0.612265
 3182400.000000 1.645486 1.888895 2.487514 2.174902 1.198139 2.647188 1.057272 0.603411
 3184800.000000 1.894726 1.928215 2.508905 2.313860 1.352443 2.583360 1.046213 0.619044
 3187200.000000 1.762084 2.187238 2.498411 2.058187 1.285733 2.698547 1.094410 0.574945
 3189600.000000 1.827619 1.914640 2.470166 2.222418 1.276960 2.752748 1.043415 0.590076
 3192000.000000 1.933568 1.966640 2.451410 2.266955 1.285619 2.557987 1.083330 0.625789
 3194400.000000 1.853760 1.827827 2.661837 2.358759 1.165460 2.633600 1.078313 0.572209
 3196800.000000 1.992252 1.884930 2.519241 2.359046 1.268553 2.655697 1.096362 0.593382
 3199200.000000 1.849166 1.812087 2.532362 2.194931 1.383870 2.749098 1.082323 0.587305
 3201600.000000 1.907227 1.926481 2.482803 2.151837 1.220356 2.442955 1.090707 0.597984
 3204000.000000 2.030625 2.001071 2.497769 2.234778 1.338647 2.825482 1.206166 0.615204
 3206400.000000 1.873967 1.872790 2.513444 2.393232 1.271688 2.654732 1.058292 0.612850
 3208800.000000 1.652679 1.970976 2.527939 2.143424 1.330150 2.291396 1.082850 0.621541
 3211200.000000 1.747969 1.919734 2.487584 2.059129 1.339980 2.104472 1.065057 0.589307
 3213600.000000 1.689720 2.021256 2.413495 1.943701 1.247040 2.278861 1.071971 0.654615
 3216000.000000 1.653510 1.939622 2.431447 1.885650 1.368156 2.163334 1.041349 0.624621
 3218400.000000 1.740628 1.903471 2.506844 1.866455 1.231056 2.205489 1.067660 0.573865
 3220800.000000 1.700606 1.884927 2.423837 1.911210 1.224144 2.113077 1.021835 0.612109
 3223200.000000 1.790626 1.992473 2.469701 1.923991 1.221763 2.205353 1.060090 0.603358
 3225600.000000 1.721090 1.828986 2.499028 1.952533 1.284043 2.196313 1.040286 0.579708
 3228000.000000 1.838650 1.885618 2.574814 2.035936 1.234063 2.251006 1.004465 0.584634
 3230400.000000 1.782423 2.039057 2.503873 2.123185 1.347361 2.195351 1.018143 0.547242
 3232800.000000 1.775423 1.969951 2.466949 2.046551 1.316572 2.249388 1.123388 0.632639
 3235200.000000 1.908750 1.922734 2.588618 2.185785 1.241344 2.510373 1.252920 0.660418
 3237600.000000 2.048989 1.900680 2.520761 2.308517 1.315498 2.417927 1.115090 0.611155
 3240000.000000 1.895058 1.753877 2.620139 2.178075 1.297862 2.338864 1.149837 0.622402
 3242400.000000 1.817150 1.974102 2.491200 2.179686 1.238451 2.322758 1.177149 0.686115
 3244800.000000 1.727905 1.825273 2.576485 2.098703 1.274681 2.377890 1.222935 0.624229
 3247200.000000 1.778524 2.065295 2.493399 2.164253 1.221510 2.399351 1.099594 0.592867
 3249600.000000 1.659188 1.977551 2.504542 2.156156 1.233970 2.131978 1.092898 0.589446
 3252000.000000 1.715500 1.944846 2.456839 2.162231 1.344864 2.205289 1.109366 0.620107
 3254400.000000 1.841258 2.121211 2.512598 2.233320 1.364875 2.208687 1.199354 0.606547
 3256800.000000 1.906329 2.044798 2.588173 2.201524 1.302878 2.335868 1.139493 0.605142
 3259200.000000 1.677245 1.820214 2.576084 2.096993 1.264228 2.301604 1.113074 0.671281
 3261600.000000 1.847170 1.952313 2.553292 2.134889 1.332655 2.343908 1.175178 0.645060
 3264000.000000 1.836638 1.882697 2.577122 2.250466 1.385744 2.299561 1.220669 0.642190
 3266400.000000 1.918596 1.980763 2.532210 2.205412 1.362681 2.266636 1.186754 0.673723
 3268800.000000 1.921963 1.927520 2.527559 2.176732 1.364100 2.385947 1.120166 0.630644
 3271200.000000 1.915769 2.011713 2.487994 2.134925 1.230427 2.369271 1.037141 0.652948
 3273600.000000 1.735313 2.010422 2.439501 2.124633 1.232536 2.251386 1.082041 0.604419
 3276000.000000 1.835758 1.996233 2.625706 2.217998 1.300905 2.427218 1.161231 0.585103
 3278400.000000 1.855698 2.111870 2.551872 2.207221 1.314711 2.215923 1.102950 0.610743
 3280800.000000 1.827790 1.990980 2.565954 2.153748 1.292343 2.447719 1.118090 0.568356
 3283200.000000 1.800025 1.840748 2.656051 2.200505 1.307193 2.243374 1.115345 0.582963
 3285600.000000 2.000642 1.774800 2.572163 2.213934 1.399577 2.360616 1.074400 0.641727
 3288000.000000 1.976392 1.824187 2.584118 2.209946 1.301618 2.333244 1.146250 0.612397
 3290400.000000 1.939686 2.133568 2.585847 2.288237 1.355532 2.325414 1.174820 0.609349
 3292800.000000 1.901456 2.024626 2.434177 2.266426 1.445515 2.521802 1.132834 0.614911
 3295200.000000 1.774726 1.874048 2.591244 2.256886 1.370048 2.540122 1.150963 0.667966
 3297600.000000 1.713334 1.830256 2.539662 2.111773 1.181182 2.467383 1.114413 0.629149
 3300000.000000 1.915313 2.039041 2.540315 2.178321 1.404243 2.482492 1.154061 0.628487
 3302400.000000 1.887933 1.992798 2.449990 2.189733 1.262428 2.666301 1.137232 0.596616
 3304800.000000 1.850989 1.882920 2.529968 2.269264 1.205213 2.636518 1.174351 0.665938
 3307200.000000 1.938631 1.871519 2.589475 2.359515 1.367554 2.620398 1.130514 0.637849
 3309600.000000 1.792971 1.964784 2.515135 2.242442 1.257816 2.526837 1.179351 0.643940
 3312000.000000 1.741949 1.849186 2.540542 2.383132 1.266945 2.395589 1.142731 0.651176
 3314400.000000 1.637852 1.904161 2.547154 2.412876 1.292984 2.276533 1.180895 0.634988
 3316800.000000 1.996812 1.928327 2.571940 2.429120 1.340936 2.322443 1.142495 0.666508
 3319200.000000 1.869006 2.078573 2.536603 2.228914 1.309518 2.215528 1.110657 0.624759
 3321600.000000 1.927249 2.073043 2.654229 2.311388 1.327859 2.392625 1.186708 0.579998
 3324000.000000 1.841249 1.896457 2.567045 2.271811 1.249274 2.136391 1.176740 0.626331
 3326400.000000 1.840873 1.991161 2.698774 2.260443 1.305553 2.155668 1.164821 0.624805
 3328800.000000 1.913822 2.015479 2.634747 2.290528 1.335557 2.222025 1.161696 0.634579
 3331200.000000 1.895860 1.903062 2.645489 2.266279 1.266104 2.663532 1.179533 0.642208
 3333600.000000 1.913299 2.026274 2.421454 2.345575 1.297095 2.150619 1.165960 0.589155
 3336000.000000 2.011105 2.095585 2.481326 2.240747 1.427002 2.223795 1.167969 0.637551
 3338400.000000 1.869140 1.937735 2.446784 1.959825 1.296284 2.148004 1.082982 0.617953
 3340800.000000 1.851873 1.855072 2.505253 2.013466 1.341277 2.354481 1.094012 0.611249
 3343200.000000 1.922731 1.946103 2.544125 2.089699 1.230033 2.505547 1.062674 0.579769
 3345600.000000 1.874957 2.015363 2.505260 2.051879 1.325204 2.510711 1.103007 0.615416
 3348000.000000 1.845554 1.888615 2.446780 2.250761 1.280430 2.484458 1.057554 0.564694
 3350400.000000 2.027621 2.038045 2.468120 2.471292 1.370663 2.108158 1.162359 0.579555
 3352800.000000 1.885366 1.979967 2.424114 2.375932 1.249467 2.293006 1.112753 0.603112
 3355200.000000 1.852262 2.107142 2.558801 2.239316 1.359244 2.355922 1.109975 0.640867
 3357600.000000 1.637136 1.894573 2.541459 2.137199 1.301588 2.319177 1.206327 0.664563
 3360000.000000 1.885731 1.872802 2.536185 2.094484 1.360819 2.247660 0.996858 0.696504
 3362400.000000 1.794215 1.889973 2.611774 2.194806 1.318829 2.441572 1.112822 0.693341
 3364800.000000 1.869584 1.966551 2.580975 2.245700 1.326041 2.132949 1.094499 0.646614
 3367200.000000 1.806699 1.946404 2.459366 2.448261 1.277257 2.249207 1.072037 0.638612
 3369600.000000 1.842770 1.879787 2.463879 2.354662 1.289942 1.961151 1.069060 0.662070
 3372000.000000 1.922293 1.849185 2.592436 2.355768 1.322299 2.329137 1.119126 0.681953
 3374400.000000 1.750531 1.886189 2.627529 2.197381 1.291955 2.340564 1.123333 0.674887
 3376800.000000 1.755278 1.876935 2.656040 2.209642 1.278776 2.580562 1.145245 0.674521
 3379200.000000 1.805540 1.900231 2.542209 2.206861 1.347134 2.292818 1.175601 0.702468
 3381600.000000 1.958252 1.837248 2.599002 2.339674 1.367161 2.265004 1.128036 0.669953
 3384000.000000 1.683139 1.867388 2.657823 2.001962 1.341434 2.159373 1.138912 0.729594
 3386400.000000 1.770710 1.804697 2.588994 2.219957 1.354599 2.531793 1.154425 0.673552
 3388800.000000 1.689959 1.866604 2.604873 2.222635 1.318913 2.429132 1.201757 0.656497
 3391200.000000 1.818587 1.991736 2.593548 2.362182 1.364330 2.226483 1.103327 0.666825
 3393600.000000 1.823807 1.943352 2.562961 1.984623 1.284537 2.134877 1.115742 0.677585
 3396000.000000 1.783393 2.002449 2.571943 2.259235 1.212487 2.167463 1.140095 0.687685
 3398400.000000 1.923460 2.080747 2.507098 2.399657 1.127039 2.171632 1.121607 0.705319
 3400800.000000 1.935351 2.062661 2.532137 2.295297 1.216893 2.028528 1.135951 0.669682
 3403200.000000 1.682595 1.938927 2.572596 2.071493 1.192806 1.882925 1.147171 0.637510
 3405600.000000 1.961030 1.793563 2.754390 2.337004 1.316401 1.996213 1.137293 0.602262
 3408000.000000 1.944326 1.931005 2.329910 2.362984 1.358416 1.775403 1.101815 0.664402
 3410400.000000 1.979313 1.999796 2.501874 2.352329 1.252366 2.001601 1.162743 0.603498
 3412800.000000 1.872355 1.817517 2.577533 2.321679 1.218647 2.049605 1.046378 0.730817
 3415200.000000 1.868714 1.863975 2.501757 2.392628 0.893095 2.062546 1.080215 0.692087
 3417600.000000 1.878506 1.904627 2.450750 2.237942 1.281398 1.887049 1.036367 0.735285
 3420000.000000 1.838180 1.782591 2.536868 2.290155 0.959025 2.313715 1.099699 0.780698
 3422400.000000 1.822383 1.994054 2.425917 2.312826 1.029316 2.521245 1.021004 0.646741
 3424800.000000 1.793005 1.996972 2.409423 2.378624 1.031130 2.184447 1.047508 0.740519
 3427200.000000 1.753472 1.892399 2.428395 2.278878 1.123065 2.116300 1.094481 0.800278
 3429600.000000 1.831031 1.985664 2.550281 2.416916 1.307621 2.299866 1.092431 0.713824
 3432000.000000 1.812171 1.964681 2.511847 2.290857 1.198484 2.137311 1.123498 0.763763
 3434400.000000 1.841668 1.996508 2.604084 2.365478 1.224765 2.097030 1.145462 0.724805
 3436800.000000 1.786165 1.911527 2.474837 2.256082 1.227496 2.173436 1.110419 0.696323
 3439200.000000 1.732924 2.050768 2.554076 2.225849 1.294451 2.378886 1.137387 0.623658
 3441600.000000 1.856090 2.095460 2.636271 2.363323 1.220945 2.106044 1.101177 0.614802
 3444000.000000 1.694540 1.863884 2.515678 2.147908 1.392353 2.184271 1.113646 0.612984
 3446400.000000 1.788286 1.880838 2.476080 2.291150 1.279561 2.230608 1.149801 0.627770
 3448800.000000 1.770520 1.869933 2.381461 2.322345 1.245663 2.171851 1.125740 0.618823
 3451200.000000 1.775451 1.686187 2.398022 2.242590 1.245548 2.208556 1.152692 0.609893
 3453600.000000 1.705011 1.839035 2.384387 2.212828 1.201069 2.217078 1.145369 0.615542
 3456000.000000 1.919802 1.927667 2.388635 2.288760 1.300710 2.268188 1.112426 0.625379
 3458400.000000 1.984815 1.942526 2.463308 2.347064 1.213847 2.242033 1.130853 0.594811
 3460800.000000 1.903182 1.921953 2.461013 2.374936 1.232794 2.074752 1.119334 0.628947
 3463200.000000 1.930412 1.914901 2.463327 2.453975 1.165897 2.194789 1.102169 0.635406
 3465600.000000 1.909046 1.894248 2.485743 2.439924 1.186773 2.194613 1.105622 0.642398
 3468000.000000 2.010443 1.952233 2.429048 2.413139 1.227445 2.135437 1.095743 0.631130
 3470400.000000 2.046937 1.972746 2.495994 2.464229 1.235627 1.901244 1.118187 0.663394
 3472800.000000 1.860034 1.953700 2.498643 2.217267 1.290221 2.071895 1.064084 0.588603
 3475200.000000 1.916086 2.083937 2.474377 2.433663 1.148454 1.960122 1.141749 0.637882
 3477600.000000 1.823948 1.944752 2.453263 2.281689 1.231757 1.901739 1.052859 0.638544
 3480000.000000 1.776745 1.986087 2.502675 2.280879 1.265880 1.988839 1.179077 0.596074
 3482400.000000 1.678714 1.927096 2.396620 2.166379 1.286203 1.979423 1.217220 0.625421
 3484800.000000 1.907918 1.904864 2.507857 2.370559 1.370634 1.993548 1.055902 0.633581
 3487200.000000 1.770152 2.024304 2.555207 2.133553 1.237485 1.975184 1.170161 0.660273
 3489600.000000 1.883472 2.025938 2.495033 2.230471 1.277107 1.937346 1.196716 0.611588
 3492000.000000 1.837908 1.929061 2.512806 2.157194 1.309495 2.315991 1.098371 0.614935
 3494400.000000 1.831968 2.037452 2.473891 2.277326 1.243986 2.111528 1.170400 0.590973
 3496800.000000 2.076475 1.893986 2.449600 2.420900 1.304420 2.333789 1.151306 0.607188
 3499200.000000 1.978702 1.945301 2.440987 2.480750 1.239625 2.400043 1.201264 0.622512
 3501600.000000 1.866125 1.805708 2.513212 2.193372 1.377343 2.201024 1.165105 0.619019
 3504000.000000 2.001141 1.895787 2.439347 2.122614 1.332689 1.968776 1.125375 0.654461
 3506400.000000 2.043023 1.888568 2.532649 2.191482 1.310003 2.098606 1.148398 0.648908
 3508800.000000 1.944719 1.950331 2.482425 2.024136 1.241097 2.263361 1.087359 0.665265
 3511200.000000 1.976208 1.746099 2.398874 2.167499 1.291491 2.376702 1.114061 0.597433
 3513600.000000 1.906368 1.860330 2.390084 2.232749 1.238228 2.236726 1.185601 0.625162
 3516000.000000 1.870521 1.998565 2.495715 2.409516 1.166714 2.227524 1.129078 0.612902
 3518400.000000 1.795036 1.887529 2.394926 2.424420 1.092944 2.381057 1.139293 0.636588
 3520800.000000 1.645516 1.921105 2.343108 2.509985 1.158124 2.003839 1.244707 0.648035
 3523200.000000 1.949418 1.954094 2.490559 2.830475 1.321177 2.230332 1.170045 0.635082
 3525600.000000 1.687849 1.861133 2.463423 2.498096 1.187561 2.284396 1.213478 0.648366
 3528000.000000 1.824542 1.981070 2.481836 2.281256 1.387042 2.234157 1.057051 0.599872
 3530400.000000 1.914556 1.871870 2.472292 2.478642 1.333441 2.157279 1.131410 0.613514
 3532800.000000 1.917093 1.955580 2.573659 2.641595 1.189733 2.335081 1.083120 0.636976
 3535200.000000 1.969802 2.030543 2.535513 2.650873 1.184373 2.189541 1.091832 0.589894
 3537600.000000 1.950706 1.737064 2.573739 2.345288 1.320616 2.318399 1.142908 0.568988
 3540000.000000 1.861158 1.966002 2.447310 2.335799 1.296645 2.097568 1.095099 0.591569
 3542400.000000 1.888950 1.976483 2.437790 2.706336 1.122550 2.405306 1.202112 0.606209
 3544800.000000 1.843988 2.053080 2.377832 2.475962 1.379189 2.159435 1.159437 0.570317
 3547200.000000 1.846242 1.954039 2.470596 2.409607 1.304020 2.293855 1.079769 0.570037
 3549600.000000 1.735846 1.973579 2.455060 2.386421 1.246629 2.237428 1.090068 0.606607
 3552000.000000 1.883819 2.010436 2.575271 2.354532 1.166366 2.317893 1.039548 0.589267
 3554400.000000 1.963825 2.084224 2.481047 2.371345 1.253701 2.537002 1.171364 0.580045
 3556800.000000 2.000708 2.011485 2.560138 2.601661 1.191246 2.273519 1.104546 0.584063
 3559200.000000 1.765071 1.931752 2.527886 2.412793 1.221642 2.379437 1.035742 0.617161
 3561600.000000 1.858226 2.000689 2.520578 2.644591 1.157315 2.219931 1.128796 0.632761
 3564000.000000 1.875589 1.996146 2.389389 2.524188 1.138044 2.379945 1.090559 0.613108
 3566400.000000 1.849170 1.809087 2.366445 2.505349 1.130903 2.434653 1.154349 0.595333
 3568800.000000 1.834638 2.067096 2.558234 2.663533 1.274570 2.322780 1.028910 0.583346
 3571200.000000 1.981069 1.923283 2.425984 2.525607 1.176579 2.172097 1.097645 0.631017
 3573600.000000 1.898175 1.821219 2.453587 2.380456 1.217958 2.191637 1.137802 0.633371
 3576000.000000 1.834590 1.987065 2.456709 2.682891 1.262893 2.421660 1.116536 0.626004
 3578400.000000 1.860106 1.916853 2.444415 2.904520 1.168402 2.423963 1.122910 0.600675
 3580800.000000 1.935030 2.074113 2.449774 2.387509 1.205405 2.252938 1.059771 0.604230
 3583200.000000 1.765797 2.121437 2.395586 2.662533 1.241004 2.302720 1.125037 0.579426
 3585600.000000 1.804309 2.118076 2.545436 2.536642 1.147560 2.389368 1.143168 0.616094
 3588000.000000 1.801115 1.912911 2.500062 2.471685 1.223516 2.339687 1.090380 0.594427
 3590400.000000 1.901724 1.936523 2.433396 2.557339 1.054120 2.369776 1.094059 0.574454
 3592800.000000 1.913696 1.945972 2.560151 2.416876 1.285722 2.511378 1.136811 0.595398
 3595200.000000 1.792106 1.914059 2.344576 2.485038 1.338160 2.482493 1.099399 0.584860
 3597600.000000 1.704807 1.864057 2.612776 2.524019 1.106795 2.357552 1.117177 0.618551
 3600000.000000 1.904982 1.959537 2.503857 2.565522 1.187395 2.383476 1.090834 0.604661
 3602400.000000 1.854661 1.814492 2.679391 2.496506 1.202718 2.313486 1.118695 0.571901
 3604800.000000 1.805010 1.782579 2.501788 2.359896 1.142182 2.398228 1.135234 0.596089
 3607200.000000 1.871963 1.850389 2.628942 2.414029 1.055796 2.404216 1.133635 0.597832
 3609600.000000 1.965009 1.919038 2.525697 2.667370 1.263553 2.265475 1.114630 0.661547
 3612000.000000 1.819914 1.960856 2.479499 2.433054 1.266798 2.419672 1.028556 0.570761
 3614400.000000 1.851388 1.943677 2.538396 2.541573 1.328411 2.483641 1.128243 0.680390
 3616800.000000 1.617782 1.899388 2.564827 2.418636 1.180959 2.229988 1.162540 0.641700
 3619200.000000 1.825296 1.875629 2.378603 2.387773 1.341214 2.066703 1.111443 0.619059
 3621600.000000 1.858120 1.970264 2.578966 2.427559 1.190972 2.006338 1.133161 0.623154
 3624000.000000 1.780268 1.939831 2.657702 2.641225 1.178958 2.363002 1.066148 0.643244
 3626400.000000 1.836795 1.814231 2.549513 2.652424 1.206151 2.229167 1.050083 0.605037
 3628800.000000 1.719257 1.820619 2.618110 2.463473 1.242779 2.257283 1.120047 0.607445
 3631200.000000 1.733563 1.945379 2.543087 2.420781 1.390007 2.253279 1.088560 0.589019
 3633600.000000 1.889001 1.837758 2.468942 2.419397 1.252266 2.215735 1.166107 0.622231
 3636000.000000 1.838420 1.992381 2.423165 2.528361 1.161071 2.258670 1.083705 0.563362
 3638400.000000 1.653294 1.934049 2.616716 2.372578 1.185228 2.300343 1.062183 0.619780
 3640800.000000 1.714265 1.903391 2.574687 2.479404 1.208085 2.310749 1.082312 0.586369
 3643200.000000 1.719121 1.744657 2.441377 2.494873 1.232226 2.353255 1.087523 0.576593
 3645600.000000 1.734329 1.887314 2.425919 2.321714 1.397072 2.299472 1.124822 0.632680
 3648000.000000 1.719320 1.862338 2.622349 2.437484 1.176303 2.333220 1.182783 0.580932
 3650400.000000 1.404671 1.940157 2.428880 2.418128 1.129741 2.329354 1.193323 0.631225
 3652800.000000 1.709194 1.912277 2.481001 2.602189 1.234809 2.387716 1.138432 0.545068
 3655200.000000 1.602427 2.096994 2.542829 2.501610 1.108706 2.226220 1.160374 0.609755
 3657600.000000 1.628411 1.893250 2.513609 2.330748 1.171792 2.457716 1.106389 0.555892
 3660000.000000 1.717912 1.744738 2.521353 2.440195 1.210189 2.362503 1.096385 0.620989
 3662400.000000 1.696670 1.991999 2.438242 2.460539 1.273323 2.312888 1.052757 0.600905
 3664800.000000 1.880268 1.904649 2.516963 2.295329 1.201667 2.262577 1.103052 0.584401
 3667200.000000 1.810956 1.803704 2.517251 2.527005 1.146909 2.240357 1.063741 0.624232
 3669600.000000 1.804133 1.825571 2.607154 2.506030 1.264951 2.514734 1.071048 0.596119
 3672000.000000 1.813191 1.934692 2.479843 2.630831 1.051286 2.262976 1.102216 0.601357
 3674400.000000 1.642739 1.917476 2.438221 2.652510 1.120578 2.405999 1.184699 0.602821
 3676800.000000 1.596329 1.964469 2.490004 2.488258 1.232346 2.372841 1.130626 0.570961
 3679200.000000 1.778313 1.868330 2.486108 2.412669 1.261135 2.243753 1.090247 0.614464
 3681600.000000 1.796788 1.890239 2.543897 2.537072 1.146979 2.450350 1.181263 0.573124
 3684000.000000 1.780315 1.833315 2.589006 2.359137 1.141944 2.372251 1.147703 0.623432
 3686400.000000 1.887621 2.015530 2.442876 2.381098 1.174443 1.844663 1.129155 0.560947
 3688800.000000 1.859549 1.864077 2.517660 2.369340 1.260151 2.029712 1.119116 0.578188
 3691200.000000 1.945215 2.137399 2.497478 2.709188 1.177887 2.001289 1.029137 0.628077
 3693600.000000 1.942979 1.927120 2.408900 2.522823 1.211655 1.814114 1.158331 0.601989
 3696000.000000 1.763655 1.943931 2.395455 2.813579 1.250387 2.099433 1.085415 0.598365
 3698400.000000 1.810475 1.975090 2.385344 2.596139 1.256719 2.114269 1.149738 0.587136
 3700800.000000 1.964633 1.884902 2.523353 2.709137 1.294533 2.297770 1.154301 0.585221
 3703200.000000 1.731242 1.918073 2.484821 2.597320 1.401892 2.217505 1.143891 0.581799
 3705600.000000 1.776826 1.875182 2.436093 2.618521 1.231666 2.287230 1.117565 0.663122
 3708000.000000 1.881404 1.898165 2.436450 2.625872 1.213428 1.890733 1.109658 0.658937
 3710400.000000 1.837697 1.951379 2.415478 2.785104 1.351124 2.210919 1.144005 0.666330
 3712800.000000 1.799726 1.915610 2.428703 2.795632 1.111045 2.238607 1.091055 0.676016
 3715200.000000 1.960003 1.964380 2.510120 2.599547 1.306771 2.347755 1.161828 0.667887
 3717600.000000 1.946682 1.913063 2.567781 2.804186 1.228471 2.467446 1.111813 0.612799
 3720000.000000 1.869814 1.909180 2.478837 2.561457 1.381941 2.446498 1.117159 0.592936
 3722400.000000 1.825847 1.951563 2.541147 2.722564 1.288287 2.548341 1.135713 0.606534
 3724800.000000 1.934674 1.815581 2.517998 2.376733 1.403828 2.529611 1.085681 0.690687
 3727200.000000 2.057992 1.924366 2.405161 2.429350 1.341343 2.587936 1.105550 0.695488
 3729600.000000 2.027870 1.946571 2.472183 2.635289 1.290055 2.287089 1.156658 0.672855
 3732000.000000 1.921273 1.897414 2.621284 2.590966 1.359631 2.114241 1.141453 0.648099
 3734400.000000 1.969407 1.862156 2.569364 2.520917 1.397295 2.425013 1.259566 0.610728
 3736800.000000 1.956227 1.932175 2.462250 2.380851 1.254083 2.368109 1.136145 0.637809
 3739200.000000 1.784024 1.770309 2.410557 2.346366 1.248769 2.051455 1.121343 0.609339
 3741600.000000 1.992930 2.014633 2.447445 2.347274 1.291611 2.052863 1.086359 0.652938
 3744000.000000 2.149974 1.976881 2.454450 2.511364 1.172429 2.394299 1.067844 0.613633
 3746400.000000 1.912244 2.051467 2.531456 2.468426 1.205556 2.363316 1.017801 0.682218
 3748800.000000 2.029418 2.004117 2.383817 2.553262 1.102318 2.280454 1.111060 0.646786
 3751200.000000 1.901980 1.909305 2.419554 2.515067 1.137070 2.635937 1.041775 0.630795
 3753600.000000 1.532633 1.889049 2.436447 2.554024 1.142063 2.405625 1.154962 0.567189
 3756000.000000 1.649788 1.886317 2.448296 2.582482 1.062658 2.245142 1.129781 0.604610
 3758400.000000 1.790789 1.924666 2.487370 2.468816 1.346690 2.243536 1.100770 0.577380
 3760800.000000 1.985791 1.827782 2.321276 2.491097 1.227551 2.252435 1.028593 0.633483
 3763200.000000 1.858324 1.981777 2.403748 2.452794 1.221472 2.384073 1.108458 0.585144
 3765600.000000 1.766389 1.938597 2.370693 2.188188 1.308511 2.205356 1.200597 0.663696
 3768000.000000 1.730696 1.929947 2.462824 2.390215 1.360451 2.201807 1.169344 0.551596
 3770400.000000 1.971252 1.897393 2.453754 2.495619 1.299990 2.362748 1.103230 0.584208
 3772800.000000 1.975341 1.863582 2.473307 2.895234 1.268343 2.302090 1.247970 0.685341
 3775200.000000 1.815146 2.071210 2.482034 2.248595 1.269900 2.107443 1.210775 0.602070
 3777600.000000 1.764448 1.968245 2.683775 2.245773 1.344678 2.384671 1.209244 0.691836
 3780000.000000 1.842117 1.968926 2.485344 2.323247 1.361459 2.198376 1.263388 0.658391
 3782400.000000 1.826874 1.996676 2.473874 2.394477 1.303906 1.932315 1.131258 0.662634
 3784800.000000 1.734242 1.972337 2.562221 2.429818 1.249712 2.042989 1.106752 0.735344
 3787200.000000 1.802560 1.716058 2.577948 2.342448 1.350260 2.131601 1.128297 0.668647
 3789600.000000 1.776767 1.945345 2.625028 2.444119 1.292091 2.342230 1.135346 0.589251
 3792000.000000 1.608295 1.734568 2.520912 2.183606 1.362436 1.986826 1.160549 0.632160
 3794400.000000 1.781413 1.919907 2.576334 2.396236 1.312415 2.420541 1.086680 0.671654
 3796800.000000 1.814663 1.705678 2.547013 2.363947 1.241461 1.987494 1.167831 0.643301
 3799200.000000 1.585490 1.636608 2.635730 2.339326 1.327242 2.328342 1.226178 0.671925
 3801600.000000 1.762679 1.784709 2.574344 2.416465 1.393868 2.144213 1.118967 0.692120
 3804000.000000 1.929421 1.713877 2.610836 2.548971 1.255020 1.998594 1.124212 0.613716
 3806400.000000 1.806109 1.673228 2.608943 2.504994 1.281655 2.126557 1.080493 0.609348
 3808800.000000 1.777230 1.745793 2.673361 2.530033 1.383277 2.124807 1.171425 0.612872
 3811200.000000 1.757974 1.882762 2.513908 2.451797 1.236704 2.253384 1.176632 0.653407
 3813600.000000 2.038707 1.945591 2.574993 2.484070 1.281977 2.243348 1.115632 0.709204
 3816000.000000 1.815647 1.985835 2.445336 2.383758 1.368068 2.184051 1.121428 0.631808
 3818400.000000 1.855348 2.077272 2.463603 2.495384 1.219492 2.067050 1.170634 0.644842
 3820800.000000 1.882860 1.758806 2.566000 2.315711 1.314024 2.196119 1.194219 0.604806
 3823200.000000 1.730062 1.650258 2.573877 2.452698 1.339918 2.242551 1.169483 0.625549
 3825600.000000 1.918701 1.857383 2.434566 2.246712 1.259644 2.307131 1.153119 0.630313
 3828000.000000 1.780272 1.885653 2.599898 2.360770 1.265636 2.028713 1.226930 0.694308
 3830400.000000 1.868500 1.679072 2.563321 2.435768 1.323316 2.186025 1.329788 0.621412
 3832800.000000 1.775723 1.856451 2.509971 2.432530 1.344980 2.133476 1.240247 0.622855
 3835200.000000 1.779788 1.835903 2.429921 2.506888 1.304008 2.160574 1.204840 0.638045
 3837600.000000 1.907860 1.891313 2.483302 2.417967 1.286324 1.975108 1.157534 0.628031
 3840000.000000 1.598031 1.762052 2.371092 2.488973 1.211116 2.027677 1.182344 0.641940
 3842400.000000 1.678186 1.838068 2.559299 2.500473 1.277129 1.746858 1.200939 0.707865
 3844800.000000 1.689827 1.788531 2.543258 2.520663 1.374268 2.013357 1.044687 0.665639
 3847200.000000 1.710781 1.710914 2.523526 2.317621 1.351077 2.061407 1.089209 0.633005
 3849600.000000 1.821614 1.652014 2.493797 2.378508 1.368872 2.015751 1.121797 0.656637
 3852000.000000 1.524625 1.819142 2.439665 2.324044 1.261488 2.025839 1.117006 0.719816
 3854400.000000 1.531050 1.778220 2.568180 2.295939 1.295768 1.923236 1.098843 0.616210
 3856800.000000 1.484036 1.738490 2.558886 2.363509 1.026658 1.995176 1.098819 0.613541
 3859200.000000 1.609545 1.826442 2.560415 2.420495 1.116734 2.026233 1.073497 0.625744
 3861600.000000 1.761043 1.768101 2.441733 2.205500 1.129994 2.188259 1.076929 0.565636
 3864000.000000 1.513871 1.828872 2.468895 2.484242 1.087599 1.860243 1.124396 0.601854
 3866400.000000 1.644490 1.861583 2.505957 2.427487 1.072310 2.101398 1.110470 0.646537
 3868800.000000 1.567289 1.854867 2.447258 2.481407 1.081422 2.109524 1.081547 0.669114
 3871200.000000 1.642737 1.710639 2.365280 2.468911 1.147299 2.177757 1.034637 0.604189
 3873600.000000 1.630474 1.832963 2.438766 2.480712 1.112120 2.077465 1.099959 0.641235
 3876000.000000 1.830204 1.807321 2.431825 2.639390 1.012681 2.251671 1.174858 0.644036
 3878400.000000 1.641394 1.743882 2.358940 2.556332 1.073401 2.288108 1.109381 0.632303
 3880800.000000 1.652340 1.871384 2.491590 2.482406 1.207142 2.209487 1.131841 0.609174
 3883200.000000 1.699073 1.870052 2.395312 2.435489 1.065997 2.417101 1.115296 0.604005
 3885600.000000 1.775326 1.888420 2.344880 2.400177 1.126130 2.182639 1.129786 0.590380
 3888000.000000 1.625983 1.797719 2.335994 2.352871 1.238931 2.238475 1.066336 0.658841
 3890400.000000 1.798433 1.706066 2.321044 2.437525 1.210111 2.285175 1.138468 0.629643
 3892800.000000 1.871541 1.799673 2.387383 2.459912 1.039730 2.316652 1.106180 0.665570
 3895200.000000 1.741188 1.747327 2.360157 2.457852 0.970815 2.325189 1.147637 0.685969
 3897600.000000 1.755883 1.768577 2.515800 2.436867 0.968452 2.402111 1.073099 0.645802
 3900000.000000 1.801253 1.851320 2.344509 2.268794 0.988359 2.235671 1.051492 0.661483
 3902400.000000 1.714254 1.833919 2.420990 2.449580 1.158321 2.139796 1.207267 0.748002
 3904800.000000 1.885420 2.097548 2.416151 2.349235 1.220637 2.099850 1.203940 0.686692
 3907200.000000 1.780485 1.737915 2.513890 2.435605 1.188378 2.430040 1.119827 0.692042
 3909600.000000 1.838110 1.864999 2.426595 2.613346 1.186452 2.459221 1.185929 0.702336
 3912000.000000 1.692540 1.968527 2.404838 2.708052 0.932666 2.307006 1.233327 0.700292
 3914400.000000 1.657967 1.885611 2.328843 2.648384 1.022766 2.514375 1.098024 0.600376
 3916800.000000 2.006776 1.839537 2.370330 2.959948 1.153468 2.481220 1.103824 0.595482
 3919200.000000 1.769940 1.895121 2.513878 2.811661 0.951076 2.486156 1.152663 0.669293
 3921600.000000 1.612415 1.851078 2.570991 2.796451 1.030467 2.096255 1.097634 0.627038
 3924000.000000 1.621921 1.883778 2.447160 2.916342 0.974764 2.122437 1.120975 0.604183
 3926400.000000 1.853577 1.917353 2.597965 2.773212 1.121045 2.195572 1.111160 0.655307
 3928800.000000 1.774834 1.909547 2.717026 2.489996 1.255112 2.211253 1.121414 0.626592
 3931200.000000 1.801511 1.933805 2.706965 2.478598 1.280888 1.866818 1.162481 0.681756
 3933600.000000 1.796382 1.789040 2.534495 2.377325 1.322449 2.082294 1.148936 0.667876
 3936000.000000 1.745514 1.745281 2.664820 2.401660 1.267478 2.094242 1.102448 0.595243
 3938400.000000 1.769608 1.865023 2.596000 2.316729 1.250645 2.294704 1.140427 0.633404
 3940800.000000 1.669332 1.837739 2.636902 2.424103 1.264912 2.285429 1.218202 0.632653
 3943200.000000 1.840874 2.008696 2.612404 2.350364 1.510836 2.550616 1.105824 0.743941
 3945600.000000 1.868502 1.927636 2.560103 2.532158 1.407023 2.200762 1.096802 0.622827
 3948000.000000 1.898528 1.958727 2.678502 2.421489 1.400372 2.281888 1.082783 0.578638
 3950400.000000 1.873034 1.829824 2.572942 2.380038 1.415686 2.366830 1.227147 0.679036
 3952800.000000 1.823328 1.849959 2.627567 2.431972 1.441407 2.168419 1.127795 0.708669
 3955200.000000 1.721883 1.844329 2.651110 2.572277 1.184960 2.007161 1.144206 0.631003
 3957600.000000 1.794119 1.879365 2.619760 2.530134 1.226901 2.211779 1.138940 0.647663
 3960000.000000 1.903002 1.857065 2.639816 2.338476 1.403142 2.169436 1.216604 0.640400
 3962400.000000 1.777863 1.844489 2.612206 2.520579 1.356819 2.068073 1.123854 0.674301
 3964800.000000 1.886494 1.836603 2.676512 2.616213 1.324227 2.206040 1.113718 0.651385
 3967200.000000 1.882840 1.894878 2.670562 2.677486 1.300645 2.103384 1.167601 0.635072
 3969600.000000 1.721045 1.805000 2.649106 2.363534 1.236780 2.375602 1.169065 0.665487
 3972000.000000 1.720408 1.825430 2.677601 2.588937 1.182352 2.062210 1.138285 0.648099
 3974400.000000 1.566954 1.798081 2.592564 2.461176 1.419158 2.295187 1.104979 0.650482
 3976800.000000 1.958759 1.822603 2.710001 2.708377 1.243407 2.430806 1.186734 0.637725
 3979200.000000 1.654360 1.779349 2.641403 2.573793 1.282872 2.216744 1.213902 0.730438
 3981600.000000 1.835080 1.807544 2.564914 2.583812 1.357788 2.127042 1.125276 0.695249
 3984000.000000 1.676824 1.830319 2.627227 2.367261 1.462831 2.445369 1.095347 0.670635
 3986400.000000 1.849635 1.754912 2.749700 2.565750 1.376326 2.241602 1.129098 0.674627
 3988800.000000 1.720264 1.825208 2.669465 2.306272 1.335251 2.561986 1.144691 0.620245
 3991200.000000 1.737626 1.711643 2.695606 2.460125 1.333835 2.225166 1.079160 0.648915
 3993600.000000 1.680564 1.768649 2.647632 2.544677 1.219723 2.350000 1.137667 0.665915
 3996000.000000 1.663780 1.685142 2.617213 2.589928 1.322280 2.345802 1.123872 0.696404
 3998400.000000 1.701524 1.969430 2.633944 2.456034 1.345362 2.240192 1.126148 0.682418
 4000800.000000 1.827767 1.744476 2.701117 2.357677 1.330620 2.275067 1.096351 0.611594
 4003200.000000 1.819315 1.863649 2.658386 2.507946 1.306112 2.234505 1.128610 0.612987
 4005600.000000 1.859786 1.885372 2.611258 2.610513 1.287457 2.084994 1.066610 0.621936
 4008000.000000 1.889929 1.911665 2.634793 2.606077 1.425738 2.138047 1.093726 0.666050
 4010400.000000 1.734893 1.828138 2.611699 2.495897 1.242435 2.103972 1.168875 0.656955
 4012800.000000 1.719092 1.856386 2.674830 2.353578 1.267010 2.242560 1.072341 0.596603
 4015200.000000 1.814221 1.943290 2.623464 2.516660 1.252250 2.188402 1.120620 0.645097
 4017600.000000 1.912807 1.866088 2.685428 2.468989 1.344496 2.238744 1.132018 0.633324
 4020000.000000 1.693694 1.826823 2.707332 2.616607 1.349206 2.020783 1.162737 0.589292
 4022400.000000 1.789689 1.928283 2.765220 2.630621 1.247470 2.193712 1.168783 0.621295
 4024800.000000 1.773368 1.812729 2.590362 2.528122 1.316112 2.313596 1.165025 0.681212
 4027200.000000 1.930613 1.935899 2.676141 2.655339 1.187186 2.221569 1.081140 0.654681
 4029600.000000 1.827923 1.620466 2.676928 2.479475 1.416826 2.381827 1.074148 0.687166
 4032000.000000 1.893017 1.927834 2.562948 2.488129 1.194961 2.261736 1.136254 0.648133
 4034400.000000 1.746157 1.784595 2.653607 2.491415 1.152846 2.027729 1.120329 0.692100
 4036800.000000 1.649136 1.667817 2.535976 2.499111 1.350987 2.410652 1.099822 0.736194
 4039200.000000 1.724616 1.866529 2.651295 2.433871 1.422698 2.496862 1.104550 0.661399
 4041600.000000 1.719484 1.777673 2.697171 2.607029 1.267086 2.349452 1.104745 0.671836
 4044000.000000 1.841581 1.925813 2.628599 2.706003 1.239191 2.207016 1.140684 0.705086
 4046400.000000 1.709777 1.867884 2.716348 2.679964 1.334186 2.269146 1.150799 0.661479
 4048800.000000 1.887193 1.876994 2.721075 2.656508 1.429513 2.369106 1.191764 0.697241
 4051200.000000 1.836151 1.854431 2.643709 2.466740 1.283035 2.329277 1.164140 0.662946
 4053600.000000 1.980915 1.986302 2.713140 2.601322 1.295010 2.257477 1.207961 0.625680
 4056000.000000 1.854448 1.800370 2.710989 2.433519 1.258263 2.276754 1.133101 0.629461
 4058400.000000 1.869334 1.941358 2.709199 2.567897 1.247828 2.245324 1.113620 0.684400
 4060800.000000 1.775668 1.700361 2.600949 2.542604 1.350196 2.156320 1.174776 0.705823
 4063200.000000 1.983349 1.901058 2.634486 2.361309 1.387035 2.129631 1.138854 0.727827
 4065600.000000 1.880548 1.981959 2.616099 2.379837 1.235834 2.342154 1.070669 0.596101
 4068000.000000 1.833965 1.976466 2.566887 2.541666 1.226254 2.084225 1.132502 0.650499
 4070400.000000 1.590624 1.919244 2.567806 2.665072 1.173320 2.377200 1.205519 0.673814
 4072800.000000 1.611363 1.944972 2.733025 2.696256 1.179889 2.195866 1.164908 0.619675
 4075200.000000 1.770451 1.951171 2.620709 2.482672 1.236723 2.207380 1.143149 0.596148
 4077600.000000 1.860832 1.724521 2.637451 2.469495 1.361011 2.102691 1.147225 0.641087
 4080000.000000 1.949447 2.009454 2.678382 2.586005 1.239560 2.360200 1.102222 0.600323
 4082400.000000 1.802961 1.828605 2.617792 2.652567 1.376952 2.416155 1.128839 0.642956
 4084800.000000 1.660026 1.779504 2.552364 2.484000 1.518272 2.297494 1.200056 0.627577
 4087200.000000 1.794152 1.863754 2.644523 2.534356 1.354746 2.173185 1.186401 0.591871
 4089600.000000 1.940404 1.860265 2.701818 2.402200 1.245805 2.232409 1.168811 0.619130
 4092000.000000 1.738916 1.902973 2.627258 2.553353 1.415761 2.324801 1.153310 0.605947
 4094400.000000 1.709020 1.899300 2.581558 2.464976 1.400371 2.215626 1.235521 0.622263
 4096800.000000 1.804519 1.878477 2.639351 2.510482 1.330214 2.211944 1.136946 0.592483
 4099200.000000 1.720499 1.888400 2.671990 2.559892 1.318840 2.165196 1.177391 0.606424
 4101600.000000 1.647637 1.976620 2.663753 2.500203 1.262979 2.603310 1.108345 0.626604
 4104000.000000 1.772708 1.906776 2.722448 2.518784 1.282768 2.295408 1.099826 0.608714
 4106400.000000 1.535107 2.001019 2.623106 2.504147 1.482584 2.391875 1.163662 0.632330
 4108800.000000 1.604774 1.865257 2.677376 2.779254 1.327118 2.341689 1.104574 0.576463
 4111200.000000 1.488493 2.029846 2.622888 3.114132 1.520562 2.581426 1.206558 0.638567
 4113600.000000 1.601565 1.960086 2.647073 3.202280 1.149329 2.430454 1.111555 0.604000
 4116000.000000 1.781108 1.893067 2.708664 2.799667 1.250030 2.379352 1.038691 0.664026
 4118400.000000 1.687628 1.829706 2.761806 2.750699 1.249872 1.832405 1.164492 0.600812
 4120800.000000 1.853491 1.949434 2.800166 2.779054 1.005884 2.048702 1.125950 0.632461
 4123200.000000 1.833408 1.919159 2.750983 2.714708 1.187945 2.485057 1.091799 0.656544
 4125600.000000 2.010483 1.882692 2.774856 2.709169 1.057810 2.584804 1.015447 0.654569
 4128000.000000 1.870674 1.645129 2.894855 2.772604 1.033211 2.385574 1.116531 0.622248
 4130400.000000 1.898584 1.684525 2.833311 2.900504 1.063261 2.356119 1.087327 0.669062
 4132800.000000 1.900225 1.851575 2.807212 2.591135 1.100600 2.532366 1.091740 0.681598
 4135200.000000 2.053226 1.852409 2.906784 2.777988 1.026011 2.535821 1.074633 0.654306
 4137600.000000 2.036249 1.927733 2.855007 2.952517 0.997139 2.760319 1.059169 0.659092
 4140000.000000 1.809649 1.933962 2.630776 2.851592 1.174920 2.503767 1.049321 0.682044
 4142400.000000 1.928265 1.975724 2.563526 2.605637 1.223352 2.223286 1.016912 0.679908
 4144800.000000 1.589638 2.013038 2.480991 2.437422 1.374356 2.487409 1.084498 0.666308
 4147200.000000 1.769450 1.917727 2.472865 2.589983 0.988132 2.591259 1.131185 0.717383
 4149600.000000 1.893651 2.031891 2.531899 2.544226 1.213040 2.407322 1.019284 0.666778
 4152000.000000 1.777329 2.102152 2.431584 2.636283 1.158670 2.390999 1.014509 0.625285
 4154400.000000 1.805833 1.969496 2.651553 2.503662 1.489675 2.374776 1.175156 0.649822
 4156800.000000 1.309636 1.886703 2.746297 2.775335 1.548894 2.443382 1.149413 0.618645
 4159200.000000 1.509018 1.837774 2.667052 2.589532 1.608561 2.433814 1.093983 0.633044
 4161600.000000 1.780841 1.920540 2.607585 2.680266 1.338849 2.440854 1.144092 0.608056
 4164000.000000 1.719555 1.929934 2.598858 2.818227 1.585165 2.123754 1.128420 0.639397
 4166400.000000 1.791473 1.911330 2.572472 2.693655 1.358012 2.173850 1.127225 0.674456
 4168800.000000 1.751384 2.085774 2.609718 2.665357 1.293127 2.322595 1.111630 0.629754
 4171200.000000 1.863495 1.928494 2.595063 2.868105 1.123376 2.434968 1.178829 0.644969
 4173600.000000 1.927962 1.930976 2.540765 2.648318 1.408588 2.330610 1.154078 0.621982
 4176000.000000 1.859053 1.685050 2.734331 2.640254 1.245205 2.338552 1.100115 0.617738
 4178400.000000 1.903593 1.891327 2.505942 2.621648 1.376693 2.327740 1.110017 0.609879
 4180800.000000 1.884800 1.753784 2.575691 2.747474 1.389713 2.325734 1.134863 0.629648
 4183200.000000 1.846738 1.844904 2.607418 2.680873 1.271803 2.256746 1.127105 0.597785
 4185600.000000 1.788453 1.932844 2.607390 2.682141 1.224664 2.250286 1.142714 0.621051
 4188000.000000 1.924908 1.881431 2.437733 2.742736 1.330441 2.145693 1.091357 0.620721
 4190400.000000 1.932982 1.716627 2.558834 2.629551 1.330478 2.193217 1.100019 0.671994
 4192800.000000 1.826768 1.759039 2.580651 2.717858 1.380008 2.193462 1.127816 0.621903
 4195200.000000 1.866394 1.931625 2.628784 2.749534 1.290560 2.373191 1.186480 0.611626
 4197600.000000 1.807014 1.923117 2.545404 2.628324 1.293000 2.356838 1.052522 0.636790
 4200000.000000 1.983085 1.842148 2.504052 2.509783 1.388902 2.314674 1.076327 0.603540
 4202400.000000 1.846682 1.776561 2.589110 2.529718 1.398961 2.225036 1.102052 0.649133
 4204800.000000 1.815730 1.882927 2.506215 2.494669 1.431729 2.223607 1.167841 0.563400
 4207200.000000 1.890414 1.928843 2.484370 2.662338 1.297066 2.330977 1.111430 0.608340
 4209600.000000 1.807881 1.885509 2.478664 2.638390 1.386170 2.221930 1.127581 0.561081
 4212000.000000 1.878635 1.817094 2.636046 2.829514 1.218381 2.393948 1.128251 0.582149
 4214400.000000 1.872027 1.834148 2.517247 2.701691 1.254686 2.266217 1.123442 0.590961
 4216800.000000 1.929054 1.810619 2.552503 2.801353 1.342725 2.255469 1.083859 0.620705
 4219200.000000 1.773377 1.946014 2.612388 2.710318 1.374609 2.190878 1.098690 0.658506
 4221600.000000 1.882799 1.893120 2.467899 2.676895 1.350681 2.378836 1.091766 0.637699
 4224000.000000 1.848635 1.870107 2.630130 2.518891 1.423576 2.396472 1.096230 0.605438
 4226400.000000 1.712935 1.974573 2.506516 2.724610 1.300711 2.286563 1.142217 0.627205
 4228800.000000 1.989851 1.985808 2.540249 2.649876 1.281815 2.344892 1.080802 0.652714
 4231200.000000 1.877967 2.042273 2.475913 2.680643 1.318382 2.253711 1.103398 0.598737
 4233600.000000 1.953816 1.931654 2.519042 2.616088 1.281036 2.286060 1.095865 0.590718
 4236000.000000 1.872379 1.853890 2.581932 2.569519 1.320183 2.286048 1.100385 0.612767
 4238400.000000 1.749437 1.953853 2.565658 2.593429 1.377362 2.277221 1.141101 0.607212
 4240800.000000 1.961689 1.947576 2.581662 2.718499 1.299556 2.345302 1.076491 0.641038
 4243200.000000 1.769161 1.958717 2.503510 2.738666 1.456456 2.076611 1.104485 0.739933
 4245600.000000 1.945700 2.073837 2.551125 2.698228 1.303247 2.153162 1.114521 0.620967
 4248000.000000 1.934193 1.907446 2.603408 2.542255 1.350921 2.141317 1.134088 0.597193
 4250400.000000 1.781480 2.077777 2.530836 2.624477 1.407018 1.969121 1.122852 0.595391
 4252800.000000 1.841548 2.006191 2.532572 2.533649 1.395025 2.114743 1.126937 0.629495
 4255200.000000 1.805105 1.937782 2.574714 2.599319 1.257395 2.212944 1.167296 0.660399
 4257600.000000 1.980027 1.948594 2.556804 2.530032 1.355267 2.097006 1.138992 0.638713
 4260000.000000 1.897496 1.881753 2.612941 2.885887 1.223396 2.197506 1.156417 0.692073
 4262400.000000 1.970158 1.794613 2.611927 2.779970 1.220683 2.216188 1.112612 0.644580
 4264800.000000 1.928610 1.884756 2.539035 2.845963 1.275769 2.388847 1.177945 0.610397
 4267200.000000 1.894984 1.779845 2.555511 2.653856 1.246989 2.187320 1.150823 0.646913
 4269600.000000 1.755850 1.808806 2.710304 2.508102 1.276425 2.158660 1.147139 0.621684
 4272000.000000 1.810728 1.866083 2.655946 2.535796 1.276284 2.224465 1.141446 0.620978
 4274400.000000 1.846983 1.863844 2.654725 2.763309 1.327924 2.302111 1.106701 0.618731
 4276800.000000 1.989207 1.813582 2.560871 2.707790 1.271200 2.161402 1.116209 0.651274
 4279200.000000 1.951606 1.756997 2.519724 2.589578 1.177627 2.263453 1.149759 0.621521
 4281600.000000 1.966706 1.961330 2.520204 2.648058 1.237875 2.308958 1.131288 0.647196
 4284000.000000 1.890540 1.839719 2.555615 2.606382 1.199507 2.402331 1.152549 0.619707
 4286400.000000 1.990788 1.898618 2.478815 2.738695 1.113960 2.425118 1.140325 0.657492
 4288800.000000 1.912883 1.859660 2.558498 2.755635 1.154638 2.360984 1.153531 0.597029
 4291200.000000 2.002039 1.928301 2.597174 2.760481 1.315525 2.318907 1.158842 0.636293
 4293600.000000 2.082213 2.036126 2.512507 2.777514 1.127704 2.300182 1.058252 0.668995
 4296000.000000 1.984970 1.881376 2.557452 2.921685 1.074868 2.439165 1.138464 0.649836
 4298400.000000 1.916585 1.756843 2.567673 2.795965 1.201775 2.300452 1.153342 0.647020
 4300800.000000 1.861643 1.852609 2.490948 2.888064 1.108623 2.231145 1.210072 0.595674
 4303200.000000 2.020605 1.908994 2.683618 2.904374 1.228726 2.285086 1.158061 0.618432
 4305600.000000 1.950100 1.878410 2.688424 2.777064 1.222061 2.296705 1.104854 0.602101
 4308000.000000 1.881005 1.843463 2.455129 2.891007 1.223925 2.291705 1.172376 0.656937
 4310400.000000 1.967165 1.925867 2.695274 2.681114 1.384480 2.447268 1.077019 0.604567
 4312800.000000 1.825154 1.972408 2.592001 2.736936 1.289331 2.256659 1.110037 0.634116
 4315200.000000 1.882469 1.798397 2.721963 2.818518 1.321374 2.362595 1.140387 0.691818
 4317600.000000 1.965991 1.918620 2.638668 2.695080 1.343205 2.248403 1.149013 0.609938
 4320000.000000 2.027654 1.808842 2.610096 2.799052 1.254658 2.258330 1.095826 0.598537
 4322400.000000 1.816639 1.841323 2.593339 2.704247 1.281532 2.598375 1.158644 0.652079
 4324800.000000 1.895076 1.882909 2.714831 2.692677 1.189407 2.306316 1.152128 0.602838
 4327200.000000 2.000881 1.734831 2.514170 2.952034 1.209676 2.475189 1.063148 0.605683
 4329600.000000 1.928487 1.881894 2.485154 2.770861 1.226357 2.568519 1.085166 0.572145
 4332000.000000 1.910699 1.799764 2.515986 2.895540 1.202789 2.485889 1.060878 0.590497
 4334400.000000 2.001902 1.613010 2.726953 2.706711 1.254965 2.440412 1.102278 0.568118
 4336800.000000 1.939332 1.902459 2.465180 2.541181 1.331338 2.194777 1.041859 0.593070
 4339200.000000 1.877467 1.836988 2.526621 2.705497 1.281508 2.681057 1.089619 0.568941
 4341600.000000 1.864106 1.868140 2.606074 2.853840 1.128628 2.283088 1.077303 0.594315
 4344000.000000 1.958840 1.913670 2.549848 2.834472 1.248987 2.262255 1.141440 0.574995
 4346400.000000 1.995400 2.025423 2.557928 2.876682 1.222523 2.231711 1.063205 0.570890
 4348800.000000 1.905905 1.929466 2.529986 2.759902 1.291015 2.232879 1.062619 0.584429
 4351200.000000 1.866372 1.997015 2.591683 2.683130 1.188082 2.352826 1.086700 0.568699
 4353600.000000 2.028968 1.852156 2.665938 2.870152 1.256523 2.200879 1.142653 0.607525
 4356000.000000 1.953546 1.797361 2.664280 2.669670 1.338275 2.125302 1.068503 0.569664
 4358400.000000 1.824545 1.787358 2.625279 2.539802 1.212144 2.235679 1.122611 0.595955
 4360800.000000 1.960341 1.829447 2.518912 2.662528 1.162131 2.338784 1.085775 0.593748
 4363200.000000 2.021705 1.845696 2.551794 2.720064 1.067701 2.249354 1.036116 0.583681
 4365600.000000 1.846033 1.827527 2.574553 2.556624 1.202765 2.317686 1.107281 0.603861
 4368000.000000 1.930917 1.890847 2.608662 2.643246 1.271957 2.067255 1.108111 0.580013
 4370400.000000 1.920607 1.887285 2.481551 2.577837 1.376077 2.122518 1.090269 0.556348
 4372800.000000 1.975574 1.825323 2.609151 2.485862 1.499030 2.113510 1.160422 0.580103
 4375200.000000 1.991860 1.737636 2.583610 2.697180 1.353577 2.248719 1.097385 0.596347
 4377600.000000 1.991080 1.791734 2.663226 2.692796 1.262703 2.167835 1.079347 0.593092
 4380000.000000 2.018904 1.806592 2.562032 2.666658 1.264211 2.221084 1.064375 0.616355
 4382400.000000 2.046856 1.832292 2.644706 2.798059 1.211901 2.404108 1.135904 0.561227
 4384800.000000 2.101966 1.955396 2.599080 2.650426 1.269665 2.199123 1.071864 0.591960
 4387200.000000 2.048251 1.868758 2.517737 2.741959 1.250444 2.185038 1.010104 0.570899
 4389600.000000 2.040058 1.936612 2.527413 2.696240 1.268805 2.297549 1.098067 0.616652
 4392000.000000 1.961082 1.922496 2.418281 2.660345 1.319434 2.152949 1.089949 0.594027
 4394400.000000 1.901891 1.922848 2.460290 2.563963 1.282041 2.371013 1.162842 0.561609
 4396800.000000 2.066174 1.898978 2.470454 2.735024 1.267478 2.357541 1.053859 0.546632
 4399200.000000 2.111729 1.938877 2.492055 2.697811 1.247093 2.309805 1.099444 0.583833
 4401600.000000 1.917572 1.907250 2.449398 2.527659 1.428787 2.241293 1.054541 0.623163
 4404000.000000 2.112560 1.881799 2.458852 2.662970 1.230825 2.391296 1.120724 0.600496
 4406400.000000 1.959688 1.819423 2.444701 2.507984 1.353139 2.194059 1.061080 0.624388
 4408800.000000 2.074316 1.926593 2.495394 2.795157 1.344011 2.265729 1.125981 0.597742
 4411200.000000 1.857150 1.887590 2.478037 2.418882 1.408059 2.173937 1.090807 0.586311
 4413600.000000 1.993236 1.857664 2.458007 2.691946 1.389762 2.302610 1.039616 0.580832
 4416000.000000 1.917591 1.938369 2.406041 2.509871 1.404485 2.431913 1.119485 0.588674
 4418400.000000 1.991312 1.915549 2.288496 2.659565 1.271081 2.474797 1.052491 0.549605
 4420800.000000 1.958669 1.691259 2.534609 2.797732 1.331571 2.362640 1.185425 0.620620
 4423200.000000 1.855427 1.852295 2.563051 2.766778 1.416967 2.131936 1.161106 0.627620
 4425600.000000 1.918557 1.609871 2.576809 2.731020 1.380556 2.337716 1.157705 0.570692
 4428000.000000 2.044537 1.948021 2.480919 2.898093 1.357967 2.296284 1.108320 0.565981
 4430400.000000 1.863877 1.682015 2.678762 2.395397 1.364543 2.440470 1.054318 0.601475
 4432800.000000 1.826547 1.695393 2.681879 2.562465 1.376476 2.310739 1.133014 0.599851
 4435200.000000 1.778367 1.667077 2.703246 2.521309 1.351028 2.169953 1.123476 0.609660
 4437600.000000 1.948875 1.884646 2.614386 2.752201 1.397292 2.274912 1.060348 0.579383
 4440000.000000 1.898460 1.934442 2.448698 2.592432 1.364577 2.062502 1.114061 0.585579
 4442400.000000 1.979823 1.942099 2.606592 2.631936 1.332860 2.137244 1.061403 0.581213
 4444800.000000 1.706859 1.831534 2.460460 2.577443 1.412828 2.046759 1.097315 0.588742
 4447200.000000 1.962028 1.873609 2.577598 2.966326 1.265439 2.521813 1.154324 0.602810
 4449600.000000 2.028827 1.851333 2.602592 2.829150 1.367101 2.076662 1.076876 0.575147
 4452000.000000 2.045911 1.794585 2.624106 2.777040 1.364845 1.928166 1.094022 0.550123
 4454400.000000 2.002329 1.830010 2.745280 2.772603 1.163199 2.154766 1.115196 0.610172
 4456800.000000 2.041515 1.666508 2.640291 2.735550 1.191410 2.058473 1.080729 0.567104
 4459200.000000 1.785921 1.937386 2.454920 2.584607 1.429681 2.043359 1.103433 0.584312
 4461600.000000 1.899943 1.829701 2.670802 2.811627 1.266351 2.214838 1.136594 0.534873
 4464000.000000 1.910540 1.818361 2.643433 2.682189 1.224669 2.012250 1.037272 0.572951
 4466400.000000 2.072492 1.843893 2.504506 2.689559 1.385480 2.274210 1.072365 0.573088
 4468800.000000 2.042490 1.974198 2.497588 2.623318 1.234165 2.288978 1.124847 0.575392
 4471200.000000 2.159414 1.984799 2.576985 2.914972 1.164437 2.164901 1.140712 0.591503
 4473600.000000 1.972386 1.927399 2.508559 2.546949 1.359449 2.407290 1.038686 0.590886
 4476000.000000 1.988553 1.916499 2.558083 2.645605 1.254442 2.142412 1.103510 0.573548
 4478400.000000 1.981985 1.999042 2.592724 2.782445 1.336491 2.239052 1.049332 0.542036
 4480800.000000 1.933682 1.957783 2.448456 2.771630 1.252732 2.550989 1.069541 0.548393
 4483200.000000 1.953646 1.930307 2.509809 2.643598 1.195283 2.309184 1.087980 0.553732
 4485600.000000 1.680294 1.824496 2.615273 2.545912 1.279147 2.330271 1.068391 0.545088
 4488000.000000 1.905927 1.755041 2.776203 2.871367 1.101263 2.315045 1.048447 0.591092
 4490400.000000 1.921066 1.911765 2.466060 2.808680 1.193570 2.368182 1.110689 0.593680
 4492800.000000 1.915955 1.791779 2.463167 2.694214 1.377901 2.127183 1.077855 0.590833
 4495200.000000 2.022416 1.696642 2.568338 2.688286 1.208829 2.507731 1.089288 0.574223
 4497600.000000 2.014957 1.753619 2.725720 2.567841 1.289275 2.519458 1.101415 0.580688
 4500000.000000 1.970759 1.674357 2.712501 2.592881 1.333978 2.355713 1.103679 0.577626
 4502400.000000 1.945769 2.050845 2.545592 2.711163 1.372761 2.398589 1.025486 0.576154
 4504800.000000 1.987004 1.802301 2.661643 2.607303 1.359150 2.503992 1.040129 0.574499
 4507200.000000 1.968944 1.882477 2.590855 2.649370 1.381105 2.093898 1.115981 0.622873
 4509600.000000 2.087266 1.829177 2.512994 2.818460 1.255155 2.461495 1.029310 0.571548
 4512000.000000 2.069055 1.755127 2.647888 2.642740 1.474832 2.178850 1.139699 0.591908
 4514400.000000 1.995031 1.810327 2.631647 2.545074 1.294654 2.323387 1.099053 0.559103
 4516800.000000 1.954353 1.941165 2.780309 2.706858 1.438458 2.338113 1.093563 0.561883
 4519200.000000 1.868290 1.874389 2.996360 2.606083 1.389173 2.110546 1.100654 0.592632
 4521600.000000 1.834289 1.804538 2.864433 2.565019 1.379491 2.318734 1.005025 0.561781
 4524000.000000 1.830839 1.781856 2.924552 2.671893 1.311447 2.188405 1.132949 0.586530
 4526400.000000 1.867140 1.787357 2.990520 2.559204 1.380433 2.353034 1.082798 0.616049
 4528800.000000 1.975392 1.864793 3.037110 2.713849 1.384232 2.246685 1.113196 0.594960
 4531200.000000 1.919550 1.601733 2.781164 2.681983 1.325397 2.180555 1.046776 0.554319
 4533600.000000 1.933747 1.680555 2.839254 2.596617 1.331449 2.309202 1.151021 0.578516
 4536000.000000 2.017648 1.658010 2.659074 2.613447 1.297819 2.166414 1.153765 0.565027
 4538400.000000 1.820189 1.600311 2.698539 2.598587 1.371928 2.446008 1.137444 0.593224
 4540800.000000 1.837324 1.539169 2.737540 2.581268 1.367383 2.481044 1.042676 0.608339
 4543200.000000 1.959450 1.642431 2.758541 2.745348 1.339366 2.433751 1.124362 0.583102
 4545600.000000 1.977525 1.507152 2.717611 2.614550 1.324094 2.239884 1.089348 0.549998
 4548000.000000 1.930903 1.574389 2.582367 2.599922 1.408612 2.313853 1.097920 0.533363
 4550400.000000 1.963820 1.621957 2.736129 2.557595 1.308066 2.258429 1.073570 0.565756
 4552800.000000 1.958860 1.684225 2.787383 2.725566 1.226469 2.362556 1.001041 0.571935
 4555200.000000 1.931268 1.645511 2.610083 2.669802 1.289005 2.096873 1.127714 0.581298
 4557600.000000 2.040620 1.778950 2.642649 2.660148 1.280246 2.340835 1.006387 0.555146
 4560000.000000 1.796905 1.737235 2.850311 2.591598 1.247607 2.135501 1.029595 0.524577
 4562400.000000 1.914496 1.760609 2.649464 2.643678 1.328678 2.343927 1.099153 0.569054
 4564800.000000 1.921043 1.923358 2.559302 2.789287 1.203770 2.317059 1.138677 0.598223
 4567200.000000 1.998753 1.948457 2.367494 2.746025 1.271372 2.347169 1.145413 0.585237
 4569600.000000 1.877652 1.958083 2.329243 2.715356 1.338603 2.444931 1.067833 0.569663
 4572000.000000 2.045653 1.954141 2.413714 2.622498 1.298425 2.357386 1.163078 0.573565
 4574400.000000 2.094213 1.897979 2.304641 2.586116 1.302269 2.320684 1.132943 0.590013
 4576800.000000 2.049071 1.805351 2.537077 2.692157 1.335300 2.457530 1.071434 0.571299
 4579200.000000 2.141898 1.846459 2.500234 2.825542 1.335360 2.368028 1.077383 0.595158
 4581600.000000 1.949472 2.065617 2.451474 2.647934 1.396926 2.279496 1.032743 0.576423
 4584000.000000 1.940182 1.918624 2.506985 2.414126 1.479562 2.289403 1.076979 0.614039
 4586400.000000 1.968044 1.737852 2.543895 2.421805 1.380150 2.240325 1.094905 0.590478
 4588800.000000 1.919227 1.914756 2.491523 2.608022 1.361739 2.202592 1.076177 0.585600
 4591200.000000 1.897411 1.860858 2.428303 2.383675 1.380080 2.328877 1.124964 0.564230
 4593600.000000 2.019296 2.053050 2.581818 2.374078 1.387727 2.547258 1.123518 0.574397
 4596000.000000 2.032162 1.852616 2.577760 2.395833 1.368054 2.409277 1.081420 0.570665
 4598400.000000 2.154941 1.917229 2.556687 2.596789 1.179251 2.434604 1.125975 0.568069
 4600800.000000 1.991787 1.852245 2.613637 2.642583 1.308250 2.560211 1.040734 0.583890
 4603200.000000 1.945937 2.025136 2.548431 2.526850 1.332454 2.547751 1.137138 0.569069
 4605600.000000 1.953499 1.811416 2.430206 2.493748 1.282955 2.486456 1.017017 0.586008
 4608000.000000 2.012039 2.104547 2.460645 2.649368 1.268537 2.580688 1.045440 0.591556
 4610400.000000 1.908963 1.950733 2.651136 2.478885 1.219582 2.374017 1.185482 0.616489
 4612800.000000 2.004399 1.961760 2.634866 2.561266 1.402942 2.230978 1.163907 0.582009
 4615200.000000 2.036388 2.050028 2.791559 2.422013 1.373647 2.397796 1.076666 0.559133
 4617600.000000 1.967200 2.151951 2.762523 2.576078 1.259332 2.372048 1.019798 0.544620
 4620000.000000 1.963447 2.010259 2.804806 2.714312 1.302414 2.335617 1.086885 0.572877
 4622400.000000 1.905274 1.916949 2.573696 2.705977 1.302639 2.332273 1.153471 0.630192
 4624800.000000 2.004548 1.649189 2.606292 3.073205 1.228461 2.381659 1.103381 0.589892
 4627200.000000 2.222652 1.717140 2.661462 2.689153 1.144688 2.340362 0.961541 0.672356
 4629600.000000 1.986170 1.770062 2.618995 2.774203 1.276472 2.331704 1.113520 0.611598
 4632000.000000 2.019162 1.752438 2.666087 2.696183 1.321597 2.404106 1.181308 0.593443
 4634400.000000 1.993344 1.860206 2.614644 2.678799 1.457764 2.348986 1.044638 0.627669
 4636800.000000 2.035426 1.758394 2.712883 2.971933 1.336662 2.551852 1.040012 0.684230
 4639200.000000 2.054851 1.770572 2.724932 2.641099 1.260421 2.420138 1.175128 0.578106
 4641600.000000 2.004566 1.772871 2.724979 2.979202 1.252643 2.446835 1.076332 0.637966
 4644000.000000 1.940422 1.889499 2.794319 2.836819 1.414712 2.358676 1.056052 0.625957
 4646400.000000 2.009556 1.906153 2.720372 2.812093 1.209492 2.323289 1.103675 0.639098
 4648800.000000 2.024831 1.926791 2.791567 2.694927 1.327300 2.381474 1.056523 0.591864
 4651200.000000 1.980950 1.808584 2.710820 2.538043 1.384756 2.468280 1.123024 0.613673
 4653600.000000 1.940752 1.984326 2.820587 2.722708 1.244927 2.297617 1.053030 0.660309
 4656000.000000 2.142269 1.590255 2.606744 2.694857 1.258307 2.263661 1.045756 0.600487
 4658400.000000 2.087071 1.826236 2.783036 2.573762 1.321420 2.307809 1.062717 0.608189
 4660800.000000 1.856127 1.952815 2.772711 2.669582 1.319070 2.182931 1.158501 0.649770
 4663200.000000 1.903577 2.220262 2.956235 2.779118 1.440238 2.298297 1.154552 0.605341
 4665600.000000 1.883782 2.369865 2.598671 2.773802 1.349117 2.391848 1.119244 0.694894
 4668000.000000 1.875121 2.217875 2.739945 2.441005 1.430000 2.361091 1.037497 0.661114
 4670400.000000 1.854320 2.232547 2.609365 2.559737 1.408194 2.370754 1.087180 0.603949
 4672800.000000 1.916749 1.863542 2.888271 2.613346 1.386403 2.169251 1.090213 0.579938
 4675200.000000 1.807841 2.078485 2.879238 2.746664 1.286284 2.258861 1.067277 0.584598
 4677600.000000 1.976371 1.938166 2.834793 2.783521 1.315055 2.329434 1.067040 0.569149
 4680000.000000 1.930556 2.179075 2.689598 2.657958 1.188419 2.449435 1.072081 0.573894
 4682400.000000 2.065053 2.175917 2.695043 2.705385 1.274821 2.535026 1.109090 0.616164
 4684800.000000 2.032976 2.222565 2.653204 2.591827 1.314509 2.411596 1.224374 0.623934
 4687200.000000 2.067527 2.097479 2.635805 2.769822 1.356635 2.442909 1.147296 0.623099
 4689600.000000 1.946850 2.106977 2.627692 2.805165 1.314120 2.487844 1.175516 0.626997
 4692000.000000 1.750562 2.145903 2.825113 2.441805 1.464766 2.252783 1.257545 0.628738
 4694400.000000 1.990693 2.022791 2.617180 2.548634 1.257354 2.330465 1.083718 0.574945
 4696800.000000 1.997991 2.104052 2.843163 2.473606 1.342621 2.425638 1.051590 0.600840
 4699200.000000 2.050643 1.884260 2.871895 2.587165 1.221409 2.381414 1.125830 0.600341
 4701600.000000 2.222474 2.008160 2.892984 2.521829 1.157629 2.358790 1.055054 0.602635
 4704000.000000 1.933559 1.793097 2.861395 2.799809 1.173355 2.355966 1.189556 0.629989
 4706400.000000 2.053586 1.613997 2.989917 2.663885 1.244624 2.469872 1.127837 0.535313
 4708800.000000 2.311590 1.842421 2.991261 2.638139 1.279474 2.189816 1.067821 0.593842
 4711200.000000 2.006951 1.715867 2.833722 2.798266 1.270097 2.430067 1.101717 0.589254
 4713600.000000 2.038412 2.022213 2.800447 2.748568 1.151954 2.506397 1.065946 0.565542
 4716000.000000 1.955738 2.165478 2.793806 2.714040 0.951775 2.296065 1.035223 0.573907
 4718400.000000 2.029871 2.053897 3.023133 2.586140 1.079113 2.470566 1.080910 0.580573
 4720800.000000 1.894257 2.044232 3.013456 2.632990 1.103531 2.488213 1.016478 0.599190
 4723200.000000 2.013384 2.007267 2.784476 2.444654 1.230763 2.175999 1.106027 0.657909
 4725600.000000 1.961837 2.075712 2.617282 2.534417 1.118940 2.451695 1.061801 0.576346
 4728000.000000 1.878666 2.235852 2.907341 2.608541 1.275231 2.509161 1.062440 0.614748
 4730400.000000 1.901373 2.289812 2.927875 2.679698 1.075385 2.454128 1.077858 0.600532
 4732800.000000 1.892246 2.334513 2.733707 2.634859 1.160284 2.438315 1.171198 0.586849
 4735200.000000 1.891896 2.285027 2.800444 2.698524 1.080403 2.555278 1.110263 0.648556
 4737600.000000 2.058515 2.047612 2.902624 2.839941 1.200557 2.295989 1.055739 0.601546
 4740000.000000 1.894838 2.083550 2.948527 2.784736 1.219659 2.429286 1.147602 0.628013
 4742400.000000 1.891858 2.142486 2.894444 2.711504 1.111586 2.504747 1.073314 0.642092
 4744800.000000 1.928019 2.083024 2.946715 2.741705 1.310645 2.341488 1.039544 0.612164
 4747200.000000 1.902782 2.334272 2.873510 2.637526 1.276375 2.448077 1.035597 0.595551
 4749600.000000 1.833445 2.275191 2.725162 2.608622 1.174059 2.579249 1.202434 0.628153
 4752000.000000 1.787070 2.190571 3.043156 2.331344 1.180688 2.214587 1.236560 0.751243
 4754400.000000 1.732883 2.180845 2.909308 2.146499 1.218541 2.149939 1.066900 0.606384
 4756800.000000 1.905259 2.113476 3.152317 2.467849 1.199997 2.400544 1.131810 0.606347
 4759200.000000 2.005663 2.151731 3.067349 2.499310 1.233175 2.379722 1.092842 0.624412
 4761600.000000 1.991738 2.179185 3.035224 2.518918 1.208371 2.258540 1.123045 0.623670
 4764000.000000 2.012340 2.054276 2.909032 2.463587 1.195520 2.668805 1.140800 0.706368
 4766400.000000 1.945109 2.052395 2.993638 2.415101 1.193883 2.498678 1.165786 0.662285
 4768800.000000 1.955777 2.273395 2.964906 2.331876 1.214075 2.447538 1.117640 0.653887
 4771200.000000 1.890209 2.209804 2.958533 2.406385 1.209271 2.372347 1.143716 0.649568
 4773600.000000 2.078550 2.197703 2.881098 2.483023 1.159530 2.352254 1.058382 0.681328
 4776000.000000 1.915568 2.028269 2.890413 2.513275 1.174841 2.595186 1.100590 0.653342
 4778400.000000 1.809837 2.093894 3.063798 2.302811 1.102490 2.308765 1.059746 0.632105
 4780800.000000 1.889153 2.056796 2.953987 2.374386 1.147638 2.328807 1.147965 0.613943
 4783200.000000 2.057099 2.009391 2.931557 2.317055 1.143370 2.734598 1.089714 0.621722
 4785600.000000 1.893037 2.067769 3.094678 2.653849 1.061603 2.365370 1.107323 0.610931
 4788000.000000 1.879787 2.051215 2.925285 2.822445 1.013659 2.762713 1.039856 0.583954
 4790400.000000 1.988913 2.080892 2.944099 2.678839 1.141215 2.306085 1.127685 0.606458
 4792800.000000 1.898763 2.280351 2.864107 2.818792 1.112605 2.580926 1.112423 0.629476
 4795200.000000 1.873825 2.156357 2.992854 2.782793 1.157292 2.519736 1.165934 0.590116
 4797600.000000 1.976424 2.244580 2.953105 2.818929 1.168009 2.570058 1.088194 0.635823
 4800000.000000 2.003742 2.158684 2.973687 2.937758 1.105942 2.677019 1.083629 0.603051
 4802400.000000 1.904403 2.151610 2.998459 2.729147 1.156502 2.659343 1.115457 0.606479
 4804800.000000 1.965642 2.205128 2.965310 2.863505 1.204506 2.506994 1.145882 0.629601
 4807200.000000 2.154288 2.258539 2.853904 2.835699 1.096468 2.511885 1.168834 0.621475
 4809600.000000 1.933814 2.098558 2.908807 2.591782 1.167823 2.617563 1.127956 0.637858
 4812000.000000 1.933653 2.095442 2.978087 2.403900 1.136066 2.744370 1.134251 0.617064
 4814400.000000 1.921256 2.300566 2.857345 2.588444 0.961762 2.550832 1.135916 0.616398
 4816800.000000 1.899184 2.154723 2.797524 2.519963 0.984152 2.554348 1.126415 0.586277
 4819200.000000 1.998164 2.302410 2.933426 2.475145 0.947521 2.681282 1.112918 0.600027
 4821600.000000 1.941747 2.110954 2.841747 2.290038 1.181395 2.504479 1.114723 0.607791
 4824000.000000 1.905790 2.073921 2.884701 2.404107 1.196303 2.652826 1.084922 0.633690
 4826400.000000 1.872217 2.168324 2.979330 2.618868 1.149362 2.631540 1.119408 0.618628
 4828800.000000 1.863993 1.994304 2.907826 2.737722 1.099044 2.628266 1.136640 0.623855
 4831200.000000 1.917425 2.136287 2.903513 2.682192 1.211222 2.516958 1.149738 0.594745
 4833600.000000 2.040198 2.090922 2.908288 2.579064 1.248343 2.392235 1.057963 0.605153
 4836000.000000 1.860964 2.160213 3.010537 2.426665 1.166919 2.307844 1.133190 0.591196
 4838400.000000 1.872849 2.334631 2.835556 2.638487 1.231432 2.512571 1.084877 0.624061
 4840800.000000 2.015070 2.142963 2.886330 2.523413 1.152105 2.665377 1.078468 0.594585
 4843200.000000 1.978218 2.143525 2.895673 2.503408 1.171313 2.510464 1.098809 0.631828
 4845600.000000 2.018827 2.068550 2.948380 2.519915 1.213232 2.575770 1.160006 0.614746
 4848000.000000 1.958634 2.238091 3.010501 2.505949 1.193939 2.515781 1.134041 0.635877
 4850400.000000 1.997805 2.217844 2.896764 2.615934 1.047486 2.589055 1.072002 0.637173
 4852800.000000 1.978066 2.337372 2.908465 2.432578 1.219537 2.413993 1.104890 0.668201
 4855200.000000 1.829796 2.191924 2.889305 2.520242 1.128770 2.646442 1.091422 0.616092
 4857600.000000 1.971014 2.240299 2.877356 2.544341 0.952925 2.550982 1.170510 0.703612
 4860000.000000 1.892574 2.233221 2.914490 2.620538 0.905122 2.475248 1.126231 0.620181
 4862400.000000 2.019311 2.334427 2.826294 2.761172 0.958763 2.478294 1.134393 0.639890
 4864800.000000 1.981795 2.329692 2.856076 2.850196 0.921861 2.616783 1.128742 0.676403
 4867200.000000 1.850647 2.293927 2.876525 2.645599 0.892547 2.341092 1.121312 0.671946
 4869600.000000 1.979231 2.317389 2.941642 2.704953 0.889745 2.125255 1.054956 0.669196
 4872000.000000 1.934729 2.346024 2.758009 2.532106 1.024286 2.518192 1.110835 0.619593
 4874400.000000 1.869207 2.418749 2.836583 2.413345 1.137104 2.402178 1.105145 0.603804
 4876800.000000 1.855318 2.276737 2.915415 2.606784 1.090727 2.246988 1.124608 0.637452
 4879200.000000 1.918498 2.368150 2.891987 2.381073 1.201670 2.243553 1.119452 0.608516
 4881600.000000 1.913749 2.211956 2.911841 2.652927 1.012571 2.080218 1.165136 0.667035
 4884000.000000 1.848771 2.268898 2.894531 2.579306 1.186785 2.344411 1.023496 0.677723
 4886400.000000 1.823751 2.336388 2.981166 2.614715 1.149608 2.472574 1.084845 0.708107
 4888800.000000 1.829877 2.379311 2.870739 2.612334 0.904326 2.221212 1.053255 0.653427
 4891200.000000 1.744198 2.329539 2.959051 2.579807 1.081656 2.414946 1.108639 0.639341
 4893600.000000 1.831535 2.095291 2.856763 2.413436 1.134400 2.406161 1.070512 0.684746
 4896000.000000 1.830362 2.131652 3.019547 2.549158 0.952295 2.132773 1.083975 0.657370
 4898400.000000 1.982173 2.036637 2.980076 2.718424 0.985928 2.549451 1.079078 0.659529
 4900800.000000 1.980289 2.216705 2.940407 2.609176 0.881850 2.500757 1.160816 0.643636
 4903200.000000 1.859787 2.239891 2.885076 2.485227 1.025201 2.349879 1.120477 0.639526
 4905600.000000 1.982640 2.100972 3.000637 2.566460 1.024600 2.671130 1.134139 0.672268
 4908000.000000 1.909494 2.250363 2.936213 2.447747 0.963654 2.537764 1.043272 0.662102
 4910400.000000 2.004487 2.308020 2.932822 2.457249 1.031360 2.658016 1.016251 0.643133
 4912800.000000 2.067500 2.270759 2.953142 2.464899 0.907033 2.544879 1.034912 0.612265
 4915200.000000 1.887902 2.109813 2.943915 2.611774 0.978376 2.483714 1.088253 0.620220
 4917600.000000 1.969775 2.184188 2.955694 2.714791 0.970630 2.470545 1.109694 0.581839
 4920000.000000 1.969326 2.118123 2.931741 2.526126 0.970483 2.588373 1.115125 0.617755
 4922400.000000 1.890944 2.283365 2.850433 2.317946 0.973578 2.244237 1.054134 0.633043
 4924800.000000 1.965385 2.350680 2.834297 2.314549 0.983589 2.212491 1.052302 0.619546
 4927200.000000 1.985145 2.287915 2.818079 2.388561 0.994249 2.318072 1.091593 0.602587
 4929600.000000 1.852702 2.271311 2.803619 2.432645 0.971655 2.595827 1.117826 0.636861
 4932000.000000 1.816503 2.226685 2.883284 2.426533 0.970648 2.330380 1.133907 0.615716
 4934400.000000 1.955621 2.290401 2.770888 2.630833 0.943765 2.267164 1.166045 0.698836
 4936800.000000 1.886523 2.181151 2.951766 2.685351 0.946456 2.188032 1.087731 0.590249
 4939200.000000 1.869131 2.222446 2.815675 2.561306 1.020218 2.362619 1.116435 0.600026
 4941600.000000 1.879186 2.388689 2.843673 2.716418 0.954217 2.593225 1.120649 0.648309
 4944000.000000 1.859467 2.296851 2.835552 2.301494 0.982229 2.315819 1.141508 0.632359
 4946400.000000 1.922715 2.232397 2.939815 2.440499 0.982784 2.418863 1.094508 0.589880
 4948800.000000 1.908351 2.305493 2.863238 2.411849 0.987550 2.410232 1.138871 0.648644
 4951200.000000 1.895393 2.162473 2.879495 2.476015 1.016631 2.427289 1.086255 0.598861
 4953600.000000 1.971903 2.290645 2.907500 2.418236 0.985353 2.458394 1.071014 0.562593
 4956000.000000 1.932160 2.162388 2.979374 2.361896 1.082569 2.509162 1.067910 0.579293
 4958400.000000 1.887885 2.274760 2.851862 2.584372 0.978771 2.371603 1.208701 0.620153
 4960800.000000 1.866840 2.171060 2.989346 2.400134 0.940730 2.368717 1.111870 0.578894
 4963200.000000 1.931229 2.188086 2.942715 2.642531 1.071512 2.262234 1.105581 0.597082
 4965600.000000 1.806800 2.385367 2.822242 2.692924 1.070034 2.555072 1.077488 0.584950
 4968000.000000 1.874879 2.166717 2.929912 2.568860 0.956935 2.484375 1.106889 0.609373
 4970400.000000 2.000489 2.166985 2.857934 2.562389 0.921851 2.562191 1.021686 0.571490
 4972800.000000 1.945657 2.169449 2.824668 2.584113 0.949067 2.399820 1.088299 0.593281
 4975200.000000 1.976762 2.063497 2.951464 2.517917 0.931910 2.529295 1.025764 0.620897
 4977600.000000 1.988828 2.256513 2.992902 2.508984 1.000967 2.224758 1.114153 0.615982
 4980000.000000 1.877001 2.045429 2.992091 2.565693 0.981527 2.365752 1.105175 0.669409
 4982400.000000 1.876545 2.050135 2.944700 2.539264 0.954028 2.417780 1.097356 0.588389
 4984800.000000 1.906917 2.266047 2.933444 2.604174 0.993598 2.426806 1.074573 0.604922
 4987200.000000 2.047995 2.276746 2.898151 2.632450 0.948758 2.330587 1.054906 0.617399
 4989600.000000 1.874755 2.099163 2.981122 2.832502 0.979956 2.276068 1.113465 0.607844
 4992000.000000 1.871696 2.265450 2.798995 2.785655 0.966521 2.355325 1.135854 0.631702
 4994400.000000 1.833329 2.106164 2.945143 2.801100 0.967141 2.203626 1.081106 0.628338
 4996800.000000 1.945571 2.187341 2.927994 2.791621 0.981562 2.400478 1.089794 0.593560
 4999200.000000 1.901201 2.157647 2.881493 2.939993 0.945815 2.270015 1.082949 0.556155
 5001600.000000 1.874233 2.077026 2.956548 2.972542 0.949313 2.298916 1.193514 0.659119
 5004000.000000 1.930632 2.215064 2.891629 2.859550 0.977509 2.421310 1.126819 0.602103
 5006400.000000 1.821317 2.188218 2.912980 2.697691 0.987155 2.415168 1.081433 0.597936
 5008800.000000 1.916214 2.125448 2.946070 2.973517 0.922436 2.322469 1.148837 0.633530
 5011200.000000 1.895633 2.197200 2.783625 2.842102 0.958935 2.399676 1.210174 0.665587
 5013600.000000 1.963290 2.143508 3.014723 3.040588 0.900594 2.565943 1.205267 0.625458
 5016000.000000 2.014996 2.174281 2.866442 2.964429 0.911862 2.251727 1.130608 0.625616
 5018400.000000 1.917847 2.052203 3.052939 2.962276 0.928765 2.512712 1.210662 0.668704
 5020800.000000 1.898675 2.264175 2.948633 2.895821 0.996777 2.319116 1.199907 0.632305
 5023200.000000 1.919555 2.268848 2.956664 2.899974 0.966712 2.384259 1.192852 0.669856
 5025600.000000 1.882644 2.277164 3.003848 2.926077 1.035734 2.408447 1.210281 0.644737
 5028000.000000 1.804010 2.184459 2.929036 2.955989 0.942345 2.532525 1.265716 0.631036
 5030400.000000 1.859603 2.137235 2.859867 2.875570 0.963017 2.358505 1.256615 0.633864
 5032800.000000 1.940357 2.024498 2.972491 2.731670 0.980509 2.715154 1.230076 0.624442
 5035200.000000 1.871299 2.200233 2.925116 2.743495 1.018067 2.388309 1.277738 0.630340
 5037600.000000 1.867111 2.270066 2.842684 2.788275 1.036666 2.463781 1.179086 0.610027
 5040000.000000 1.891110 2.158189 2.984423 2.902432 0.970510 2.320893 1.085826 0.624038
 5042400.000000 1.848809 2.276333 2.938518 2.718282 1.024291 2.378871 1.157751 0.615714
 5044800.000000 1.741469 2.320785 2.883639 2.751663 0.991403 2.261577 1.091293 0.583467
 5047200.000000 1.992488 2.221450 2.987824 2.845610 1.110964 2.429198 1.112031 0.550540
 5049600.000000 1.781999 2.402497 3.223050 2.868225 1.171635 2.240923 1.152162 0.649557
 5052000.000000 1.915643 2.368657 3.198644 2.905400 1.154734 2.400496 1.055094 0.596402
 5054400.000000 1.936070 2.380465 3.181097 3.021720 1.160693 2.285988 1.178667 0.623668
