#! FIELDS time TM1_TM6 TM1_ICL2 ICL2_TM5 TM6_H8 TM3_TM6 Npxxy N300_S115 L78_Y297
 0.000000 2.041612 1.614717 2.561893 1.770725 1.082566 1.302678 0.990476 0.595050
 2400.000000 2.156694 1.674342 2.658293 1.809870 1.065012 1.209299 0.963269 0.618650
 4800.000000 2.081947 1.877693 2.549951 1.704649 1.031060 1.252457 0.964974 0.591429
 7200.000000 2.082196 1.739353 2.588388 1.783579 0.955340 1.272594 0.995727 0.617102
 9600.000000 2.003008 1.811653 2.584514 1.743368 1.001084 1.338098 0.985429 0.599018
 12000.000000 2.042167 1.790096 2.625323 1.817048 1.004377 1.332557 0.974720 0.609441
 14400.000000 1.990148 1.640172 2.643223 1.767295 1.085181 1.332117 1.007910 0.587685
 16800.000000 1.957044 1.746242 2.650947 1.825557 0.988661 1.343959 0.986235 0.602392
 19200.000000 2.134100 1.982870 2.661263 1.806026 1.067684 1.258743 1.010698 0.599419
 21600.000000 1.994460 1.836662 2.587733 1.780118 1.087559 1.245917 1.030368 0.618038
 24000.000000 2.039702 1.765265 2.534617 1.793296 1.009284 1.280610 1.060119 0.653469
 26400.000000 1.996147 1.763160 2.507800 1.769995 1.001891 1.208872 1.125559 0.594727
 28800.000000 1.953957 1.775528 2.575259 1.776679 1.081903 1.264982 0.986955 0.651003
 31200.000000 1.982537 1.774245 2.578275 1.791020 1.049442 1.220874 1.132696 0.662046
 33600.000000 1.937753 1.681194 2.458055 1.795898 1.147413 1.200867 1.041335 0.593310
 36000.000000 1.961662 1.954279 2.641414 1.646461 1.078173 1.275474 1.010345 0.599135
 38400.000000 2.116367 1.899091 2.545944 1.791113 1.032839 1.402226 0.954542 0.624572
 40800.000000 2.104337 1.865528 2.511193 1.817151 1.047484 1.214281 1.011706 0.612437
 43200.000000 2.101817 1.851223 2.603621 1.814400 0.983315 1.316648 1.046230 0.626993
 45600.000000 2.196517 1.894655 2.597836 1.890715 1.070994 1.250134 1.014580 0.614481
 48000.000000 2.144306 1.925296 2.593069 1.733008 1.110867 1.227266 0.999863 0.625211
 50400.000000 2.055365 1.849518 2.587312 1.751878 1.030261 1.153188 0.957801 0.601955
 52800.000000 2.098337 1.861990 2.620320 1.805515 1.072530 1.197101 1.001201 0.602564
 55200.000000 2.158019 1.860092 2.593577 1.729872 1.117886 1.237606 0.993589 0.613448
 57600.000000 2.169303 1.888390 2.572650 1.804905 0.920524 1.292999 0.987596 0.613194
 60000.000000 2.215101 1.981970 2.473955 1.888821 1.014784 1.271131 0.942399 0.641084
 62400.000000 1.990235 1.849687 2.522928 1.792767 1.040962 1.343248 0.972655 0.595778
 64800.000000 2.047276 1.883348 2.490509 1.718314 1.175429 1.245812 1.062095 0.622377
 67200.000000 1.909607 1.840168 2.594894 1.804096 1.122313 1.220102 1.032615 0.589457
 69600.000000 1.992594 1.958471 2.642259 1.761449 1.081503 1.237408 1.019614 0.630894
 72000.000000 2.187262 1.797009 2.626699 1.788347 1.106824 1.285621 0.990857 0.633271
 74400.000000 1.939889 1.814712 2.594632 1.671339 1.131446 1.176293 0.978909 0.670088
 76800.000000 2.012002 1.805087 2.528352 1.713703 1.149927 1.191527 1.072214 0.686600
 79200.000000 1.930220 1.760866 2.627231 1.645993 1.151360 1.197972 1.107661 0.619120
 81600.000000 2.061932 1.897359 2.620842 1.686999 1.069326 1.152764 1.005845 0.631784
 84000.000000 1.908985 1.897912 2.537459 1.614893 1.098162 1.215591 1.008519 0.580653
 86400.000000 1.875680 1.890357 2.595224 1.817468 1.208274 1.262086 0.993727 0.640611
 88800.000000 1.758241 2.016533 2.398237 1.766242 1.141638 1.230709 1.139412 0.632717
 91200.000000 1.920557 2.063646 2.475935 1.750184 1.145903 1.314367 1.013905 0.589421
 93600.000000 1.874377 1.802085 2.498343 1.873284 1.010161 1.257016 1.032513 0.648568
 96000.000000 1.981377 1.832872 2.643873 1.866031 1.117264 1.279470 0.972365 0.623517
 98400.000000 2.053032 1.946882 2.446197 1.696041 1.090474 1.235486 0.958370 0.595646
 100800.000000 1.966380 1.943209 2.455529 1.705071 1.021742 1.208239 0.933355 0.713373
 103200.000000 2.021603 1.889136 2.702711 1.728016 1.012025 1.122054 0.968414 0.656537
 105600.000000 2.231888 1.952129 2.521508 1.705484 1.064088 1.151584 1.041346 0.645259
 108000.000000 2.052477 1.921563 2.505112 1.728711 1.084283 1.283421 1.051740 0.668430
 110400.000000 2.117884 2.002052 2.560312 1.799084 1.111603 1.177016 0.988060 0.609200
 112800.000000 2.025736 1.920330 2.494702 1.772334 1.127193 1.248472 0.946950 0.615273
 115200.000000 2.092232 1.787986 2.577753 1.751304 0.944331 1.203193 0.976337 0.561049
 117600.000000 1.922321 1.776723 2.503159 1.766890 1.039089 1.282470 0.990886 0.626185
 120000.000000 2.065693 1.866019 2.380351 1.779205 1.013905 1.259019 1.030815 0.633229
 122400.000000 2.094216 1.842672 2.542163 1.841101 1.043316 1.328068 1.135597 0.651269
 124800.000000 1.954702 1.852600 2.634929 1.807588 0.978180 1.272386 1.000820 0.624751
 127200.000000 1.900273 1.977581 2.486679 1.728503 0.980197 1.265398 0.988577 0.610985
 129600.000000 2.017566 1.897635 2.638276 1.751721 1.070283 1.265054 0.935615 0.624291
 132000.000000 1.993741 1.899232 2.543852 1.810697 0.932851 1.278641 1.033824 0.661460
 134400.000000 1.977730 1.967913 2.467961 1.837748 0.961573 1.286149 0.995155 0.677077
 136800.000000 2.037616 1.846310 2.618826 1.777538 0.995676 1.246408 0.970439 0.636685
 139200.000000 2.037767 1.885553 2.614435 1.758138 0.986653 1.265480 1.004189 0.627719
 141600.000000 2.146730 1.982662 2.509669 1.810101 1.043602 1.274220 0.914415 0.603795
 144000.000000 2.141367 1.924379 2.461116 1.807861 1.039100 1.180281 0.998023 0.638253
 146400.000000 1.932713 1.814103 2.625270 1.794657 0.935407 1.148062 1.055691 0.622041
 148800.000000 1.992730 1.990444 2.429220 1.796527 1.005134 1.221270 1.020214 0.621906
 151200.000000 1.874902 1.900517 2.538486 1.718441 0.943637 1.190649 0.946926 0.602777
 153600.000000 1.957009 2.001586 2.534784 1.801495 0.942758 1.296480 1.017392 0.649583
 156000.000000 2.033993 1.816032 2.534652 1.851434 0.967769 1.281030 1.019251 0.575042
 158400.000000 2.158579 1.931327 2.491604 1.802457 0.963518 1.260995 0.991341 0.669554
 160800.000000 1.992127 1.980949 2.540314 1.878964 1.047932 1.327129 0.994145 0.597171
 163200.000000 1.993183 1.922553 2.454662 1.791946 0.983204 1.299473 0.978460 0.631398
 165600.000000 1.980458 1.885488 2.456519 1.807008 0.931326 1.349255 1.050069 0.646398
 168000.000000 2.083790 1.754588 2.504008 1.760299 1.007537 1.336030 1.013098 0.624728
 170400.000000 2.042004 1.801961 2.476052 1.774348 1.004168 1.331296 1.020938 0.616701
 172800.000000 2.140969 1.976962 2.414702 1.763924 0.940691 1.490319 1.000339 0.582137
 175200.000000 2.196652 1.942692 2.499332 1.742569 0.961969 1.303919 0.985110 0.610634
 177600.000000 2.060338 1.808013 2.540206 1.794423 1.024041 1.388534 1.009374 0.676683
 180000.000000 1.911619 1.911560 2.473217 1.633868 1.029716 1.190832 0.978293 0.678860
 182400.000000 1.866897 1.775917 2.479944 1.615941 1.026447 1.236997 1.007314 0.644914
 184800.000000 1.944610 1.965072 2.513982 1.649225 0.991143 1.210898 1.012869 0.616073
 187200.000000 2.043943 1.980572 2.539421 1.654295 0.971892 1.278448 0.990408 0.629790
 189600.000000 1.968514 1.916385 2.573385 1.655601 0.995759 1.288464 0.946809 0.620237
 192000.000000 1.928079 1.920332 2.385885 1.530387 1.087555 1.174058 0.989349 0.583260
 194400.000000 2.070166 1.853802 2.427513 1.643221 1.170116 1.171157 1.043897 0.557341
 196800.000000 1.795114 1.817210 2.513016 1.491686 1.157648 1.181836 1.091631 0.669097
 199200.000000 1.907639 1.936122 2.442484 1.624757 1.133403 1.284941 1.021131 0.602507
 201600.000000 1.926810 1.920959 2.467038 1.652417 1.125174 1.205533 0.963820 0.661104
 204000.000000 1.940120 1.823775 2.487882 1.634345 1.075088 1.208175 1.002089 0.699183
 206400.000000 1.940536 1.665296 2.427804 1.644843 1.077238 1.363287 1.032563 0.640512
 208800.000000 2.083693 1.767297 2.582507 1.654416 1.047491 1.303043 0.936951 0.628253
 211200.000000 1.987981 1.808190 2.567867 1.667840 0.994792 1.374180 0.958139 0.598545
 213600.000000 1.893335 1.857346 2.481118 1.625052 1.105620 1.229122 1.003441 0.633040
 216000.000000 2.005443 2.016297 2.498671 1.664348 1.007442 1.286715 0.984141 0.602701
 218400.000000 1.917941 1.906501 2.470737 1.663992 1.092829 1.113274 1.077928 0.668049
 220800.000000 1.839723 1.880472 2.558174 1.616611 1.045161 1.242789 0.971594 0.638476
 223200.000000 1.971280 1.954295 2.509429 1.696747 1.095308 1.193988 0.932018 0.661980
 225600.000000 2.086885 1.990816 2.523149 1.683540 0.939410 1.302435 1.028756 0.595981
 228000.000000 1.984239 1.824536 2.613404 1.655878 1.003406 1.249237 1.077770 0.593513
 230400.000000 1.892644 1.933004 2.614317 1.660065 0.981116 1.181248 0.964458 0.630803
 232800.000000 1.875561 1.909224 2.584337 1.616510 1.086367 1.210121 0.978477 0.621542
 235200.000000 1.860052 1.803533 2.684865 1.605762 1.072086 1.298271 0.994327 0.648428
 237600.000000 1.855376 1.846016 2.648805 1.593760 1.022521 1.228313 0.975549 0.651398
 240000.000000 1.803214 1.714636 2.624290 1.326863 1.079975 1.346715 1.004961 0.590710
 242400.000000 2.048718 1.918588 2.595057 1.586094 1.149775 1.244565 1.040157 0.643087
 244800.000000 2.117345 1.899830 2.594967 1.583115 1.153502 1.215004 0.997020 0.578741
 247200.000000 2.017673 1.958945 2.607400 1.506962 1.192960 1.216865 0.959941 0.600324
 249600.000000 2.113730 1.922959 2.533431 1.490842 0.993367 1.233129 0.913536 0.602582
 252000.000000 2.160550 1.892830 2.467250 1.504591 1.133302 1.185334 0.996857 0.612556
 254400.000000 2.096056 1.947430 2.526058 1.480584 1.052685 1.217791 0.940474 0.606023
 256800.000000 2.147953 1.823295 2.472759 1.456359 1.090826 1.296326 0.934714 0.673649
 259200.000000 2.075146 1.824363 2.455364 1.499503 1.214538 1.223690 0.937725 0.599873
 261600.000000 2.138617 2.054290 2.524604 1.508788 1.135278 1.234858 0.983140 0.633288
 264000.000000 2.164732 2.036206 2.423012 1.492492 1.109267 1.196915 0.995409 0.638942
 266400.000000 2.079383 1.891585 2.529425 1.453405 1.073160 1.286207 1.018472 0.645272
 268800.000000 2.092484 1.944184 2.452302 1.459932 1.134608 1.219536 0.934644 0.624251
 271200.000000 2.133870 1.886154 2.473654 1.517974 1.107362 1.178428 1.027583 0.590917
 273600.000000 2.115402 1.980275 2.390037 1.465493 1.148612 1.322958 1.018173 0.622057
 276000.000000 2.280487 2.061804 2.530148 1.477981 1.168028 1.153427 1.014709 0.672585
 278400.000000 2.168355 2.072067 2.502705 1.494235 1.081951 1.298814 0.969249 0.600038
 280800.000000 2.123581 1.985726 2.553018 1.493548 1.155280 1.210650 1.005564 0.615107
 283200.000000 2.105580 2.048946 2.490218 1.567378 1.095968 1.266204 0.954701 0.614752
 285600.000000 2.190209 1.913619 2.415705 1.486650 1.120690 1.187374 1.020925 0.622943
 288000.000000 2.106016 1.976672 2.431834 1.476957 1.078764 1.259247 1.019157 0.567024
 290400.000000 2.006228 1.987207 2.416752 1.525024 1.107023 1.192339 1.037398 0.565719
 292800.000000 2.108300 1.986125 2.376676 1.439220 1.133036 1.236451 0.976335 0.627008
 295200.000000 2.183402 1.821282 2.434206 1.541849 1.074963 1.233789 1.050908 0.575508
 297600.000000 2.068121 1.964503 2.545934 1.456590 0.966132 1.288643 0.986267 0.656479
 300000.000000 2.190960 1.938559 2.418787 1.563593 1.036226 1.342631 0.988140 0.627081
 302400.000000 2.117973 2.075788 2.454230 1.507328 1.143319 1.199551 1.013572 0.588984
 304800.000000 2.086663 1.996389 2.469526 1.467605 1.165160 1.206694 1.008610 0.583990
 307200.000000 2.099424 2.016244 2.413423 1.572013 1.005729 1.166476 1.011645 0.598339
 309600.000000 2.072888 2.037355 2.416911 1.481916 1.073973 1.255966 0.985782 0.607233
 312000.000000 2.107137 1.911333 2.523788 1.551331 1.047094 1.272455 0.983658 0.641687
 314400.000000 2.162698 1.947196 2.526914 1.494608 1.065110 1.184705 0.983261 0.596425
 316800.000000 2.080925 1.793513 2.526452 1.472310 1.140787 1.250176 0.954923 0.594100
 319200.000000 2.169378 1.834181 2.519084 1.528251 1.121950 1.312738 1.029817 0.568229
 321600.000000 2.134037 1.846570 2.526882 1.550981 0.990897 1.333618 0.966789 0.629605
 324000.000000 2.170872 1.824719 2.579927 1.515548 1.066285 1.323262 0.952565 0.617828
 326400.000000 2.118044 1.950423 2.523860 1.482023 1.022927 1.241094 0.977584 0.630445
 328800.000000 2.054273 1.840961 2.586874 1.435729 1.189676 1.197520 0.990039 0.603144
 331200.000000 2.229536 1.903561 2.489259 1.496272 1.148124 1.290295 0.986721 0.571705
 333600.000000 2.272099 1.839968 2.587785 1.508939 1.211510 1.185970 0.944508 0.597834
 336000.000000 2.131603 1.940881 2.542119 1.475735 1.154626 1.175628 0.945587 0.569941
 338400.000000 2.028532 1.914055 2.680727 1.580161 1.195707 1.296249 0.929159 0.602680
 340800.000000 2.143519 1.896287 2.527860 1.485913 1.165813 1.286490 0.972285 0.560103
 343200.000000 2.125886 2.019385 2.477861 1.527629 1.049566 1.332854 0.937881 0.576258
 345600.000000 2.044092 1.900106 2.595230 1.527922 1.087044 1.255397 0.965610 0.609154
 348000.000000 2.070859 1.817689 2.585263 1.429893 1.009438 1.238123 0.936781 0.581712
 350400.000000 2.094363 1.948535 2.608080 1.484781 1.081385 1.235187 0.961514 0.624012
 352800.000000 2.131218 1.865045 2.435810 1.462729 1.184696 1.203439 0.948912 0.610074
 355200.000000 2.043835 1.997339 2.523539 1.452996 1.111427 1.229856 0.959833 0.609977
 357600.000000 2.208521 1.824572 2.494206 1.466539 1.185598 1.258124 0.964634 0.628114
 360000.000000 2.154374 1.975209 2.402876 1.534742 1.097943 1.201835 0.986966 0.604785
 362400.000000 2.166253 1.885537 2.469685 1.444338 1.116909 1.207681 0.962026 0.626969
 364800.000000 2.087863 1.851501 2.490360 1.524075 1.114172 1.261714 0.969598 0.571550
 367200.000000 2.071555 1.883047 2.414105 1.514233 1.163440 1.154941 0.965213 0.608864
 369600.000000 2.220668 1.879947 2.481035 1.533897 1.165871 1.176799 0.942550 0.670386
 372000.000000 2.208017 1.990428 2.382590 1.489875 1.129114 1.278666 0.995572 0.643939
 374400.000000 2.196654 1.933397 2.554947 1.520260 0.969813 1.285081 0.875279 0.636180
 376800.000000 2.167482 1.974042 2.393593 1.530000 1.040224 1.226632 0.904659 0.613857
 379200.000000 2.097715 1.981500 2.412531 1.487791 1.076484 1.257116 0.952256 0.611764
 381600.000000 2.328248 1.989615 2.514342 1.539720 1.024178 1.228932 0.929961 0.621742
 384000.000000 2.248265 2.006295 2.498255 1.551200 1.010384 1.259810 0.940647 0.617348
 386400.000000 2.207747 2.097257 2.400458 1.516359 1.046217 1.256359 0.947713 0.590681
 388800.000000 2.122283 2.108135 2.494436 1.451644 0.945383 1.182152 0.905367 0.652272
 391200.000000 2.240982 2.034525 2.396369 1.384135 1.154219 1.135115 0.923963 0.563588
 393600.000000 2.032622 2.064529 2.399813 1.526928 1.220323 1.245627 0.907478 0.612525
 396000.000000 2.171993 2.051391 2.446766 1.499849 1.072336 1.346589 0.954375 0.624523
 398400.000000 2.140862 2.018175 2.425377 1.457688 1.115603 1.211999 0.956058 0.608514
 400800.000000 2.001980 2.027408 2.420397 1.486944 1.122135 1.256373 0.976739 0.557833
 403200.000000 2.106831 1.947236 2.416186 1.534927 1.005988 1.190974 1.007203 0.627916
 405600.000000 2.022494 2.079418 2.578329 1.518718 0.946791 1.177584 0.893558 0.573321
 408000.000000 2.269301 1.987835 2.527204 1.598912 0.934830 1.254862 0.885038 0.612753
 410400.000000 2.050689 1.904395 2.498426 1.545087 0.987549 1.222989 0.974662 0.629795
 412800.000000 2.011441 1.900928 2.536650 1.539558 0.988041 1.231488 0.966320 0.600431
 415200.000000 2.070472 2.069033 2.401289 1.580530 0.987487 1.237636 0.975245 0.596706
 417600.000000 2.165429 1.854309 2.586349 1.506322 0.985885 1.236743 0.976098 0.580253
 420000.000000 2.114439 1.997721 2.551705 1.532915 1.015911 1.302993 0.937752 0.566935
 422400.000000 2.057066 1.864363 2.357502 1.491429 0.972856 1.234681 0.926546 0.601207
 424800.000000 1.966289 1.812036 2.564593 1.539801 0.974077 1.169118 0.947666 0.615067
 427200.000000 2.069639 1.893687 2.431450 1.555141 1.094218 1.160520 0.947086 0.587505
 429600.000000 2.034018 1.903993 2.566194 1.516053 1.031687 1.287078 0.983701 0.549270
 432000.000000 2.188088 1.941490 2.338927 1.567327 0.978879 1.194165 1.015469 0.582232
 434400.000000 2.248603 2.018592 2.291960 1.567052 1.152005 1.259648 0.961984 0.588686
 436800.000000 2.257950 1.837022 2.352968 1.614448 0.999629 1.283774 0.929666 0.567259
 439200.000000 2.281686 1.935084 2.403677 1.558778 0.976082 1.143335 0.954219 0.574241
 441600.000000 2.102386 1.878034 2.468195 1.485264 1.095873 1.358011 0.951154 0.574060
 444000.000000 2.066071 1.807076 2.405296 1.502624 1.072525 1.276610 0.976038 0.585091
 446400.000000 2.145102 1.822107 2.351368 1.519896 1.092608 1.282226 0.908636 0.556173
 448800.000000 2.159671 1.891984 2.385658 1.471311 1.122729 1.202200 0.921785 0.581403
 451200.000000 2.244722 1.867525 2.526185 1.401034 1.235120 1.304612 0.982199 0.594333
 453600.000000 2.094269 1.824566 2.531256 1.550438 0.963498 1.321421 0.894830 0.571207
 456000.000000 2.138885 1.853167 2.491560 1.487561 1.075841 1.220154 1.004050 0.555798
 458400.000000 2.121480 1.901405 2.463311 1.535449 1.081711 1.237084 0.949086 0.550568
 460800.000000 2.217650 1.870340 2.361378 1.576124 1.029089 1.283323 0.974072 0.579218
 463200.000000 2.246410 1.927875 2.291997 1.539117 1.154839 1.223638 0.915869 0.555601
 465600.000000 2.128407 1.866886 2.389790 1.503736 1.146590 1.265399 0.981782 0.617677
 468000.000000 2.098694 1.813421 2.533858 1.706597 1.054375 1.268113 1.024776 0.581390
 470400.000000 2.313503 1.876721 2.389163 1.809505 1.069616 1.254951 0.938039 0.620429
 472800.000000 2.133390 1.773821 2.497142 1.754390 0.987872 1.121426 0.923799 0.620571
 475200.000000 2.200493 1.832326 2.544799 1.448198 1.179095 1.201855 0.974314 0.608565
 477600.000000 2.321561 1.784252 2.483016 1.683730 1.029890 1.231302 1.034670 0.639935
 480000.000000 2.349929 1.871174 2.399060 1.692840 0.998424 1.238416 0.878085 0.615156
 482400.000000 2.205287 1.874196 2.340060 1.468085 0.947015 1.250604 0.954471 0.640363
 484800.000000 2.185212 1.755400 2.420754 1.503918 1.053909 1.281512 1.030665 0.643203
 487200.000000 2.220445 1.844608 2.490326 1.563448 1.039456 1.275909 0.982202 0.641267
 489600.000000 2.249482 1.948023 2.433069 1.571965 0.992137 1.276245 0.977746 0.661854
 492000.000000 2.193757 1.986272 2.579667 1.556372 0.945894 1.300689 0.922185 0.631482
 494400.000000 2.223552 1.979604 2.516855 1.555526 1.007702 1.282189 0.918527 0.641549
 496800.000000 2.205586 1.865734 2.565898 1.449050 1.028230 1.235951 0.987523 0.581444
 499200.000000 2.185123 1.772347 2.546116 1.549708 0.986514 1.226285 0.967819 0.606264
 501600.000000 2.290573 2.058525 2.477494 1.570566 0.987672 1.264961 0.949272 0.583505
 504000.000000 2.189322 1.803662 2.541490 1.545755 1.105006 1.252697 0.987677 0.598364
 506400.000000 2.108620 1.861761 2.506897 1.600994 1.068739 1.272611 1.022693 0.611524
 508800.000000 2.221391 1.892578 2.467106 1.622416 1.052436 1.283360 0.947473 0.600992
 511200.000000 2.086978 1.856316 2.483631 1.538799 1.111887 1.180323 0.998314 0.567366
 513600.000000 2.172017 1.863584 2.513715 1.561583 1.143866 1.248422 0.986445 0.568378
 516000.000000 2.171282 1.900277 2.456870 1.563479 1.123973 1.098249 1.011702 0.665802
 518400.000000 2.099903 1.848651 2.402617 1.492382 1.193561 1.117952 0.967166 0.623318
 520800.000000 2.081481 1.869358 2.472828 1.570089 1.143233 1.149933 0.980577 0.601953
 523200.000000 1.989751 1.916941 2.387939 1.441667 1.154559 1.289693 0.976994 0.643759
 525600.000000 2.071728 1.939809 2.371938 1.465232 1.144299 1.215057 0.965591 0.628022
 528000.000000 2.156851 1.900562 2.420482 1.541270 1.216476 1.293785 0.973450 0.578664
 530400.000000 2.128783 1.888316 2.352027 1.545671 1.209171 1.268903 0.933993 0.618208
 532800.000000 2.133206 1.972224 2.408658 1.530248 1.086181 1.117421 0.920165 0.605193
 535200.000000 2.031967 1.954046 2.435455 1.544853 1.026165 1.238205 0.938619 0.621073
 537600.000000 2.111237 1.987315 2.454273 1.849762 1.007218 1.272086 0.959748 0.581465
 540000.000000 1.984095 2.030628 2.413244 1.826862 1.046889 1.232255 0.987119 0.636243
 542400.000000 2.191238 2.010400 2.478252 1.733247 1.171150 1.321491 0.929864 0.587984
 544800.000000 2.183085 2.009617 2.473737 1.812456 1.070109 1.205376 0.957261 0.595262
 547200.000000 2.021309 2.025629 2.499252 1.804708 0.988754 1.351203 1.033883 0.616089
 549600.000000 2.056304 2.032879 2.506035 1.744229 1.016123 1.143374 0.953827 0.628729
 552000.000000 2.234302 2.076885 2.464321 1.861998 0.982107 1.181607 0.956870 0.626548
 554400.000000 1.946655 1.823165 2.490721 1.721454 1.076345 1.204392 0.906536 0.601452
 556800.000000 1.982386 1.975696 2.523046 1.752532 1.090210 1.234077 0.931512 0.649356
 559200.000000 2.025186 2.022176 2.557730 1.790344 1.047474 1.197555 0.983457 0.635955
 561600.000000 2.048074 1.961328 2.534782 1.726184 1.098051 1.161306 0.920994 0.662701
 564000.000000 1.942279 2.023214 2.531683 1.752649 1.153351 1.244136 0.946938 0.621929
 566400.000000 1.989536 1.941631 2.517838 1.804407 0.988057 1.250783 1.004697 0.630879
 568800.000000 1.965895 1.834959 2.669406 1.760389 1.097390 1.290567 0.971081 0.638921
 571200.000000 2.080328 2.119714 2.503940 1.760395 1.139692 1.290880 0.939643 0.644827
 573600.000000 2.088571 1.943158 2.374381 1.753835 1.126086 1.235973 0.944652 0.656461
 576000.000000 2.140072 1.918128 2.474620 1.806546 1.062071 1.221706 0.953568 0.602187
 578400.000000 1.987997 1.974243 2.486388 1.768549 1.080054 1.129972 0.984897 0.636497
 580800.000000 1.939079 1.892133 2.525998 1.777455 1.034105 1.284816 0.979351 0.566025
 583200.000000 2.058658 1.977751 2.467192 1.802899 1.011928 1.298406 0.984483 0.590477
 585600.000000 1.998349 1.890461 2.623597 1.776119 1.094426 1.300145 0.965781 0.593753
 588000.000000 1.884002 1.872671 2.555323 1.776582 0.979427 1.262748 0.971349 0.585244
 590400.000000 1.937672 1.760047 2.489954 1.829832 1.037177 1.268734 0.948890 0.614923
 592800.000000 2.005964 1.902191 2.515684 1.778661 1.070122 1.206036 0.978060 0.574999
 595200.000000 2.063170 1.696581 2.558894 1.895220 1.004065 1.259802 0.997065 0.613442
 597600.000000 2.076199 1.834263 2.539964 1.792985 1.030975 1.282042 1.011294 0.588442
 600000.000000 2.010966 1.791079 2.428083 1.823588 1.060047 1.257829 1.059726 0.550289
 602400.000000 1.963430 1.787592 2.428869 1.724340 0.983420 1.330839 1.001284 0.623090
 604800.000000 1.894363 1.802810 2.431315 1.660380 0.967294 1.315789 0.957778 0.633051
 607200.000000 1.965733 1.916694 2.406971 1.737206 0.997348 1.314066 0.974524 0.654698
 609600.000000 1.997835 1.895896 2.468367 1.816004 0.951648 1.218785 1.068556 0.610495
 612000.000000 1.959075 1.939298 2.623644 1.767579 1.024483 1.205533 0.984262 0.604253
 614400.000000 1.978983 1.747100 2.532179 1.725459 1.104017 1.256730 0.986413 0.577626
 616800.000000 2.063210 1.766315 2.544758 1.793281 0.858823 1.221594 0.943627 0.612240
 619200.000000 2.050954 1.698102 2.577398 1.843506 1.035078 1.278786 0.967965 0.641876
 621600.000000 2.062997 1.711319 2.385248 1.759594 0.909880 1.231437 0.979436 0.622121
 624000.000000 1.992115 1.929968 2.466473 1.798607 0.985946 1.241732 1.020360 0.680274
 626400.000000 1.913393 2.041389 2.462519 1.733393 1.010759 1.212687 1.070140 0.638096
 628800.000000 2.079886 1.877915 2.405274 1.777556 0.966198 1.184477 0.964902 0.606942
 631200.000000 2.067722 1.926182 2.399826 1.923039 0.970525 1.345272 0.937222 0.609182
 633600.000000 1.953288 1.999995 2.449570 1.832302 0.944968 1.289577 0.892962 0.638952
 636000.000000 1.810268 1.937549 2.387342 1.762551 1.103982 1.145658 0.978364 0.700042
 638400.000000 1.831505 1.764307 2.599685 1.726441 1.170895 1.230946 0.940147 0.628245
 640800.000000 2.017788 1.734147 2.461833 1.834205 1.094825 1.300613 0.963030 0.625988
 643200.000000 1.958999 1.842131 2.431220 1.750050 1.096598 1.362299 1.067930 0.599973
 645600.000000 2.082893 1.994326 2.334846 1.817420 1.011400 1.284770 1.008836 0.647195
 648000.000000 1.914458 1.882740 2.342979 1.757932 1.085204 1.270258 0.990258 0.653149
 650400.000000 1.995873 1.824452 2.373975 1.797443 1.039360 1.227151 0.956265 0.624291
 652800.000000 1.838607 1.677948 2.407129 1.713565 1.122831 1.276538 0.941557 0.604016
 655200.000000 1.885779 1.810117 2.374146 1.697351 1.203267 1.219452 0.971629 0.608895
 657600.000000 1.788003 1.714339 2.434611 1.656454 1.167730 1.258133 0.991584 0.627755
 660000.000000 1.890377 1.696207 2.418754 1.548277 1.120151 1.203761 1.006873 0.649311
 662400.000000 2.018684 1.654806 2.426237 1.803559 1.082815 1.267366 0.950244 0.636318
 664800.000000 2.004325 1.945003 2.438059 1.762552 1.080205 1.215076 0.991245 0.605697
 667200.000000 1.911797 1.927038 2.410624 1.774308 1.095455 1.286763 1.006796 0.635154
 669600.000000 2.092461 1.900294 2.389392 1.760405 1.009803 1.174932 0.995964 0.661923
 672000.000000 2.010321 1.887423 2.392031 1.804462 1.020785 1.221475 0.956885 0.615099
 674400.000000 2.091195 1.997398 2.576881 1.892888 0.951423 1.272331 0.971163 0.638951
 676800.000000 1.990233 2.026355 2.495006 1.796499 0.991881 1.243754 0.937085 0.598201
 679200.000000 1.833142 1.847729 2.460330 1.818430 1.002442 1.276046 0.976219 0.663256
 681600.000000 1.859354 1.866823 2.408184 1.799669 1.132751 1.254134 0.922819 0.615366
 684000.000000 1.864336 1.893657 2.379826 1.760771 1.018575 1.169467 0.950019 0.643818
 686400.000000 1.945246 1.885454 2.379360 1.840486 1.019162 1.188632 1.091237 0.620258
 688800.000000 1.926411 1.984848 2.509806 1.790512 0.966752 1.225500 0.887975 0.549507
 691200.000000 1.941581 1.824540 2.435328 1.726235 1.110377 1.290330 1.026879 0.575586
 693600.000000 1.852844 1.913898 2.534982 1.736839 1.067281 1.246967 0.975657 0.586742
 696000.000000 1.918689 1.958836 2.513179 1.779205 1.159529 1.195198 0.901185 0.595480
 698400.000000 2.054374 1.839990 2.670439 1.870938 1.135839 1.234217 0.947187 0.569673
 700800.000000 1.912120 1.926477 2.410749 1.740136 1.184889 1.231992 0.973072 0.594977
 703200.000000 2.022754 1.914562 2.514091 1.822879 0.998459 1.306685 1.032696 0.578766
 705600.000000 1.985744 1.705518 2.605455 1.840653 1.013171 1.330947 0.970379 0.600553
 708000.000000 2.028841 2.150147 2.488771 1.829486 1.015222 1.273435 0.984908 0.591841
 710400.000000 1.915849 2.105025 2.383026 1.761092 1.117271 1.350238 0.993869 0.592186
 712800.000000 2.044480 2.113729 2.305746 1.793420 1.049444 1.241443 0.927943 0.583375
 715200.000000 2.062937 2.097360 2.454893 1.800124 1.010143 1.332263 1.034579 0.610697
 717600.000000 2.150218 2.009077 2.315498 1.840250 1.125812 1.345310 1.034561 0.641200
 720000.000000 2.014383 2.108082 2.412866 1.851104 0.949791 1.313467 1.061331 0.627189
 722400.000000 2.011252 1.887196 2.454377 1.797041 0.932488 1.232630 1.097720 0.627314
 724800.000000 2.078387 1.996776 2.580283 1.840910 0.974430 1.358384 1.006218 0.623600
 727200.000000 1.797191 2.016629 2.390801 1.818024 1.089423 1.303829 0.919548 0.659511
 729600.000000 1.993527 1.984394 2.487486 1.814476 0.989107 1.388817 0.979953 0.569122
 732000.000000 2.055010 1.972034 2.509391 1.801963 1.025568 1.230747 0.932905 0.658294
 734400.000000 1.958465 1.980893 2.454609 1.776129 0.936023 1.207504 0.994356 0.647265
 736800.000000 1.863557 1.794453 2.471576 1.709283 1.033650 1.223067 0.981043 0.579576
 739200.000000 2.001174 2.021053 2.455730 1.745167 1.052511 1.265008 0.942463 0.616114
 741600.000000 1.964164 1.894394 2.414732 1.716932 1.020116 1.357201 0.966861 0.669243
 744000.000000 1.911676 2.071431 2.504325 1.790658 1.086860 1.323634 0.982088 0.578025
 746400.000000 2.047164 1.849614 2.562733 1.784076 0.960241 1.229789 1.006823 0.644646
 748800.000000 2.021995 1.873977 2.531871 1.823561 0.959052 1.268770 1.056552 0.652550
 751200.000000 1.999466 1.973564 2.564607 1.818076 0.983580 1.308941 0.910897 0.633001
 753600.000000 1.944082 1.832994 2.551634 1.839951 0.951085 1.355910 0.909647 0.642758
 756000.000000 1.964410 1.935766 2.398836 1.882729 1.018150 1.271794 0.908114 0.609212
 758400.000000 1.947023 1.974540 2.417554 1.712576 1.065122 1.277535 0.914530 0.583875
 760800.000000 2.078394 1.958576 2.556178 1.679600 0.952956 1.177160 0.939532 0.636337
 763200.000000 1.856325 1.945675 2.506239 1.840982 0.950739 1.268611 0.946398 0.628800
 765600.000000 1.872740 2.027389 2.557873 1.748430 0.939045 1.245872 0.948480 0.642780
 768000.000000 1.914327 1.948528 2.569617 1.711128 1.010416 1.291366 0.909716 0.647592
 770400.000000 2.011231 2.040910 2.595109 1.777435 0.976997 1.312156 0.938866 0.598940
 772800.000000 2.006698 2.011462 2.544331 1.767648 0.955762 1.269052 0.954667 0.653576
 775200.000000 1.951171 2.051331 2.526763 1.783113 0.977001 1.276937 0.904607 0.679982
 777600.000000 1.955609 2.018967 2.585423 1.822905 1.034327 1.243671 0.889765 0.622907
 780000.000000 1.767427 1.796729 2.356315 1.791641 0.944391 1.266549 0.913226 0.629433
 782400.000000 2.007074 1.899426 2.556026 1.890577 0.994377 1.056468 0.904551 0.633449
 784800.000000 1.837610 1.860908 2.510577 1.883982 0.873610 1.215584 0.918979 0.630501
 787200.000000 2.000415 1.889318 2.488079 1.812522 0.937508 1.228613 0.852121 0.634905
 789600.000000 1.992510 1.920932 2.527014 1.823663 0.955645 1.224445 0.853447 0.583271
 792000.000000 2.126166 1.896385 2.452191 1.867749 0.977217 1.198288 0.948235 0.632908
 794400.000000 2.015027 1.846971 2.526374 1.858023 0.999779 1.294781 0.911291 0.618221
 796800.000000 2.100254 1.660514 2.635081 1.752029 0.989811 1.202079 0.907081 0.593430
 799200.000000 1.871386 1.606034 2.639965 1.748203 1.018618 1.081417 0.872994 0.575994
 801600.000000 1.920997 1.882966 2.536845 1.717997 1.021849 1.277337 0.887549 0.642585
 804000.000000 1.891228 1.947524 2.472042 1.697257 1.013642 1.311264 0.921354 0.628702
 806400.000000 1.812854 1.914927 2.444686 1.667381 0.991424 1.310694 0.850724 0.612934
 808800.000000 1.912845 2.097109 2.449622 1.623879 1.094152 1.257339 0.864699 0.621199
 811200.000000 2.053638 1.847849 2.485261 1.723515 1.052252 1.268975 1.001393 0.625330
 813600.000000 1.833883 1.969720 2.476668 1.746036 1.031656 1.325429 0.995884 0.693145
 816000.000000 1.825206 1.873065 2.426013 1.782699 1.141920 1.227112 1.088316 0.738558
 818400.000000 1.942450 2.039580 2.419071 2.017791 0.979915 1.221397 1.068879 0.674395
 820800.000000 1.866700 1.869427 2.408370 2.019386 1.025371 1.227620 0.990378 0.745085
 823200.000000 1.821963 1.853473 2.514866 1.933435 1.096823 1.273860 1.147562 0.608052
 825600.000000 1.853056 1.742432 2.541415 1.842776 1.077684 1.212585 1.036913 0.596127
 828000.000000 1.887730 1.740201 2.441533 1.810174 1.148586 1.228660 1.010577 0.683320
 830400.000000 1.899198 1.866274 2.419945 1.795439 1.125253 1.204884 1.068991 0.734952
 832800.000000 1.913254 1.785815 2.494597 2.020206 1.074847 1.192539 0.949651 0.644517
 835200.000000 1.923783 1.763014 2.582341 1.818723 1.064232 1.208547 0.988800 0.666220
 837600.000000 1.871419 1.837269 2.556668 1.726333 1.031299 1.216055 1.068069 0.614934
 840000.000000 2.016012 1.844927 2.559717 2.005240 1.028824 1.262457 1.107482 0.674240
 842400.000000 1.930220 1.640791 2.650280 1.792211 1.068085 1.280438 1.007937 0.613802
 844800.000000 1.901411 1.601388 2.666381 1.800514 1.016359 1.222837 1.000777 0.664548
 847200.000000 1.893618 1.709958 2.681555 1.934408 0.943697 1.236119 0.827237 0.636230
 849600.000000 1.933248 1.572165 2.609271 1.841544 0.989313 1.316366 0.898603 0.629492
 852000.000000 1.966491 1.569190 2.653263 1.911556 1.030127 1.249433 0.996559 0.575584
 854400.000000 2.048334 1.607420 2.890872 2.032737 1.084239 1.264849 1.042065 0.580126
 856800.000000 1.927416 1.530581 2.820364 1.931900 1.084576 1.214672 1.038114 0.603106
 859200.000000 1.841354 1.604531 2.553288 1.741347 1.137835 1.269027 0.939418 0.651687
 861600.000000 1.889060 1.589772 2.709877 1.839385 1.161193 1.264558 1.066977 0.571966
 864000.000000 1.954543 1.580319 2.609755 1.789814 1.123897 1.272969 1.025559 0.627634
 866400.000000 1.836452 1.547662 2.609016 1.877131 1.063337 1.254839 1.011607 0.586864
 868800.000000 1.908294 1.564286 2.545009 1.919051 1.164394 1.296200 1.032184 0.575829
 871200.000000 2.049514 1.561226 2.622589 1.872377 1.041973 1.205188 0.983646 0.579845
 873600.000000 1.872789 1.517641 2.648623 1.780424 1.163033 1.245251 0.997485 0.553978
 876000.000000 1.992553 1.525107 2.641534 1.952911 1.074689 1.317280 0.997868 0.556905
 878400.000000 1.919542 1.784051 2.471258 1.830247 1.137389 1.257064 0.969128 0.597030
 880800.000000 1.880060 1.455295 2.578784 1.931598 1.064682 1.143571 1.058614 0.607694
 883200.000000 1.840610 1.527559 2.643870 1.848805 1.135564 1.216129 1.098814 0.588338
 885600.000000 1.979926 1.514289 2.678081 1.799741 1.190365 1.258307 0.981625 0.671345
 888000.000000 1.904210 1.559912 2.638878 1.877383 1.148851 1.187678 0.937926 0.557006
 890400.000000 1.916624 1.589153 2.730454 1.771084 1.149111 1.238352 0.978248 0.599715
 892800.000000 1.848042 1.613607 2.642264 1.818523 1.127581 1.226226 0.987920 0.596505
 895200.000000 1.836385 1.522082 2.683100 1.710356 1.029074 1.255546 0.969540 0.576463
 897600.000000 1.870755 1.596662 2.627194 1.817984 1.105394 1.244377 0.935561 0.605109
 900000.000000 1.653549 1.626730 2.607544 2.167434 1.080487 1.230097 0.993827 0.608093
 902400.000000 1.938278 1.612965 2.642813 1.955009 1.033226 1.305556 0.943562 0.603417
 904800.000000 1.846768 1.551622 2.557092 1.927369 1.122183 1.170435 0.999348 0.580694
 907200.000000 1.917252 1.571992 2.608203 1.963755 1.128440 1.167787 0.970812 0.633796
 909600.000000 1.779655 1.612419 2.586686 1.802708 1.042444 1.247021 0.903102 0.559396
 912000.000000 1.857647 1.859605 2.499178 1.837353 1.107070 1.193825 1.029380 0.613550
 914400.000000 1.944951 1.750048 2.432601 1.776558 1.067544 1.161238 1.046841 0.637398
 916800.000000 1.916946 1.810262 2.403264 1.886890 1.020248 1.285119 0.969731 0.575505
 919200.000000 1.930696 1.684996 2.564348 1.850848 1.095518 1.257246 0.951773 0.522333
 921600.000000 1.945352 1.864235 2.469336 1.886377 1.032846 1.196968 0.957770 0.612359
 924000.000000 1.941602 1.644591 2.682402 1.868187 1.154197 1.208255 0.967889 0.618758
 926400.000000 1.964054 1.882707 2.544540 1.902413 1.110087 1.262847 0.975988 0.651134
 928800.000000 1.861347 1.818493 2.512407 1.878102 1.064273 1.176935 0.990414 0.574233
 931200.000000 1.992294 1.618226 2.618852 1.700824 1.040385 1.266539 0.941777 0.615814
 933600.000000 2.028855 1.719652 2.695640 1.901775 1.049260 1.161430 0.926832 0.647256
 936000.000000 2.089328 1.943710 2.616423 1.849799 1.068785 1.214554 0.990117 0.607647
 938400.000000 1.894021 1.816247 2.562913 1.768374 0.989744 1.221492 0.932121 0.623161
 940800.000000 1.897471 1.864906 2.708308 1.908951 1.082566 1.169653 0.891804 0.585087
 943200.000000 1.955863 2.118262 2.554606 1.654788 1.092246 1.208074 0.957151 0.584512
 945600.000000 2.071909 2.102790 2.452687 1.859113 1.096164 1.257054 0.951605 0.580070
 948000.000000 1.967110 2.195541 2.539562 1.823284 1.125994 1.190824 1.007679 0.599186
 950400.000000 2.175771 2.392910 2.520707 1.809469 1.199134 1.198638 1.025671 0.584879
 952800.000000 2.109016 2.090837 2.638992 1.806222 1.195138 1.255910 0.934053 0.570208
 955200.000000 1.997179 2.033318 2.462335 1.776029 1.169051 1.221541 1.012985 0.620857
 957600.000000 2.089354 2.042476 2.567089 1.804903 1.005097 1.225115 0.970233 0.604892
 960000.000000 2.166121 2.170434 2.594142 1.853849 1.177506 1.243109 1.008996 0.619300
 962400.000000 1.899402 2.053149 2.372592 1.733065 1.134844 1.186610 1.013578 0.580007
 964800.000000 2.007625 1.928387 2.544834 1.763640 1.111099 1.216617 0.954041 0.621344
 967200.000000 2.104421 2.212304 2.423668 1.867253 1.109207 1.192303 1.015113 0.617458
 969600.000000 1.968253 2.108397 2.494560 1.945380 1.106106 1.160527 0.979306 0.637362
 972000.000000 2.014071 2.074505 2.375551 1.959765 1.123927 1.281715 1.062913 0.613521
 974400.000000 1.898896 2.086133 2.634155 2.057228 1.085751 1.252137 0.973908 0.599319
 976800.000000 2.099819 2.140989 2.586839 1.969124 1.220319 1.246174 0.943299 0.593727
 979200.000000 1.920469 2.064385 2.542309 1.917738 1.172503 1.234432 0.987524 0.573528
 981600.000000 1.900417 2.046099 2.653528 1.938187 1.138515 1.253375 1.047398 0.707164
 984000.000000 1.984527 2.170784 2.789189 1.902477 1.099022 1.207846 0.980623 0.563791
 986400.000000 1.951905 2.204598 2.488714 1.750587 1.166638 1.265504 0.994913 0.581750
 988800.000000 2.044383 2.053827 2.425729 1.776761 1.129148 1.147381 0.951431 0.586807
 991200.000000 1.847592 2.169154 2.497454 1.956445 0.987589 1.228244 0.939210 0.625755
 993600.000000 1.933178 2.184642 2.418374 1.899698 1.121585 1.184448 0.973173 0.628724
 996000.000000 2.054103 2.172361 2.448289 1.865656 1.127146 1.203823 0.969217 0.660095
 998400.000000 2.031119 2.075901 2.417542 1.865935 1.191974 1.236940 0.928507 0.599231
 1000800.000000 1.976595 2.257668 2.639214 1.749882 1.209188 1.279830 1.027416 0.621761
 1003200.000000 1.910598 2.245360 2.332375 1.703533 1.155195 1.252657 0.906385 0.637718
 1005600.000000 1.960520 2.124314 2.547855 1.837388 1.169693 1.223491 0.917111 0.622211
 1008000.000000 2.142312 2.196147 2.416849 1.949707 1.017931 1.198149 0.915613 0.635751
 1010400.000000 1.732349 2.117265 2.418761 1.830873 1.021043 1.241500 0.925243 0.654790
 1012800.000000 1.960851 2.051153 2.410959 1.876624 1.023353 1.309984 0.900861 0.634260
 1015200.000000 1.816237 2.118922 2.620117 1.909586 1.038274 1.345011 0.917264 0.631745
 1017600.000000 1.940994 2.367992 2.375889 1.940513 1.050516 1.358772 0.950667 0.661830
 1020000.000000 1.736988 2.023250 2.452424 2.066039 1.075292 1.260193 0.948434 0.656065
 1022400.000000 1.946156 2.003544 2.755727 1.772093 1.202841 1.298234 1.017599 0.611071
 1024800.000000 1.612120 1.959856 2.631775 1.833627 1.172454 1.411648 0.972075 0.599215
 1027200.000000 1.842512 1.873641 2.576935 1.825445 1.101365 1.434938 0.953487 0.661822
 1029600.000000 1.875752 2.055674 2.445263 1.920535 1.086754 1.329286 0.921903 0.616556
 1032000.000000 1.777785 2.173951 2.490717 2.029111 1.008894 1.361638 0.943377 0.586580
 1034400.000000 1.817420 2.074655 2.660968 1.976575 1.026459 1.239045 1.051033 0.646030
 1036800.000000 1.804526 2.123085 2.622633 2.068606 1.037213 1.257180 1.047129 0.587931
 1039200.000000 1.766009 2.219583 2.500210 1.915543 1.068052 1.246565 1.076188 0.610823
 1041600.000000 1.901507 2.212621 2.488302 2.163221 1.101392 1.360164 1.103915 0.571767
 1044000.000000 1.803042 2.194128 2.705733 1.851942 1.073951 1.346472 0.992512 0.580672
 1046400.000000 1.938115 2.250690 2.429357 1.965594 1.085125 1.321974 1.043018 0.604839
 1048800.000000 1.703790 2.238795 2.465969 1.818457 1.274228 1.336007 0.986389 0.576095
 1051200.000000 1.711741 2.325399 2.529617 1.694247 1.256206 1.138311 0.974537 0.667742
 1053600.000000 1.680573 2.258924 2.501944 1.779564 1.404819 1.440391 1.048123 0.588157
 1056000.000000 1.713570 2.217799 2.637766 1.774137 1.277173 1.211329 1.022605 0.558128
 1058400.000000 1.561441 2.094170 2.712346 1.860856 1.314854 1.290399 1.124045 0.624853
 1060800.000000 1.639032 2.152860 2.641113 1.828159 1.286361 1.290069 1.038941 0.602492
 1063200.000000 1.535459 2.069550 2.744204 1.731271 1.232883 1.290975 1.032303 0.582353
 1065600.000000 1.522053 1.907741 2.508395 1.666768 1.306460 1.264434 1.085122 0.610430
 1068000.000000 1.823199 2.053470 2.608981 1.872843 1.125908 1.293545 1.057711 0.584124
 1070400.000000 1.580015 1.914869 2.557016 1.593509 1.284967 1.221474 1.117914 0.572853
 1072800.000000 1.733994 2.034674 2.837414 1.849992 1.253878 1.267185 1.069476 0.596218
 1075200.000000 1.853688 2.131402 2.494729 2.002636 1.075979 1.886700 1.071547 0.608899
 1077600.000000 1.827285 2.033073 2.529436 1.963514 1.072428 1.939663 0.963634 0.602520
 1080000.000000 1.827833 2.106394 2.710295 1.930848 1.094511 1.909860 1.088494 0.593756
 1082400.000000 1.877675 2.140067 2.478463 1.963832 1.013603 1.872973 1.061206 0.617426
 1084800.000000 1.732239 2.113381 2.653785 1.954972 1.172966 1.943420 1.006733 0.600131
 1087200.000000 1.790120 2.127102 2.570659 1.905923 1.104032 1.818004 1.227990 0.672400
 1089600.000000 1.759991 1.914049 2.446504 1.932119 1.030344 2.087894 1.069655 0.593321
 1092000.000000 1.719358 1.947319 2.158858 1.904687 1.080572 2.071362 1.190950 0.593419
 1094400.000000 1.930050 1.901683 2.477777 1.938667 1.133417 1.935334 1.084959 0.584650
 1096800.000000 1.954540 2.154331 2.546799 1.941795 1.083063 1.837647 1.117829 0.638409
 1099200.000000 1.723080 1.975720 2.407355 1.869277 1.141299 1.885374 1.144141 0.586370
 1101600.000000 1.760706 2.065911 2.430482 1.962345 1.186402 1.787779 1.189161 0.630582
 1104000.000000 1.661282 2.061683 2.630821 1.785958 1.165877 1.855201 1.165823 0.598006
 1106400.000000 1.722458 1.994509 2.622013 1.857940 1.188326 1.897365 1.256787 0.620928
 1108800.000000 1.766916 1.937027 2.631042 1.766341 1.169250 1.732170 1.127060 0.637953
 1111200.000000 1.691280 1.993356 2.616435 1.838596 1.129914 1.777563 1.111801 0.574248
 1113600.000000 1.833051 2.012844 2.395530 1.946352 1.095331 1.875425 1.036158 0.595278
 1116000.000000 1.773886 2.032279 2.587315 1.959689 1.080613 1.907078 1.113420 0.560399
 1118400.000000 1.736642 1.958939 2.479946 1.856718 1.070078 1.786336 1.117035 0.633452
 1120800.000000 1.857470 1.948829 2.629351 1.993854 1.103450 1.736441 1.132569 0.639199
 1123200.000000 1.713808 2.037187 2.411908 1.930366 1.055526 1.763066 1.154983 0.637061
 1125600.000000 1.848375 2.014199 2.473140 1.963827 1.110628 1.893597 1.212457 0.627454
 1128000.000000 1.868274 1.959743 2.505736 1.955195 1.116718 1.939814 1.107963 0.601359
 1130400.000000 1.798430 2.018945 2.340819 2.140357 1.106700 1.906875 1.124119 0.601100
 1132800.000000 1.779030 2.054960 2.435480 1.985684 1.115671 1.879481 1.103330 0.560648
 1135200.000000 1.720394 2.155298 2.574400 1.958134 1.115234 1.768746 1.160645 0.610463
 1137600.000000 1.745299 1.758322 2.589247 1.939655 1.072145 2.020690 1.121890 0.558395
 1140000.000000 1.830629 1.973363 2.522907 2.062797 1.130190 1.905891 1.138581 0.575235
 1142400.000000 1.851695 1.933082 2.471135 1.958558 1.138411 1.752050 1.159040 0.682553
 1144800.000000 1.806369 1.877290 2.545765 1.953054 1.082395 1.907256 1.119995 0.608210
 1147200.000000 1.877033 2.004236 2.424924 1.928719 1.112774 1.920436 1.108033 0.542362
 1149600.000000 1.842020 1.849867 2.486546 1.926759 1.090771 1.884015 1.088251 0.582942
 1152000.000000 1.879712 1.889066 2.543195 1.992381 1.096587 1.785724 1.173785 0.617917
 1154400.000000 1.708264 1.945278 2.456497 1.865497 1.120752 1.678730 1.073151 0.588814
 1156800.000000 1.623987 2.028827 2.474985 1.828522 1.115485 1.842499 1.191306 0.599346
 1159200.000000 1.616194 1.905435 2.433083 1.905495 1.101969 1.981639 1.117368 0.597477
 1161600.000000 1.682372 2.042696 2.447503 1.804429 1.104476 1.824897 1.059388 0.564275
 1164000.000000 1.524374 1.848425 2.259106 1.851691 1.185926 1.816322 1.150184 0.560691
 1166400.000000 1.714235 1.705701 2.341851 1.866790 1.109532 2.053553 1.130634 0.631840
 1168800.000000 1.742315 1.944157 2.315046 1.935068 1.068570 2.004826 1.249650 0.577580
 1171200.000000 1.761220 1.800546 2.525214 2.041812 1.060412 1.913419 1.073021 0.565998
 1173600.000000 1.723445 1.999370 2.542520 1.799368 1.075700 1.925136 1.221407 0.537267
 1176000.000000 1.835331 1.710407 2.432181 1.888956 1.030725 1.895348 1.160637 0.569768
 1178400.000000 1.772714 1.959286 2.547310 1.921628 1.027785 2.043992 1.023888 0.577339
 1180800.000000 1.724755 1.853688 2.493346 1.937347 1.109397 1.761450 1.230092 0.572549
 1183200.000000 1.666231 1.877551 2.632269 1.857166 1.138106 1.781380 1.176820 0.632613
 1185600.000000 1.674774 1.736839 2.699216 1.909712 1.103830 1.754945 1.245730 0.613378
 1188000.000000 1.806511 1.815115 2.825001 1.877465 1.047976 1.944560 1.152212 0.549954
 1190400.000000 1.790329 1.844707 2.726743 1.891003 1.044843 1.770656 1.178876 0.601360
 1192800.000000 1.672673 1.952702 2.858643 1.770354 1.027241 2.049276 1.043073 0.555670
 1195200.000000 1.653799 2.000606 2.664163 1.751913 1.098207 1.922838 1.105197 0.547340
 1197600.000000 1.642753 1.860141 2.849703 1.928902 1.126092 1.799049 1.229326 0.594063
 1200000.000000 1.672619 1.899801 2.844673 1.815481 1.123814 1.866014 1.087504 0.584367
 1202400.000000 1.772144 1.954704 2.722702 2.073825 0.997020 1.796578 1.118137 0.554577
 1204800.000000 1.702335 1.975460 2.695342 1.977451 1.042059 1.689242 1.097814 0.566825
 1207200.000000 1.730426 2.036840 2.974711 1.851096 1.073235 1.944517 1.150791 0.602715
 1209600.000000 1.745416 2.151360 3.119685 1.930584 1.108176 1.842172 1.106816 0.559497
 1212000.000000 1.830435 2.010854 2.772314 2.115825 1.030104 1.962256 1.166329 0.607726
 1214400.000000 1.811510 1.940180 2.693479 2.102068 0.870066 1.997281 1.153509 0.594734
 1216800.000000 1.808269 2.053768 2.730387 1.959891 0.976275 1.994566 1.173009 0.614448
 1219200.000000 1.888047 1.923004 2.784008 1.989515 1.033888 1.824024 1.191009 0.598437
 1221600.000000 1.840836 2.173600 2.775679 2.022214 1.067874 1.745189 1.174237 0.582596
 1224000.000000 1.847124 2.188771 2.635842 2.137276 0.980521 1.795007 1.230279 0.577953
 1226400.000000 1.946008 2.046366 2.792560 2.062897 0.984143 1.699181 1.077912 0.569135
 1228800.000000 1.922453 1.901682 2.621965 1.994078 1.011045 1.790482 1.186234 0.582767
 1231200.000000 1.951913 1.920140 2.722548 2.007341 0.990601 1.831440 1.093292 0.555049
 1233600.000000 1.881043 2.099763 2.672938 1.976287 1.023818 1.844126 1.198990 0.595696
 1236000.000000 1.968030 1.992007 2.817941 1.887717 1.019196 1.876619 1.151809 0.572427
 1238400.000000 1.591405 2.067596 2.798042 2.027606 0.970353 1.836941 1.229006 0.608711
 1240800.000000 1.761627 1.912878 2.904368 2.144281 1.020135 1.949515 1.177339 0.621703
 1243200.000000 1.753106 1.904919 2.728583 1.923284 0.958043 1.967507 1.148755 0.596838
 1245600.000000 1.662457 1.953255 2.832331 1.975817 1.089105 1.818036 1.207765 0.587913
 1248000.000000 1.885594 2.284081 2.597290 1.987932 1.087017 1.990994 1.125614 0.584729
 1250400.000000 1.722625 2.253641 2.586323 1.647833 1.048241 1.887281 1.154734 0.562896
 1252800.000000 1.925570 2.403561 2.565498 1.621030 1.081394 1.882397 1.144299 0.614903
 1255200.000000 1.865944 2.321659 2.389439 1.637237 1.027956 1.696800 1.135861 0.561989
 1257600.000000 1.742936 2.298664 2.250062 1.559898 1.000101 1.921461 1.171704 0.654052
 1260000.000000 1.933455 2.270225 2.302497 1.768393 1.211337 1.933292 1.153501 0.617434
 1262400.000000 2.016869 2.273744 2.239384 1.706356 1.001442 1.999607 1.107581 0.585306
 1264800.000000 2.082691 2.208828 2.191659 1.683535 1.117230 1.930246 1.141160 0.612940
 1267200.000000 1.914115 2.194770 2.182862 1.677832 1.055505 2.221459 1.155649 0.580613
 1269600.000000 1.993255 2.328208 2.180780 1.739679 0.956179 2.104232 1.190752 0.563872
 1272000.000000 2.026871 2.391095 2.322145 1.767787 0.941713 1.898076 1.083815 0.567334
 1274400.000000 2.062037 2.190178 2.303698 1.696176 1.119523 1.834161 1.091539 0.643883
 1276800.000000 2.279263 2.492972 2.217343 1.756933 1.021267 2.149894 1.048349 0.599019
 1279200.000000 2.188127 2.161891 2.206338 1.700478 1.005984 1.964854 1.102891 0.575518
 1281600.000000 2.225360 2.352281 2.449853 1.774723 0.960809 2.166269 1.023752 0.569629
 1284000.000000 2.373357 2.340879 2.263771 1.762116 1.011034 2.057654 1.075443 0.588932
 1286400.000000 2.082510 2.330537 2.231779 1.658669 1.060711 2.046213 1.097874 0.588177
 1288800.000000 2.329002 2.461343 2.201633 1.481138 1.118659 1.966850 1.067366 0.571068
 1291200.000000 2.478547 2.234819 2.381633 1.534065 1.110815 1.918259 1.064198 0.567955
 1293600.000000 2.242153 2.164152 2.471440 1.497940 1.141780 1.981068 1.005356 0.582377
 1296000.000000 2.237294 2.011455 2.399924 1.538705 1.014736 2.076187 1.007831 0.581115
 1298400.000000 2.451210 1.852046 2.631467 1.519449 1.104930 2.062179 1.057968 0.565007
 1300800.000000 1.937352 1.874926 2.586093 1.455357 1.053135 1.971154 1.034456 0.571896
 1303200.000000 2.123596 2.065092 2.277242 1.475535 1.054494 2.062230 1.034148 0.604084
 1305600.000000 2.224183 2.020050 2.446811 1.473427 1.068136 2.046187 1.043421 0.621607
 1308000.000000 2.226721 2.048964 2.330314 1.612730 1.044920 1.794044 1.036775 0.645615
 1310400.000000 2.219380 2.248365 2.230745 1.575014 1.028337 1.991631 1.058481 0.615349
 1312800.000000 2.157947 2.004325 2.347749 1.619730 0.920002 2.083530 1.068206 0.591012
 1315200.000000 2.274525 2.215108 2.247850 1.834034 0.947482 2.107465 1.070800 0.578563
 1317600.000000 2.315727 2.483100 2.659619 1.727090 0.984862 1.926636 0.996464 0.578141
 1320000.000000 2.285267 2.092768 2.306663 1.610206 1.048699 2.088386 0.977516 0.639942
 1322400.000000 2.387283 2.145206 2.344666 1.596737 1.073339 2.088814 0.991580 0.551540
 1324800.000000 2.242578 2.140857 2.565038 1.582619 0.941145 2.092889 1.058741 0.600152
 1327200.000000 2.169019 2.064965 2.777242 1.587516 1.079809 2.062053 1.022133 0.606622
 1329600.000000 2.139360 2.048815 2.753733 1.593989 1.124102 1.995401 1.012487 0.561418
 1332000.000000 2.141952 2.159361 2.710678 1.609703 0.925581 2.115853 1.032503 0.570410
 1334400.000000 2.216795 1.950760 2.736779 1.606837 1.003875 2.039839 1.025627 0.608494
 1336800.000000 2.364958 1.919091 2.726471 1.603798 1.048635 2.060727 1.019103 0.622417
 1339200.000000 2.274179 1.815769 2.806477 1.588143 0.953765 2.290003 1.032294 0.558905
 1341600.000000 2.113718 2.089953 2.755153 1.572100 0.966198 1.924392 1.035334 0.548334
 1344000.000000 2.326025 2.041899 2.906260 1.691148 0.917996 2.087037 1.011115 0.577479
 1346400.000000 2.157013 2.154629 2.716310 1.628144 0.993454 1.896522 1.047942 0.612620
 1348800.000000 2.184098 1.898426 2.876124 1.509263 1.058104 1.953158 1.036172 0.558363
 1351200.000000 2.478916 2.150845 3.023760 1.694036 1.046444 2.069955 0.990846 0.572918
 1353600.000000 2.281589 1.913252 2.788282 1.689599 1.035638 2.147726 1.051982 0.636096
 1356000.000000 2.158727 2.095524 2.525113 1.587119 1.095934 1.995016 1.044692 0.590464
 1358400.000000 2.388444 2.133874 2.685179 1.602562 1.043982 1.964534 1.008918 0.568255
 1360800.000000 2.107308 2.379196 2.498262 1.574327 1.093626 1.911794 1.047871 0.575901
 1363200.000000 2.192981 2.045824 2.736467 1.500455 0.865084 1.922468 1.000251 0.552117
 1365600.000000 2.110346 1.872160 2.659638 1.607790 0.917568 2.020110 1.033739 0.602219
 1368000.000000 2.076691 2.236692 2.561631 1.615620 0.942593 2.161729 1.055658 0.594718
 1370400.000000 2.152960 2.164881 2.684403 1.656186 0.959713 1.972419 1.079143 0.606067
 1372800.000000 2.101092 1.995033 2.466843 1.452054 0.983633 2.088878 1.008038 0.603473
 1375200.000000 2.080854 1.877432 2.366879 1.529518 1.045499 1.958322 0.978853 0.601254
 1377600.000000 2.242086 2.120450 2.324726 1.664852 0.963749 2.063317 1.061318 0.643508
 1380000.000000 1.803703 2.003545 2.425860 1.770912 0.977101 2.052626 1.120263 0.574260
 1382400.000000 2.117197 1.890755 2.618220 1.814286 0.970314 1.982990 0.993928 0.641259
 1384800.000000 2.050710 2.011280 2.554917 1.893235 0.979895 2.070152 0.998167 0.558106
 1387200.000000 2.024582 1.843047 2.454046 1.520620 0.944116 2.096176 1.027534 0.648337
 1389600.000000 2.035806 2.020576 2.368401 1.559977 1.027269 2.061483 1.023673 0.583581
 1392000.000000 2.008975 1.961639 2.509106 1.672320 1.023567 2.058049 1.062617 0.579905
 1394400.000000 2.255754 2.261628 2.358538 1.542674 1.015038 2.020898 1.059553 0.612419
 1396800.000000 2.140654 2.254783 2.532907 1.573095 0.980434 2.176464 1.037709 0.586391
 1399200.000000 2.144100 2.128105 2.482533 1.603233 0.942336 1.966417 1.051229 0.542544
 1401600.000000 2.142975 2.280534 2.734909 1.470394 0.996037 1.868485 1.065613 0.607698
 1404000.000000 2.247649 2.315007 2.592158 1.652868 0.960807 1.943338 1.025525 0.582746
 1406400.000000 2.175911 2.157724 2.761552 1.525024 0.975196 1.937804 1.030831 0.611743
 1408800.000000 2.287025 2.139454 2.361391 1.586518 1.048145 2.043634 1.011980 0.582885
 1411200.000000 2.136175 1.827251 2.438062 1.623474 0.936218 1.935571 1.105905 0.646689
 1413600.000000 2.229197 1.889982 2.313863 1.566807 1.003639 2.058273 1.030571 0.619007
 1416000.000000 2.134858 2.110165 2.494351 1.563709 1.055825 1.952107 1.070094 0.556807
 1418400.000000 2.116815 2.243068 2.407153 1.512474 1.068955 1.839386 1.119497 0.635439
 1420800.000000 2.063492 1.846441 2.428133 1.541170 1.009567 2.026979 0.980740 0.585202
 1423200.000000 2.102349 1.910647 2.677809 1.593685 0.968147 1.997516 1.041891 0.612126
 1425600.000000 2.227586 1.823479 2.510873 1.673196 0.918402 1.871559 1.058503 0.604664
 1428000.000000 2.192573 1.948554 2.658441 1.699265 0.942319 2.062152 1.039514 0.597314
 1430400.000000 2.202358 2.113308 2.538481 1.683716 0.986021 1.902426 1.088836 0.630685
 1432800.000000 2.206328 1.841252 2.605000 1.727024 0.971797 1.881684 0.935164 0.665901
 1435200.000000 2.181872 2.043424 2.795477 1.577000 0.971116 1.909782 1.078752 0.602115
 1437600.000000 2.258582 2.168046 2.717891 1.584733 1.021069 2.029061 1.034198 0.654894
 1440000.000000 2.125795 1.969651 2.632681 1.646327 0.973352 2.059157 1.064475 0.618347
 1442400.000000 2.251425 2.203356 2.876336 1.653110 0.923837 1.862336 1.074335 0.574804
 1444800.000000 2.097715 2.127578 2.668539 1.503092 0.986742 1.989197 1.070497 0.663625
 1447200.000000 2.112898 2.130655 2.762100 1.581993 0.946702 2.216705 1.029035 0.613040
 1449600.000000 1.988023 2.045113 2.741815 1.555407 0.979275 1.844791 1.103308 0.638039
 1452000.000000 2.072640 1.877294 2.744282 1.586212 0.930743 2.003400 1.090844 0.614053
 1454400.000000 2.174388 2.081736 2.804107 1.584153 0.962937 2.067681 1.055843 0.566167
 1456800.000000 2.235849 2.055178 2.776204 1.644824 0.994737 1.987470 1.043518 0.635688
 1459200.000000 2.275967 2.015173 2.727098 1.609712 0.989734 1.993415 1.022402 0.578342
 1461600.000000 2.174016 2.079678 2.593927 1.686703 1.036358 2.094735 1.074568 0.578780
 1464000.000000 2.165188 2.204782 2.591002 1.594386 1.036678 1.855906 1.092949 0.621404
 1466400.000000 2.236716 1.997929 2.596252 1.528271 0.983041 2.006771 1.101430 0.602887
 1468800.000000 2.203750 2.011331 2.615513 1.629704 0.980095 1.946520 1.007948 0.584206
 1471200.000000 2.175592 2.284738 2.763127 1.617710 0.989379 2.015378 0.993112 0.571564
 1473600.000000 2.167423 2.152024 2.526895 1.599095 0.984194 1.719104 1.074926 0.594876
 1476000.000000 2.136144 2.075368 2.635087 1.616381 1.067467 1.839405 1.010897 0.613283
 1478400.000000 2.276605 1.983992 2.620527 1.665892 0.969271 1.773020 1.027591 0.569686
 1480800.000000 2.205374 2.296992 2.825526 1.520824 0.966141 2.119975 1.093017 0.567375
 1483200.000000 2.132553 2.005780 2.577577 1.539336 1.017608 2.139717 1.015945 0.589885
 1485600.000000 2.137134 2.047344 2.813877 1.603506 1.016340 1.856712 1.016628 0.602359
 1488000.000000 2.256818 1.737657 2.660445 1.663754 0.996998 2.087911 1.044747 0.635569
 1490400.000000 2.174005 2.226774 2.918870 1.584031 0.976044 1.903402 1.054809 0.677245
 1492800.000000 2.160763 2.387908 2.867508 1.546659 0.989075 1.792621 1.062722 0.611151
 1495200.000000 2.132470 1.998807 2.887400 1.655645 1.005191 2.037456 1.124311 0.615987
 1497600.000000 2.126262 2.048291 2.967785 1.537709 1.093099 1.814824 1.089003 0.640632
 1500000.000000 2.247469 2.104556 2.800128 1.590432 1.047924 2.048499 1.068666 0.632199
 1502400.000000 1.959373 2.311243 2.706756 1.566054 0.936224 1.887719 1.018088 0.659867
 1504800.000000 2.131313 2.157358 2.858213 1.594513 1.007721 2.072479 1.021565 0.598149
 1507200.000000 2.266049 2.096476 2.784926 1.483950 1.280172 1.876811 1.112631 0.666461
 1509600.000000 2.212473 2.028670 2.761758 1.611085 0.908932 1.918448 1.038431 0.625248
 1512000.000000 2.097104 1.973959 2.772374 1.635563 0.987069 1.899375 1.061279 0.603385
 1514400.000000 2.114880 2.221647 2.862298 1.713511 1.005515 2.044702 1.054606 0.585307
 1516800.000000 2.169107 1.997169 2.768688 1.774421 0.948460 2.050573 1.074987 0.609900
 1519200.000000 2.095588 1.981246 2.739861 1.652922 1.008486 1.950224 0.995009 0.629949
 1521600.000000 2.002172 1.963860 3.017624 1.592413 0.979852 1.925726 1.003197 0.591207
 1524000.000000 2.072405 1.865194 2.717372 1.568949 0.971603 2.019988 1.022035 0.615799
 1526400.000000 2.155549 1.980439 2.608723 1.648124 0.941328 1.999583 1.028234 0.609245
 1528800.000000 2.047711 1.844723 2.764605 1.612329 0.967553 1.838805 0.990806 0.638666
 1531200.000000 2.106164 1.835836 2.743011 1.573917 0.961139 1.726418 0.984503 0.601611
 1533600.000000 2.177070 1.825645 2.799582 1.583388 1.029264 1.821695 1.144855 0.573530
 1536000.000000 2.070568 1.917101 2.762769 1.607952 0.893177 1.756957 1.087898 0.544823
 1538400.000000 2.161902 1.852624 2.623806 1.551936 1.018994 1.716132 1.011216 0.610576
 1540800.000000 1.986413 1.893228 3.013351 1.646258 0.997169 1.987689 1.063682 0.604635
 1543200.000000 2.091550 1.752552 2.737472 1.595332 1.004674 1.951382 0.997472 0.587463
 1545600.000000 2.125420 2.106503 2.658575 1.649793 0.967025 1.931436 1.016098 0.568115
 1548000.000000 2.059511 1.977090 2.694974 1.754995 0.880889 1.917425 1.032733 0.584469
 1550400.000000 2.235561 2.220047 2.837267 1.622539 0.933382 2.103297 1.057972 0.595672
 1552800.000000 2.111539 2.101243 2.556170 1.741602 0.940613 2.137581 1.004791 0.597651
 1555200.000000 2.215068 2.133804 2.743281 1.631089 0.799468 2.042601 0.983888 0.593490
 1557600.000000 2.102837 1.725046 2.650350 1.636120 0.929681 1.955236 1.015351 0.573274
 1560000.000000 2.174188 1.779372 2.728957 1.631944 0.960934 1.929563 0.949909 0.574860
 1562400.000000 2.004667 1.687490 2.691021 1.634811 0.847687 1.924432 1.033674 0.568411
 1564800.000000 2.143419 1.688881 2.786858 1.698521 0.853329 2.038942 1.001783 0.570709
 1567200.000000 2.300927 2.132101 2.556553 1.898222 0.905314 2.099872 0.944727 0.650547
 1569600.000000 2.035516 2.292638 2.548138 1.976027 0.863855 1.980004 1.062251 0.594597
 1572000.000000 2.024228 2.377004 2.745019 1.766900 0.864489 1.837143 1.012408 0.584831
 1574400.000000 2.059627 2.284871 2.695160 1.909089 0.887845 1.962166 1.034471 0.623692
 1576800.000000 1.939357 2.117595 2.661932 1.851899 0.942141 1.779482 0.996054 0.583397
 1579200.000000 2.139848 2.291153 2.784297 1.885146 0.947447 1.986037 1.035215 0.563621
 1581600.000000 2.039819 2.123644 2.734650 1.912750 0.907860 2.116302 1.079607 0.592118
 1584000.000000 2.010864 2.018826 2.895146 1.873183 0.952742 2.076416 1.074842 0.565372
 1586400.000000 2.017484 1.906240 2.732774 1.833308 0.977603 2.040595 1.076908 0.582651
 1588800.000000 2.236289 2.213741 2.722146 1.900704 0.974143 1.949872 0.995525 0.560252
 1591200.000000 2.122551 2.290840 2.973612 1.942117 0.956829 2.138285 1.074960 0.588747
 1593600.000000 2.106971 1.817322 2.938474 1.941825 0.899218 2.017377 1.049787 0.600278
 1596000.000000 2.143867 1.907319 3.203806 1.889443 0.883505 1.946594 1.059858 0.592126
 1598400.000000 1.893704 1.975839 3.298794 1.837369 0.933769 1.816164 1.096309 0.593925
 1600800.000000 1.951565 1.644362 3.197928 1.853267 0.864971 2.034218 1.072813 0.598896
 1603200.000000 2.018378 1.788765 3.238821 1.906945 0.969187 2.164079 1.068412 0.597751
 1605600.000000 1.905032 1.961766 3.156457 1.996935 0.886941 2.046397 1.072633 0.569787
 1608000.000000 1.978744 1.884570 3.157146 1.812458 0.955407 1.913681 1.000266 0.597406
 1610400.000000 1.937437 1.639112 3.136791 1.868196 0.797958 2.035947 1.059143 0.574333
 1612800.000000 2.074324 1.840627 3.194897 2.001496 0.872301 1.947485 1.080894 0.583278
 1615200.000000 2.148548 1.784208 3.141840 1.887885 0.884667 2.095919 1.008362 0.609070
 1617600.000000 2.089157 1.811891 2.971900 1.954939 0.867126 1.908998 1.057705 0.597199
 1620000.000000 2.027831 2.178901 2.767738 1.951465 0.874156 2.026382 1.042868 0.581390
 1622400.000000 1.934357 2.180358 2.545340 1.858595 0.878661 1.935275 1.004917 0.617912
 1624800.000000 2.086140 2.272019 2.693240 1.880367 0.857017 1.985016 1.038939 0.618307
 1627200.000000 2.085450 2.078787 2.758028 1.831883 0.911203 1.928080 1.054441 0.613734
 1629600.000000 2.106667 2.272433 2.795321 1.907847 0.905405 2.058960 1.020765 0.629875
 1632000.000000 1.926983 2.233880 2.866875 1.661106 0.866970 1.920974 1.051715 0.676379
 1634400.000000 1.965128 2.150180 2.769437 1.931839 0.908620 1.977709 1.073821 0.620740
 1636800.000000 2.004584 2.151376 2.739133 1.904625 0.859470 1.940310 0.999293 0.596939
 1639200.000000 2.044745 1.754093 2.663804 1.946185 0.906171 2.119959 1.104548 0.569234
 1641600.000000 1.849985 1.939559 2.699409 1.837921 0.871122 1.910738 1.052974 0.610157
 1644000.000000 1.958089 2.239018 2.464903 1.905929 0.880179 1.983149 0.972497 0.606162
 1646400.000000 1.920895 2.220739 2.871124 1.903323 0.890911 1.945450 1.058130 0.601656
 1648800.000000 1.987675 1.895684 2.994938 1.892223 0.917687 2.159150 1.088748 0.599232
 1651200.000000 2.035109 1.967885 2.727984 1.907938 0.852419 1.975798 1.078029 0.585486
 1653600.000000 1.890526 1.697491 2.703656 1.879207 0.880014 1.911187 0.977949 0.606892
 1656000.000000 1.986566 1.487208 2.841288 1.874668 0.874301 1.959259 1.012052 0.610219
 1658400.000000 1.983824 1.429161 2.658996 1.945823 0.950281 1.964720 1.038315 0.581432
 1660800.000000 2.016327 1.514406 2.744543 1.915404 0.868390 1.972666 1.002999 0.611510
 1663200.000000 2.119514 1.937492 2.524322 1.970346 0.892642 2.080200 1.000196 0.613181
 1665600.000000 1.945778 1.791659 2.599899 1.974595 0.925093 2.058665 1.040155 0.592388
 1668000.000000 2.145259 2.260639 2.692386 1.934798 0.857506 1.966485 1.050166 0.609462
 1670400.000000 2.056738 1.962697 2.492281 1.909092 0.882103 1.890347 1.063563 0.570069
 1672800.000000 1.951533 1.880129 2.440169 1.970133 0.887537 1.901556 1.008359 0.570539
 1675200.000000 1.940571 2.170104 2.742317 1.995278 0.894116 1.960903 1.052364 0.629942
 1677600.000000 2.119786 2.004501 2.767706 1.911024 0.894852 1.988507 1.016944 0.564715
 1680000.000000 2.048741 2.110273 2.947124 1.924261 0.856776 1.838753 1.009061 0.579029
 1682400.000000 2.053114 1.720193 2.851757 1.880467 0.841713 1.996526 0.983007 0.606662
 1684800.000000 2.075282 2.326306 2.584493 1.989248 0.914255 1.844943 1.047608 0.586736
 1687200.000000 2.072052 2.037266 2.491985 1.925617 0.843064 2.034951 0.977290 0.563022
 1689600.000000 1.999277 1.818628 2.660516 1.853573 0.871792 1.902649 1.045390 0.546531
 1692000.000000 2.091128 1.900052 2.702351 2.162572 0.867028 1.833899 1.027547 0.569422
 1694400.000000 2.168339 1.951862 2.555054 1.991930 0.936907 1.812040 1.048282 0.583484
 1696800.000000 1.997658 1.805035 2.484665 1.944275 0.905175 1.875460 0.963441 0.571520
 1699200.000000 1.934779 1.925452 2.618397 1.880507 0.967232 1.981555 1.028489 0.591905
 1701600.000000 1.997691 1.800876 2.531984 1.868780 0.906115 1.856436 1.045147 0.584423
 1704000.000000 1.894799 1.893979 2.745555 1.921102 0.875997 1.839417 1.132670 0.615195
 1706400.000000 2.023550 1.698621 2.855197 1.932600 0.932585 1.948087 1.064181 0.563143
 1708800.000000 1.908481 1.908009 2.614489 1.877176 0.913743 1.902657 1.066273 0.542676
 1711200.000000 1.955122 1.753001 2.633921 1.875966 0.924587 1.895333 1.045204 0.549095
 1713600.000000 1.956958 1.897070 2.715880 1.860447 0.922522 2.099553 1.074374 0.582720
 1716000.000000 1.968172 2.036777 2.738475 1.902452 0.914196 1.963763 1.067962 0.575837
 1718400.000000 1.849955 1.758857 2.653310 1.726525 0.890735 1.968327 1.070902 0.605547
 1720800.000000 1.830371 2.007652 2.741467 1.813745 0.971377 1.776366 0.999126 0.607342
 1723200.000000 1.783087 1.817543 2.769870 1.426292 1.267459 1.931553 1.033134 0.556712
 1725600.000000 2.005131 1.953687 2.665796 1.740130 1.008082 2.072411 1.071821 0.590536
 1728000.000000 1.773341 2.067919 2.641389 1.523886 1.074356 1.956020 1.033830 0.640388
 1730400.000000 1.691486 2.004524 2.587263 1.503215 1.219084 2.128667 1.041205 0.615435
 1732800.000000 1.882259 2.006132 2.801209 1.500194 1.230906 1.830127 1.078488 0.562144
 1735200.000000 1.743338 2.155731 2.839711 1.444385 1.116313 1.875733 1.138920 0.588041
 1737600.000000 1.832021 1.998440 2.610021 1.560295 1.244687 1.958540 1.036986 0.586118
 1740000.000000 1.784164 2.008348 2.740467 1.481411 1.139469 1.819410 1.045290 0.561278
 1742400.000000 1.930748 1.616905 2.702298 1.583019 1.284652 1.975224 1.095270 0.587984
 1744800.000000 1.908502 1.947824 2.545541 1.503192 1.236276 1.974742 1.027918 0.557579
 1747200.000000 1.879921 1.909407 2.755402 1.542156 1.098168 1.943262 1.011340 0.590561
 1749600.000000 1.769372 2.012799 2.793663 1.454112 1.255762 1.840563 1.032360 0.567108
 1752000.000000 1.680453 2.111428 2.784911 1.633730 1.176392 1.736425 1.105024 0.621755
 1754400.000000 1.580259 2.077689 2.856651 1.591063 1.091412 1.950129 1.071514 0.578014
 1756800.000000 1.734105 1.982173 2.778160 1.387714 1.158369 1.948676 1.139958 0.615229
 1759200.000000 1.603957 2.031877 2.704651 1.466657 1.173265 1.884907 1.117831 0.599070
 1761600.000000 1.877817 2.112874 2.537078 1.628712 1.173735 2.145989 1.014513 0.571088
 1764000.000000 1.984783 1.980469 2.942050 1.514123 1.148807 2.008912 1.082824 0.547126
 1766400.000000 1.970784 2.003135 2.782227 1.495454 1.198453 1.813942 1.096069 0.607806
 1768800.000000 2.264002 1.925065 2.699224 1.787622 1.179055 2.030085 1.049722 0.597921
 1771200.000000 2.083032 1.938116 2.830593 1.860776 0.935375 1.909385 1.029493 0.586453
 1773600.000000 2.127540 1.870281 2.771389 1.844118 0.896806 1.898207 1.014399 0.604643
 1776000.000000 1.971542 1.827436 2.753765 1.901309 0.955181 1.886523 1.031560 0.602497
 1778400.000000 2.035980 1.982578 2.775118 1.934795 0.920961 2.011255 1.009102 0.592945
 1780800.000000 2.131046 1.741991 2.636646 2.080899 0.945985 2.076415 1.092872 0.574258
 1783200.000000 1.959072 2.101862 2.868109 1.981676 0.866040 1.977783 1.074487 0.564789
 1785600.000000 1.971940 1.903686 2.765402 1.969611 0.855035 2.047110 1.118703 0.581464
 1788000.000000 2.082533 1.773605 2.798753 1.923934 0.896543 1.897445 1.093316 0.561532
 1790400.000000 2.031630 1.795213 2.701469 1.974184 0.880605 1.920701 1.127654 0.593519
 1792800.000000 2.042723 1.801433 2.757875 1.845608 0.921489 1.823611 1.073222 0.579151
 1795200.000000 2.018223 1.839814 2.747885 1.994682 0.886013 2.004843 1.017344 0.571631
 1797600.000000 1.997835 1.825411 2.761002 1.973798 0.877754 1.988019 1.027355 0.605647
 1800000.000000 2.248499 1.847911 2.863929 2.000821 0.907889 2.183092 1.102045 0.610025
 1802400.000000 2.029939 1.860690 2.875800 1.848281 0.983576 2.039185 1.058203 0.609497
 1804800.000000 2.164318 1.995837 2.793433 2.177395 0.897321 1.929515 1.033604 0.626653
 1807200.000000 2.050907 1.881143 2.889488 2.026251 0.850851 1.971449 1.024373 0.631977
 1809600.000000 2.115328 1.732389 2.601906 1.880595 0.968509 2.134697 1.044179 0.606386
 1812000.000000 2.152918 2.150399 2.632562 1.999961 0.933592 2.141873 1.049549 0.619018
 1814400.000000 2.106194 1.908648 2.826844 1.890877 0.889914 2.265176 0.980244 0.603385
 1816800.000000 2.064892 1.968392 2.740466 1.934714 0.865907 2.115142 1.219844 0.680241
 1819200.000000 2.470779 2.056588 2.766857 2.064996 0.913217 2.227347 1.049877 0.582678
 1821600.000000 2.203871 1.970921 2.632855 1.863170 0.951500 2.045270 1.026447 0.599912
 1824000.000000 2.377728 2.220771 2.602600 1.838128 0.911137 1.969220 1.041955 0.597147
 1826400.000000 2.298224 2.073264 2.644812 1.978789 0.908562 1.978825 0.989806 0.587231
 1828800.000000 2.181398 1.984428 2.670347 1.936411 0.940054 2.022808 0.996161 0.599051
 1831200.000000 2.383160 1.835593 2.786502 2.118712 0.971577 2.286202 1.011469 0.626454
 1833600.000000 2.271401 1.907192 2.632096 2.084438 0.952050 1.837377 1.009451 0.606316
 1836000.000000 2.357313 1.900580 2.694454 1.923659 1.024872 2.084537 1.032935 0.562317
 1838400.000000 2.403783 1.976178 2.451040 1.792759 1.054380 2.321817 0.990081 0.629263
 1840800.000000 2.185833 2.157666 2.317317 1.828863 0.974559 2.099324 1.034015 0.581601
 1843200.000000 2.134847 2.219063 2.478939 1.904691 0.973425 2.176882 1.005771 0.590686
 1845600.000000 2.186192 2.025836 2.336189 1.611641 0.956586 1.985516 1.014874 0.595306
 1848000.000000 2.347293 2.037442 2.338235 1.727095 0.987419 2.029789 1.040891 0.591265
 1850400.000000 2.330252 2.001826 2.397703 1.757863 1.069552 1.960036 1.007862 0.583346
 1852800.000000 2.290951 2.025681 2.357441 1.946366 0.948724 2.185004 1.074940 0.606233
 1855200.000000 2.407342 2.052510 2.334384 1.845144 1.004977 1.907067 1.035970 0.597250
 1857600.000000 2.292770 2.004903 2.370922 1.788027 1.028173 1.705658 1.004513 0.530857
 1860000.000000 2.323745 2.081305 2.433538 1.801668 0.923204 2.161695 1.019956 0.529641
 1862400.000000 2.231205 2.060752 2.312394 1.850572 0.936851 2.112232 1.036455 0.589883
 1864800.000000 2.141216 1.929168 2.403498 1.825204 0.929836 2.171640 1.043010 0.557313
 1867200.000000 2.029823 1.926159 2.414533 1.503640 0.938386 2.051666 1.009642 0.586491
 1869600.000000 2.072683 2.022241 2.275641 1.586269 0.940288 2.095557 1.035366 0.563764
 1872000.000000 1.968581 1.932721 2.323555 1.407142 0.976982 1.985381 1.042389 0.596996
 1874400.000000 2.210148 2.014494 2.327310 1.569504 0.907587 2.070330 1.021645 0.553936
 1876800.000000 2.039958 2.028513 2.380884 1.547315 0.896819 2.137339 1.045303 0.586282
 1879200.000000 1.991509 2.070140 2.409786 1.579347 0.971227 2.045362 1.035068 0.612345
 1881600.000000 1.995998 2.083556 2.361707 1.502378 0.928390 1.968037 1.070162 0.568774
 1884000.000000 2.074909 2.044610 2.399251 1.431085 0.954339 2.032133 1.012456 0.569724
 1886400.000000 2.216815 1.944346 2.390942 1.483227 0.922253 2.049629 1.050269 0.573763
 1888800.000000 2.277105 2.009133 2.434753 1.512436 0.915658 2.205151 1.038734 0.618851
 1891200.000000 2.146443 1.955468 2.386656 1.676501 0.918524 2.403019 1.104593 0.595013
 1893600.000000 2.205229 1.931959 2.459290 1.750083 0.903135 2.111743 1.054153 0.596710
 1896000.000000 2.108996 1.886720 2.431911 1.690795 0.908467 2.007993 1.094493 0.580110
 1898400.000000 2.090943 1.961615 2.440609 1.649085 0.881654 2.038220 1.082529 0.578959
 1900800.000000 2.059189 1.933046 2.401951 1.610056 0.918119 1.983338 1.039039 0.605716
 1903200.000000 2.074884 1.853437 2.404452 1.564019 0.928174 1.963630 1.008686 0.638644
 1905600.000000 2.098934 1.890966 2.407880 1.550411 0.880444 2.021218 1.056005 0.553439
 1908000.000000 2.085237 2.009771 2.320538 1.486110 0.913686 2.134786 0.998714 0.566140
 1910400.000000 2.107409 2.082713 2.375819 1.325888 0.921481 2.204890 0.976112 0.595188
 1912800.000000 2.149544 2.094634 2.307511 1.483662 0.934956 1.938138 1.026324 0.582448
 1915200.000000 2.090927 2.007436 2.498737 1.517768 0.861387 1.972617 0.995779 0.573509
 1917600.000000 2.089394 1.923912 2.354294 1.511671 0.953076 2.128623 1.034279 0.567135
 1920000.000000 2.234913 1.987981 2.416965 1.663981 0.891571 2.242838 1.044799 0.595036
 1922400.000000 2.109375 2.019651 2.490326 1.515628 1.006524 2.201645 1.003429 0.553463
 1924800.000000 2.252558 1.954017 2.442496 1.562924 0.886750 2.080232 0.994460 0.577165
 1927200.000000 2.129509 1.990645 2.533114 1.526234 0.871760 1.999144 1.046144 0.563369
 1929600.000000 2.118304 2.084660 2.380157 1.504152 0.888395 2.092041 1.016403 0.568716
 1932000.000000 2.169178 2.021432 2.484758 1.519088 0.873252 2.069848 1.079385 0.623481
 1934400.000000 2.183180 2.015852 2.264329 1.492092 0.966767 2.111324 1.038086 0.544727
 1936800.000000 2.118128 2.067867 2.525825 1.534069 0.830886 2.135090 1.031212 0.560699
 1939200.000000 2.021315 2.097224 2.486686 1.543824 0.933036 2.301665 1.042590 0.608208
 1941600.000000 2.295901 2.062725 2.534617 1.524552 0.913472 2.246119 1.002413 0.548632
 1944000.000000 1.944796 2.073662 2.573146 1.203559 0.875615 2.120015 1.070841 0.648448
 1946400.000000 1.919572 2.047888 2.504346 1.248789 0.982648 2.113492 1.030911 0.629016
 1948800.000000 2.071185 2.037073 2.522018 1.242801 0.976419 2.191043 1.056825 0.646301
 1951200.000000 2.096952 2.119703 2.590632 1.235509 0.943159 2.380041 1.043599 0.614674
 1953600.000000 2.005492 2.022136 2.562559 1.247348 0.962406 2.225724 1.103942 0.594037
 1956000.000000 1.999881 2.052288 2.580115 1.204426 0.887930 2.215246 1.058729 0.622735
 1958400.000000 2.157326 2.046091 2.621864 1.500123 0.877343 2.307439 1.066150 0.620218
 1960800.000000 2.032987 1.986115 2.532882 1.237735 0.901679 2.019494 1.042149 0.580243
 1963200.000000 2.082444 2.192904 2.556471 1.252876 0.864732 2.180133 1.030625 0.574337
 1965600.000000 1.956872 2.103358 2.610058 1.240739 0.912799 2.020852 1.027904 0.560965
 1968000.000000 1.971724 2.327549 2.348883 1.429496 0.881376 2.208630 1.039013 0.571296
 1970400.000000 1.980419 2.325186 2.437531 1.213911 0.926663 2.497717 1.131617 0.567045
 1972800.000000 1.943872 2.171138 2.446159 1.237602 0.948370 2.030110 1.080593 0.622916
 1975200.000000 1.943966 1.993172 2.527671 1.236794 0.908777 2.375405 1.040951 0.672640
 1977600.000000 1.905887 1.999251 2.660307 1.201771 1.010223 2.382951 1.040798 0.579948
 1980000.000000 2.088285 1.855577 2.574199 1.271068 0.901889 2.129883 0.995443 0.579257
 1982400.000000 2.030083 1.925879 2.541740 1.236965 0.860226 2.172975 1.025592 0.573924
 1984800.000000 2.123912 2.055546 2.633295 1.241388 0.967536 2.128046 1.081178 0.583828
 1987200.000000 1.926686 1.957969 2.747012 1.235644 1.069057 2.104870 1.161706 0.578409
 1989600.000000 1.823041 2.090352 2.401522 1.232092 1.047220 2.070535 1.215014 0.568902
 1992000.000000 1.884040 1.976576 2.393827 1.248900 0.993841 2.251283 1.180841 0.573819
 1994400.000000 1.840401 2.102453 2.360747 1.161164 1.031726 2.247367 1.027387 0.580217
 1996800.000000 2.022085 2.153747 2.354095 1.238984 1.041828 2.304252 1.098610 0.571371
 1999200.000000 1.931483 2.002279 2.347285 1.177100 1.025915 2.268992 1.071261 0.589693
 2001600.000000 2.047213 2.137406 2.451196 1.218518 0.975299 2.260981 1.080465 0.550255
 2004000.000000 1.919196 2.022791 2.342062 1.243983 0.945180 2.062659 1.054230 0.580692
 2006400.000000 1.823270 1.913502 2.407813 1.233808 0.915171 1.884185 1.029684 0.585560
 2008800.000000 1.815730 2.042507 2.445944 1.188516 1.072786 1.927972 1.133495 0.583103
 2011200.000000 1.825872 1.988051 2.470408 1.185255 1.350522 2.134802 1.222402 0.612327
 2013600.000000 1.893306 2.168592 2.442762 1.267126 1.146115 2.055819 1.057651 0.614996
 2016000.000000 1.825105 2.156140 2.298782 1.187426 1.156164 2.215023 1.049081 0.620851
 2018400.000000 1.831761 2.242415 2.518450 1.256053 1.065446 2.195405 1.067281 0.550893
 2020800.000000 1.822580 2.243254 2.412961 1.226852 1.140972 2.113126 1.087136 0.581047
 2023200.000000 1.910735 2.440866 2.471027 1.201527 1.148555 2.228872 1.073286 0.590668
 2025600.000000 1.862838 2.500429 2.435093 1.226002 1.145597 2.075814 1.031396 0.591087
 2028000.000000 1.939729 2.450860 2.401641 1.216027 1.164837 2.246573 1.001164 0.556397
 2030400.000000 1.865174 2.454991 2.516276 1.228616 1.096406 1.976072 1.034363 0.588791
 2032800.000000 2.006276 2.551911 2.379731 1.258374 1.138868 2.135399 1.026800 0.603906
 2035200.000000 1.901570 2.449301 2.468451 1.239763 1.053054 1.907844 0.980801 0.568643
 2037600.000000 1.926906 2.546448 2.518754 1.228751 0.944560 2.007327 0.963118 0.585685
 2040000.000000 1.812641 2.594163 2.386842 1.174138 0.943746 1.994496 1.012086 0.574199
 2042400.000000 1.772266 2.575423 2.422777 1.134184 1.060583 2.103783 1.069105 0.580222
 2044800.000000 1.950241 2.567941 2.451273 1.265119 1.094387 1.938696 1.090728 0.623039
 2047200.000000 1.759449 2.551310 2.642610 1.187447 1.088425 2.037309 1.062403 0.544683
 2049600.000000 1.939493 2.388383 2.593937 1.217049 1.034478 2.011863 1.063528 0.542875
 2052000.000000 1.887093 2.447639 2.557380 1.208325 1.101554 2.055639 0.999202 0.556763
 2054400.000000 1.789140 2.526691 2.541541 1.228934 1.090792 1.849634 1.020712 0.589543
 2056800.000000 1.770850 2.501868 2.515487 1.200532 1.172287 1.920545 1.069451 0.591802
 2059200.000000 2.010647 2.477375 2.425807 1.336447 1.214654 2.223907 1.094835 0.607001
 2061600.000000 1.826509 2.612322 2.498944 1.209295 1.017286 2.146431 1.005431 0.656091
 2064000.000000 1.890678 2.507999 2.448044 1.245369 1.045156 2.043927 1.004937 0.637020
 2066400.000000 1.909705 2.564852 2.525111 1.235708 1.084932 2.319447 1.022738 0.616873
 2068800.000000 1.960431 2.532207 2.552981 1.154087 1.040571 2.209219 0.994290 0.633676
 2071200.000000 2.070838 2.633450 2.410077 1.307217 1.264146 2.200516 1.045664 0.602457
 2073600.000000 1.879566 2.628497 2.420382 1.411690 0.982676 2.236011 1.039822 0.635997
 2076000.000000 1.746608 2.548179 2.460562 1.316807 0.991941 2.194398 1.042296 0.577238
 2078400.000000 1.789838 2.458458 2.493809 1.546603 0.976016 2.226045 1.142401 0.587433
 2080800.000000 1.780096 2.452935 2.407294 1.403620 1.047304 2.231874 1.162121 0.594751
 2083200.000000 1.814478 2.378591 2.408208 1.351109 0.953038 2.080636 1.109657 0.570348
 2085600.000000 1.792175 2.471658 2.405492 1.422060 0.996365 2.042564 1.073727 0.630984
 2088000.000000 1.757090 2.448957 2.460545 1.365784 1.053350 2.480127 1.116087 0.558031
 2090400.000000 1.857175 2.535458 2.432772 1.372421 1.042803 2.259985 1.144195 0.605098
 2092800.000000 1.770760 2.517804 2.473005 1.413558 0.961325 2.297237 1.129321 0.543841
 2095200.000000 1.762119 2.552893 2.592547 1.332546 1.047287 2.233825 1.211084 0.548728
 2097600.000000 1.745898 2.486944 2.445471 1.349919 0.956846 2.297911 1.120473 0.638435
 2100000.000000 1.851478 2.571579 2.402107 1.401658 0.903108 2.201544 1.148160 0.565681
 2102400.000000 1.795580 2.517095 2.563061 1.462536 0.835685 2.321670 1.246213 0.630239
 2104800.000000 1.728099 2.256216 2.464478 1.435742 0.921170 2.196295 1.176458 0.685445
 2107200.000000 1.817688 2.362813 2.570008 1.411591 0.951602 2.385398 1.111803 0.606170
 2109600.000000 1.757725 2.476160 2.367390 1.410737 0.937743 2.276512 1.182276 0.582103
 2112000.000000 1.889737 2.474759 2.397968 1.378656 1.003266 2.379313 1.174017 0.615867
 2114400.000000 1.801012 2.580080 2.387360 1.417528 0.981799 2.369675 1.097803 0.584065
 2116800.000000 1.783337 2.447829 2.406025 1.330452 1.147434 2.670657 1.030324 0.576859
 2119200.000000 1.777234 2.532550 2.435824 1.335496 1.125150 2.454326 1.046313 0.538226
 2121600.000000 1.674607 2.544774 2.361066 1.341920 1.107947 2.408967 1.013404 0.562267
 2124000.000000 1.779650 2.555666 2.508255 1.518876 1.130500 2.449006 1.057054 0.603732
 2126400.000000 1.816894 2.437239 2.525248 1.530268 0.978733 2.659231 1.052167 0.548401
 2128800.000000 1.701262 2.465030 2.611226 1.544149 1.064678 2.771837 1.029536 0.519881
 2131200.000000 1.899739 2.412812 2.464312 1.473144 1.078556 2.614811 1.034863 0.562254
 2133600.000000 1.886884 2.297290 2.442141 1.414003 1.274056 2.640882 1.033170 0.598936
 2136000.000000 1.930650 2.339142 2.580412 1.455264 1.135421 2.501488 1.018020 0.580007
 2138400.000000 1.854074 2.261282 2.431172 1.484879 1.158272 2.634828 1.076857 0.591860
 2140800.000000 1.929172 2.358421 2.403728 1.366310 1.588742 2.550781 1.095295 0.596662
 2143200.000000 1.855575 2.474804 2.528076 1.366808 1.492932 2.347882 1.218357 0.605169
 2145600.000000 1.890442 2.438980 2.508428 1.365777 1.325722 2.382863 1.203597 0.590163
 2148000.000000 1.782682 2.340144 2.451865 1.455649 1.378264 2.592763 1.172964 0.587885
 2150400.000000 1.946757 2.496436 2.469612 1.406863 1.260369 2.477515 1.068727 0.624612
 2152800.000000 1.952150 2.625156 2.537178 1.368043 1.278544 2.506878 1.129714 0.620851
 2155200.000000 2.092511 2.454671 2.692041 1.583650 1.094219 2.505484 1.150749 0.594098
 2157600.000000 2.045885 2.345741 2.798920 1.532928 0.909865 2.415771 1.094751 0.589191
 2160000.000000 2.181169 2.293431 2.677334 1.678391 0.945842 2.249645 1.021300 0.580461
 2162400.000000 2.148081 2.455926 2.623410 1.721116 0.829717 2.426654 1.127980 0.595600
 2164800.000000 2.245010 2.348631 2.670547 1.668896 0.893981 2.355701 1.098596 0.577834
 2167200.000000 1.897873 2.410314 2.760721 1.547039 1.154190 2.286028 1.149327 0.561460
 2169600.000000 2.165911 2.485044 2.708077 1.671170 0.938346 2.450037 1.161506 0.609601
 2172000.000000 1.853507 2.371491 2.558893 1.706058 0.949357 2.249822 1.182245 0.636418
 2174400.000000 2.032038 2.393799 2.774606 1.526403 0.930493 2.306718 1.177955 0.640738
 2176800.000000 1.993928 2.538139 2.736129 1.421620 0.930050 2.283431 1.032485 0.566856
 2179200.000000 2.057355 2.461931 2.710337 1.445446 0.932435 2.319419 0.996096 0.594964
 2181600.000000 2.020424 2.349976 2.648143 1.591434 0.895362 2.329005 0.979046 0.549214
 2184000.000000 2.124083 2.307952 2.744391 1.585148 0.882273 2.333410 1.012139 0.571093
 2186400.000000 2.107000 2.257692 2.647395 1.616738 0.873283 2.288545 1.036952 0.584687
 2188800.000000 2.052519 2.346035 2.568560 1.554795 0.940449 2.115089 0.973309 0.594465
 2191200.000000 1.919401 2.433067 2.647006 1.539283 1.042544 2.144272 1.019807 0.555904
 2193600.000000 1.835164 2.416984 2.718307 1.481294 0.985440 2.138112 1.085792 0.621751
 2196000.000000 1.995880 2.390522 2.631119 1.545606 0.997599 2.121902 0.993635 0.553766
 2198400.000000 1.973934 2.380362 2.471429 1.547937 0.941965 1.987575 1.023081 0.551018
 2200800.000000 1.828289 2.428791 2.600176 1.451051 0.992493 2.211470 1.051771 0.581113
 2203200.000000 2.031484 2.504794 2.576677 1.577301 1.036731 2.615184 1.125922 0.595594
 2205600.000000 1.906987 2.364732 2.482463 1.519007 0.954507 2.604202 1.069526 0.606670
 2208000.000000 1.911420 2.553939 2.315001 1.514851 0.907358 2.586798 1.051444 0.585566
 2210400.000000 1.869670 2.568377 2.330783 1.529382 1.038077 2.393076 1.080702 0.565170
 2212800.000000 1.962006 2.555420 2.445640 1.569492 0.920551 2.201288 1.047383 0.626181
 2215200.000000 1.955420 2.375994 2.417777 1.465845 0.946353 2.272886 1.077870 0.588549
 2217600.000000 2.020253 2.597539 2.445126 1.552972 1.013659 2.232250 1.049809 0.578319
 2220000.000000 1.985024 2.381208 2.360050 1.563394 1.079030 2.354748 1.059481 0.573668
 2222400.000000 1.861851 2.352347 2.299363 1.296841 1.296883 2.226363 1.042464 0.591411
 2224800.000000 1.941628 2.246423 2.412221 1.365737 1.308037 2.358594 1.229304 0.619044
 2227200.000000 1.819192 2.347989 2.420219 1.327639 1.315680 2.141560 1.064062 0.598917
 2229600.000000 1.867836 2.321057 2.437942 1.384092 1.193831 2.068304 1.115443 0.578032
 2232000.000000 1.898966 2.377143 2.491162 1.226581 1.339126 2.187336 1.099500 0.580705
 2234400.000000 1.939673 2.425345 2.400434 1.500406 1.115687 2.226097 1.032339 0.559936
 2236800.000000 1.892622 2.451215 2.475554 1.556790 1.186578 2.241462 1.021672 0.564727
 2239200.000000 1.878601 2.424325 2.380128 1.343189 1.214859 1.983330 1.048452 0.584391
 2241600.000000 1.867949 2.416787 2.291718 1.743738 1.125386 1.956395 1.022000 0.560711
 2244000.000000 1.931189 2.412918 2.405362 1.479731 1.247824 2.045766 1.120436 0.609222
 2246400.000000 1.924406 2.392496 2.361838 1.521578 1.236645 2.135326 1.036849 0.582449
 2248800.000000 1.862182 2.578826 2.442873 1.430819 1.137933 1.990495 1.085674 0.538981
 2251200.000000 2.018060 2.403204 2.394401 1.512252 1.103828 1.996530 1.099178 0.569579
 2253600.000000 1.776777 2.428380 2.329656 1.507084 1.201661 2.143552 1.059908 0.619497
 2256000.000000 1.921030 2.380714 2.368091 1.396081 1.213151 1.881452 1.092568 0.563098
 2258400.000000 2.052724 2.388595 2.376874 1.575909 1.168853 2.138000 1.001904 0.594946
 2260800.000000 1.839830 2.317069 2.380449 1.538475 1.045698 2.043487 0.959615 0.548880
 2263200.000000 1.862469 2.302695 2.392013 1.649235 1.207439 2.062317 1.084062 0.578286
 2265600.000000 1.905749 2.306508 2.376092 1.749456 1.182468 2.057965 1.087978 0.581386
 2268000.000000 1.791257 2.231197 2.331664 1.488066 1.103305 2.051535 1.184015 0.597048
 2270400.000000 1.977176 2.254178 2.383007 1.543612 1.092541 1.968068 1.096173 0.573628
 2272800.000000 1.953153 2.361821 2.331134 1.536922 1.106158 2.038048 1.142460 0.541153
 2275200.000000 1.923400 2.387986 2.430855 1.567925 1.196280 2.130680 1.085354 0.599310
 2277600.000000 1.942094 2.322468 2.221919 1.522241 1.178099 2.163090 1.090915 0.599899
 2280000.000000 1.842947 2.345518 2.266744 1.614851 1.105487 2.079048 1.232325 0.622014
 2282400.000000 1.957714 2.352322 2.169824 1.467235 1.358106 2.054166 1.219479 0.652418
 2284800.000000 2.056978 2.584278 2.194189 1.641738 1.145738 2.144752 1.152030 0.555645
 2287200.000000 1.934352 2.544770 2.256379 1.520831 1.147642 2.099936 1.024489 0.557062
 2289600.000000 2.000215 2.399126 2.237546 1.542997 1.266335 2.121487 1.010769 0.588280
 2292000.000000 2.006716 2.224009 2.285561 1.608083 1.273911 2.255369 1.043455 0.605882
 2294400.000000 1.946545 2.453794 2.269662 1.625432 1.318261 2.205140 1.109180 0.553247
 2296800.000000 1.886445 2.443225 2.695224 1.505996 1.330268 2.065451 1.118224 0.642312
 2299200.000000 1.841960 2.455906 2.366845 1.422051 1.314734 2.029451 1.085108 0.625398
 2301600.000000 2.031840 2.402562 2.283708 1.630768 1.121671 2.184764 1.091007 0.601507
 2304000.000000 1.912204 2.430837 2.587112 1.584466 1.312254 2.108303 1.070050 0.556458
 2306400.000000 1.913562 2.409545 2.323515 1.593008 1.319531 2.200875 1.035559 0.613709
 2308800.000000 1.865584 2.266057 2.343913 1.593816 1.353349 2.208274 1.143272 0.573848
 2311200.000000 1.966263 2.493882 2.492746 1.650052 1.313506 2.166493 1.148485 0.584562
 2313600.000000 2.029155 2.339330 2.627277 1.816521 1.124997 2.218155 1.102138 0.593197
 2316000.000000 2.033410 2.399602 2.369262 1.860833 1.171734 2.165868 1.105465 0.587403
 2318400.000000 1.972636 2.483603 2.340709 1.834179 1.007728 2.319781 1.140706 0.573319
 2320800.000000 1.660671 2.371364 2.541936 1.450062 1.375510 2.134409 1.168139 0.580523
 2323200.000000 1.778734 2.539316 2.496137 1.589182 1.345584 2.157866 1.079954 0.559243
 2325600.000000 1.937309 2.582591 2.422013 1.597622 1.362866 2.130229 1.081217 0.545160
 2328000.000000 1.951316 2.357648 2.433650 1.713985 1.193390 2.219399 1.172818 0.576198
 2330400.000000 1.803522 2.245412 2.488452 1.548003 1.328557 2.049979 1.217309 0.599591
 2332800.000000 1.882617 2.494085 2.535223 1.645075 1.400752 2.161165 1.126942 0.577967
 2335200.000000 1.645561 2.485054 2.343573 1.585192 1.280965 2.004883 1.102309 0.565958
 2337600.000000 1.722053 2.560314 2.505585 1.641155 1.382312 2.121370 1.182380 0.579994
 2340000.000000 2.047241 2.500556 2.452280 1.926842 1.273284 2.163816 1.165071 0.592307
 2342400.000000 2.047030 2.508214 2.488204 1.793297 1.180897 2.186861 1.192477 0.600294
 2344800.000000 1.965076 2.417432 2.464024 1.817779 1.177767 2.055416 1.135987 0.611690
 2347200.000000 1.907985 2.418162 2.471404 1.685060 1.281433 2.082221 1.171975 0.618410
 2349600.000000 1.822930 2.420420 2.457522 1.546745 1.214593 2.112660 1.258395 0.590315
 2352000.000000 1.768271 2.298054 2.520704 1.602941 1.192867 2.049527 1.158555 0.616881
 2354400.000000 1.924919 2.311796 2.499212 1.520573 1.224551 1.961636 1.138960 0.611916
 2356800.000000 2.043818 2.472421 2.395782 1.628778 1.214528 1.987291 1.074030 0.620070
 2359200.000000 1.988502 2.532794 2.593603 1.529586 1.264733 1.855682 1.105774 0.603316
 2361600.000000 1.795365 2.433981 2.492012 1.537127 1.253562 1.975183 1.147844 0.628647
 2364000.000000 1.744065 2.467425 2.427117 1.504420 1.338530 1.996816 1.122503 0.578012
 2366400.000000 1.873598 2.478800 2.528558 1.580348 1.241587 1.986474 1.148031 0.590246
 2368800.000000 1.692853 2.340714 2.484616 1.581811 1.173341 1.987284 1.153744 0.575639
 2371200.000000 1.870646 2.440525 2.363159 1.671531 1.116120 2.027423 1.092524 0.642157
 2373600.000000 1.788390 2.550978 2.601416 1.620224 1.189449 2.004908 1.151939 0.541591
 2376000.000000 1.825378 2.507477 2.603626 1.521350 1.231016 1.980121 1.146298 0.597406
 2378400.000000 1.684230 2.455001 2.393831 1.687842 1.211878 2.032635 1.159294 0.604719
 2380800.000000 1.892944 2.523670 2.702779 1.440970 1.226655 1.800128 1.152095 0.571919
 2383200.000000 1.771564 2.564948 2.400359 1.533017 1.052878 1.700170 1.105175 0.559438
 2385600.000000 1.778377 2.651927 2.568337 1.351893 1.310158 1.791805 1.128395 0.560326
 2388000.000000 1.775848 2.645852 2.444222 1.311070 1.225656 1.785485 1.135365 0.557973
 2390400.000000 1.590340 2.526166 2.480649 1.387053 1.481392 1.851574 1.150013 0.605249
 2392800.000000 1.837649 2.680966 2.461361 1.499502 1.430218 1.925469 1.181814 0.620533
 2395200.000000 1.910812 2.457095 2.445507 1.506310 1.312931 1.969981 1.168652 0.590687
 2397600.000000 1.893905 2.521796 2.514906 1.486385 1.555163 1.922334 1.197913 0.561650
 2400000.000000 1.838888 2.433888 2.395371 1.415386 1.424488 1.875081 1.231855 0.656870
 2402400.000000 1.871735 2.463376 2.500643 1.583673 1.191259 1.931125 1.137287 0.575722
 2404800.000000 1.910333 2.475943 2.480631 1.646027 1.229041 1.898502 1.111578 0.560371
 2407200.000000 1.928767 2.432246 2.440192 1.579196 1.453649 1.893679 1.158010 0.605634
 2409600.000000 1.977168 2.406882 2.539878 1.720957 1.209070 1.845433 1.114059 0.583919
 2412000.000000 1.900253 2.354980 2.408765 1.414127 1.279812 1.755123 1.086253 0.636350
 2414400.000000 1.988857 2.318166 2.408550 1.510017 1.221512 1.883907 1.068210 0.581598
 2416800.000000 2.002906 2.462003 2.379157 1.631781 1.317365 1.816736 1.131137 0.608569
 2419200.000000 1.930028 2.446099 2.398180 1.527342 1.196941 1.757813 1.099729 0.626544
 2421600.000000 1.920251 2.542571 2.382745 1.525951 1.141832 1.741177 1.163253 0.605240
 2424000.000000 1.986539 2.463537 2.387603 1.525218 1.172916 1.816891 1.131112 0.617409
 2426400.000000 1.976148 2.501369 2.420779 1.482670 1.240238 1.757091 1.092647 0.608336
 2428800.000000 1.961217 2.479159 2.521518 1.539978 1.137152 1.765535 1.080280 0.636957
 2431200.000000 2.000271 2.506989 2.476316 1.647741 1.101641 1.795856 1.066462 0.574791
 2433600.000000 2.145152 2.386092 2.390567 1.625581 1.186181 1.720645 1.039358 0.573559
 2436000.000000 2.070457 2.334731 2.411920 1.667506 1.138580 1.849945 1.077739 0.552492
 2438400.000000 1.976986 2.404238 2.331342 1.551677 1.169869 1.783131 1.109058 0.614171
 2440800.000000 1.984698 2.407691 2.411794 1.521327 1.101538 1.804711 1.097756 0.589188
 2443200.000000 1.943624 2.480487 2.412958 1.635303 1.047853 1.855626 1.106037 0.562552
 2445600.000000 2.122023 2.514495 2.512906 1.568542 1.132205 1.893906 1.113503 0.560363
 2448000.000000 1.923989 2.436138 2.376526 1.484238 1.118881 1.938346 1.065523 0.587748
 2450400.000000 2.015740 2.449964 2.305647 1.598124 1.167279 1.826963 1.076151 0.553066
 2452800.000000 2.075246 2.523074 2.437749 1.569414 1.131138 1.825950 1.081592 0.566244
 2455200.000000 1.810279 2.424730 2.445146 1.553248 1.060753 1.913219 1.114078 0.564584
 2457600.000000 1.895590 2.410149 2.365796 1.568039 1.054847 1.874163 1.129608 0.591801
 2460000.000000 1.885907 2.518854 2.376079 1.487123 1.193079 1.959274 1.121884 0.573461
 2462400.000000 1.863445 2.489705 2.394959 1.547684 1.091154 1.943038 1.079621 0.572392
 2464800.000000 1.929672 2.532806 2.346900 1.715448 1.013537 2.001262 1.085701 0.641225
 2467200.000000 1.916011 2.460493 2.483053 1.561740 1.121539 1.762018 1.201097 0.571053
 2469600.000000 2.068521 2.496125 2.517466 1.543502 1.136068 1.899205 1.182119 0.621562
 2472000.000000 1.953216 2.598709 2.368559 1.578861 1.054198 1.962754 1.199204 0.582627
 2474400.000000 2.024970 2.527673 2.424670 1.575300 1.053887 1.933069 1.160798 0.593102
 2476800.000000 1.949464 2.507738 2.451018 1.530761 1.088852 1.967831 1.185445 0.615266
 2479200.000000 1.976700 2.421673 2.279798 1.646238 1.107711 1.985828 1.146412 0.626202
 2481600.000000 2.056434 2.460400 2.383081 1.613686 1.113498 1.951641 1.116795 0.590092
 2484000.000000 1.897827 2.428794 2.422362 1.644230 1.087247 1.950785 1.217124 0.593504
 2486400.000000 1.952917 2.532887 2.356505 1.388850 1.121562 1.820868 1.118300 0.558836
 2488800.000000 1.907581 2.492358 2.386783 1.560682 1.078083 1.877732 1.169787 0.629002
 2491200.000000 1.849979 2.489726 2.434675 1.555758 0.994838 1.843510 1.102070 0.631681
 2493600.000000 1.899113 2.430551 2.417908 1.584446 1.089984 1.919211 1.210608 0.548635
 2496000.000000 2.018295 2.539115 2.479070 1.566786 1.066231 2.027603 1.233838 0.576036
 2498400.000000 1.966026 2.316224 2.342734 1.638329 1.062563 2.008651 1.278739 0.604154
 2500800.000000 2.013624 2.441867 2.352123 1.564677 1.074284 1.859497 1.312194 0.639611
 2503200.000000 1.980327 2.482747 2.429033 1.545037 1.034762 1.859823 1.231797 0.618705
 2505600.000000 1.902143 2.478246 2.472689 1.489706 1.138527 1.900756 1.253802 0.639354
 2508000.000000 2.015769 2.507487 2.299117 1.563517 1.039940 1.738659 1.291986 0.640604
 2510400.000000 2.034685 2.516821 2.463389 1.574670 1.106032 1.866759 1.241304 0.628026
 2512800.000000 1.965773 2.483194 2.402383 1.557287 1.073585 1.867359 1.132319 0.609942
 2515200.000000 1.965370 2.450020 2.495181 1.580028 0.973035 1.840303 1.135247 0.598547
 2517600.000000 1.984995 2.508180 2.375270 1.450784 1.182300 1.772697 1.086430 0.563523
 2520000.000000 1.994435 2.433112 2.550897 1.503940 1.032211 1.944682 1.130350 0.571287
 2522400.000000 2.006657 2.552894 2.444452 1.545477 1.078534 1.860487 1.182643 0.617698
 2524800.000000 1.937164 2.441653 2.446376 1.601068 1.027480 1.781890 1.111909 0.581769
 2527200.000000 1.942214 2.414077 2.422995 1.650470 1.053124 1.694286 1.181515 0.600804
 2529600.000000 1.926776 2.497396 2.428037 1.530092 1.108085 1.820394 1.150313 0.582956
 2532000.000000 1.939199 2.476931 2.533482 1.546050 1.029369 1.896679 1.051355 0.565266
 2534400.000000 2.030151 2.497021 2.463123 1.504868 1.151077 1.769654 1.113193 0.597929
 2536800.000000 2.188204 2.382016 2.418014 1.616750 1.089190 1.729899 1.137248 0.629809
 2539200.000000 1.847267 2.272286 2.379951 1.524455 1.039628 1.840300 1.165724 0.648775
 2541600.000000 1.970884 2.631657 2.374405 1.557137 1.018931 1.856192 1.227602 0.567242
 2544000.000000 1.860839 2.411358 2.502823 1.501564 1.036827 1.932299 1.206773 0.584855
 2546400.000000 1.950213 2.353645 2.388406 1.564143 1.090333 1.884240 1.113555 0.553429
 2548800.000000 1.872053 2.398277 2.414117 1.464913 1.037232 1.821832 1.153740 0.566166
 2551200.000000 1.896968 2.470068 2.430172 1.509049 1.047566 1.793717 1.101428 0.579055
 2553600.000000 1.961807 2.362707 2.470929 1.550469 1.035114 1.883727 1.068322 0.565740
 2556000.000000 2.067834 2.447956 2.440905 1.586628 1.047905 1.806689 1.189490 0.582723
 2558400.000000 1.936046 2.547274 2.345137 1.420723 1.034064 1.819044 1.091905 0.601425
 2560800.000000 1.923920 2.475464 2.409566 1.523115 1.038538 1.827247 1.185399 0.594963
 2563200.000000 1.949376 2.369316 2.354829 1.543890 1.006382 1.936852 1.189142 0.595839
 2565600.000000 1.851160 2.333149 2.420054 1.566792 1.056866 1.912169 1.156678 0.558194
 2568000.000000 1.958690 2.511989 2.429387 1.553631 0.998944 1.882744 1.096310 0.564936
 2570400.000000 1.810406 2.255594 2.398450 1.508768 1.010550 1.847493 1.164553 0.578104
 2572800.000000 1.947006 2.543615 2.285231 1.628926 1.020519 1.845941 1.148042 0.576547
 2575200.000000 1.983295 2.637773 2.321697 1.633351 1.039433 1.885723 1.166446 0.581435
 2577600.000000 1.789061 2.377216 2.369749 1.583640 1.052212 1.922089 1.201353 0.590316
 2580000.000000 1.887334 2.341077 2.335421 1.496030 1.022715 1.929589 1.201500 0.570471
 2582400.000000 1.826870 2.192781 2.368630 1.565065 1.009670 2.013880 1.166007 0.605432
 2584800.000000 1.881537 2.243387 2.359652 1.549448 1.044187 1.971706 1.098839 0.542873
 2587200.000000 1.770201 2.256574 2.406535 1.397784 0.996966 1.883341 1.190555 0.609198
 2589600.000000 1.740083 2.328939 2.359924 1.377022 1.044378 1.870411 1.234258 0.587215
 2592000.000000 1.680125 2.183280 2.407850 1.369312 0.992707 1.856645 1.243721 0.553337
 2594400.000000 1.850861 2.298130 2.411574 1.352518 1.092248 1.832998 1.107094 0.567395
 2596800.000000 1.808124 2.333842 2.398448 1.372303 1.062834 1.901710 1.094713 0.573857
 2599200.000000 1.796655 2.356168 2.334063 1.427698 1.052693 1.864227 1.167953 0.585478
 2601600.000000 1.766196 2.271045 2.413771 1.393446 1.037673 1.794565 1.140440 0.577965
 2604000.000000 1.871861 2.476001 2.470542 1.492671 1.046172 1.878419 1.144174 0.582188
 2606400.000000 1.800556 2.383186 2.422499 1.394937 1.049698 1.948776 1.106098 0.667807
 2608800.000000 1.795981 2.466376 2.378740 1.451962 1.097833 1.856850 1.134291 0.617693
 2611200.000000 1.924013 2.420737 2.517463 1.546459 1.009668 1.945472 1.115262 0.580007
 2613600.000000 1.918846 2.534806 2.408020 1.463911 1.051236 2.004914 1.105111 0.593983
 2616000.000000 1.987033 2.440887 2.476505 1.558898 1.055961 1.813700 1.205270 0.575189
 2618400.000000 1.926005 2.445149 2.475912 1.483402 1.071930 1.852908 1.136931 0.573849
 2620800.000000 1.912806 2.452539 2.472200 1.530218 1.081061 1.832504 1.097049 0.564553
 2623200.000000 1.909811 2.417394 2.488761 1.552264 1.038915 1.888730 1.168699 0.571215
 2625600.000000 2.019264 2.516935 2.406277 1.517662 1.061351 1.904222 1.285626 0.594887
 2628000.000000 2.052086 2.538369 2.312181 1.495688 1.075348 1.809684 1.143564 0.573672
 2630400.000000 2.033361 2.455310 2.344360 1.505504 1.035020 1.875652 1.247402 0.583891
 2632800.000000 2.008501 2.555297 2.380485 1.502539 1.103237 1.871660 1.110987 0.582733
 2635200.000000 2.028739 2.490896 2.392837 1.628355 1.087192 1.862989 1.081552 0.597757
 2637600.000000 2.003853 2.497509 2.418941 1.487912 1.074075 1.753968 1.144531 0.592705
 2640000.000000 1.887409 2.514911 2.365186 1.544701 1.049253 1.837958 1.078952 0.585622
 2642400.000000 1.944029 2.511266 2.376188 1.591910 1.068055 1.840381 1.157333 0.593594
 2644800.000000 1.917848 2.487989 2.398242 1.537157 1.125787 1.941184 1.170754 0.588561
 2647200.000000 2.031619 2.508988 2.474817 1.566334 1.126155 1.858097 1.093826 0.566095
 2649600.000000 2.037081 2.428420 2.420528 1.543333 1.077643 1.866102 1.109176 0.580253
 2652000.000000 1.919991 2.490391 2.372048 1.580840 1.040490 1.849811 1.201239 0.574474
 2654400.000000 1.927149 2.382692 2.388112 1.644089 1.063394 1.909260 1.188703 0.555899
 2656800.000000 1.995555 2.491279 2.440543 1.596322 1.028776 1.881241 1.231826 0.578331
 2659200.000000 1.837203 2.511430 2.455690 1.576881 1.057410 1.806346 1.144198 0.580299
 2661600.000000 1.907537 2.471774 2.357644 1.534749 1.015052 1.808934 1.134610 0.605775
 2664000.000000 2.018949 2.620593 2.458546 1.492538 1.015413 1.723762 1.108612 0.561215
 2666400.000000 1.860260 2.481447 2.333991 1.609885 1.045946 1.871146 1.246800 0.584216
 2668800.000000 1.912394 2.596818 2.484149 1.514089 1.072577 1.840411 1.145323 0.578929
 2671200.000000 1.929994 2.564609 2.466728 1.531059 1.058065 1.877211 1.135026 0.590616
 2673600.000000 1.930950 2.570467 2.380448 1.568890 1.095143 1.886019 1.100032 0.567733
 2676000.000000 1.917738 2.430365 2.414301 1.500353 1.035157 1.854030 1.160064 0.606602
 2678400.000000 1.869458 2.446017 2.418422 1.539844 1.037116 1.956295 1.183561 0.591144
 2680800.000000 1.939238 2.481466 2.390601 1.479032 1.079961 1.951685 1.184100 0.554520
 2683200.000000 1.881206 2.484416 2.389649 1.498520 1.011119 1.918269 1.138194 0.564888
 2685600.000000 1.893284 2.471843 2.429202 1.519611 0.998041 1.804385 1.232194 0.607363
 2688000.000000 1.857315 2.370630 2.360690 1.502035 0.980231 1.802612 1.150908 0.580209
 2690400.000000 1.957673 2.494033 2.443461 1.585158 1.031315 1.987107 1.218551 0.581824
 2692800.000000 1.936102 2.447893 2.410342 1.644159 1.051249 1.756890 1.234275 0.658499
 2695200.000000 1.912717 2.366969 2.448135 1.609643 0.982870 1.930398 1.240735 0.583934
 2697600.000000 1.903372 2.520320 2.396641 1.561565 1.103231 1.855595 1.211119 0.568432
 2700000.000000 1.894947 2.438662 2.333143 1.549151 1.135588 1.830871 1.232303 0.581989
 2702400.000000 1.865738 2.364439 2.443870 1.563566 1.142349 1.854718 1.149398 0.604730
 2704800.000000 1.904442 2.341257 2.457968 1.451418 1.138412 1.900294 1.200869 0.650180
 2707200.000000 1.900493 2.399750 2.517836 1.376925 1.136027 1.838620 1.150101 0.651732
 2709600.000000 1.981375 2.475122 2.475862 1.371694 1.108510 1.835843 1.123367 0.580203
 2712000.000000 1.925867 2.393181 2.393396 1.332525 1.114310 1.857828 1.151274 0.608542
 2714400.000000 2.041056 2.396926 2.544656 1.379248 1.124089 1.948619 1.089039 0.574232
 2716800.000000 1.950579 2.339310 2.527940 1.535110 1.133386 1.843589 1.134318 0.554736
 2719200.000000 1.886397 2.222960 2.521575 1.576808 1.012026 1.909914 1.204398 0.621499
 2721600.000000 1.931102 2.345564 2.423665 1.519969 1.115313 1.900609 1.122959 0.609211
 2724000.000000 1.920767 2.400031 2.378809 1.464133 1.069384 2.003846 1.113987 0.588226
 2726400.000000 2.014781 2.293767 2.591213 1.491860 1.001356 1.912204 1.122960 0.595931
 2728800.000000 1.998017 2.389265 2.514014 1.437642 0.919244 1.848228 1.119177 0.567583
 2731200.000000 1.984909 2.394617 2.617258 1.513957 0.953090 1.868471 1.068576 0.568816
 2733600.000000 2.132379 2.379003 2.509295 1.518074 0.995229 1.968004 1.112302 0.569101
 2736000.000000 2.197314 2.420160 2.428492 1.454212 1.017503 1.705912 1.079863 0.576656
 2738400.000000 1.967756 2.350113 2.375150 1.294495 1.027319 1.938162 1.086299 0.553468
 2740800.000000 2.245622 2.460523 2.372978 1.290603 1.353056 1.806892 1.052825 0.575805
 2743200.000000 2.185972 2.561970 2.438092 1.428973 1.206690 1.649338 1.119836 0.601799
 2745600.000000 2.318373 2.394565 2.445701 1.863347 1.045674 1.631228 1.045094 0.545909
 2748000.000000 2.307517 2.564517 2.378871 1.900761 0.921135 1.735861 1.019685 0.596632
 2750400.000000 2.385279 2.412364 2.544381 1.827480 1.020379 1.621558 1.071202 0.565297
 2752800.000000 2.264633 2.364904 2.485979 1.710349 0.950247 1.647375 1.074180 0.636833
 2755200.000000 2.317856 2.459885 2.547831 1.799152 0.927856 1.598177 1.083747 0.594182
 2757600.000000 2.217291 2.426423 2.469780 1.778520 1.029632 1.433424 1.048119 0.605889
 2760000.000000 2.072815 2.535680 2.433001 1.897764 0.971108 1.662486 1.109659 0.567411
 2762400.000000 2.032377 2.401767 2.641518 1.992056 0.943950 1.782570 1.074391 0.575384
 2764800.000000 1.848100 2.412579 2.372904 2.050428 1.034022 1.877079 1.116351 0.576625
 2767200.000000 1.905050 2.508332 2.284483 1.930246 1.044170 1.810884 1.093848 0.596222
 2769600.000000 1.966823 2.495311 2.313187 1.869608 0.991639 1.734492 1.169095 0.623999
 2772000.000000 2.214123 2.509667 2.404197 1.953082 0.955796 1.810653 1.133373 0.606298
 2774400.000000 2.128655 2.556800 2.307607 1.927412 1.046156 1.835131 1.138633 0.607496
 2776800.000000 2.166569 2.503116 2.446935 1.929436 1.003150 1.766407 1.154059 0.607713
 2779200.000000 2.144843 2.458701 2.315958 1.962594 1.048486 1.778730 1.100036 0.571457
 2781600.000000 2.149235 2.446202 2.398281 1.929615 1.003639 1.782567 1.093888 0.651356
 2784000.000000 2.141004 2.317353 2.843206 1.899530 1.008652 1.812965 1.136450 0.626922
 2786400.000000 2.160290 2.448594 2.701330 1.856247 1.101207 1.845697 1.107776 0.561211
 2788800.000000 2.037405 2.263926 2.489293 1.931053 1.137901 1.802715 1.113371 0.607827
 2791200.000000 2.221375 2.293794 2.794530 1.910153 1.100697 1.714084 1.084620 0.614406
 2793600.000000 2.180937 2.310133 2.670518 1.854690 0.907774 1.889768 1.126292 0.596312
 2796000.000000 2.089576 2.397299 2.399993 1.790379 1.087147 1.770020 1.138971 0.650426
 2798400.000000 2.093977 2.447231 2.343529 1.899623 0.978917 1.833036 1.044290 0.587653
 2800800.000000 1.937250 2.415538 2.479456 1.843074 1.115631 2.075709 1.137298 0.604121
 2803200.000000 2.056070 2.447442 2.610088 1.781671 1.041515 1.889519 1.082106 0.554056
 2805600.000000 2.308506 2.248386 2.843313 1.624471 0.999250 1.836910 1.098506 0.629425
 2808000.000000 2.144606 2.315554 2.477954 1.594878 1.152122 1.921326 1.191517 0.587757
 2810400.000000 1.911477 2.287237 2.579229 1.318618 1.384773 2.027233 1.203472 0.629716
 2812800.000000 2.021801 2.404739 2.627992 1.523814 1.097847 1.972557 1.255185 0.647798
 2815200.000000 1.963083 2.513120 2.686266 1.573762 1.122114 1.896018 1.254509 0.619192
 2817600.000000 2.142525 2.537366 2.333358 1.537472 1.078470 1.932853 1.111012 0.602562
 2820000.000000 2.047026 2.539665 2.353062 1.520615 1.071706 1.942227 1.223266 0.620156
 2822400.000000 2.031185 2.474303 2.434740 1.481676 1.059539 1.902149 1.125140 0.580045
 2824800.000000 2.051488 2.651488 2.437149 1.540329 1.024024 1.993499 1.117834 0.555876
 2827200.000000 2.098183 2.457833 2.331914 1.580980 1.046523 2.112075 1.095824 0.593219
 2829600.000000 2.054820 2.468057 2.343592 1.557901 1.129799 1.792555 1.159489 0.578904
 2832000.000000 2.136622 2.422972 2.409829 1.705439 1.069943 1.929826 1.178859 0.595480
 2834400.000000 2.178131 2.477874 2.315219 1.601916 1.132906 1.855800 1.110088 0.594947
 2836800.000000 2.222924 2.504002 2.333532 1.630648 1.040625 1.919645 1.110154 0.566133
 2839200.000000 2.100467 2.427992 2.422768 1.601821 1.032954 1.920332 1.215100 0.617972
 2841600.000000 2.120334 2.355809 2.438293 1.501909 1.119459 1.890556 1.079837 0.544660
 2844000.000000 2.126830 2.392879 2.637206 1.519484 1.055787 1.826554 1.083246 0.583383
 2846400.000000 2.219349 2.539406 2.444971 1.500054 1.085078 1.918627 1.202677 0.621211
 2848800.000000 2.164591 2.509954 2.512915 1.459076 1.076151 1.873893 1.160126 0.572302
 2851200.000000 2.289127 2.439794 2.811769 1.483737 1.153911 1.687069 1.194716 0.562080
 2853600.000000 2.185044 2.284796 2.626204 1.464318 0.975923 1.793153 1.187357 0.568613
 2856000.000000 2.230779 2.475666 2.446869 1.429543 1.024991 1.817441 1.183147 0.611341
 2858400.000000 2.259086 2.443654 2.456775 1.451671 1.053885 1.783332 1.184028 0.627982
 2860800.000000 2.278944 2.343806 2.740658 1.476158 1.095241 1.733899 1.103697 0.565940
 2863200.000000 2.423471 2.433018 2.506407 1.575616 0.922827 1.762953 1.104449 0.579501
 2865600.000000 2.449866 2.441313 2.491121 1.672243 0.951427 1.757223 1.133811 0.561901
 2868000.000000 2.375068 2.390532 2.500838 1.512429 1.032509 1.805985 1.139923 0.613901
 2870400.000000 2.463111 2.507237 2.423226 1.479925 1.073554 1.604876 1.168476 0.570245
 2872800.000000 2.429980 2.491146 2.438344 1.507992 1.033453 1.675406 1.145991 0.572972
 2875200.000000 2.423023 2.319060 2.547068 1.639579 1.016137 1.579504 1.206285 0.627933
 2877600.000000 2.347030 2.559760 2.304241 1.722744 1.014307 1.719742 1.170812 0.606178
 2880000.000000 2.287137 2.292258 2.471391 1.462799 1.105241 2.005900 1.125901 0.577826
 2882400.000000 2.167223 2.387209 2.526912 1.424447 1.051082 2.009567 1.055577 0.555922
 2884800.000000 2.179246 2.544194 2.394336 1.378563 1.100153 1.908665 1.103176 0.564855
 2887200.000000 2.167364 2.400224 2.472788 1.400482 1.137310 1.762963 1.115286 0.600774
 2889600.000000 2.260699 2.421593 2.470387 1.390137 0.960197 1.823780 1.140417 0.582180
 2892000.000000 2.195396 2.574194 2.409378 1.146028 1.131810 1.768291 1.179519 0.652413
 2894400.000000 2.124809 2.490152 2.480827 1.182396 1.129040 1.873875 1.138208 0.606375
 2896800.000000 2.178310 2.611303 2.419242 1.210351 1.080885 1.867625 1.151306 0.604990
 2899200.000000 2.162977 2.623657 2.621757 1.210397 1.063765 1.902231 1.229572 0.641505
 2901600.000000 2.137441 2.673489 2.504585 1.154155 1.079104 1.828796 1.197419 0.635158
 2904000.000000 2.195845 2.512084 2.546022 1.210901 1.123858 1.928917 1.195024 0.595956
 2906400.000000 2.133183 2.535615 2.575396 1.189274 1.000913 1.913483 1.108508 0.583026
 2908800.000000 2.165965 2.553434 2.403302 1.157751 1.029057 1.818607 1.206948 0.581458
 2911200.000000 2.068423 2.494305 2.497095 1.128955 1.046564 1.786869 1.127439 0.574999
 2913600.000000 2.093665 2.531402 2.401515 1.162573 1.158937 1.895932 1.096098 0.598488
 2916000.000000 2.144250 2.434903 2.343757 1.248151 1.049748 1.750124 1.102434 0.569738
 2918400.000000 2.102505 2.521572 2.526861 1.103269 1.095381 1.867107 1.099108 0.583845
 2920800.000000 2.056442 2.460708 2.365545 1.104514 1.082815 1.884132 1.137582 0.617527
 2923200.000000 2.268115 2.491615 2.373290 1.319304 1.133059 1.807289 1.046351 0.575472
 2925600.000000 2.118211 2.523282 2.394737 1.161478 1.087337 1.851009 1.136125 0.583973
 2928000.000000 2.135982 2.520853 2.357504 1.205881 1.074269 1.909708 1.150044 0.632906
 2930400.000000 2.177486 2.525601 2.313874 1.205970 1.174009 2.393607 1.120735 0.656768
 2932800.000000 2.150258 2.558510 2.545578 1.192864 1.104165 2.426504 1.154992 0.594307
 2935200.000000 2.093935 2.530590 2.399091 1.224348 1.170392 2.438831 1.162771 0.661539
 2937600.000000 2.176515 2.540433 2.164051 1.382270 1.017883 2.460504 1.097686 0.622757
 2940000.000000 2.167512 2.402893 2.285408 1.198059 1.098964 2.482417 1.115341 0.613943
 2942400.000000 2.112510 2.503164 2.317505 1.247318 1.107293 2.267027 1.161703 0.591987
 2944800.000000 2.120983 2.320537 2.486464 1.224839 1.112986 2.312508 1.250208 0.606348
 2947200.000000 2.141377 2.494265 2.381530 1.247840 1.227533 2.455945 1.119614 0.608836
 2949600.000000 2.245186 2.479229 2.432692 1.261787 1.049376 2.361776 1.136244 0.653234
 2952000.000000 2.200133 2.403858 2.524253 1.268643 1.093446 2.521472 1.231105 0.639465
 2954400.000000 2.182885 2.454826 2.405460 1.208384 1.085380 2.491075 1.223667 0.587010
 2956800.000000 2.195583 2.489865 2.396720 1.234579 1.072015 2.303368 1.161001 0.599540
 2959200.000000 2.157058 2.422350 2.376088 1.239563 1.175895 2.410909 1.160165 0.581083
 2961600.000000 2.171791 2.510616 2.288562 1.204414 1.048301 2.654548 1.162466 0.613395
 2964000.000000 2.168049 2.560180 2.407213 1.232807 1.109297 2.254762 1.162508 0.625289
 2966400.000000 2.201012 2.552445 2.269066 1.192513 1.126726 2.584790 1.090031 0.604961
 2968800.000000 2.204289 2.527141 2.568368 1.170440 1.217739 2.525816 1.058795 0.644985
 2971200.000000 2.189659 2.388070 2.428650 1.195972 1.013109 2.364715 1.060616 0.606731
 2973600.000000 2.143392 2.523531 2.422964 1.201482 1.178810 2.657831 1.144016 0.607445
 2976000.000000 2.281769 2.600881 2.366886 1.185773 1.169924 2.277471 1.135441 0.600594
 2978400.000000 2.181943 2.631166 2.477564 1.230859 1.111880 2.334105 1.060363 0.658635
 2980800.000000 2.108513 2.379527 2.387035 1.222948 1.085385 2.405232 1.087405 0.607338
 2983200.000000 2.162773 2.474472 2.423877 1.293493 1.122579 2.233199 1.102023 0.623795
 2985600.000000 2.082009 2.439255 2.444546 1.204927 1.011056 2.195546 1.131231 0.623196
 2988000.000000 2.145286 2.522549 2.357184 1.326735 0.913433 2.202838 1.108514 0.615911
 2990400.000000 2.275471 2.508299 2.287072 1.232046 1.005887 2.429455 1.105355 0.651905
 2992800.000000 2.105924 2.497805 2.350088 1.180451 1.021685 2.287674 1.078621 0.598842
 2995200.000000 2.156009 2.548784 2.397093 1.133360 1.103823 2.327955 1.120513 0.606988
 2997600.000000 2.255459 2.591196 2.408253 1.320143 1.049428 2.332326 1.135945 0.607311
 3000000.000000 2.145471 2.399738 2.432083 1.367060 0.963974 2.338152 1.081408 0.647078
 3002400.000000 2.125815 2.565350 2.415963 1.219823 1.189149 2.463098 1.122102 0.628506
 3004800.000000 2.183180 2.465975 2.418832 1.336812 0.995427 2.535267 1.064100 0.607401
 3007200.000000 2.156327 2.507011 2.353171 1.248437 1.050239 2.475739 1.082064 0.647095
 3009600.000000 2.141210 2.465395 2.355045 1.153108 1.110507 2.529547 1.030628 0.622017
 3012000.000000 2.098999 2.454951 2.438745 1.145159 1.138517 2.470353 1.058705 0.621441
 3014400.000000 2.103442 2.530602 2.453475 1.129661 1.096011 2.526177 1.129929 0.680945
 3016800.000000 2.117467 2.528436 2.420771 1.259740 0.912093 2.257295 1.078582 0.676872
 3019200.000000 1.985651 2.474038 2.359416 1.107001 0.982624 2.426258 1.130338 0.638887
 3021600.000000 2.179800 2.560032 2.217554 1.208318 0.953623 2.386559 1.104091 0.582866
 3024000.000000 2.131732 2.451241 2.264035 1.338838 0.820666 2.460768 1.108643 0.636229
 3026400.000000 2.104873 2.432634 2.247814 1.230073 0.811676 2.353291 1.085843 0.707640
 3028800.000000 2.121291 2.358151 2.300823 1.099226 0.872209 2.329744 1.108000 0.620708
 3031200.000000 2.053551 2.387346 2.249680 1.159119 0.769213 2.427398 1.136771 0.609026
 3033600.000000 2.084790 2.370685 2.250945 1.116873 0.870125 2.399600 1.114363 0.665915
 3036000.000000 2.055150 2.484438 2.161840 1.212819 0.836393 2.557656 1.116121 0.661155
 3038400.000000 2.080247 2.436960 2.278805 1.171416 0.917028 2.415316 1.119209 0.611969
 3040800.000000 2.069418 2.496249 2.366280 1.123016 1.083320 2.334463 1.081209 0.652591
 3043200.000000 2.079276 2.473672 2.349285 1.121244 1.073936 2.408247 1.061325 0.652974
 3045600.000000 2.044551 2.308354 2.322184 1.035211 1.106230 2.255343 1.087814 0.618694
 3048000.000000 2.029524 2.262149 2.286637 1.076599 1.013968 2.251935 1.087634 0.626353
 3050400.000000 2.097374 2.278741 2.415888 1.113388 1.102838 2.360716 1.052674 0.608665
 3052800.000000 2.078355 2.221068 2.417724 1.221274 1.018787 2.443707 1.089255 0.644961
 3055200.000000 2.088575 2.289558 2.404623 1.192970 1.063063 2.179678 1.064083 0.620223
 3057600.000000 2.050371 2.399221 2.428317 1.196708 1.219066 2.479388 1.016451 0.686237
 3060000.000000 1.920146 2.134645 2.304251 1.127074 1.153192 2.478082 1.073328 0.666591
 3062400.000000 2.055300 2.276741 2.338547 1.130997 1.196082 2.475213 1.066456 0.652712
 3064800.000000 2.049608 2.261383 2.313013 1.083004 1.122598 2.518594 1.078063 0.642128
 3067200.000000 2.054095 2.350720 2.350290 1.175128 1.015798 2.584397 1.053656 0.674616
 3069600.000000 2.138132 2.238928 2.282744 1.124826 1.072374 2.332112 1.144700 0.648180
 3072000.000000 2.020219 2.295522 2.471740 1.200536 1.087843 2.332052 1.059347 0.624332
 3074400.000000 2.213693 2.549560 2.324260 1.205044 1.144738 2.363707 1.044810 0.643846
 3076800.000000 2.030189 2.281017 2.392958 1.185272 1.169231 2.407378 1.107933 0.669600
 3079200.000000 2.105496 2.440231 2.306412 1.213051 1.203315 2.453235 1.071351 0.650114
 3081600.000000 2.036714 2.323417 2.356172 1.143607 1.144801 2.295904 1.160224 0.674432
 3084000.000000 2.037277 2.153287 2.235743 1.206249 1.007088 2.524302 1.205345 0.661421
 3086400.000000 2.097950 2.495428 2.244338 1.178339 1.067115 2.377031 1.181725 0.665692
 3088800.000000 1.957248 2.253920 2.272803 1.116245 1.022959 2.449270 1.107353 0.686699
 3091200.000000 2.008478 2.235782 2.382842 1.082761 1.053677 2.238236 1.101142 0.640764
 3093600.000000 1.940195 2.241751 2.305859 1.257420 0.960270 2.547771 1.150758 0.700350
 3096000.000000 1.934278 2.171141 2.244383 1.201034 1.072616 2.406133 1.123750 0.668748
 3098400.000000 1.998352 2.314402 2.281967 1.130243 1.020950 2.799161 1.116024 0.683383
 3100800.000000 1.943403 2.204257 2.289752 1.117381 1.081335 2.542628 1.136325 0.672560
 3103200.000000 2.051707 2.392798 2.433042 1.167350 1.119366 2.318496 1.154846 0.618775
 3105600.000000 2.105955 2.282084 2.261237 1.183710 0.933176 2.370628 1.175154 0.636983
 3108000.000000 2.064881 2.168749 2.405969 1.154392 0.998516 2.403363 1.130583 0.607193
 3110400.000000 2.154516 2.344055 2.400159 1.173464 1.027201 2.341785 1.106185 0.601064
 3112800.000000 1.989058 2.079784 2.386679 1.158261 1.026008 2.553793 1.209676 0.672538
 3115200.000000 2.058202 2.138417 2.472176 1.170626 1.007725 2.373864 1.165109 0.634132
 3117600.000000 2.108963 2.330811 2.410025 1.211474 0.952426 2.279462 1.129601 0.593620
 3120000.000000 2.009127 2.254370 2.331537 1.152207 0.994942 2.376089 1.113640 0.594107
 3122400.000000 2.056853 2.196787 2.482876 1.283690 0.948039 2.514272 1.191667 0.599468
 3124800.000000 2.120240 2.341895 2.507371 1.247633 0.925039 2.264440 1.140953 0.709789
 3127200.000000 2.013581 2.097334 2.436807 1.200113 1.128735 2.406401 1.127044 0.626276
 3129600.000000 2.007693 2.233549 2.393894 1.061488 1.094051 2.323419 1.127316 0.631269
 3132000.000000 2.085471 2.260467 2.380427 1.195038 0.975187 2.549204 1.150798 0.619065
 3134400.000000 2.022949 2.256622 2.410848 1.143028 0.966239 2.525801 1.179606 0.677694
 3136800.000000 2.060250 2.315957 2.248868 1.132015 1.003761 2.444601 1.137003 0.609903
 3139200.000000 1.959020 2.049394 2.338849 1.179738 1.063534 2.495733 1.152925 0.640216
 3141600.000000 1.963455 2.381149 2.346729 1.132647 1.081528 2.607818 1.084298 0.602050
 3144000.000000 2.082132 2.407303 2.308966 1.230955 1.029442 2.632684 1.103202 0.612854
 3146400.000000 2.050472 2.366679 2.275475 1.173544 1.031921 2.202089 1.160704 0.612291
 3148800.000000 2.061869 2.399553 2.352652 1.133362 1.050749 2.197930 1.076263 0.587079
 3151200.000000 2.130417 2.354152 2.220487 1.399582 1.012739 2.425608 1.099345 0.582933
 3153600.000000 2.216959 2.363713 2.276890 1.433562 0.938315 2.420691 1.075702 0.580690
 3156000.000000 2.164950 2.420980 2.247033 1.416721 1.014343 2.381652 1.071722 0.620292
 3158400.000000 2.045478 2.369674 2.271610 1.432018 0.989042 2.156531 1.134643 0.602062
 3160800.000000 2.025852 2.460797 2.389300 1.521945 1.021271 2.306465 1.199781 0.631958
 3163200.000000 2.033923 2.375913 2.350048 1.606000 0.999049 2.391543 1.168036 0.656931
 3165600.000000 2.244818 2.503262 2.299108 1.817907 0.976058 2.483427 1.098574 0.635373
 3168000.000000 2.064305 2.424880 2.316014 1.665340 0.999291 2.237717 1.186539 0.646388
 3170400.000000 2.067326 2.388726 2.262640 1.612831 0.958128 2.317790 1.108023 0.619422
 3172800.000000 1.956791 2.380661 2.294593 1.533089 1.046213 2.313139 1.175825 0.618975
 3175200.000000 2.130992 2.425588 2.177614 1.736264 1.047406 2.315770 1.104675 0.639223
 3177600.000000 2.048291 2.512402 2.139406 1.461895 1.036901 2.224588 1.194064 0.689124
 3180000.000000 1.990373 2.456859 2.189887 1.521665 1.105245 2.779664 1.175755 0.611799
 3182400.000000 2.028704 2.585315 2.169348 1.542672 1.059950 2.468811 1.183828 0.637971
 3184800.000000 1.946064 2.518181 2.247221 1.631487 1.051556 2.402790 1.129209 0.626997
 3187200.000000 2.108248 2.535257 2.259606 1.585537 1.043268 2.413415 1.116629 0.609611
 3189600.000000 2.095311 2.539630 2.328642 1.656373 1.003335 2.411049 1.153957 0.621123
 3192000.000000 2.109515 2.590432 2.260692 1.628171 1.005116 2.315742 1.114288 0.638871
 3194400.000000 1.977167 2.604646 2.235301 1.494674 1.156706 2.370186 1.144858 0.617327
 3196800.000000 1.936281 2.505169 2.279530 1.442394 1.191196 2.363093 1.154652 0.636640
 3199200.000000 2.154008 2.693120 2.237126 1.645796 0.965636 2.532844 1.128571 0.594461
 3201600.000000 2.065946 2.531485 2.296596 1.645140 0.970042 2.511989 1.141280 0.574651
 3204000.000000 2.079348 2.474685 2.272273 1.513638 1.062451 2.462576 1.125588 0.608278
 3206400.000000 2.061980 2.575336 2.270993 1.569849 1.024762 2.404772 1.178197 0.612138
 3208800.000000 2.006289 2.410705 2.307567 1.503314 1.118568 2.268471 1.104549 0.620942
 3211200.000000 2.060385 2.574344 2.314708 1.755963 1.022404 2.288481 1.143324 0.626960
 3213600.000000 2.072942 2.497425 2.238182 1.649696 0.964681 2.296455 1.191633 0.609826
 3216000.000000 1.984293 2.361217 2.116821 1.610480 1.079270 2.447716 1.129700 0.646363
 3218400.000000 2.068327 2.444852 2.221687 1.669650 1.026114 2.417512 1.102711 0.601754
 3220800.000000 2.066430 2.393517 2.294139 1.647651 1.102101 2.297002 1.131136 0.584220
 3223200.000000 2.196817 2.317245 2.308431 1.505289 1.091275 2.331985 1.130419 0.621639
 3225600.000000 1.976489 2.391054 2.304432 1.634052 1.055410 2.525592 1.073049 0.642918
 3228000.000000 2.075721 2.435653 2.328213 1.656938 1.055573 2.404405 1.055868 0.652101
 3230400.000000 2.100718 2.542366 2.190454 1.583555 1.013401 2.280152 1.107441 0.597966
 3232800.000000 2.136031 2.349097 2.318849 1.648555 1.014947 2.380227 1.070058 0.677086
 3235200.000000 2.009918 2.367772 2.265827 1.749513 0.940652 2.567093 1.107259 0.606098
 3237600.000000 2.041218 2.327425 2.293995 1.653957 1.005002 2.252696 1.097234 0.610404
 3240000.000000 2.018610 2.421179 2.231447 1.613113 1.016080 2.478961 1.098052 0.611320
 3242400.000000 2.095774 2.478851 2.242184 1.720269 1.066963 2.518002 1.114989 0.586190
 3244800.000000 2.119451 2.411029 2.293926 1.781582 1.027715 2.326366 1.115400 0.573094
 3247200.000000 2.129353 2.413959 2.265959 1.826184 0.980491 2.406795 1.115933 0.611868
 3249600.000000 2.141791 2.427716 2.324548 1.873541 1.009273 2.352389 1.116512 0.621207
 3252000.000000 2.063184 2.402226 2.369595 1.666747 1.036033 2.366376 1.079060 0.594744
 3254400.000000 1.975362 2.212048 2.382732 1.360660 1.169124 2.289718 1.104866 0.610487
 3256800.000000 2.033776 2.239818 2.348500 1.576434 0.969120 2.388151 1.117970 0.597173
 3259200.000000 2.019486 2.449282 2.291453 1.433696 1.060142 2.257979 1.113799 0.633380
 3261600.000000 2.030795 2.298261 2.371070 1.526639 0.968399 2.225855 1.068017 0.619209
 3264000.000000 2.011625 2.333754 2.397408 1.486777 1.016673 2.291448 1.196687 0.664504
 3266400.000000 2.009607 2.403916 2.307513 1.594281 1.042670 2.295567 1.076962 0.707895
 3268800.000000 2.047998 2.463419 2.337183 1.519548 1.003253 2.504593 1.109916 0.594734
 3271200.000000 2.112063 2.190100 2.333673 1.633281 1.024313 2.326392 1.095703 0.640717
 3273600.000000 2.049110 2.398346 2.455655 1.474682 1.100496 2.194262 1.230187 0.631424
 3276000.000000 2.064376 2.456693 2.327473 1.786623 1.120737 2.381395 1.133236 0.661410
 3278400.000000 2.004401 2.280118 2.287595 1.970731 0.977137 2.405799 1.108721 0.604785
 3280800.000000 2.072986 2.463304 2.284118 1.797432 1.095331 2.320952 1.073928 0.642543
 3283200.000000 2.045870 2.340988 2.271948 1.570206 1.033064 2.267386 1.082563 0.588814
 3285600.000000 2.159065 2.434759 2.182604 1.798645 1.027862 2.248349 1.056763 0.591764
 3288000.000000 2.250857 2.321967 2.287016 1.851479 0.999323 2.352114 1.009141 0.579148
 3290400.000000 2.166450 2.493609 2.315221 1.732057 1.048795 2.276617 1.113992 0.612868
 3292800.000000 2.161164 2.563861 2.138308 1.881044 1.005629 2.203003 1.122848 0.588786
 3295200.000000 1.990459 2.244347 2.242149 1.750099 0.999995 2.221911 1.115993 0.565132
 3297600.000000 2.039064 2.311134 2.150222 1.739796 1.056646 2.373258 1.067134 0.588712
 3300000.000000 2.060469 2.344210 2.351391 1.738249 0.981551 2.325326 1.105673 0.594073
 3302400.000000 1.990495 2.533409 2.285056 1.818343 0.990433 2.514825 1.046530 0.648921
 3304800.000000 1.980043 2.554511 2.291360 1.508189 1.082649 2.239082 1.048551 0.640638
 3307200.000000 2.009887 2.425914 2.294666 1.606732 0.984728 2.476522 1.079424 0.595509
 3309600.000000 2.062107 2.266760 2.402393 1.720070 0.997409 2.298549 1.117657 0.627160
 3312000.000000 2.107787 2.388554 2.300260 1.629071 0.961961 2.413385 1.107263 0.614589
 3314400.000000 2.140393 2.463488 2.285991 1.706830 0.963230 2.298384 1.131679 0.609977
 3316800.000000 2.151551 2.459225 2.218452 1.850775 0.870630 2.451802 1.103699 0.664530
 3319200.000000 1.968306 2.262500 2.414237 1.854010 0.918157 2.533228 1.086585 0.627806
 3321600.000000 1.949675 2.409077 2.312081 1.747537 1.022671 2.490025 1.143636 0.549971
 3324000.000000 2.026279 2.372930 2.266131 1.757992 0.998836 2.404513 1.232224 0.643889
 3326400.000000 1.931247 2.240794 2.169041 1.832511 1.102938 2.740036 1.086658 0.580996
 3328800.000000 2.089768 2.402531 2.339922 1.736753 1.074745 2.647386 1.116156 0.627932
 3331200.000000 2.065758 2.265748 2.307167 1.682446 1.007827 2.616580 1.140696 0.612648
 3333600.000000 2.065806 2.370456 2.319945 1.697959 0.933078 2.499752 1.090007 0.614509
 3336000.000000 2.160425 2.339793 2.320379 1.780688 0.933374 2.353083 1.066212 0.590311
 3338400.000000 2.065622 2.347653 2.344601 1.776733 0.985699 2.337650 1.124250 0.601607
 3340800.000000 1.984118 2.441381 2.314856 1.599688 1.076906 2.388788 1.143121 0.645065
 3343200.000000 2.002385 2.416078 2.373203 1.774056 1.054942 2.449061 1.160901 0.611461
 3345600.000000 2.102588 2.436064 2.363190 1.586841 1.057420 2.289998 1.122567 0.556974
 3348000.000000 2.064421 2.335034 2.508758 1.791358 1.002041 2.497650 1.086704 0.627088
 3350400.000000 1.998994 2.111354 2.310527 1.525552 1.034740 2.501381 1.211791 0.643009
 3352800.000000 1.918414 2.311608 2.315671 1.575511 0.979309 2.459686 1.150555 0.627317
 3355200.000000 1.999605 2.237841 2.346198 1.576385 1.020859 2.320709 1.104828 0.617239
 3357600.000000 1.953889 2.075219 2.455494 1.574053 0.977238 2.240452 1.089008 0.670176
 3360000.000000 1.950943 2.223470 2.375860 1.504537 1.089684 2.503873 1.115762 0.620980
 3362400.000000 1.935914 2.162365 2.403543 1.574139 1.053592 2.401315 1.178330 0.604056
 3364800.000000 2.053004 2.162782 2.374691 1.611559 1.031180 2.394028 1.181831 0.643493
 3367200.000000 1.909174 2.188827 2.435773 1.749753 1.036136 2.436496 1.268535 0.652235
 3369600.000000 2.019740 2.194222 2.375509 1.563820 1.020717 2.247899 1.112471 0.577469
 3372000.000000 1.987642 2.084793 2.315484 1.501362 1.018549 2.311179 1.067693 0.630790
 3374400.000000 2.043054 2.246535 2.372129 1.500922 1.024819 2.455867 1.115913 0.637948
 3376800.000000 2.022421 2.334106 2.338193 1.502487 1.025005 2.308719 1.113910 0.614625
 3379200.000000 1.970180 2.252331 2.428563 1.515628 1.069420 2.223502 1.081694 0.575860
 3381600.000000 2.057401 2.227916 2.307012 1.561628 0.980537 2.452400 1.039524 0.605702
 3384000.000000 1.988279 2.383847 2.338437 1.510389 0.989126 2.364488 1.118102 0.602451
 3386400.000000 2.072931 2.295268 2.369503 1.430257 1.171234 2.114527 1.041889 0.605561
 3388800.000000 2.042743 2.153626 2.392757 1.583502 1.008656 2.460476 1.108215 0.584389
 3391200.000000 1.937034 2.450835 2.313466 1.528721 1.135668 2.342864 1.143206 0.571074
 3393600.000000 2.041236 2.311603 2.230726 1.483139 1.186720 2.299979 1.080886 0.586660
 3396000.000000 1.940254 2.264640 2.343434 1.467670 1.069531 2.308640 1.071292 0.562552
 3398400.000000 1.954097 2.293550 2.327940 1.490826 1.083905 2.314581 1.076148 0.582779
 3400800.000000 2.050796 2.311965 2.308306 1.645158 1.092790 2.387455 1.083223 0.584765
 3403200.000000 2.053992 2.447105 2.303814 1.648678 0.983664 2.229674 1.078874 0.621211
 3405600.000000 1.980108 2.303165 2.308868 1.449273 1.062873 2.369289 1.067363 0.584902
 3408000.000000 2.034349 2.259506 2.286567 1.673687 0.992013 2.341419 1.117583 0.563568
 3410400.000000 1.955714 2.148396 2.390105 1.463134 1.177167 2.224955 1.066194 0.589040
 3412800.000000 1.910656 2.269368 2.385930 1.410649 1.141301 2.272373 1.023836 0.556041
 3415200.000000 1.991012 2.302429 2.406509 1.461949 1.081154 2.223566 1.004489 0.561252
 3417600.000000 1.915735 2.232722 2.347306 1.572278 0.985450 2.219341 1.063116 0.602619
 3420000.000000 2.067408 2.249846 2.332572 1.692551 1.068811 2.217114 1.118033 0.561376
 3422400.000000 2.071797 2.291114 2.359899 1.766084 1.069915 2.284321 1.056997 0.631853
 3424800.000000 2.010355 2.322713 2.283127 1.743774 1.078602 2.258202 1.054638 0.613885
 3427200.000000 2.071178 2.281884 2.231594 1.886367 1.145604 2.299703 1.104007 0.576624
 3429600.000000 2.053957 2.350369 2.301846 1.791130 1.091428 2.233900 1.080559 0.589556
 3432000.000000 1.987110 2.362650 2.252494 1.846582 1.058107 2.382349 1.063373 0.614692
 3434400.000000 1.955103 2.215604 2.236769 1.802963 1.002770 2.584332 1.040537 0.592707
 3436800.000000 2.086460 2.463089 2.368121 1.844086 1.076207 2.490252 1.029832 0.613405
 3439200.000000 2.011628 2.266873 2.403432 1.780743 1.017732 2.408740 1.084327 0.566064
 3441600.000000 2.009367 2.384590 2.254557 1.779367 1.027759 2.303603 1.084545 0.626915
 3444000.000000 1.916855 2.412809 2.325838 1.783458 1.062848 2.166192 1.061232 0.611005
 3446400.000000 1.855584 2.295065 2.344973 1.735787 1.041399 2.256171 1.112389 0.613619
 3448800.000000 1.960049 2.336535 2.402246 1.737821 1.027064 2.464560 1.060705 0.564341
 3451200.000000 2.053168 2.437886 2.322887 1.670360 1.081930 2.480796 1.120155 0.573662
 3453600.000000 2.151191 2.418363 2.215995 1.725019 1.060289 2.395300 1.042649 0.600076
 3456000.000000 1.892071 2.337148 2.287943 1.462231 1.033871 2.436073 1.025253 0.611249
 3458400.000000 1.959252 2.319764 2.332775 1.544924 0.958142 2.247983 1.125985 0.646518
 3460800.000000 1.987427 2.456781 2.252549 1.519997 1.040164 2.309720 1.145584 0.620306
 3463200.000000 1.887482 2.286666 2.260706 1.420554 1.068137 2.388401 1.092450 0.588587
 3465600.000000 1.987770 2.317300 2.358370 1.369013 1.067987 2.538326 1.106522 0.629285
 3468000.000000 1.866795 2.416226 2.321292 1.412261 1.092404 2.402278 1.149573 0.565324
 3470400.000000 1.956631 2.399721 2.382091 1.392541 1.078564 2.537768 1.101295 0.603750
 3472800.000000 2.052426 2.362824 2.329003 1.420502 1.000557 2.432899 1.046624 0.561491
 3475200.000000 1.845239 2.223243 2.315011 1.378729 1.082471 2.315370 1.211947 0.637741
 3477600.000000 1.882695 2.362592 2.224567 1.395035 1.038552 2.332947 1.182646 0.582306
 3480000.000000 2.012102 2.541781 2.371701 1.497913 1.009339 2.309286 1.162907 0.636226
 3482400.000000 1.959216 2.445890 2.294665 1.551978 1.020183 2.326934 1.127651 0.568499
 3484800.000000 2.005686 2.412659 2.318044 1.581396 1.119302 2.299248 1.176268 0.644812
 3487200.000000 2.006367 2.423790 2.208519 1.615181 0.999315 2.441359 1.117489 0.587456
 3489600.000000 2.043616 2.511152 2.261077 1.552516 1.073031 2.301363 1.071552 0.668579
 3492000.000000 2.085043 2.404022 2.296945 1.579579 1.036750 2.406300 1.117456 0.600243
 3494400.000000 2.004581 2.426219 2.295270 1.571313 1.065485 2.563485 1.201964 0.594339
 3496800.000000 2.004182 2.469598 2.241993 1.419002 1.049344 2.522410 1.103720 0.619655
 3499200.000000 1.983457 2.447828 2.286637 1.531407 1.093027 2.666241 1.255042 0.652277
 3501600.000000 2.044278 2.447476 2.311894 1.467521 1.082779 2.478488 1.178832 0.617908
 3504000.000000 2.028323 2.348846 2.309435 1.396950 1.081673 2.550623 1.172173 0.624781
 3506400.000000 1.864693 2.383713 2.415497 1.533812 1.024848 2.328946 1.087505 0.550085
 3508800.000000 2.034249 2.414405 2.335290 1.560045 1.028107 2.311658 1.094089 0.576931
 3511200.000000 2.109046 2.540394 2.334498 1.577711 1.076770 2.368204 1.100663 0.574193
 3513600.000000 2.038312 2.430123 2.297596 1.593329 1.064850 2.467976 1.150947 0.577365
 3516000.000000 2.093855 2.362349 2.294666 1.589828 1.075272 2.587798 1.153441 0.590521
 3518400.000000 2.148546 2.516293 2.339387 1.722033 1.053483 2.387244 1.163078 0.591711
 3520800.000000 2.034254 2.384297 2.363968 1.578642 1.162402 2.526014 1.109213 0.571816
 3523200.000000 2.086190 2.489456 2.315632 1.656308 1.146227 2.577009 1.065633 0.552277
 3525600.000000 2.055184 2.409553 2.358263 1.596384 0.994373 2.543200 1.135214 0.582332
 3528000.000000 2.046744 2.419779 2.374866 1.570160 1.017387 2.491154 1.067698 0.565452
 3530400.000000 1.987230 2.414259 2.334073 1.582156 1.061835 2.783974 1.093664 0.582580
 3532800.000000 2.033017 2.324936 2.345327 1.648328 1.064844 2.691958 1.135201 0.591637
 3535200.000000 2.009847 2.286153 2.327366 1.703690 1.022646 2.580519 1.189194 0.619725
 3537600.000000 2.104618 2.389985 2.278540 1.549038 0.902888 2.554216 1.149540 0.571588
 3540000.000000 2.036485 2.390774 2.395096 1.647115 0.927578 2.516689 1.150167 0.632025
 3542400.000000 1.983219 2.526595 2.306102 1.496215 1.132253 2.683752 1.063002 0.580061
 3544800.000000 2.027425 2.373269 2.239434 1.739529 1.009481 2.562562 1.043605 0.593873
 3547200.000000 2.016310 2.554784 2.327800 1.655648 1.047944 2.339733 1.123508 0.684361
 3549600.000000 2.151286 2.378664 2.256139 1.740808 0.927766 2.645854 1.182670 0.625026
 3552000.000000 2.136671 2.286923 2.229139 1.750918 1.076610 2.621723 1.083074 0.608750
 3554400.000000 1.977875 2.343668 2.336690 1.509167 1.038338 2.717423 1.041740 0.573473
 3556800.000000 1.902466 2.347643 2.302449 1.430479 1.300926 2.592187 1.168490 0.632517
 3559200.000000 1.977917 2.317121 2.272575 1.608006 1.244016 2.542976 1.050059 0.591313
 3561600.000000 2.016959 2.378326 2.359088 1.759533 1.211964 2.720785 1.047177 0.574310
 3564000.000000 2.094098 2.334348 2.296561 1.710451 1.139443 2.779690 1.127823 0.604833
 3566400.000000 2.118938 2.389657 2.194655 1.758167 1.128959 2.698305 1.082509 0.594330
 3568800.000000 2.124097 2.527518 2.372186 1.816816 1.056419 2.682980 1.067560 0.557523
 3571200.000000 2.147644 2.350347 2.266160 1.784762 1.144724 2.631821 1.035059 0.578475
 3573600.000000 2.121411 2.361256 2.246680 1.954378 1.077454 2.688327 1.139430 0.586928
 3576000.000000 2.076224 2.251619 2.394729 1.839730 1.073453 2.556906 1.088584 0.590171
 3578400.000000 1.997977 2.436656 2.261253 1.749171 1.049023 2.559341 1.097508 0.588009
 3580800.000000 2.006427 2.427119 2.313711 1.892032 0.969049 2.397985 1.132449 0.588306
 3583200.000000 2.253077 2.432802 2.325942 1.901465 1.096079 2.451010 1.077954 0.587363
 3585600.000000 2.169677 2.294053 2.359532 1.753733 1.000249 2.322789 1.065730 0.600976
 3588000.000000 2.067852 2.293174 2.275436 1.788077 1.012161 2.245135 1.052975 0.615190
 3590400.000000 2.043451 2.138196 2.334548 1.897148 1.173925 2.278340 1.114742 0.546844
 3592800.000000 1.998306 2.262859 2.313273 1.798869 1.189051 2.290655 1.064195 0.566935
 3595200.000000 2.070860 2.318376 2.344435 1.915158 1.170054 2.296149 1.043929 0.566619
 3597600.000000 2.019278 2.556412 2.296626 1.940651 0.926878 2.266457 1.123608 0.614636
 3600000.000000 2.026905 2.386049 2.302535 1.933215 1.057602 2.510501 1.101505 0.585035
 3602400.000000 2.134973 2.364198 2.316546 1.928200 1.043178 2.595985 1.080370 0.560449
 3604800.000000 2.039642 2.394571 2.296463 1.926926 1.069885 2.396070 1.048769 0.570960
 3607200.000000 2.052985 2.355087 2.308809 2.117154 1.014331 2.487861 1.086945 0.596167
 3609600.000000 2.009157 2.430793 2.343238 2.183878 0.951506 2.349620 1.076812 0.604810
 3612000.000000 2.135502 2.464666 2.275335 2.099844 0.951720 2.591037 1.118273 0.589019
 3614400.000000 1.896382 2.427473 2.252422 2.121904 1.098353 2.372226 1.102603 0.596230
 3616800.000000 2.061829 2.340897 2.278168 1.987739 1.071557 2.315591 1.152844 0.577957
 3619200.000000 2.097174 2.474418 2.253935 2.034791 1.149682 2.825957 1.112484 0.570502
 3621600.000000 2.100236 2.384049 2.305443 2.159918 1.013165 2.832206 1.090640 0.572595
 3624000.000000 2.017823 2.486872 2.339826 2.106954 1.190226 2.850256 1.184035 0.582714
 3626400.000000 1.972034 2.389394 2.196345 2.135713 1.128610 2.586329 1.159964 0.626674
 3628800.000000 1.902929 2.525445 2.318385 2.013849 1.142083 2.709089 1.108300 0.598900
 3631200.000000 2.246551 2.398685 2.299252 2.159144 1.063030 2.479509 1.116596 0.563886
 3633600.000000 2.050183 2.367711 2.295501 2.024104 1.125136 2.762375 1.108927 0.598289
 3636000.000000 2.072376 2.412926 2.224183 2.004506 1.086885 2.519742 1.068441 0.574089
 3638400.000000 1.933718 2.390337 2.258125 2.142358 1.078345 2.224449 1.101328 0.544872
 3640800.000000 2.030853 2.381673 2.199216 2.178658 0.984365 2.461006 1.075983 0.556582
 3643200.000000 2.131113 2.401434 2.137512 2.145923 1.026796 2.697203 1.049219 0.581595
 3645600.000000 1.951909 2.380053 2.089474 2.061581 1.025712 2.510058 1.116723 0.562593
 3648000.000000 2.038299 2.439142 2.114780 2.328038 0.890666 2.392217 1.148700 0.581229
 3650400.000000 2.038924 2.456413 2.295527 2.055901 1.152822 2.544111 1.083992 0.579011
 3652800.000000 2.088231 2.139165 2.361032 2.081378 1.021016 2.395068 1.065113 0.587549
 3655200.000000 2.035457 2.194517 2.285489 2.128133 1.013078 2.512547 1.103421 0.583071
 3657600.000000 1.841329 2.156757 2.336997 2.137368 1.094102 2.398697 1.188525 0.613257
 3660000.000000 2.131125 2.343459 2.256657 2.083989 1.194623 2.564841 1.090183 0.590006
 3662400.000000 2.102826 2.432782 2.351930 2.227209 1.092415 2.402271 1.096671 0.577202
 3664800.000000 1.992043 2.463250 2.362295 2.017246 1.175815 2.510084 1.103643 0.587144
 3667200.000000 2.011261 2.304844 2.369950 2.108695 0.975015 2.334730 1.082706 0.613090
 3669600.000000 2.023801 2.239176 2.336419 2.229027 0.952891 2.240553 1.091490 0.590575
 3672000.000000 1.988739 2.409168 2.384110 1.891984 1.106694 2.347629 1.090446 0.626670
 3674400.000000 2.044528 2.245723 2.368631 2.260693 1.075927 2.374508 1.103006 0.614915
 3676800.000000 1.994576 2.402136 2.289327 2.209074 1.118966 2.365161 1.081502 0.588684
 3679200.000000 2.050737 2.343944 2.206300 2.354377 1.033393 2.352038 1.057194 0.545592
 3681600.000000 1.878252 2.367947 2.332783 2.160717 0.985086 2.389321 1.125653 0.585600
 3684000.000000 1.917269 2.267501 2.307996 2.168344 0.935783 2.233522 1.157877 0.594901
 3686400.000000 2.020419 2.449700 2.341521 2.260050 0.989518 2.443341 1.119884 0.574660
 3688800.000000 1.854723 2.192266 2.239404 2.144092 0.954172 2.452960 1.178522 0.661572
 3691200.000000 1.875171 2.312533 2.229828 2.108335 0.993805 2.441072 1.153268 0.555521
 3693600.000000 1.868233 2.360669 2.155869 2.203623 1.014096 2.365449 1.013889 0.594580
 3696000.000000 1.905316 2.505048 2.272011 2.101531 1.000221 2.455806 1.091120 0.578383
 3698400.000000 1.875487 2.363566 2.380172 2.097816 0.997911 2.456703 1.110346 0.637276
 3700800.000000 1.910034 2.237867 2.352324 2.080369 0.982970 2.318609 1.035018 0.648372
 3703200.000000 1.766082 2.214174 2.284699 2.062880 1.022657 2.221115 1.037655 0.638985
 3705600.000000 1.952466 2.403772 2.359868 2.135045 0.996125 2.200956 1.112274 0.644055
 3708000.000000 1.820303 2.331835 2.207298 1.950426 1.091471 2.367041 1.106065 0.655823
 3710400.000000 1.996702 2.331635 2.306113 2.101136 0.926048 2.589053 1.044997 0.728704
 3712800.000000 1.975247 2.241725 2.272699 2.172666 0.974662 2.454094 1.157337 0.706343
 3715200.000000 1.933294 2.284287 2.402142 2.005813 1.046808 2.508938 1.138202 0.635289
 3717600.000000 2.019223 2.372918 2.391017 2.292427 1.180865 2.153164 1.146988 0.627692
 3720000.000000 1.980977 2.391933 2.425974 2.036853 1.109909 2.294375 1.123294 0.585143
 3722400.000000 2.078519 2.374085 2.411085 2.066710 1.029212 2.434821 1.125305 0.604076
 3724800.000000 2.083510 2.335460 2.254713 1.998708 1.113498 2.294759 1.105638 0.592627
 3727200.000000 1.993690 2.342121 2.224675 2.142391 0.952213 2.412559 1.096898 0.587790
 3729600.000000 2.157335 2.372626 2.295401 2.118248 1.034643 2.483928 1.175433 0.573270
 3732000.000000 2.014179 2.169323 2.425345 2.081711 0.993856 2.492069 1.091806 0.626428
 3734400.000000 2.126448 2.380161 2.259991 2.169255 0.992465 2.516196 1.200088 0.612023
 3736800.000000 2.159983 2.286044 2.373990 2.017634 0.961285 2.492864 1.197376 0.608821
 3739200.000000 1.866050 2.159753 2.342751 1.987943 0.956985 2.583028 1.126341 0.611768
 3741600.000000 1.948309 2.370965 2.233782 2.104169 0.945805 2.529805 1.178537 0.632377
 3744000.000000 1.883648 2.483635 2.241372 2.018843 1.032669 2.483391 1.143480 0.617403
 3746400.000000 2.060048 2.304838 2.153739 1.998032 1.085083 2.419777 1.067109 0.581065
 3748800.000000 2.013159 2.343978 2.220405 2.006446 1.099213 2.381341 1.013478 0.703628
 3751200.000000 2.077846 2.318758 2.322478 2.131522 0.957035 2.653398 0.993008 0.555649
 3753600.000000 2.093812 2.313208 2.345128 2.254333 0.985725 2.447790 1.059333 0.579739
 3756000.000000 1.920620 2.301996 2.248770 2.098241 1.100527 2.465336 1.141030 0.551807
 3758400.000000 1.947707 2.255689 2.362556 2.011204 1.191982 2.374595 1.070763 0.574218
 3760800.000000 2.065456 2.259366 2.293341 2.152719 1.095382 2.468122 1.140028 0.592425
 3763200.000000 1.871831 2.160016 2.401512 2.091499 1.122118 2.384976 1.173016 0.556302
 3765600.000000 1.958641 2.329791 2.301805 2.051694 0.973093 2.168771 1.134437 0.570432
 3768000.000000 2.051240 2.290733 2.346364 2.184344 1.057063 2.366817 1.123892 0.618267
 3770400.000000 2.066563 2.358462 2.248096 2.071547 1.063367 2.562274 1.177017 0.559071
 3772800.000000 2.023716 2.304609 2.232029 2.143162 1.078115 2.403163 1.144214 0.559181
 3775200.000000 1.972522 2.327692 2.331120 2.166757 1.093265 2.571763 1.145615 0.559834
 3777600.000000 1.834748 2.533299 2.266284 2.226423 1.040010 2.673956 1.116220 0.574646
 3780000.000000 1.871792 2.407026 2.298831 2.243086 1.090698 2.197705 1.095149 0.585563
 3782400.000000 1.854008 2.248759 2.252271 2.122867 1.071972 2.520766 1.163928 0.603087
 3784800.000000 1.883747 2.313106 2.262740 2.167305 1.088210 2.494146 1.082108 0.597141
 3787200.000000 1.966869 2.252070 2.252383 2.265765 1.106656 2.272332 1.094835 0.604313
 3789600.000000 2.052867 2.330391 2.351767 2.151344 1.137736 2.257119 1.121072 0.596619
 3792000.000000 2.154595 2.294745 2.396039 2.000803 1.284700 2.332813 1.085503 0.587270
 3794400.000000 2.010127 2.297276 2.398877 1.923568 1.215052 2.260501 1.058500 0.574856
 3796800.000000 1.976064 2.285134 2.430021 2.123942 1.049029 2.195185 1.032704 0.552125
 3799200.000000 1.980882 2.348254 2.422993 2.049060 1.088997 2.560926 1.075488 0.564725
 3801600.000000 2.047868 2.406379 2.412677 2.017477 1.112884 2.313572 1.064536 0.583551
 3804000.000000 2.047668 2.377177 2.506230 2.102854 1.117263 2.471468 1.070271 0.559774
 3806400.000000 1.988590 2.342043 2.375377 2.111523 1.055183 2.304556 1.230599 0.676494
 3808800.000000 2.054027 2.240986 2.272240 2.055662 1.085888 2.437927 1.093699 0.599091
 3811200.000000 2.168557 2.368799 2.347122 2.058410 1.301140 2.335147 1.090963 0.565587
 3813600.000000 2.058371 2.261882 2.296770 2.130599 1.095882 2.439291 1.100440 0.592803
 3816000.000000 2.119692 2.412887 2.336409 2.078843 0.971497 2.617911 1.073107 0.540094
 3818400.000000 2.071510 2.248382 2.307866 2.109728 1.045597 2.479944 1.092848 0.539720
 3820800.000000 2.085879 2.401740 2.206192 2.054786 1.171793 2.418929 1.056140 0.642270
 3823200.000000 2.025788 2.325294 2.171267 1.985949 1.215749 2.430774 1.098133 0.568042
 3825600.000000 2.024866 2.512794 2.202973 1.982512 1.142878 2.433401 1.030470 0.559986
 3828000.000000 1.958687 2.222378 2.370977 1.922500 0.952099 2.390252 1.094967 0.570736
 3830400.000000 1.928588 2.485357 2.234166 1.903085 1.044602 2.563606 1.179664 0.582828
 3832800.000000 1.814661 2.286940 2.322338 1.967539 1.161134 2.595675 0.993041 0.565512
 3835200.000000 1.855949 2.296175 2.288846 2.075317 0.978941 2.530612 1.130217 0.675203
 3837600.000000 1.736253 2.233443 2.302229 1.706428 1.447078 2.543044 1.088967 0.592482
 3840000.000000 2.043530 2.356419 2.369489 2.070103 1.139834 2.403520 1.114325 0.603654
 3842400.000000 1.903075 2.341411 2.420158 2.225217 1.019271 2.342616 1.111226 0.549953
 3844800.000000 1.959186 2.510379 2.264952 2.019418 1.129181 2.323242 1.048714 0.579069
 3847200.000000 2.000041 2.266676 2.415856 2.094389 1.118797 2.312593 1.084683 0.594880
 3849600.000000 2.097721 2.319488 2.351062 2.089766 1.164701 2.310041 1.133506 0.580976
 3852000.000000 2.039477 2.268704 2.436237 1.998461 1.127431 2.364663 1.070555 0.575965
 3854400.000000 1.993943 2.427161 2.387468 1.958067 1.106008 2.423415 1.119172 0.592555
 3856800.000000 2.099931 2.373724 2.314014 2.073890 1.075865 2.464621 1.074027 0.561504
 3859200.000000 2.114623 2.295228 2.292367 2.061870 1.096165 2.412148 1.078646 0.543499
 3861600.000000 2.199951 2.252068 2.316519 2.130504 1.170493 2.640814 1.021326 0.599216
 3864000.000000 2.109433 2.432075 2.303819 2.078609 1.120990 2.275565 1.113560 0.666164
 3866400.000000 2.017608 2.258086 2.296568 2.067311 1.025928 2.582300 1.074632 0.600571
 3868800.000000 1.949365 2.261020 2.310917 2.023791 1.121144 2.714677 1.085698 0.647396
 3871200.000000 1.897084 2.261313 2.506199 2.072249 1.050050 2.617648 1.101043 0.577875
 3873600.000000 1.832836 2.278875 2.332526 1.944087 1.191639 2.370289 1.102100 0.602251
 3876000.000000 2.100644 2.266561 2.360341 2.087462 1.080231 2.392845 1.042684 0.599551
 3878400.000000 2.036560 2.185823 2.536582 1.972019 1.030539 2.506288 1.096791 0.593849
 3880800.000000 2.194128 2.267540 2.581393 2.118976 0.948104 2.602837 1.087928 0.591219
 3883200.000000 2.053903 2.366133 2.444379 2.160623 1.014809 2.313571 1.168247 0.604348
 3885600.000000 2.203568 2.363101 2.360658 2.172957 1.040804 2.336668 1.084941 0.602881
 3888000.000000 2.031489 2.337851 2.249939 2.011059 1.054759 2.372849 1.089117 0.580860
 3890400.000000 1.844204 2.348009 2.352196 2.014635 0.959445 2.521176 1.120295 0.601774
 3892800.000000 2.038049 2.263900 2.390549 2.164972 1.008666 2.657663 1.072417 0.557162
 3895200.000000 2.206196 2.303146 2.370180 2.063587 1.040268 2.504322 1.031225 0.582066
 3897600.000000 2.151923 2.319811 2.332775 2.088386 1.044204 2.530666 1.125040 0.606782
 3900000.000000 2.074631 2.217347 2.361753 2.078409 1.025938 2.458938 1.078003 0.560683
 3902400.000000 2.151052 2.226287 2.369722 2.112698 1.052157 2.534981 1.124562 0.625618
 3904800.000000 2.088246 2.317120 2.338036 2.064112 1.017913 2.379856 1.121993 0.587359
 3907200.000000 2.015161 2.310298 2.364241 1.935920 1.144706 2.318460 1.138239 0.602331
 3909600.000000 2.242474 2.356106 2.386472 2.127990 1.077823 2.671738 1.079477 0.590081
 3912000.000000 2.185181 2.306775 2.320812 2.174671 0.970073 2.559835 1.088284 0.598519
 3914400.000000 2.085568 2.178117 2.187008 2.021629 0.892698 2.338655 1.154045 0.651060
 3916800.000000 1.904979 2.425484 2.294568 2.086896 0.989991 2.484588 1.153556 0.658554
 3919200.000000 1.931036 2.318546 2.315069 2.177701 1.023548 2.443652 1.121701 0.617603
 3921600.000000 2.127676 2.382171 2.370203 2.161635 1.091328 2.369487 1.030266 0.596941
 3924000.000000 2.167978 2.402817 2.382734 2.374932 0.988333 2.411305 1.062784 0.641471
 3926400.000000 2.018970 2.389850 2.376394 2.212150 1.006470 2.335430 1.043824 0.622618
 3928800.000000 2.095430 2.413014 2.252133 2.227021 1.020508 2.469242 1.070253 0.596039
 3931200.000000 2.127615 2.342171 2.271335 2.228418 0.972302 2.369716 1.082398 0.613103
 3933600.000000 2.111082 2.348933 2.106547 2.280382 0.991811 2.329123 1.071737 0.582623
 3936000.000000 2.174130 2.266438 2.171265 2.161964 1.160470 2.289961 1.075820 0.565858
 3938400.000000 2.163621 2.434992 2.335753 2.188249 1.132066 2.192402 1.118731 0.584207
 3940800.000000 2.103182 2.262652 2.330879 2.145614 1.115359 2.219215 1.013355 0.596976
 3943200.000000 2.059455 2.461698 2.283966 2.177213 1.198081 2.256187 1.044142 0.605530
 3945600.000000 2.314872 2.409135 2.236280 2.476766 0.972548 2.335987 1.011582 0.626871
 3948000.000000 1.928389 2.405080 2.271549 2.047348 1.196957 2.382999 1.084254 0.605923
 3950400.000000 1.986932 2.350838 2.456703 2.010832 1.054116 2.448833 0.990527 0.542147
 3952800.000000 2.039181 2.298104 2.196014 1.947440 1.087324 2.311907 1.043534 0.587167
 3955200.000000 1.937548 2.293491 2.296016 2.207962 1.027582 2.378838 1.108187 0.604940
 3957600.000000 1.910896 2.081964 2.327652 2.166683 1.024774 2.268072 1.066194 0.629391
 3960000.000000 1.977257 2.238277 2.245056 2.207063 1.097030 2.474819 1.044804 0.598375
 3962400.000000 2.070785 2.229786 2.288213 2.174951 1.160199 2.361196 1.047778 0.604506
 3964800.000000 2.115680 2.346653 2.319762 2.412776 1.055175 2.415230 1.110846 0.601514
 3967200.000000 2.104568 2.394037 2.320532 2.500916 0.964331 2.295495 1.080224 0.589907
 3969600.000000 2.142661 2.397470 2.406920 2.565842 1.022001 2.471936 1.053715 0.584855
 3972000.000000 2.079262 2.430060 2.266903 2.289844 1.060616 2.303882 1.101403 0.596226
 3974400.000000 2.042033 2.396425 2.294178 2.552381 1.047533 2.321327 1.009960 0.614459
 3976800.000000 1.890137 2.255052 2.364816 2.619793 1.196530 2.423945 1.077686 0.603732
 3979200.000000 1.922819 2.240278 2.307382 2.483269 1.016068 2.451506 1.029183 0.641854
 3981600.000000 1.968733 2.346111 2.303695 2.511664 1.091251 2.496804 1.051261 0.599744
 3984000.000000 1.975753 2.211934 2.335391 2.501170 1.046883 2.443748 1.045535 0.584890
 3986400.000000 1.924646 2.230062 2.348427 2.157426 1.220351 2.629738 1.072717 0.604985
 3988800.000000 1.956964 2.179567 2.428972 2.252737 1.201224 2.403249 1.099178 0.595810
 3991200.000000 1.999236 2.245464 2.417585 2.416655 1.140410 2.533982 1.110066 0.620356
 3993600.000000 1.749699 2.316551 2.349311 2.089610 1.269446 2.607190 1.077131 0.568695
 3996000.000000 1.866546 2.200997 2.320799 2.093955 1.084321 2.462997 1.075355 0.580060
 3998400.000000 2.021782 2.333845 2.213660 2.180134 1.166167 2.397510 1.030986 0.586137
 4000800.000000 1.965790 2.123918 2.396434 2.060268 1.092708 2.517640 1.016103 0.586168
 4003200.000000 1.981314 2.219391 2.359217 2.086934 1.085125 2.703923 1.113442 0.612114
 4005600.000000 1.949363 2.042981 2.270655 1.950541 1.214979 2.732387 1.057070 0.566388
 4008000.000000 1.987158 2.258257 2.288045 2.034827 1.175112 2.646529 1.120600 0.557228
 4010400.000000 1.739438 2.237371 2.240992 2.021973 1.203645 2.307596 1.137602 0.582479
 4012800.000000 1.738481 2.141937 2.342662 2.036770 1.178405 2.449780 1.070591 0.580099
 4015200.000000 1.784196 2.295446 2.346796 2.179288 1.090738 2.570507 1.116794 0.613842
 4017600.000000 1.780669 2.258997 2.516229 2.114765 1.063410 2.520435 1.079133 0.560824
 4020000.000000 1.860860 2.147871 2.422582 2.036374 1.135022 2.399352 1.077588 0.606008
 4022400.000000 1.903087 2.296572 2.416114 2.136768 0.984423 2.366186 1.078644 0.591725
 4024800.000000 1.931647 2.373764 2.273042 2.259197 1.187886 2.453862 1.082252 0.593687
 4027200.000000 1.852420 2.179111 2.445223 2.244461 0.973330 2.688384 1.090142 0.590840
 4029600.000000 2.053747 2.236259 2.542081 2.511186 0.905285 2.601036 1.123479 0.617848
 4032000.000000 1.993220 2.356695 2.384994 2.284027 1.090922 2.341031 1.108776 0.567751
 4034400.000000 1.991266 2.330391 2.409528 2.180003 1.068013 2.277424 1.096241 0.589929
 4036800.000000 2.080467 2.232560 2.299277 2.484363 0.895621 2.467017 1.126030 0.569261
 4039200.000000 1.981268 2.111049 2.263637 2.463670 0.943928 2.385539 1.057785 0.588514
 4041600.000000 2.006313 2.339368 2.443995 2.380549 1.094096 2.388357 1.103947 0.574844
 4044000.000000 1.923304 2.355043 2.413256 2.713073 1.043321 2.321122 1.098580 0.558421
 4046400.000000 1.976547 2.304861 2.348990 2.451012 0.975067 2.493498 1.109649 0.564055
 4048800.000000 2.196325 2.309403 2.521846 2.631507 0.937198 2.440087 1.046197 0.561292
 4051200.000000 2.115181 2.402460 2.285008 2.403837 1.120286 2.414812 1.074148 0.554237
 4053600.000000 2.054487 2.255583 2.326838 2.369094 1.115130 2.408390 1.099578 0.579258
 4056000.000000 2.164033 2.253544 2.361274 2.278974 1.176034 2.553618 1.150262 0.590886
 4058400.000000 2.027424 2.194736 2.344028 2.271335 1.059068 2.489780 1.055403 0.552196
 4060800.000000 2.117456 2.252196 2.426797 2.228597 1.001880 2.536083 1.096826 0.574496
 4063200.000000 2.222015 2.240645 2.495894 2.320791 0.954160 2.443372 1.046274 0.558140
 4065600.000000 2.102649 2.105184 2.519825 2.211981 1.018305 2.442592 1.084354 0.556630
 4068000.000000 1.983151 2.231997 2.428953 2.067209 1.023246 2.452737 1.079867 0.554148
 4070400.000000 1.903724 2.243122 2.520036 2.420395 0.903215 2.369481 1.145947 0.578605
 4072800.000000 2.023015 2.384808 2.593673 2.356586 0.926156 2.535158 1.086698 0.585362
 4075200.000000 2.174603 2.211855 2.463350 2.303925 0.939418 2.630246 0.984319 0.619216
 4077600.000000 2.111045 2.295133 2.559043 2.357919 0.951993 2.529412 1.131067 0.600745
 4080000.000000 2.157439 2.424350 2.404713 2.289057 0.962591 2.506177 1.085033 0.576792
 4082400.000000 2.122903 2.292175 2.395757 2.631706 0.907395 2.387499 1.063342 0.557071
 4084800.000000 2.119177 2.361203 2.533312 2.395870 0.897304 2.551924 1.078552 0.570021
 4087200.000000 1.993550 2.375924 2.451687 2.338624 0.934506 2.390300 1.056709 0.569887
 4089600.000000 2.151711 2.195852 2.474762 2.231405 0.857266 2.407670 1.059638 0.568408
 4092000.000000 2.133199 2.330482 2.605577 2.358272 0.943096 2.759329 1.070931 0.581150
 4094400.000000 2.058378 2.307036 2.474813 2.253287 1.070214 2.642643 1.090928 0.586896
 4096800.000000 1.934926 2.262397 2.384287 2.083977 1.009533 2.512837 1.029294 0.590697
 4099200.000000 1.839691 2.260271 2.427531 2.202799 1.077970 2.696592 1.078131 0.575996
 4101600.000000 1.914560 2.351349 2.347675 2.130760 1.044416 2.657743 1.093656 0.600388
 4104000.000000 1.999372 2.348728 2.225017 2.224477 1.021450 2.692717 1.049834 0.591946
 4106400.000000 1.881501 2.313081 2.284038 2.161607 1.074968 2.511060 1.079726 0.585232
 4108800.000000 2.007493 2.283240 2.277715 2.270531 0.973855 2.523432 1.054849 0.601481
 4111200.000000 2.114400 2.561212 2.216483 2.362285 0.988211 2.546877 1.140913 0.594341
 4113600.000000 2.123205 2.368502 2.240208 2.309445 1.016044 2.334372 1.113605 0.563514
 4116000.000000 2.005553 2.357860 2.271842 2.201653 1.111292 2.350861 1.096477 0.605361
 4118400.000000 2.089591 2.314747 2.309042 2.235260 1.071068 2.298185 1.102631 0.583278
 4120800.000000 2.058789 2.356529 2.401033 2.255590 1.061041 2.450573 1.113437 0.586982
 4123200.000000 2.099915 2.251414 2.345193 2.286431 1.035698 2.490259 1.085220 0.588837
 4125600.000000 2.022821 2.215376 2.310315 2.417632 1.008466 2.594804 1.140555 0.597425
 4128000.000000 2.234484 2.180824 2.412588 2.386020 1.088385 2.460398 1.078031 0.563176
 4130400.000000 2.140051 2.382342 2.325665 2.261089 1.085596 2.612124 1.114265 0.630667
 4132800.000000 2.012183 2.123988 2.430388 2.250585 1.124325 2.384244 1.095860 0.595610
 4135200.000000 2.105029 2.142840 2.451237 2.273956 1.016219 2.411314 1.080702 0.596629
 4137600.000000 2.020497 2.112880 2.407178 2.251902 1.045846 2.337379 1.135104 0.614859
 4140000.000000 1.953792 2.323934 2.371903 2.151634 1.075283 2.443094 1.175594 0.583413
 4142400.000000 1.862027 2.495759 2.403949 2.211744 1.109768 2.461685 1.122390 0.581286
 4144800.000000 2.007511 2.460483 2.295055 2.293741 1.064691 2.513187 1.089850 0.598936
 4147200.000000 1.856698 2.273822 2.146736 2.302451 1.071392 2.485082 1.102757 0.587392
 4149600.000000 1.967330 2.556067 2.128274 2.281175 1.103655 2.381382 1.129701 0.579331
 4152000.000000 1.824338 2.358970 2.404463 2.164592 1.080741 2.536784 1.053845 0.587094
 4154400.000000 1.886981 2.428981 2.277883 2.196719 1.049118 2.402280 1.151822 0.601433
 4156800.000000 1.863383 2.181799 2.499335 2.106995 0.987600 2.419204 1.084898 0.591801
 4159200.000000 1.928507 2.256330 2.418315 2.114015 1.092472 2.490566 1.084494 0.589945
 4161600.000000 1.906632 2.195625 2.333571 2.216091 1.043221 2.539154 1.124727 0.586256
 4164000.000000 1.981844 2.235689 2.297727 2.229947 1.056893 2.467309 1.093672 0.579221
 4166400.000000 1.942857 2.119357 2.290366 2.191854 0.997177 2.454160 1.072685 0.569387
 4168800.000000 1.895960 2.126993 2.302339 2.150096 1.076352 2.713563 1.078834 0.570913
 4171200.000000 2.124115 2.295863 2.506276 2.236615 1.047797 2.629048 1.093434 0.590714
 4173600.000000 2.204710 2.184213 2.453916 2.268380 1.006219 2.620311 1.064796 0.581563
 4176000.000000 2.054664 2.271085 2.186499 2.344987 0.994260 2.203865 1.039216 0.579978
 4178400.000000 2.200120 2.251772 2.280634 2.435186 0.989166 2.557369 1.064847 0.588003
 4180800.000000 2.313051 2.466062 2.144071 2.439093 0.976098 2.445961 1.029611 0.583466
 4183200.000000 2.166516 2.291470 2.270083 2.316489 1.101312 2.411317 1.055586 0.592925
 4185600.000000 2.165222 2.196824 2.313501 2.306588 1.026249 2.337611 1.034726 0.573347
 4188000.000000 2.293693 2.317615 2.429760 2.360616 1.023690 2.422860 1.094055 0.620801
 4190400.000000 2.085424 2.276865 2.299885 2.196154 1.067251 2.569029 1.108701 0.575583
 4192800.000000 2.020280 2.251752 2.356495 2.222429 1.037039 2.626339 1.052283 0.579235
 4195200.000000 1.998697 2.274726 2.322443 2.255013 1.053004 2.347479 0.989919 0.586457
 4197600.000000 2.040788 2.190994 2.311396 2.180937 1.059780 2.593912 1.051403 0.566853
 4200000.000000 2.079749 2.230516 2.344881 2.262769 0.990355 2.437547 1.011001 0.571064
 4202400.000000 1.969402 2.271400 2.316679 2.360331 1.039993 2.520535 1.066700 0.595130
 4204800.000000 2.040546 2.196053 2.329887 2.559196 1.059658 2.467790 1.106811 0.573063
 4207200.000000 2.035026 2.141606 2.312165 2.235572 0.999865 2.428868 1.080103 0.579111
 4209600.000000 2.212019 2.283801 2.305185 2.421975 1.010180 2.313155 1.131728 0.564574
 4212000.000000 2.248029 2.195591 2.245200 2.321514 1.034226 2.530551 1.012807 0.604415
 4214400.000000 2.097199 2.095116 2.152693 2.278028 1.011250 2.623667 1.097149 0.581434
 4216800.000000 2.108123 2.265155 2.270069 2.152774 1.039033 2.492701 1.028853 0.592351
 4219200.000000 2.113717 2.245131 2.310858 2.230314 1.055218 2.584747 1.053361 0.603907
 4221600.000000 2.016041 2.239618 2.217019 2.327245 1.041252 2.713221 1.096913 0.578211
 4224000.000000 1.943329 2.258477 2.217568 2.170018 1.031780 2.463469 1.146922 0.565578
 4226400.000000 2.087418 2.327496 2.191059 2.075834 1.087731 2.441633 1.101272 0.569110
 4228800.000000 2.087249 2.086418 2.252745 2.255947 1.018224 2.554188 1.106983 0.595688
 4231200.000000 1.909910 2.361394 2.415335 2.197552 1.108330 2.427078 1.056845 0.594778
 4233600.000000 2.006924 2.195396 2.294751 2.230032 1.087724 2.576975 1.058577 0.617160
 4236000.000000 1.974584 2.155207 2.369399 2.140169 1.041799 2.604954 1.079588 0.590017
 4238400.000000 2.019322 2.169181 2.315893 2.141503 1.084320 2.535466 1.054462 0.611595
 4240800.000000 2.050417 2.303936 2.406375 2.402387 1.095378 2.467196 1.061048 0.578395
 4243200.000000 1.952157 2.183173 2.488877 2.190862 1.156883 2.469548 1.027044 0.665398
 4245600.000000 2.010438 2.175204 2.620221 2.023553 1.068727 2.412791 0.977468 0.601519
 4248000.000000 1.961975 2.197260 2.444058 1.957400 1.127229 2.295543 1.064458 0.599559
 4250400.000000 2.028644 2.249971 2.366874 2.100740 0.949784 2.410574 0.984918 0.573306
 4252800.000000 1.961067 2.356335 2.360046 1.917906 1.132875 2.400796 1.010221 0.595829
 4255200.000000 2.006223 2.293126 2.365234 1.907355 1.193278 2.579772 1.020477 0.591187
 4257600.000000 2.073840 2.272151 2.353131 1.915837 1.122487 2.460233 0.995420 0.635991
 4260000.000000 1.995450 2.297718 2.396744 1.914002 1.091754 2.478562 1.060407 0.595125
 4262400.000000 2.202819 2.307738 2.310121 2.011041 1.157461 2.543216 1.080771 0.662449
 4264800.000000 2.256403 2.328872 2.360433 2.124781 1.012787 2.573439 1.046146 0.576812
 4267200.000000 2.154086 2.342191 2.299615 1.978324 1.067571 2.519540 1.036090 0.597611
 4269600.000000 2.103080 2.272153 2.617035 2.094110 1.069797 2.562636 1.006685 0.646628
 4272000.000000 2.170853 2.211320 2.653611 1.936823 1.211238 2.647037 1.067627 0.607690
 4274400.000000 1.938261 2.278896 2.573103 1.974428 1.156532 2.697311 1.051401 0.580953
 4276800.000000 2.054356 2.238486 2.346930 2.073378 1.086552 2.618885 1.094784 0.548081
 4279200.000000 2.118490 2.177147 2.633134 1.962896 1.154981 2.259644 1.137184 0.601477
 4281600.000000 2.149991 2.293901 2.551798 2.033197 1.097486 2.379685 1.063064 0.557911
 4284000.000000 2.000094 2.270432 2.495023 1.996010 1.078937 2.463047 1.067142 0.608647
 4286400.000000 2.093480 2.213784 2.411361 2.080935 1.082897 2.361247 1.112622 0.612455
 4288800.000000 2.234789 2.254123 2.443319 2.141498 1.047039 2.316330 1.040264 0.577042
 4291200.000000 2.142959 2.368081 2.567951 2.162084 1.094091 2.424084 1.027978 0.607004
 4293600.000000 2.342245 2.247455 2.611587 2.218403 1.090895 2.487769 1.013805 0.577507
 4296000.000000 2.202364 2.367333 2.428978 2.032432 1.003165 2.294775 1.058813 0.597601
 4298400.000000 2.022757 2.273389 2.404376 2.029578 0.965636 2.356868 1.146621 0.630454
 4300800.000000 2.086235 2.285459 2.273165 1.997814 0.902132 2.438523 1.028567 0.618650
 4303200.000000 2.198179 2.333800 2.385711 2.081162 0.933041 2.381335 1.064940 0.569794
 4305600.000000 2.079955 2.402989 2.297336 1.975180 1.085281 2.547530 1.094367 0.564788
 4308000.000000 2.028450 2.182658 2.357147 1.972660 0.957776 2.368247 1.091988 0.589795
 4310400.000000 2.064007 2.142112 2.504905 1.969599 1.137605 2.591278 1.170247 0.622691
 4312800.000000 2.027651 2.257661 2.311838 2.080035 0.975677 2.618087 1.027097 0.563913
 4315200.000000 2.085751 2.286242 2.387115 2.061411 1.084617 2.560189 1.027745 0.607644
 4317600.000000 1.963137 2.205266 2.352133 1.975342 0.939623 2.420327 1.104637 0.596992
 4320000.000000 1.983286 2.200176 2.375713 1.886557 1.045318 2.385631 1.091672 0.579689
 4322400.000000 2.194148 2.259771 2.398514 2.178514 0.940771 2.467128 1.085286 0.586556
 4324800.000000 2.128072 2.265628 2.488523 2.060266 0.953240 2.346053 1.121272 0.657557
 4327200.000000 2.166332 2.416135 2.437937 2.080894 1.122039 2.578446 1.130589 0.595328
 4329600.000000 2.214678 2.295804 2.528673 2.052949 1.047867 2.464569 1.003565 0.570679
 4332000.000000 2.126589 2.388066 2.515966 1.980995 0.938709 2.545159 1.098098 0.605282
 4334400.000000 2.214820 2.339414 2.449296 2.046440 1.024268 2.718420 1.055615 0.585595
 4336800.000000 2.183195 2.212558 2.520925 2.118043 1.028061 2.561474 1.127958 0.556522
 4339200.000000 2.234447 2.189164 2.501702 2.229931 1.040969 2.567993 1.131241 0.605942
 4341600.000000 1.958197 2.412444 2.480102 2.031515 0.954637 2.608039 1.103096 0.590704
 4344000.000000 2.137677 2.345891 2.481168 1.956688 1.068745 2.566552 1.090201 0.624798
 4346400.000000 2.195317 2.308914 2.383796 2.005395 1.036274 2.427204 1.111789 0.608347
 4348800.000000 2.166100 2.268315 2.361213 2.046295 1.077313 2.468397 1.073013 0.599456
 4351200.000000 2.343623 2.468757 2.378555 2.122867 1.047555 2.380232 1.123366 0.572149
 4353600.000000 2.197530 2.363900 2.339753 2.176665 1.037003 2.467504 1.161576 0.662012
 4356000.000000 2.250741 2.260993 2.390102 2.107220 1.039481 2.484609 1.059455 0.570512
 4358400.000000 2.016496 2.309936 2.379325 2.002854 1.039956 2.699201 1.100046 0.567774
 4360800.000000 2.163877 2.191009 2.435252 2.079030 0.999032 2.574133 1.105184 0.582042
 4363200.000000 2.265463 2.323954 2.343120 2.150993 1.056184 2.706438 1.102896 0.562979
 4365600.000000 2.145638 2.296344 2.305650 2.145512 1.034238 2.839716 1.113630 0.590604
 4368000.000000 2.064552 2.289147 2.408105 2.074672 1.044642 2.641621 1.130495 0.593414
 4370400.000000 2.110364 2.282765 2.419529 2.061765 1.047260 2.617441 1.229789 0.618179
 4372800.000000 2.031767 2.225181 2.405664 2.093677 1.036441 2.504101 1.084470 0.601563
 4375200.000000 2.065789 2.339275 2.344454 2.126185 1.042414 2.569524 1.098768 0.579547
 4377600.000000 2.023371 2.140903 2.383411 2.090167 1.011608 2.564198 0.975188 0.604338
 4380000.000000 2.133107 2.356024 2.242119 2.129504 1.041932 2.614526 1.094195 0.584111
 4382400.000000 2.113100 2.263690 2.372147 2.054080 1.042363 2.650969 1.098465 0.586799
 4384800.000000 2.063326 2.328596 2.265518 2.068806 1.040690 2.699844 1.095580 0.589864
 4387200.000000 2.178038 2.306045 2.547316 2.186207 1.019961 2.459604 1.125115 0.567766
 4389600.000000 2.090333 2.240051 2.433748 2.061930 1.049959 2.362129 1.028018 0.563348
 4392000.000000 2.144732 2.138295 2.407173 1.897903 1.053350 2.307845 1.043029 0.600221
 4394400.000000 2.102422 2.251447 2.377893 1.936512 1.047369 2.567181 1.058470 0.572071
 4396800.000000 2.010496 2.125355 2.439902 2.079785 1.029558 2.508198 1.105738 0.579921
 4399200.000000 2.002128 2.243859 2.364558 2.202809 1.024730 2.575232 1.092626 0.643867
 4401600.000000 1.964172 2.255877 2.329558 2.153766 1.032536 2.541383 1.159918 0.581561
 4404000.000000 2.114900 2.169976 2.449273 2.108958 1.023059 2.607564 1.190056 0.603210
 4406400.000000 1.984015 2.382274 2.438354 2.116268 1.082108 2.325013 1.074825 0.601029
 4408800.000000 2.118284 2.260619 2.290815 2.014063 1.068487 2.343337 1.067664 0.647999
 4411200.000000 2.140535 2.189687 2.318711 1.923182 1.055071 2.436308 1.077568 0.576018
 4413600.000000 2.098025 2.097453 2.395668 2.019824 1.059605 2.424605 1.118114 0.560228
 4416000.000000 2.097804 2.200620 2.298531 2.136380 0.998224 2.685645 1.082100 0.571735
 4418400.000000 2.186630 2.262679 2.266843 2.107508 1.058549 2.733851 1.118349 0.604643
 4420800.000000 2.166179 2.141204 2.423900 2.112274 0.981715 2.728695 1.089584 0.596635
 4423200.000000 2.169685 2.135165 2.295533 2.078029 1.044177 2.736624 1.194356 0.588251
 4425600.000000 2.088549 2.104119 2.336620 2.094024 1.033175 2.633334 1.060161 0.593552
 4428000.000000 2.074623 2.097174 2.378953 2.119176 1.019324 2.600210 1.141353 0.605625
 4430400.000000 2.009022 2.078546 2.441329 2.064458 1.061777 2.617267 1.121686 0.581481
 4432800.000000 2.122173 2.050345 2.322936 2.110952 1.019960 2.681949 1.029096 0.622483
 4435200.000000 2.230599 2.158612 2.446446 2.086156 1.030471 2.444764 1.068113 0.581184
 4437600.000000 2.223303 2.221056 2.333410 2.103233 1.108567 2.605851 1.065074 0.575519
 4440000.000000 2.203223 2.281889 2.368730 2.096906 1.091122 2.485625 1.030286 0.573224
 4442400.000000 2.166481 2.142934 2.403742 2.089020 1.024201 2.738468 1.061671 0.607728
 4444800.000000 2.139484 2.193249 2.418862 2.116191 1.040819 2.737344 1.040654 0.580505
 4447200.000000 2.026337 2.159254 2.371474 2.071857 0.951360 2.758270 1.085037 0.562381
 4449600.000000 1.879553 2.088231 2.395339 1.824135 1.034045 2.825439 1.116242 0.558796
 4452000.000000 2.153200 2.252686 2.378873 1.975936 1.155946 2.509442 1.014655 0.579004
 4454400.000000 2.127298 2.090607 2.416287 2.032490 1.027179 2.486639 1.017250 0.593723
 4456800.000000 2.086372 2.137428 2.382945 2.015009 1.049740 2.639387 1.096154 0.607774
 4459200.000000 2.041841 2.073784 2.430245 2.091799 0.962686 2.428658 1.094556 0.591872
 4461600.000000 2.033123 2.026283 2.374223 1.993126 0.953235 2.533902 1.143295 0.597585
 4464000.000000 2.220931 2.071998 2.337084 2.171329 0.980977 2.515625 1.051498 0.587616
 4466400.000000 2.321038 2.238824 2.449949 2.130043 0.954908 2.571400 1.055987 0.621983
 4468800.000000 2.220552 2.236785 2.430790 2.240295 0.948360 2.662350 1.020568 0.590180
 4471200.000000 2.138937 2.134146 2.305563 2.002576 0.964650 2.489755 1.068011 0.559120
 4473600.000000 2.167079 2.121510 2.351222 2.093983 0.979433 2.509077 1.068285 0.539953
 4476000.000000 2.154927 2.150998 2.396385 2.325713 0.970567 2.593424 1.036498 0.569301
 4478400.000000 2.131829 2.299393 2.342843 2.218469 0.982838 2.677309 1.093838 0.606089
 4480800.000000 2.136259 2.165560 2.369141 2.094092 1.025059 2.583204 1.072443 0.604729
 4483200.000000 2.065591 2.109339 2.353163 2.078402 1.006563 2.415590 1.169281 0.556295
 4485600.000000 2.005900 2.158950 2.534761 2.159943 1.081571 2.570900 1.079785 0.562058
 4488000.000000 2.138286 2.445374 2.348358 2.035777 1.015825 2.479863 1.124792 0.619951
 4490400.000000 2.104967 2.337466 2.523339 2.122261 1.013439 2.446125 1.007180 0.579607
 4492800.000000 2.036599 2.140157 2.463465 2.016474 1.027168 2.229846 1.030589 0.604080
 4495200.000000 2.059963 2.320800 2.375211 2.093805 1.023323 2.533730 1.073573 0.606706
 4497600.000000 1.926845 2.293279 2.461039 2.074221 1.057976 2.495443 1.092945 0.584282
 4500000.000000 1.986980 2.332945 2.425946 2.066530 1.017716 2.386563 1.042587 0.594648
 4502400.000000 1.980991 2.333657 2.275528 2.101053 1.017775 2.336727 1.095737 0.664648
 4504800.000000 2.097061 2.366035 2.348809 2.130912 1.057534 2.443555 1.041416 0.617524
 4507200.000000 2.132523 2.379992 2.236676 2.066828 1.030383 2.675528 1.087618 0.650319
 4509600.000000 2.077249 2.300314 2.421034 2.106483 0.969480 2.496725 1.038745 0.667933
 4512000.000000 2.145726 2.317525 2.417737 2.235661 1.003683 2.599751 1.088373 0.600101
 4514400.000000 2.111964 2.286130 2.469363 2.174319 1.000773 2.554133 1.074623 0.619312
 4516800.000000 2.099809 2.357398 2.375008 2.225870 0.942822 2.358438 1.074929 0.635457
 4519200.000000 2.172467 2.444649 2.421876 2.157313 0.981217 2.573645 1.056074 0.650154
 4521600.000000 2.079848 2.441990 2.220006 2.089791 1.020430 2.637953 1.082053 0.694244
 4524000.000000 2.166587 2.432061 2.360194 2.181925 1.077312 2.417645 1.076279 0.559641
 4526400.000000 2.055264 2.466509 2.450166 2.052289 1.037764 2.496930 1.082819 0.632832
 4528800.000000 2.144717 2.356851 2.390226 2.175374 0.973594 2.471334 1.081540 0.583109
 4531200.000000 2.211572 2.380185 2.326402 2.097050 0.988883 2.559001 1.024443 0.566848
 4533600.000000 2.148842 2.441348 2.350335 2.007828 1.264701 2.475579 1.138225 0.610608
 4536000.000000 1.835187 2.438481 2.238439 2.053495 1.105084 2.537140 1.168266 0.640909
 4538400.000000 2.140545 2.389786 2.367134 2.138527 1.096121 2.476093 1.095255 0.605251
 4540800.000000 2.021676 2.345048 2.374707 2.311710 0.998496 2.372024 1.087362 0.607947
 4543200.000000 1.950068 2.233046 2.364518 2.171033 1.069537 2.435444 1.092780 0.582187
 4545600.000000 2.005106 2.332825 2.281687 2.258901 1.036216 2.703248 1.054521 0.587510
 4548000.000000 2.107790 2.353817 2.279858 1.877652 1.173604 2.572196 1.045981 0.579635
 4550400.000000 2.030842 2.461102 2.334993 2.070656 1.110235 2.731576 1.068967 0.630683
 4552800.000000 2.140916 2.317806 2.309177 2.127716 1.029331 2.687964 1.097239 0.580762
 4555200.000000 2.159237 2.280848 2.305518 2.131063 1.094562 2.616133 1.070556 0.599135
 4557600.000000 2.075007 2.260839 2.344797 1.966588 1.105780 2.731940 1.095418 0.688767
 4560000.000000 2.036817 2.172342 2.461098 1.873957 1.109412 2.933804 1.083163 0.629490
 4562400.000000 2.077772 2.229979 2.394622 2.047182 1.004036 2.954713 1.093062 0.606170
 4564800.000000 2.131668 2.276526 2.285041 2.063135 1.096893 3.103218 1.055780 0.618397
 4567200.000000 2.036563 2.248833 2.293862 2.180473 0.947106 2.858998 0.978009 0.578469
 4569600.000000 2.173203 2.264129 2.350847 1.810125 1.146718 2.840509 1.057772 0.641119
 4572000.000000 2.171722 2.282000 2.321890 1.892079 1.072840 3.017935 1.059014 0.639772
 4574400.000000 2.043507 2.276412 2.115499 2.003599 1.025504 2.661176 1.003489 0.627251
 4576800.000000 2.222754 2.309230 2.305798 1.955270 1.088395 2.998810 1.033402 0.592751
 4579200.000000 2.180746 2.367164 2.294620 2.051606 1.051481 2.737027 1.133550 0.600090
 4581600.000000 2.027855 2.378007 2.286346 1.941103 1.001402 2.791056 1.101390 0.585155
 4584000.000000 2.135863 2.197306 2.322339 1.946268 1.094834 2.771553 1.059729 0.589802
 4586400.000000 2.177951 2.208103 2.405924 2.280378 0.972762 2.879829 1.130879 0.688930
 4588800.000000 2.098463 2.416501 2.346057 2.004313 1.204080 2.937736 1.133296 0.618173
 4591200.000000 2.009540 2.215508 2.423587 2.024253 1.122831 3.162596 1.059497 0.613350
 4593600.000000 1.977446 2.391698 2.344567 1.936381 1.190622 2.710383 1.041959 0.642000
 4596000.000000 2.237921 2.343509 2.249302 2.179015 1.080354 2.784680 1.154932 0.590144
 4598400.000000 2.090674 2.298271 2.383062 2.081172 1.171821 2.814444 1.057145 0.645680
 4600800.000000 2.334786 2.326551 2.456619 2.198910 1.129419 2.888270 1.001174 0.606701
 4603200.000000 2.073760 2.410006 2.400279 2.134447 1.155075 2.618530 1.082412 0.655771
 4605600.000000 2.258386 2.253028 2.319921 2.236626 0.973951 2.745447 1.094867 0.640161
 4608000.000000 2.070111 2.094679 2.368240 1.992943 1.008307 2.677690 1.066063 0.600043
 4610400.000000 2.211924 2.293733 2.394382 2.099853 1.056430 2.838007 1.059604 0.578646
 4612800.000000 2.136747 2.138761 2.426091 2.085820 1.047180 2.680682 0.979506 0.611197
 4615200.000000 2.200681 2.229592 2.408674 2.174653 1.045923 2.618409 1.070680 0.647539
 4617600.000000 2.149796 2.268845 2.425398 2.009223 1.090278 2.707649 1.032674 0.659496
 4620000.000000 2.148457 2.265295 2.315987 2.148134 0.977887 2.719287 0.996002 0.614079
 4622400.000000 2.175548 2.188944 2.362837 2.108268 1.053255 2.504274 1.046092 0.588682
 4624800.000000 2.271741 2.290735 2.257371 2.110083 1.157542 2.639600 1.069002 0.604945
 4627200.000000 2.148919 2.420849 2.402574 2.123274 1.225006 2.597854 1.047133 0.607045
 4629600.000000 2.143829 2.306382 2.365312 1.907421 1.336652 2.559034 0.999352 0.607057
 4632000.000000 2.187447 2.470637 2.354860 2.138951 1.181500 2.768287 1.018099 0.599706
 4634400.000000 2.106363 2.306449 2.298390 2.090169 1.245759 2.806736 1.043314 0.617970
 4636800.000000 2.080183 2.276179 2.387334 1.833519 1.037614 2.726825 1.053970 0.596980
 4639200.000000 2.122989 2.327247 2.339989 1.966802 0.986441 2.687972 1.029558 0.607055
 4641600.000000 2.100984 2.294627 2.285885 2.069464 0.970147 2.738351 0.972991 0.644919
 4644000.000000 2.144683 2.192695 2.341989 2.087028 1.100884 2.628921 1.059612 0.652310
 4646400.000000 2.085166 2.247566 2.308446 1.948295 1.098181 2.532454 1.115124 0.575757
 4648800.000000 2.013082 2.140315 2.377588 2.149344 1.031254 2.546772 1.015325 0.577681
 4651200.000000 1.946513 2.237624 2.279756 1.961471 0.909846 2.805717 1.021362 0.647124
 4653600.000000 2.013161 2.233552 2.334033 2.076592 0.975716 2.607841 1.051203 0.598140
 4656000.000000 2.006256 2.293817 2.434644 2.165195 1.080093 2.637005 1.026382 0.627050
 4658400.000000 2.004191 2.239724 2.393526 2.176352 1.132638 2.723142 1.050014 0.634668
 4660800.000000 1.945010 2.128364 2.473284 2.211873 1.051459 2.707244 1.098179 0.583647
 4663200.000000 2.133509 2.242916 2.370823 2.198318 1.012565 2.636774 1.096280 0.640515
 4665600.000000 1.929910 2.173496 2.350839 2.090083 0.942349 2.780071 1.067701 0.617967
 4668000.000000 1.963140 2.273945 2.358274 2.092379 0.983736 2.623052 1.037775 0.600627
 4670400.000000 1.840222 2.229345 2.300287 2.187234 1.046238 2.778449 1.089204 0.586626
 4672800.000000 2.010853 2.144987 2.412513 2.265434 0.944124 2.779938 1.079667 0.577413
 4675200.000000 1.908183 2.064692 2.349344 1.983541 1.035932 2.788204 1.107601 0.587269
 4677600.000000 1.903788 2.296734 2.250702 2.160479 1.029362 2.580056 1.105994 0.627414
 4680000.000000 2.041880 2.256930 2.307033 2.088182 1.077860 2.769068 1.070303 0.567687
 4682400.000000 1.904180 2.369366 2.361161 2.050649 1.023827 2.829012 1.100936 0.593200
 4684800.000000 1.976783 2.188160 2.245792 2.082636 0.971219 2.758562 1.074513 0.609613
 4687200.000000 1.958491 2.277299 2.333248 1.974339 1.097232 2.730085 1.071972 0.554002
 4689600.000000 1.978810 2.227712 2.377807 2.087428 1.089890 2.871924 1.049234 0.578721
 4692000.000000 1.921363 2.234876 2.349188 2.078053 1.110680 2.862418 1.047530 0.624372
 4694400.000000 2.047626 2.407480 2.278183 2.081627 1.066136 2.802769 1.067739 0.594128
 4696800.000000 1.975924 2.376036 2.289567 2.036059 1.104487 2.673138 1.045486 0.590290
 4699200.000000 2.103474 2.456197 2.400239 2.045342 1.056279 2.692927 1.061866 0.632497
 4701600.000000 1.904678 2.361981 2.358802 2.073780 1.104267 2.804141 1.124038 0.595439
 4704000.000000 1.801228 2.295033 2.336575 1.993152 1.109911 2.551265 1.067859 0.582281
 4706400.000000 2.047841 2.310057 2.343464 2.102816 1.094879 2.694332 1.035921 0.600070
 4708800.000000 2.099102 2.302268 2.327100 2.085012 0.968174 2.696961 1.116832 0.584810
 4711200.000000 2.036716 2.322183 2.501938 2.204999 0.972116 2.689516 1.053627 0.559387
 4713600.000000 2.120721 2.234064 2.361353 2.089960 1.078106 2.747112 1.108873 0.598443
 4716000.000000 2.172952 2.435456 2.267470 2.112480 1.063897 2.853253 1.091678 0.597517
 4718400.000000 2.061898 2.306465 2.403703 2.039099 1.068076 2.671622 1.110379 0.676596
 4720800.000000 2.139238 2.273769 2.524259 2.182538 1.110843 2.851116 1.029391 0.549288
 4723200.000000 2.026915 2.248791 2.360041 2.012714 1.166560 2.689304 1.037834 0.624819
 4725600.000000 2.094668 2.274080 2.659727 2.107009 1.043346 2.787533 1.147097 0.608250
 4728000.000000 1.985954 2.141277 2.482327 1.963196 1.234215 2.770288 1.049108 0.600453
 4730400.000000 2.099605 2.161940 2.484798 1.979938 1.144265 2.812200 1.091914 0.600993
 4732800.000000 2.002743 2.020189 2.392782 1.860857 1.135011 2.565618 1.032876 0.625962
 4735200.000000 1.817044 1.964001 2.558631 2.023484 1.166088 2.483062 1.106657 0.613576
 4737600.000000 2.179347 2.139216 2.720085 1.997824 1.167974 2.758392 1.075983 0.612954
 4740000.000000 2.027007 2.245354 2.710688 2.134866 1.047486 2.487691 1.046733 0.632017
 4742400.000000 2.174822 2.149655 2.544367 2.103005 1.212601 2.468322 0.975254 0.613908
 4744800.000000 2.039051 2.198570 2.485177 2.091654 1.270863 2.564579 1.097976 0.583186
 4747200.000000 2.005631 2.209991 2.428467 2.321801 1.020545 2.793744 1.107695 0.600630
 4749600.000000 2.034900 2.318707 2.351570 2.106445 1.099754 2.535763 1.068149 0.643025
 4752000.000000 1.923721 2.412274 2.236206 2.045698 1.191715 2.393648 1.089966 0.625282
 4754400.000000 2.247180 2.382539 2.230731 2.280725 1.098094 2.709520 1.021834 0.604621
 4756800.000000 1.919654 2.228553 2.335007 2.262626 1.158013 2.991108 1.091897 0.624067
 4759200.000000 1.950086 2.346919 2.262261 2.238092 1.099384 2.736576 1.006688 0.640467
 4761600.000000 1.968896 2.340602 2.322673 2.224518 1.180253 2.585558 1.067208 0.623979
 4764000.000000 1.941985 2.407364 2.367685 2.251077 1.248127 2.555686 1.096105 0.588943
 4766400.000000 2.059239 2.426099 2.268206 2.180160 1.208910 2.455365 1.071086 0.649312
 4768800.000000 1.996459 2.339065 2.236470 2.232448 1.218464 2.461483 1.084381 0.565603
 4771200.000000 2.009591 2.353834 2.176491 2.181306 1.221598 2.718093 1.118944 0.629389
 4773600.000000 2.007527 2.272708 2.412484 2.212558 1.237306 2.966977 1.104698 0.589838
 4776000.000000 1.970165 2.327237 2.484486 2.201871 1.210830 2.780298 1.026681 0.668795
 4778400.000000 1.999255 2.270212 2.438750 2.120499 1.210343 2.645544 1.048333 0.635762
 4780800.000000 1.996034 2.341050 2.401278 2.218722 1.227403 2.853623 1.129731 0.648047
 4783200.000000 2.012280 2.304515 2.327352 2.167014 1.195464 2.543979 1.038540 0.579154
 4785600.000000 1.942041 2.406217 2.370413 2.165606 1.277454 2.909434 1.046961 0.580733
 4788000.000000 2.037041 2.322527 2.294908 2.138974 1.204853 2.671280 1.057434 0.604585
 4790400.000000 2.064577 2.284611 2.337006 2.211698 1.222270 2.933302 1.004366 0.571750
 4792800.000000 2.066695 2.266630 2.415732 2.296721 1.227007 2.846636 1.023700 0.574556
 4795200.000000 2.112551 2.107472 2.490261 2.339884 1.327237 2.675997 1.066031 0.603518
 4797600.000000 1.989324 2.152744 2.471790 2.233121 1.339819 2.714476 1.155016 0.586302
 4800000.000000 2.069467 2.335322 2.384738 2.081714 1.264977 2.822060 1.092027 0.593304
 4802400.000000 2.011524 2.297310 2.446172 2.199083 1.283217 2.574827 1.048639 0.593808
 4804800.000000 2.097483 2.407560 2.483817 2.232440 1.175457 2.650945 1.007303 0.611571
 4807200.000000 2.003101 2.308730 2.295962 2.279560 1.128933 2.887900 1.028943 0.656148
 4809600.000000 2.137746 2.312698 2.413988 2.294790 1.094191 2.870726 1.133036 0.592562
 4812000.000000 2.219199 2.341994 2.329552 2.303880 1.104732 2.720969 1.080654 0.617755
 4814400.000000 2.204656 2.406545 2.390023 2.230673 1.062344 2.552656 1.018925 0.586237
 4816800.000000 2.089775 2.361646 2.504169 2.170218 1.193853 2.586093 1.084766 0.634007
 4819200.000000 1.989454 2.195959 2.491477 2.213973 1.051896 2.770036 1.072720 0.618101
 4821600.000000 1.940308 2.477908 2.375915 2.205949 1.068182 2.561286 1.063507 0.573835
 4824000.000000 1.893072 2.365318 2.394229 2.206158 1.177094 2.608388 1.097985 0.570709
 4826400.000000 1.953399 2.397726 2.355850 2.119082 1.054435 2.697976 1.060057 0.561898
 4828800.000000 1.906435 2.258919 2.345587 2.164391 1.095758 2.487455 1.103882 0.590471
 4831200.000000 1.963192 2.333115 2.352835 2.005029 1.090820 2.604053 1.002479 0.552085
 4833600.000000 1.978661 2.291675 2.440094 2.179116 1.065932 2.779778 1.032169 0.569384
 4836000.000000 1.935281 2.257330 2.486870 2.219963 1.077784 2.535054 1.102284 0.589940
 4838400.000000 1.943681 2.278235 2.534881 2.069184 1.152640 2.669432 1.041264 0.544503
 4840800.000000 2.159240 2.353915 2.566298 2.177398 1.253563 2.780598 1.051371 0.581201
 4843200.000000 2.025947 2.268610 2.761809 2.194307 1.102327 2.691245 1.087592 0.553007
 4845600.000000 2.092253 2.385963 2.667095 2.268882 1.137346 2.785459 1.032227 0.548060
 4848000.000000 2.289522 2.543760 2.733620 2.163642 1.270308 2.668538 1.042285 0.584311
 4850400.000000 2.094248 2.286809 2.506844 2.246194 1.106695 2.874412 1.058082 0.573973
 4852800.000000 2.136335 2.408320 2.542870 2.043641 1.177329 2.899142 1.072660 0.559323
 4855200.000000 2.073139 2.377470 2.688662 2.119853 1.141070 2.895649 1.035653 0.547725
 4857600.000000 2.025586 2.344423 2.639348 2.016977 1.233164 2.634476 1.159056 0.602453
 4860000.000000 2.039588 2.215679 2.791758 2.143138 1.176497 2.994481 1.005766 0.590295
 4862400.000000 1.997004 2.003084 2.774254 2.134100 1.283247 2.896379 1.005021 0.560343
 4864800.000000 2.071538 2.125101 2.705926 2.086754 1.250402 2.921423 1.105412 0.590593
 4867200.000000 2.010303 2.117958 2.738146 2.120140 1.177949 3.023881 1.101812 0.584395
 4869600.000000 2.205572 2.137738 2.591785 2.035836 1.349135 2.750275 1.130586 0.609250
 4872000.000000 2.014207 2.092550 2.616732 2.116999 1.015651 2.558984 1.080337 0.586974
 4874400.000000 1.926627 2.017520 2.482800 2.066055 1.338991 2.607357 0.988110 0.597921
 4876800.000000 2.130554 2.117550 2.585238 2.190743 1.206958 2.842433 1.168821 0.563000
 4879200.000000 2.066847 2.131558 2.513163 2.264455 1.202553 2.863136 1.056934 0.600903
 4881600.000000 2.098630 2.063668 2.637556 2.304630 1.192802 3.052831 1.161853 0.581647
 4884000.000000 2.118111 2.122163 2.532272 2.212963 1.123279 2.735345 1.068715 0.629372
 4886400.000000 2.104710 2.097391 2.557834 2.280697 1.169059 2.930521 1.083251 0.583114
 4888800.000000 1.911513 2.187673 2.542970 2.196135 1.206510 3.152123 1.111154 0.605482
 4891200.000000 1.849642 2.216901 2.541135 2.230158 1.177775 3.056859 1.111678 0.579686
 4893600.000000 2.002626 2.263045 2.579644 2.297205 0.931512 3.007200 1.018255 0.598573
 4896000.000000 2.081793 2.321286 2.623718 2.165176 1.112022 2.810681 1.066401 0.608529
 4898400.000000 2.001929 2.390798 2.458366 2.292001 1.106956 2.887656 1.074724 0.570070
 4900800.000000 1.972603 2.263078 2.493235 2.321518 1.106951 2.868517 1.000134 0.573311
 4903200.000000 1.909684 2.126323 2.672116 2.161354 1.235578 3.114743 1.026181 0.592045
 4905600.000000 1.946179 2.402311 2.361244 2.182362 1.180777 3.262330 1.099666 0.568529
 4908000.000000 1.675022 2.338243 2.441941 2.062297 1.241314 2.883743 1.046329 0.656763
 4910400.000000 1.985287 2.133422 2.568627 2.157549 1.086755 3.022636 1.101480 0.588188
 4912800.000000 2.016614 2.241786 2.340161 2.138213 1.124680 3.175548 1.080077 0.634413
 4915200.000000 2.177724 2.098291 2.504461 2.287897 1.115650 2.956430 1.126607 0.604467
 4917600.000000 1.937373 2.185342 2.518940 2.156740 1.194204 2.998483 1.074641 0.597345
 4920000.000000 1.855428 2.224051 2.492692 2.057350 1.345871 3.101243 1.102391 0.579861
 4922400.000000 2.015430 2.185103 2.532560 2.137814 1.262166 3.004137 1.078394 0.600035
 4924800.000000 2.372921 2.362618 2.434650 2.297735 1.276910 2.977444 1.063090 0.578158
 4927200.000000 1.938551 2.042088 2.535872 2.051040 1.373085 3.105646 1.047795 0.611732
 4929600.000000 1.941213 2.182085 2.584754 2.188907 1.171558 2.877545 1.051061 0.571794
 4932000.000000 1.911124 2.318347 2.467337 2.198056 1.255566 3.009642 1.162290 0.630530
 4934400.000000 1.857349 2.308754 2.459109 2.234405 1.200299 2.976009 1.016447 0.592710
 4936800.000000 1.981134 2.286051 2.548789 2.099120 1.438838 3.005969 1.019957 0.609444
 4939200.000000 2.014436 2.178594 2.574466 2.205435 1.142933 2.712990 1.033870 0.590489
 4941600.000000 2.092557 2.044597 2.565554 2.159597 1.229757 3.032162 1.067431 0.567982
 4944000.000000 2.307928 2.034447 2.633435 2.147738 1.350324 2.837210 1.070530 0.599212
 4946400.000000 2.068973 2.078451 2.519806 2.047839 1.417002 2.890649 1.050071 0.592074
 4948800.000000 2.188661 2.205971 2.381623 2.230735 1.188935 2.805529 1.076103 0.582467
 4951200.000000 2.135813 2.305285 2.377647 2.315053 1.004511 2.905762 1.022194 0.579354
 4953600.000000 2.291006 2.171577 2.652491 2.375710 0.963466 2.852471 1.061658 0.561155
 4956000.000000 2.282585 2.316177 2.626225 2.338386 1.051143 2.806793 1.122039 0.640026
 4958400.000000 2.373064 2.168662 2.482532 2.281931 0.897467 2.830987 1.014741 0.589779
 4960800.000000 2.555229 2.257976 2.488637 2.399481 0.894976 2.856972 0.994059 0.589372
 4963200.000000 2.367676 2.217919 2.518310 2.551859 0.914500 2.958321 1.004164 0.589285
 4965600.000000 2.060428 2.240787 2.545885 2.161539 1.175614 2.945655 0.984080 0.620147
 4968000.000000 2.018069 2.219389 2.540525 2.017316 1.352138 2.788340 1.012316 0.623753
 4970400.000000 2.092949 2.283438 2.594388 2.279136 1.140017 3.025409 1.008422 0.605995
 4972800.000000 2.189503 2.304911 2.545191 2.159268 1.187482 3.026833 1.049347 0.605941
 4975200.000000 2.119152 2.357749 2.394556 2.220488 1.070633 2.934056 1.023414 0.593323
 4977600.000000 2.060521 2.290403 2.275786 2.015849 1.092588 2.919532 1.024778 0.617415
 4980000.000000 2.174377 2.295823 2.225189 2.067734 1.218419 2.926752 1.016313 0.597048
 4982400.000000 2.113854 2.135947 2.339057 2.052563 1.208183 2.968693 1.079280 0.618378
 4984800.000000 2.249385 2.199243 2.302480 2.165283 1.241181 3.017916 1.075222 0.590317
 4987200.000000 2.070266 2.284294 2.389247 2.157466 1.136321 2.904803 1.026400 0.577354
 4989600.000000 2.202450 2.253683 2.386566 2.077280 1.164073 2.844460 1.071498 0.584976
 4992000.000000 2.274859 2.186104 2.486046 2.134372 1.148953 2.910827 1.057124 0.602395
 4994400.000000 2.130486 2.176597 2.430630 2.052293 1.116320 2.878089 1.049027 0.598849
 4996800.000000 2.208976 2.274777 2.362615 2.153506 1.185994 2.900553 1.063070 0.609135
 4999200.000000 2.240579 2.257662 2.396060 2.256517 0.907917 3.070618 1.041703 0.577584
 5001600.000000 2.300724 2.225779 2.409562 2.376701 0.903488 2.893763 0.975777 0.600759
