#! FIELDS time TM1_TM6 TM1_ICL2 ICL2_TM5 TM6_H8 TM3_TM6 Npxxy N300_S115 L78_Y297
 0.000000 2.041612 1.614717 2.561893 1.770725 1.082566 1.302678 0.990476 0.595050
 2400.000000 2.010465 1.706477 2.599343 1.749697 1.080179 1.194146 1.049194 0.633636
 4800.000000 2.061617 1.769720 2.462562 1.809498 0.971206 1.256119 0.951922 0.647171
 7200.000000 2.014598 1.820682 2.556626 1.761482 1.065087 1.243834 0.996053 0.624169
 9600.000000 2.054685 1.698013 2.503961 1.779511 0.984622 1.162609 0.986806 0.649986
 12000.000000 2.096749 1.757039 2.449223 1.879776 1.111419 1.158374 1.002885 0.647428
 14400.000000 2.217656 1.741421 2.478106 1.777139 0.998469 1.224424 0.985721 0.574699
 16800.000000 2.203491 1.746259 2.651901 1.770808 1.000213 1.264810 0.940731 0.563426
 19200.000000 2.130357 1.720170 2.569115 1.841633 1.002834 1.219742 0.945782 0.619669
 21600.000000 1.907624 1.635763 2.627734 1.681181 1.034550 1.276226 0.998543 0.639133
 24000.000000 1.984343 1.818323 2.595781 1.708435 1.076162 1.171003 1.013556 0.607793
 26400.000000 1.961897 1.858112 2.630907 1.667633 0.989833 1.252814 1.043225 0.615874
 28800.000000 2.014546 1.846624 2.511423 1.673090 1.015077 1.254704 1.051729 0.677392
 31200.000000 1.884777 1.694425 2.642021 1.539977 1.012946 1.255484 1.013492 0.610922
 33600.000000 2.037733 1.603820 2.652429 1.760432 0.939888 1.168119 1.048074 0.619090
 36000.000000 1.985063 1.554510 2.636776 1.766645 0.981034 1.247376 1.026596 0.621861
 38400.000000 1.959358 1.644377 2.576599 1.796865 1.106019 1.204957 1.142608 0.601194
 40800.000000 1.968777 1.599038 2.672982 1.816402 1.001356 1.332018 0.974112 0.607483
 43200.000000 2.073573 1.615270 2.609599 1.709303 1.062651 1.297361 0.931227 0.614794
 45600.000000 2.049950 1.827909 2.470739 1.559263 1.000305 1.194970 0.986741 0.586694
 48000.000000 2.093402 1.841399 2.469996 1.552199 0.991830 1.263792 1.025422 0.665323
 50400.000000 2.027593 1.820841 2.510840 1.592456 1.013778 1.226506 0.954602 0.603742
 52800.000000 2.129344 1.809463 2.488304 1.733498 1.061443 1.372827 0.935840 0.610736
 55200.000000 2.149020 1.792925 2.453172 1.737972 1.033426 1.147538 0.995256 0.629036
 57600.000000 2.161214 1.663337 2.608492 1.708246 1.118950 1.374855 1.115063 0.678658
 60000.000000 2.121311 1.680396 2.580081 1.721138 1.042713 1.289344 0.937519 0.647550
 62400.000000 2.114811 1.659731 2.641037 1.740582 1.184995 1.247291 0.989728 0.613125
 64800.000000 2.013885 1.773399 2.418070 1.711059 1.068981 1.207419 0.938175 0.594811
 67200.000000 1.939057 1.891804 2.382545 1.730944 1.026143 1.255087 1.000360 0.597535
 69600.000000 2.014624 1.922316 2.375908 1.741375 1.054697 1.210144 0.992863 0.619413
 72000.000000 1.862937 1.832580 2.463587 1.846037 1.006506 1.389055 1.036082 0.643930
 74400.000000 1.951308 1.869754 2.503320 1.672730 1.028816 1.274706 1.008511 0.615217
 76800.000000 1.901292 1.980480 2.514042 1.826706 1.112376 1.282272 1.137633 0.655310
 79200.000000 1.944249 1.780174 2.557101 1.853938 0.996549 1.248668 1.053406 0.624946
 81600.000000 2.081849 1.854712 2.580989 1.822547 0.912439 1.423117 0.960309 0.665953
 84000.000000 1.992299 1.791265 2.632760 1.859863 1.001462 1.292791 1.132680 0.654776
 86400.000000 1.941357 1.753458 2.586065 1.855427 0.958324 1.356043 0.976284 0.620549
 88800.000000 1.855943 1.772290 2.669272 1.830343 0.971313 1.316338 1.052220 0.626504
 91200.000000 2.019373 1.792402 2.598021 1.824357 0.937660 1.330706 1.108915 0.602925
 93600.000000 1.883661 1.883249 2.600644 1.776733 0.932460 1.286983 1.069570 0.619473
 96000.000000 1.869221 1.818648 2.763606 1.911147 0.985829 1.246294 0.999654 0.677935
 98400.000000 1.894736 1.811251 2.630376 1.865285 0.970444 1.257965 1.046863 0.603554
 100800.000000 1.925113 1.786724 2.753058 1.790609 1.112346 1.365696 1.070235 0.645910
 103200.000000 1.820358 1.729276 2.697482 1.868796 1.035791 1.258479 1.065583 0.590411
 105600.000000 1.915943 1.899143 2.470360 1.836724 1.009034 1.292668 0.935926 0.631637
 108000.000000 1.894836 1.747454 2.446409 1.761525 0.975517 1.324783 0.934828 0.632543
 110400.000000 2.038684 1.612185 2.638792 1.829270 1.015241 1.328582 0.990785 0.635274
 112800.000000 1.991011 1.774358 2.588438 1.884141 1.010652 1.399472 1.035213 0.627647
 115200.000000 1.938000 1.786400 2.651033 1.954071 1.077072 1.360806 0.950272 0.601556
 117600.000000 1.972343 1.684208 2.459753 1.810484 1.025332 1.346784 1.072631 0.620508
 120000.000000 1.953748 1.821252 2.568456 1.864657 1.031266 1.326276 0.987807 0.605847
 122400.000000 1.931271 1.866393 2.503353 1.853388 1.032179 1.328389 0.997649 0.633153
 124800.000000 1.827344 1.762667 2.490684 1.870064 1.081186 1.252919 1.057709 0.652668
 127200.000000 1.866304 1.746567 2.571470 1.825088 1.013196 1.362410 0.999341 0.589121
 129600.000000 1.801732 1.846169 2.645974 1.950265 1.008614 1.265005 1.030887 0.594015
 132000.000000 1.850065 1.662782 2.664318 1.916536 1.155939 1.251258 1.044769 0.634827
 134400.000000 1.728448 1.660005 2.727056 1.880244 1.174030 1.276131 1.092203 0.604947
 136800.000000 1.847458 1.585438 2.718342 1.893223 1.044753 1.253596 0.976427 0.655945
 139200.000000 1.941445 1.699557 2.701957 1.693945 1.050589 1.206464 0.986846 0.594998
 141600.000000 1.922012 1.639181 2.540919 1.822219 1.064203 1.222069 1.070776 0.637575
 144000.000000 1.903298 1.762376 2.557853 1.790005 0.979943 1.234063 0.994231 0.596934
 146400.000000 1.811266 1.616008 2.637381 1.687693 1.010059 1.248626 1.042549 0.659472
 148800.000000 1.872411 1.693590 2.567549 1.653554 1.072859 1.242560 0.967667 0.590565
 151200.000000 1.884880 1.637105 2.663090 1.559553 1.031212 1.200557 0.953212 0.684529
 153600.000000 1.767852 1.596910 2.557837 1.495301 1.140181 1.336687 1.023128 0.606473
 156000.000000 1.874789 1.634490 2.592184 1.608127 1.085977 1.272870 1.003682 0.578273
 158400.000000 1.902932 1.602470 2.707080 1.580576 1.032731 1.258860 0.983116 0.658776
 160800.000000 1.906962 1.651181 2.682300 1.732377 0.985709 1.249486 1.005610 0.632722
 163200.000000 1.950974 1.759863 2.560009 1.652105 1.094819 1.224695 0.952607 0.624948
 165600.000000 1.860325 1.546010 2.641001 1.454788 1.042665 1.169333 0.960350 0.642360
 168000.000000 2.016146 1.673732 2.496933 1.514714 1.089682 1.223213 0.974192 0.578690
 170400.000000 1.794852 1.634798 2.433534 1.589073 1.001691 1.145105 1.056366 0.621635
 172800.000000 1.799851 1.843749 2.495242 1.544023 1.173914 1.279630 1.030831 0.660671
 175200.000000 1.917688 1.849970 2.480538 1.540575 1.140329 1.143978 1.023815 0.594372
 177600.000000 1.990009 1.841180 2.490863 1.595844 1.147753 1.266754 1.073101 0.661666
 180000.000000 2.142992 1.769984 2.666807 1.587612 1.032371 1.324468 1.015065 0.656941
 182400.000000 2.131294 1.898255 2.478103 1.631620 1.074613 1.249739 1.049658 0.646638
 184800.000000 2.266678 1.850704 2.611751 1.525745 1.166857 1.259902 1.011314 0.618467
 187200.000000 1.980082 1.786882 2.720563 1.506272 1.077594 1.233876 1.056509 0.599048
 189600.000000 2.101852 1.897564 2.507718 1.491474 1.125433 1.196690 0.949255 0.623211
 192000.000000 2.198873 1.855022 2.713148 1.576586 1.044858 1.243786 0.990085 0.627301
 194400.000000 2.034768 1.914284 2.786915 1.485601 1.054221 1.336963 0.969536 0.579688
 196800.000000 2.108778 1.842618 2.600386 1.549228 1.064823 1.163414 0.923738 0.552420
 199200.000000 2.036074 1.645749 2.672133 1.551731 1.080613 1.293050 0.986085 0.620662
 201600.000000 2.090575 1.837584 2.614807 1.562727 1.000794 1.249231 1.012506 0.597242
 204000.000000 2.110862 1.771631 2.515521 1.547548 1.073030 1.327031 1.058974 0.590508
 206400.000000 2.131112 1.832055 2.579359 1.550466 1.015757 1.318043 1.019598 0.613100
 208800.000000 2.248299 1.804593 2.744633 1.592031 1.061313 1.371199 1.129962 0.637670
 211200.000000 2.083723 1.829135 2.587921 1.466411 1.091790 1.279362 1.021352 0.592811
 213600.000000 2.186106 1.995416 2.588397 1.585683 1.039141 1.239203 1.090055 0.712519
 216000.000000 2.015270 1.835426 2.611884 1.500309 1.114460 1.287588 1.004089 0.666197
 218400.000000 2.309251 1.895610 2.541772 1.581445 0.992445 1.261288 0.985908 0.605747
 220800.000000 2.088787 1.850280 2.585489 1.584358 0.988923 1.286403 1.112810 0.643516
 223200.000000 2.142153 1.744585 2.573077 1.559175 1.063787 1.310797 1.010521 0.647533
 225600.000000 1.962216 1.899182 2.589474 1.513382 1.019644 1.266735 0.947684 0.585127
 228000.000000 2.144684 1.756453 2.581586 1.476747 1.109188 1.217151 0.999815 0.623602
 230400.000000 2.081893 1.794108 2.559986 1.530348 1.133692 1.126600 1.033238 0.614568
 232800.000000 2.081590 1.594334 2.615807 1.436004 1.121666 1.243440 0.997353 0.620774
 235200.000000 2.039339 1.626555 2.549436 1.497875 1.104480 1.131115 0.982965 0.610685
 237600.000000 2.244439 1.681922 2.587464 1.526893 1.093454 1.254498 0.998997 0.591249
 240000.000000 2.031253 1.665509 2.622399 1.435749 1.095584 1.193832 1.009335 0.662735
 242400.000000 2.033738 1.604322 2.523780 1.471923 1.147229 1.302430 1.002336 0.632548
 244800.000000 2.164781 1.793931 2.561893 1.444706 1.146130 1.226554 0.969699 0.627371
 247200.000000 2.098120 1.922695 2.531499 1.488120 1.128206 1.265504 1.041869 0.636647
 249600.000000 2.120205 1.841631 2.532308 1.478463 1.072663 1.275032 1.053587 0.650310
 252000.000000 2.138988 1.887375 2.456914 1.558421 0.987008 1.241815 0.982614 0.657027
 254400.000000 2.120191 1.800835 2.618300 1.496301 1.058486 1.239506 1.000577 0.605080
 256800.000000 2.119956 1.692309 2.845971 1.560399 0.960909 1.171228 1.019866 0.609601
 259200.000000 2.248417 2.004558 2.612009 1.625896 0.950649 1.229990 0.948325 0.630829
 261600.000000 2.179124 1.973201 2.427881 1.510279 1.080826 1.227136 0.990888 0.650031
 264000.000000 2.166070 1.837681 2.537533 1.483019 1.101021 1.278243 0.970053 0.630341
 266400.000000 2.123013 1.880045 2.389115 1.587519 0.996234 1.215670 0.981741 0.606454
 268800.000000 2.063777 1.842091 2.748041 1.632612 1.048674 1.172595 0.932495 0.650264
 271200.000000 2.169686 2.005747 2.446462 1.634779 1.075839 1.255883 0.955135 0.600977
 273600.000000 2.277623 1.984777 2.421748 1.710128 1.030726 1.175502 0.958887 0.586333
 276000.000000 2.144092 1.982849 2.580304 1.752761 1.161131 1.234010 1.013633 0.623410
 278400.000000 2.241387 1.911698 2.478552 1.728339 1.038303 1.228369 0.980154 0.630286
 280800.000000 2.365759 1.861368 2.486055 1.746902 1.055493 1.201401 1.008236 0.634676
 283200.000000 2.316466 1.966969 2.593350 1.598304 0.949793 1.154356 0.958950 0.626603
 285600.000000 2.369925 1.901300 2.628434 1.531380 1.109910 1.227866 0.922003 0.594372
 288000.000000 2.303756 1.886001 2.612432 1.451149 1.211796 1.178539 0.938251 0.671042
 290400.000000 2.302433 2.006761 2.459907 1.593313 1.139732 1.160956 0.952270 0.652026
 292800.000000 2.158833 1.759866 2.612082 1.611438 1.181455 1.243371 0.934113 0.607718
 295200.000000 2.094164 1.864677 2.480763 1.621569 1.030123 1.171995 0.967119 0.574577
 297600.000000 2.139248 1.888864 2.691262 1.533342 1.057463 1.206225 0.967613 0.596115
 300000.000000 2.201882 1.664761 2.828878 1.501645 1.117659 1.157187 0.969408 0.626188
 302400.000000 2.213831 1.758774 2.785822 1.505125 1.091569 1.217122 0.980755 0.611312
 304800.000000 2.204773 1.773420 2.676793 1.564599 1.020507 1.223252 1.042116 0.634877
 307200.000000 2.058763 2.103982 2.627435 1.570412 1.162491 1.151545 0.993726 0.558101
 309600.000000 2.127672 1.905927 2.698660 1.456372 1.026305 1.252455 1.015203 0.715346
 312000.000000 2.043161 1.948878 2.741034 1.410932 1.148309 1.221724 1.044883 0.646131
 314400.000000 2.224633 1.944363 2.768933 1.573448 1.134017 1.229681 0.982176 0.604558
 316800.000000 2.207509 1.942145 2.766582 1.486357 1.096033 1.282211 0.947736 0.619717
 319200.000000 2.127183 2.019337 2.787877 1.543861 1.142121 1.196647 1.023092 0.626177
 321600.000000 1.810375 1.939664 2.711102 1.609766 0.995166 1.142878 1.025646 0.683175
 324000.000000 2.169353 2.250239 2.641155 1.586670 1.145407 1.147604 1.028618 0.616701
 326400.000000 1.869274 1.887844 2.741581 1.554563 1.265188 1.540531 1.024315 0.647258
 328800.000000 2.006626 2.154898 2.628126 1.480037 1.145725 1.213348 1.008534 0.656320
 331200.000000 2.173238 2.036818 2.599734 1.501537 1.149570 1.179017 0.966544 0.603673
 333600.000000 2.234988 2.222877 2.707538 1.559132 1.143746 1.175206 1.015020 0.658606
 336000.000000 2.173671 2.056422 2.750308 1.715871 1.087326 1.239643 1.044869 0.636597
 338400.000000 2.077854 1.965743 2.682693 1.460263 1.143915 1.173934 1.027835 0.669493
 340800.000000 2.153856 1.709027 2.746612 1.535596 1.071281 1.150882 1.020520 0.609931
 343200.000000 2.133209 1.792244 2.483001 1.434172 1.209179 1.080413 0.974070 0.665599
 345600.000000 2.151023 1.572692 2.703378 1.548911 1.143110 1.197779 0.969681 0.643548
 348000.000000 2.036176 1.806837 2.667941 1.480993 1.104600 1.204857 1.024798 0.626075
 350400.000000 2.130427 1.819598 2.762949 1.429866 1.109748 1.281640 1.062007 0.644688
 352800.000000 2.164548 1.858625 2.777932 1.485283 1.050220 1.186517 0.959956 0.612247
 355200.000000 2.166970 1.991770 2.639230 1.558007 1.091568 1.111612 0.983527 0.614152
 357600.000000 2.146774 1.859297 2.730238 1.512767 1.014344 1.216318 1.003923 0.582763
 360000.000000 2.176496 1.763986 2.757348 1.462344 1.177633 1.182765 0.992803 0.594870
 362400.000000 2.286127 1.817096 2.892020 1.534551 1.121544 1.193800 0.992828 0.618937
 364800.000000 2.164075 1.917071 2.853850 1.489102 1.043602 1.257354 0.999784 0.617316
 367200.000000 2.245067 1.813825 2.720888 1.492242 1.097032 1.153661 1.009256 0.618978
 369600.000000 2.279253 1.730493 2.713666 1.527380 1.219769 1.200820 1.014720 0.621488
 372000.000000 2.254192 1.577890 2.767015 1.504424 1.132637 1.163644 0.994164 0.626069
 374400.000000 2.337547 1.459477 2.844410 1.393651 1.090143 1.214831 0.977170 0.657193
 376800.000000 2.298829 1.875315 2.548354 1.615017 1.109559 1.181093 0.984385 0.645365
 379200.000000 2.136872 1.917877 2.537178 1.478197 1.221121 1.206149 1.011607 0.647495
 381600.000000 2.386635 1.922337 2.544435 1.466179 1.075891 1.180530 1.023536 0.605133
 384000.000000 2.209817 1.902928 2.543043 1.465205 1.121066 1.219482 1.005799 0.647817
 386400.000000 2.216326 1.687403 2.534958 1.514719 1.164698 1.182985 0.994880 0.621852
 388800.000000 2.276625 1.739880 2.674718 1.467153 1.158520 1.170308 1.030392 0.655091
 391200.000000 2.110271 1.690013 2.508716 1.423526 1.039740 1.083776 0.963012 0.629702
 393600.000000 2.373232 1.766410 2.625226 1.490783 1.125172 1.135742 0.920902 0.594504
 396000.000000 2.207425 1.891226 2.496787 1.509681 1.045098 1.142286 0.994679 0.616309
 398400.000000 2.193876 1.714042 2.603779 1.537916 1.066997 1.261168 0.987462 0.647462
 400800.000000 2.303883 1.865238 2.432711 1.462691 1.016683 1.237734 0.957854 0.567344
 403200.000000 2.281317 1.908582 2.591832 1.456334 1.094075 1.212814 0.999339 0.630117
 405600.000000 2.292386 1.724671 2.433442 1.455754 1.211549 1.278894 1.024722 0.620473
 408000.000000 2.205181 1.469526 2.689551 1.604867 1.163176 1.104422 1.036029 0.624302
 410400.000000 2.306963 1.718084 2.707364 1.455992 1.037862 1.290554 1.003844 0.583826
 412800.000000 2.195717 1.802496 2.626476 1.488884 1.101742 1.103364 0.886979 0.642492
 415200.000000 2.195038 1.715061 2.656021 1.490378 0.983246 1.200615 0.940621 0.657012
 417600.000000 2.277701 1.758551 2.752415 1.545753 1.077870 1.280450 0.940762 0.616413
 420000.000000 2.245472 1.685406 2.719498 1.458099 1.007786 1.267337 1.000242 0.647303
 422400.000000 2.204724 1.568237 2.669166 1.507181 1.074125 1.291976 1.000781 0.604421
 424800.000000 2.193535 1.633005 2.747117 1.537744 1.034244 1.157476 0.987645 0.620837
 427200.000000 2.294816 1.683834 2.515539 1.496438 1.112223 1.113950 0.953462 0.598078
 429600.000000 2.168579 1.743911 2.633289 1.448133 1.166373 1.273997 0.918117 0.610383
 432000.000000 2.368893 1.870041 2.917481 1.810216 0.964292 1.281162 1.014442 0.629813
 434400.000000 2.130226 1.961494 2.736707 1.611611 1.017362 1.295999 0.923501 0.591988
 436800.000000 2.096535 1.711731 2.737096 1.567167 1.027776 1.288891 1.060721 0.624554
 439200.000000 2.113308 1.693532 2.681118 1.382571 1.099052 1.296118 0.959568 0.621171
 441600.000000 2.012000 1.571441 2.665355 1.459973 1.156571 1.275290 1.038582 0.619324
 444000.000000 2.152265 1.781057 2.602189 1.532179 1.033656 1.248964 1.022560 0.585765
 446400.000000 2.246005 1.641393 2.700299 1.528321 1.091239 1.176492 1.034993 0.630526
 448800.000000 2.135678 1.564427 2.722793 1.489087 1.104120 1.250782 1.012285 0.650933
 451200.000000 2.307867 1.651628 2.711394 1.521760 1.066834 1.151551 0.975229 0.628161
 453600.000000 2.125876 1.603889 2.634420 1.552620 1.035143 1.256645 0.924126 0.641072
 456000.000000 2.282734 1.804924 2.691341 1.418452 1.032756 1.230542 0.974704 0.653178
 458400.000000 2.375488 1.887880 2.761203 1.573866 1.090998 1.268453 0.917102 0.613448
 460800.000000 2.257105 1.993623 2.617564 1.490277 1.056531 1.192912 0.932530 0.597345
 463200.000000 2.208696 2.082366 2.514273 1.546226 1.052209 1.307329 1.002896 0.645686
 465600.000000 2.311365 2.059336 2.625804 1.501875 1.008398 1.178768 0.957094 0.652197
 468000.000000 2.426755 1.952251 2.684772 1.466393 0.957176 1.217486 0.880061 0.609153
 470400.000000 2.275504 1.824644 2.705756 1.503250 1.010244 1.270850 1.078790 0.677294
 472800.000000 2.340342 1.962725 2.540933 1.504870 0.998513 1.164910 0.967417 0.648203
 475200.000000 2.362858 2.030068 2.460443 1.416060 0.996587 1.215620 1.052692 0.632752
 477600.000000 2.325757 2.069050 2.515534 1.415794 1.004887 1.246667 0.983514 0.644961
 480000.000000 2.409239 2.021745 2.505718 1.472063 1.054158 1.212107 1.018674 0.623889
 482400.000000 2.322034 2.078811 2.444963 1.443321 0.988459 1.186744 0.976025 0.641843
 484800.000000 2.183937 1.979053 2.423299 1.465681 0.947021 1.190535 1.013414 0.625406
 487200.000000 2.221233 1.996616 2.657349 1.455465 0.958243 1.180895 0.955743 0.578657
 489600.000000 2.295782 2.121922 2.725702 1.568547 0.924334 1.233083 1.019160 0.649413
 492000.000000 2.176824 2.025336 2.637531 1.545598 0.931496 1.254183 0.983003 0.616532
 494400.000000 2.256737 2.124919 2.577078 1.503299 0.941627 1.191068 0.992723 0.603299
 496800.000000 2.205586 2.127410 2.681322 1.516468 0.975518 1.180368 0.989715 0.630245
 499200.000000 2.165773 1.902855 2.698626 1.529186 1.120280 1.145849 1.013503 0.611083
 501600.000000 2.176133 1.990104 2.716582 1.560324 1.019130 1.176447 0.963359 0.598869
 504000.000000 2.251084 2.156661 2.704015 1.612839 1.159273 1.182495 0.980528 0.604299
 506400.000000 2.227674 2.005842 2.647399 1.487280 1.130113 1.187247 0.952471 0.606427
 508800.000000 2.273765 2.033021 2.563942 1.553637 1.089316 1.140892 0.993488 0.618465
 511200.000000 2.237700 2.043712 2.501822 1.567232 0.959770 1.221568 0.961184 0.632893
 513600.000000 2.260228 2.027583 2.734281 1.558527 1.126118 1.251568 0.984449 0.620632
 516000.000000 2.295720 2.020243 2.633935 1.525961 0.984020 1.205130 0.898717 0.622533
 518400.000000 2.342558 2.104629 2.598755 1.535183 0.998593 1.291750 0.991291 0.635370
 520800.000000 2.367202 2.197650 2.623194 1.485185 1.114045 1.272268 0.932061 0.679094
 523200.000000 2.198913 1.959612 2.769723 1.468376 1.083811 1.197740 0.965313 0.664965
 525600.000000 2.180047 2.286689 2.539201 1.453409 1.090088 1.193550 0.997915 0.602561
 528000.000000 2.300485 2.029108 2.614410 1.507039 1.070091 1.267285 1.045533 0.632057
 530400.000000 2.215385 2.248703 2.471888 1.460624 1.135936 1.180795 0.910223 0.588002
 532800.000000 2.255338 2.271471 2.243295 1.504641 1.072292 1.286026 1.003468 0.610577
 535200.000000 2.177627 2.244874 2.623654 1.559684 1.037175 1.172528 0.977188 0.665345
 537600.000000 2.276869 2.182362 2.484528 1.449402 1.026047 1.090500 0.910526 0.612632
 540000.000000 2.269552 2.114976 2.556125 1.569906 1.016524 1.060892 0.964436 0.647502
 542400.000000 2.331063 2.095577 2.607249 1.438723 1.148858 1.177577 0.917206 0.652947
 544800.000000 2.152076 2.116879 2.608065 1.464987 1.083335 1.194090 0.930876 0.603493
 547200.000000 2.175076 2.142046 2.512244 1.462701 0.970928 1.152060 0.999903 0.646688
 549600.000000 2.188021 2.048807 2.576173 1.491129 1.065498 1.018992 1.001712 0.623863
 552000.000000 2.325791 2.012760 2.583281 1.524193 1.009277 1.192461 0.969814 0.577539
 554400.000000 2.156756 1.924153 2.664281 1.514127 1.109739 1.175635 0.996887 0.634270
 556800.000000 2.317077 1.941688 2.726035 1.497686 1.218985 1.222387 1.025206 0.684704
 559200.000000 2.229211 1.761297 2.609857 1.577338 1.123938 1.126436 0.910171 0.623144
 561600.000000 2.118875 1.964172 2.731156 1.495425 1.072860 1.100764 0.943434 0.616460
 564000.000000 2.168640 1.790860 2.858627 1.488316 1.147021 1.293852 1.001674 0.624945
 566400.000000 2.235569 2.106797 2.710709 1.489379 1.131586 1.162235 1.003516 0.630673
 568800.000000 2.174092 1.802283 2.771955 1.507053 1.150977 1.126653 0.980685 0.613731
 571200.000000 2.184781 1.866635 2.694137 1.494875 1.121038 1.184380 0.976146 0.679870
 573600.000000 2.169170 2.051203 2.566544 1.478215 1.093988 1.292605 0.986391 0.691074
 576000.000000 2.208943 1.958681 2.661791 1.467461 1.118214 1.168830 0.947666 0.587211
 578400.000000 2.083880 1.993580 2.687204 1.503865 1.117967 1.180710 0.949100 0.629512
 580800.000000 2.151098 2.005546 2.687848 1.439394 1.133239 1.224300 1.048546 0.654489
 583200.000000 2.223721 2.036697 2.417064 1.491203 1.047253 1.143642 0.937413 0.643656
 585600.000000 2.198479 2.061845 2.341079 1.463748 1.085409 1.068052 0.975386 0.646684
 588000.000000 2.128968 2.145976 2.416369 1.541187 0.953627 1.348957 1.080425 0.679702
 590400.000000 2.303968 2.182086 2.463511 1.535302 0.963267 1.355717 1.060197 0.648581
 592800.000000 2.350368 2.203359 2.489417 1.579497 1.013857 1.246424 0.987941 0.592328
 595200.000000 2.167617 2.095661 2.538163 1.500198 1.058433 1.222540 0.933202 0.574741
 597600.000000 2.264319 2.017402 2.447488 1.452025 1.050086 1.095140 0.998029 0.588186
 600000.000000 2.298879 2.149074 2.400049 1.556117 1.076047 1.296803 1.047944 0.607073
 602400.000000 2.208997 2.221414 2.523279 1.542413 1.126487 1.248805 0.994013 0.635260
 604800.000000 2.201971 1.975884 2.461308 1.557733 1.199665 1.235551 1.058764 0.626224
 607200.000000 2.106943 1.914307 2.469234 1.478629 1.131249 1.270557 1.041155 0.629143
 609600.000000 2.197687 1.914907 2.457622 1.650170 1.127992 1.213483 1.060152 0.616832
 612000.000000 2.146791 1.968108 2.260972 1.544891 1.117437 1.065457 0.963824 0.595339
 614400.000000 2.159146 1.940722 2.391525 1.548405 1.095475 1.313023 0.969498 0.587543
 616800.000000 2.068217 1.845997 2.567459 1.490936 1.183392 1.118010 1.038339 0.661690
 619200.000000 2.060501 2.029867 2.531312 1.611639 1.091327 1.165937 0.967548 0.649087
 621600.000000 2.033793 1.844833 2.585538 1.547347 1.164094 1.237896 1.054322 0.660263
 624000.000000 2.002988 1.897912 2.502946 1.539393 1.062599 1.259378 1.067689 0.655243
 626400.000000 1.995921 1.919352 2.552796 1.467614 1.079991 1.220774 0.981634 0.649365
 628800.000000 2.062748 1.842206 2.507065 1.553624 1.113486 1.211540 0.931461 0.623840
 631200.000000 2.127590 1.816267 2.516504 1.608129 1.112631 1.196354 1.002086 0.610798
 633600.000000 1.986131 1.899675 2.477366 1.560667 1.191987 1.222590 0.978724 0.608980
 636000.000000 1.938237 1.978890 2.414278 1.519072 1.093846 1.236041 0.966699 0.611501
 638400.000000 2.022725 1.904438 2.491665 1.635676 0.979605 1.225196 1.010332 0.606645
 640800.000000 1.938010 1.942873 2.557396 1.636379 1.096750 1.203640 1.081045 0.632803
 643200.000000 2.210405 2.116700 2.437268 1.584994 1.061281 1.229070 1.010677 0.624058
 645600.000000 1.928476 1.830048 2.381242 1.484121 1.064318 1.144143 0.998253 0.630075
 648000.000000 2.050363 1.782376 2.504228 1.496345 1.119861 1.245569 1.001894 0.620249
 650400.000000 2.066453 1.912407 2.474557 1.516361 1.021790 1.176565 0.978543 0.672447
 652800.000000 2.033970 1.776374 2.575947 1.477574 1.065464 1.257004 1.016536 0.618116
 655200.000000 1.933918 1.876960 2.441164 1.476843 1.058199 1.275759 0.969594 0.628034
 657600.000000 1.946175 1.812807 2.435517 1.623945 1.054161 1.226960 1.044505 0.643431
 660000.000000 1.914920 1.870709 2.620534 1.498915 0.983538 1.264108 1.003677 0.628284
 662400.000000 1.999669 1.861359 2.482213 1.581103 0.999472 1.219311 0.976067 0.610479
 664800.000000 2.151709 2.047601 2.508488 1.593033 1.073773 1.204799 0.995911 0.594025
 667200.000000 2.075388 2.142380 2.536632 1.518024 1.035060 1.161159 1.051417 0.661378
 669600.000000 2.135352 2.128173 2.393130 1.571221 1.087115 1.242524 0.972799 0.625881
 672000.000000 2.023256 1.905490 2.433218 1.474883 1.120954 1.262015 1.001699 0.663496
 674400.000000 2.069430 1.964776 2.584465 1.564224 1.083974 1.214296 0.974262 0.612450
 676800.000000 2.012806 1.963181 2.440578 1.623444 0.922425 1.241524 1.005992 0.664188
 679200.000000 1.966561 2.092185 2.418217 1.558575 0.964341 1.169265 0.994237 0.582123
 681600.000000 1.936253 2.002818 2.415153 1.613147 1.120444 1.260333 0.994218 0.589444
 684000.000000 1.958819 1.988168 2.445717 1.610568 1.023021 1.131922 1.038077 0.583519
 686400.000000 1.971406 1.902499 2.552029 1.557528 0.988663 1.243274 1.014158 0.657891
 688800.000000 2.082656 1.961141 2.498978 1.568817 1.081663 1.212033 0.984215 0.598002
 691200.000000 2.266533 2.044880 2.377381 1.599396 1.099913 1.306008 1.035178 0.665813
 693600.000000 2.122699 1.924226 2.485819 1.581002 1.137324 1.246142 0.979958 0.608174
 696000.000000 2.030937 1.905562 2.435007 1.630746 1.023039 1.241616 1.014781 0.590846
 698400.000000 2.022459 1.834931 2.576986 1.551372 1.124952 1.196248 1.041454 0.581044
 700800.000000 2.086244 1.904673 2.478389 1.558419 1.108863 1.201742 1.143417 0.695140
 703200.000000 2.136770 1.934291 2.492948 1.473995 1.194669 1.302118 1.088891 0.672851
 705600.000000 2.146086 2.009733 2.457035 1.540601 1.066957 1.312764 1.004194 0.639317
 708000.000000 2.020345 1.779208 2.599574 1.542780 1.098809 1.235807 0.986445 0.640116
 710400.000000 2.114128 2.051852 2.465046 1.571663 1.117197 1.235698 1.041373 0.647537
 712800.000000 2.025970 1.996101 2.548225 1.576382 1.059398 1.228705 1.031562 0.625557
 715200.000000 2.066631 1.830983 2.495024 1.529519 1.095399 1.315917 1.049928 0.606199
 717600.000000 2.049988 1.886698 2.537852 1.503264 1.130623 1.281599 0.992753 0.604099
 720000.000000 2.015177 1.817307 2.553929 1.462339 1.099451 1.227828 1.075203 0.609271
 722400.000000 2.160386 1.861116 2.481355 1.527823 1.197523 1.249546 1.002636 0.608795
 724800.000000 2.103059 1.928678 2.531345 1.592423 1.158577 1.299929 1.102455 0.660228
 727200.000000 2.063161 1.858420 2.518406 1.558673 1.025880 1.200022 1.035085 0.634414
 729600.000000 2.026001 1.906502 2.517713 1.518824 1.099696 1.277189 1.015462 0.599664
 732000.000000 2.076188 1.896401 2.555790 1.558898 1.092228 1.315961 1.000072 0.573203
 734400.000000 2.051274 1.860783 2.612973 1.502266 1.123674 1.223966 1.030767 0.587399
 736800.000000 2.082603 1.808931 2.615290 1.556312 1.204717 1.284460 1.028024 0.599907
 739200.000000 2.051972 1.974660 2.471957 1.543158 1.078845 1.179494 1.009002 0.569252
 741600.000000 1.954188 2.022200 2.566875 1.686506 1.096608 1.263559 0.990053 0.647888
 744000.000000 2.000147 1.814986 2.590995 1.679444 1.098254 1.239564 1.009647 0.628644
 746400.000000 1.996529 1.785011 2.573190 1.659698 1.081537 1.224535 1.064129 0.590518
 748800.000000 2.009136 1.904223 2.565350 1.649839 1.051111 1.318829 1.123027 0.676996
 751200.000000 1.941635 1.729614 2.609323 1.778372 1.182749 1.228215 1.080353 0.589321
 753600.000000 2.025489 1.709868 2.602187 1.849897 1.050351 1.270291 1.009315 0.614295
 756000.000000 1.964500 1.926253 2.567091 1.772023 1.026944 1.230654 1.022323 0.668555
 758400.000000 1.830310 1.996026 2.690434 1.718445 0.956371 1.250062 1.133135 0.622999
 760800.000000 1.953576 2.040479 2.583500 1.740957 0.982286 1.329740 1.156804 0.700227
 763200.000000 1.920405 1.886805 2.727417 1.522938 1.061920 1.224429 1.148328 0.667937
 765600.000000 2.140922 1.958125 2.598970 1.568124 1.228200 1.276660 1.013232 0.584320
 768000.000000 2.096294 1.961895 2.753728 1.654426 1.047730 1.234106 1.017173 0.587996
 770400.000000 1.919128 1.852588 2.541466 1.757785 1.032152 1.219821 1.046242 0.663999
 772800.000000 2.056639 1.885567 2.594591 1.504723 1.175106 1.237996 1.008574 0.652191
 775200.000000 2.127694 1.963541 2.527035 1.527098 1.108670 1.242286 0.975858 0.615489
 777600.000000 2.244088 2.198495 2.521065 1.494393 1.238581 1.371553 1.031865 0.572126
 780000.000000 2.066222 2.225848 2.538199 1.542500 1.161093 1.212983 1.098109 0.619665
 782400.000000 2.042260 2.011092 2.499638 1.552305 1.053569 1.106969 1.104502 0.693833
 784800.000000 2.298284 2.325961 2.381026 1.507559 1.027559 1.262931 1.056743 0.627919
 787200.000000 2.213709 2.058180 2.547280 1.530457 1.008913 1.177762 1.043437 0.626850
 789600.000000 2.148934 1.967914 2.474737 1.558676 1.081209 1.295902 0.977432 0.655183
 792000.000000 2.017916 1.944458 2.654934 1.439830 1.143610 1.236371 1.066397 0.630362
 794400.000000 2.129496 2.046856 2.602404 1.498468 1.179434 1.286267 1.063901 0.604021
 796800.000000 2.017428 1.689465 2.634784 1.608199 1.006715 1.258844 1.021432 0.567385
 799200.000000 1.965501 1.808255 2.749059 1.575786 1.068389 1.283160 1.046852 0.601983
 801600.000000 1.917364 1.706672 2.679413 1.507646 1.080106 1.340646 1.001757 0.633631
 804000.000000 1.899562 1.821318 2.671737 1.669211 1.048098 1.251149 0.992555 0.645721
 806400.000000 1.793403 1.674252 2.629713 1.596384 1.124261 1.232248 1.081268 0.638683
 808800.000000 1.907260 1.766967 2.719769 1.575945 1.134948 1.231725 1.049715 0.574304
 811200.000000 1.991486 1.824703 2.575662 1.489309 1.040132 1.267819 1.028956 0.637413
 813600.000000 1.833450 1.758047 2.689724 1.482071 1.067442 1.230739 1.019185 0.635763
 816000.000000 1.979452 1.791427 2.672441 1.542575 1.181882 1.252680 1.025869 0.611652
 818400.000000 2.053564 1.977280 2.661319 1.550222 1.121883 1.274153 0.976110 0.643621
 820800.000000 1.978032 1.969988 2.530536 1.515096 1.049768 1.359684 1.002766 0.598531
 823200.000000 2.117754 1.805408 2.619863 1.569630 1.073745 1.218174 0.964982 0.626329
 825600.000000 2.101094 1.985663 2.679748 1.512810 1.115500 1.243052 1.007870 0.577950
 828000.000000 2.008780 2.078926 2.688044 1.498721 1.148932 1.187917 1.065827 0.629046
 830400.000000 1.965767 1.986969 2.657166 1.529535 1.187496 1.255455 0.977861 0.639748
 832800.000000 1.966579 1.947569 2.620698 1.572437 1.094066 1.260425 1.039437 0.604896
 835200.000000 2.056921 1.905059 2.662890 1.519457 1.153393 1.273208 1.023167 0.623007
 837600.000000 2.155247 2.112927 2.636333 1.542409 1.157023 1.192779 0.998138 0.580345
 840000.000000 2.090853 2.056834 2.642044 1.503461 1.178346 1.286422 1.089312 0.637543
 842400.000000 2.097349 1.892334 2.674327 1.459617 1.218830 1.228836 1.131991 0.653657
 844800.000000 2.014083 1.967644 2.667698 1.523759 1.055781 1.295394 1.178228 0.648673
 847200.000000 2.068600 2.053759 2.624671 1.641056 1.017909 1.318810 1.120219 0.628565
 849600.000000 1.897297 2.085335 2.608385 1.505293 0.990227 1.326433 1.093272 0.643795
 852000.000000 2.066951 1.896001 2.552160 1.574097 1.125582 1.168600 1.011300 0.601922
 854400.000000 2.036798 1.948674 2.517325 1.526710 1.166617 1.244931 1.007378 0.613021
 856800.000000 2.177001 1.890235 2.615484 1.583973 1.097951 1.155368 1.138106 0.652158
 859200.000000 2.045395 1.843261 2.625617 1.574221 0.962070 1.160785 1.148556 0.670549
 861600.000000 2.081466 1.811263 2.723052 1.588016 1.022516 1.258505 1.105388 0.640100
 864000.000000 2.169829 1.744689 2.653261 1.615047 0.954644 1.332813 1.097673 0.594722
 866400.000000 2.115902 1.746754 2.659233 1.572780 1.013261 1.229987 1.134904 0.626645
 868800.000000 2.172811 1.989903 2.753357 1.564972 0.993303 1.244829 1.102228 0.626751
 871200.000000 1.949686 1.750596 2.666313 1.489119 1.027005 1.227217 1.101057 0.581713
 873600.000000 2.033638 1.864359 2.756664 1.492052 1.063797 1.229545 1.157509 0.687966
 876000.000000 2.085881 1.707661 2.756911 1.569220 1.053592 1.286358 1.070092 0.634663
 878400.000000 2.044568 1.576187 2.797363 1.502935 1.142162 1.190091 0.959915 0.607342
 880800.000000 2.144427 1.790769 2.757452 1.555868 1.044710 1.266185 0.987803 0.630665
 883200.000000 2.069974 1.798047 2.707022 1.562109 1.134717 1.158400 1.140937 0.674305
 885600.000000 2.045483 1.706112 2.754254 1.599322 1.178152 1.253651 1.068165 0.628022
 888000.000000 2.064317 1.622496 2.706489 1.493600 1.159426 1.309649 1.028744 0.609821
 890400.000000 2.101089 1.666066 2.689470 1.568937 1.127123 1.166128 0.972578 0.613386
 892800.000000 1.967901 1.639255 2.694523 1.515343 1.132082 1.229498 0.933863 0.643903
 895200.000000 2.168532 1.837879 2.734189 1.568039 1.129753 1.434906 1.020638 0.606542
 897600.000000 2.020809 1.790076 2.607443 1.540367 1.152196 1.197242 1.029911 0.579324
 900000.000000 2.244709 1.854941 2.825328 1.565883 1.112152 1.328303 0.995096 0.598750
 902400.000000 2.116573 1.814935 2.597567 1.548464 1.175878 1.242675 0.951951 0.599403
 904800.000000 2.160842 1.715947 2.691127 1.524164 1.113889 1.343229 0.990278 0.594065
 907200.000000 2.140920 1.929991 2.552275 1.542748 1.128358 1.324532 0.977149 0.598124
 909600.000000 2.175567 1.825265 2.837815 1.623942 1.135107 1.364434 1.020130 0.640909
 912000.000000 2.077002 1.879901 2.511711 1.532309 1.068866 1.273419 0.984932 0.602620
 914400.000000 2.000681 1.820057 2.452428 1.551624 0.985175 1.306208 1.011550 0.653163
 916800.000000 1.930003 1.858261 2.669249 1.410820 1.175116 1.212806 0.978148 0.655270
 919200.000000 2.096439 1.849299 2.633735 1.519664 0.993248 1.234305 0.965222 0.610706
 921600.000000 2.099336 2.003212 2.439045 1.458143 1.054638 1.206467 0.903040 0.626271
 924000.000000 2.096053 1.873404 2.547788 1.583300 0.897246 1.167554 0.948381 0.636411
 926400.000000 2.075835 1.878113 2.523314 1.475449 0.967909 1.329477 0.957050 0.648588
 928800.000000 2.034494 1.853734 2.446285 1.543297 1.017832 1.176701 0.955200 0.611169
 931200.000000 2.224517 1.950920 2.520692 1.543973 1.033337 1.106463 0.954243 0.629837
 933600.000000 2.042694 1.721680 2.674340 1.481565 1.102466 1.105202 0.957604 0.622290
 936000.000000 1.950361 1.920851 2.743122 1.523662 0.963353 1.206723 1.032721 0.629861
 938400.000000 2.072148 1.912636 2.661355 1.480503 0.978669 1.211778 0.980122 0.602841
 940800.000000 2.091149 1.855253 2.556657 1.493992 0.991497 1.220109 0.963114 0.609257
 943200.000000 2.070346 1.896427 2.659300 1.528426 1.029231 1.299359 0.963358 0.647186
 945600.000000 1.976738 1.823343 2.901618 1.514573 0.994957 1.190026 1.044983 0.595313
 948000.000000 2.019683 1.827859 2.769418 1.553072 1.006585 1.141652 1.016298 0.658787
 950400.000000 1.979704 1.824208 2.627378 1.730806 0.952093 1.248273 1.046241 0.565221
 952800.000000 2.178854 2.056773 2.595415 1.379964 1.036766 1.235097 1.026781 0.646404
 955200.000000 2.184964 1.822342 2.597859 1.494955 1.079684 1.197127 0.940071 0.635532
 957600.000000 2.097765 1.958393 2.491952 1.414051 0.996646 1.135399 0.961593 0.632150
 960000.000000 2.111052 1.996469 2.551166 1.411807 1.123805 1.284857 1.073871 0.661075
 962400.000000 2.049059 1.684144 2.678438 1.453464 1.165533 1.244678 0.963299 0.657832
 964800.000000 2.057096 1.968077 2.550116 1.440431 1.039366 1.201075 0.946767 0.617835
 967200.000000 2.014233 1.882682 2.591743 1.408711 1.058269 1.144603 0.964060 0.588942
 969600.000000 2.007230 1.948491 2.536265 1.401962 1.071890 1.376180 0.992112 0.606226
 972000.000000 1.894892 1.791145 2.622709 1.523665 1.065126 1.248851 0.982845 0.600678
 974400.000000 1.921622 1.872254 2.585740 1.565540 1.064253 1.176009 1.000209 0.633386
 976800.000000 1.914615 1.830498 2.530892 1.442657 1.098338 1.187126 1.021438 0.630764
 979200.000000 1.992426 1.774442 2.678529 1.411008 1.084257 1.313401 0.965469 0.574380
 981600.000000 2.043992 2.033104 2.608417 1.451087 1.078652 1.174793 0.976369 0.623467
 984000.000000 1.978765 2.015056 2.590399 1.441042 1.068294 1.164284 0.995122 0.652988
 986400.000000 2.107790 1.962898 2.593350 1.499154 0.960165 1.221119 1.019547 0.595631
 988800.000000 2.062637 1.979425 2.397743 1.440344 1.058271 1.119576 0.967321 0.635138
 991200.000000 2.131606 2.091668 2.472959 1.464911 1.010448 1.118317 0.961308 0.606772
 993600.000000 2.130466 1.828932 2.537663 1.466913 1.059065 1.171360 0.927651 0.574783
 996000.000000 2.055170 1.965238 2.558310 1.470742 1.056795 1.143432 0.970541 0.605447
 998400.000000 2.031015 2.093039 2.467064 1.421094 1.035068 1.199844 0.947313 0.624518
 1000800.000000 2.035183 1.816963 2.481355 1.505080 0.959435 1.179855 1.038030 0.593010
 1003200.000000 2.167318 2.101215 2.500175 1.572606 1.044614 1.301893 1.016572 0.623984
 1005600.000000 1.992279 1.929702 2.410453 1.523215 1.062673 1.207628 1.037657 0.642385
 1008000.000000 2.095667 1.939611 2.499754 1.458973 1.202313 1.298292 1.015383 0.642805
 1010400.000000 2.023859 1.863691 2.436484 1.445819 1.063145 1.220644 1.001380 0.645542
 1012800.000000 2.106718 2.090051 2.592572 1.490647 1.096142 1.316816 0.946165 0.607014
 1015200.000000 2.132826 1.935022 2.687358 1.427855 1.007492 1.201534 0.956492 0.621624
 1017600.000000 2.107360 1.822476 2.559467 1.524983 1.021510 1.281499 0.986501 0.586603
 1020000.000000 2.007334 1.879135 2.589835 1.514940 1.010094 1.258256 0.970151 0.611336
 1022400.000000 1.973599 1.930064 2.535120 1.464558 1.099348 1.274038 0.973666 0.624431
 1024800.000000 2.063897 2.040768 2.494754 1.516502 1.080854 1.326036 0.977382 0.643931
 1027200.000000 1.894497 1.882857 2.618745 1.386030 1.077685 1.140197 1.003781 0.655744
 1029600.000000 1.850095 1.847852 2.593997 1.410342 1.036753 1.076925 0.921570 0.648213
 1032000.000000 2.018917 1.866566 2.518942 1.471534 1.111189 1.213368 0.976107 0.594652
 1034400.000000 2.077959 1.959172 2.584138 1.550415 1.028674 1.185727 1.008150 0.587206
 1036800.000000 1.919799 1.728336 2.620545 1.557045 1.043711 1.164101 0.986013 0.643372
 1039200.000000 2.014746 1.905458 2.454681 1.492338 1.017861 1.283288 0.994014 0.634129
 1041600.000000 2.031122 1.718505 2.445099 1.417027 1.092799 1.227813 1.013738 0.593929
 1044000.000000 2.091819 1.881545 2.534326 1.438397 1.050629 1.178903 0.963376 0.619437
 1046400.000000 1.988575 1.776227 2.581086 1.361903 1.103488 1.127597 1.001836 0.625136
 1048800.000000 1.949541 1.822627 2.562684 1.389182 1.099484 1.155565 1.020551 0.614696
 1051200.000000 1.957123 2.002961 2.542818 1.552154 1.093527 1.175975 0.992341 0.632884
 1053600.000000 1.971342 2.131524 2.405095 1.479277 1.021243 1.240807 0.941342 0.630738
 1056000.000000 2.023582 1.967240 2.516498 1.625485 1.022496 1.188095 0.966127 0.637835
 1058400.000000 2.200496 1.861415 2.512882 1.557255 1.008799 1.156164 0.948938 0.602600
 1060800.000000 2.273117 1.933040 2.425698 1.584692 1.024863 1.246426 1.043326 0.603860
 1063200.000000 2.106717 1.950073 2.342940 1.518329 1.110863 1.150763 0.959167 0.620249
 1065600.000000 2.258730 1.867491 2.323185 1.582617 1.022173 1.296186 0.945438 0.614880
 1068000.000000 2.087387 1.905242 2.374614 1.598610 1.035555 1.220322 0.976323 0.618047
 1070400.000000 2.196033 1.948271 2.436182 1.544510 1.017610 1.249087 1.046362 0.620000
 1072800.000000 2.043733 1.913160 2.403690 1.578842 1.066092 1.251093 1.014589 0.640466
 1075200.000000 2.083740 1.881807 2.378983 1.628453 1.026566 1.197966 0.945839 0.635623
 1077600.000000 2.079085 1.899039 2.253341 1.602473 0.983530 1.258937 1.023970 0.658070
 1080000.000000 2.095802 1.974806 2.453390 1.634497 1.038992 1.284500 0.970358 0.663120
 1082400.000000 2.058832 1.945152 2.682717 1.583368 1.028438 1.163114 0.997152 0.627710
 1084800.000000 2.086415 1.895086 2.615265 1.368956 1.008648 1.317073 1.022507 0.656949
 1087200.000000 2.148427 2.020905 2.479521 1.511486 1.158785 1.187448 1.015926 0.598005
 1089600.000000 2.030782 1.800073 2.623449 1.553196 1.051062 1.164811 0.967568 0.608365
 1092000.000000 2.188883 1.973460 2.531570 1.540987 0.916171 1.137087 0.986356 0.613773
 1094400.000000 2.178545 1.898876 2.417783 1.546344 1.069864 1.178036 1.016340 0.628439
 1096800.000000 2.152080 1.945087 2.313967 1.542240 0.970799 1.321366 0.986644 0.626502
 1099200.000000 2.139363 1.878832 2.371372 1.534198 1.086653 1.163079 0.982840 0.619782
 1101600.000000 2.156381 1.993250 2.691438 1.459300 1.144394 1.094378 0.943090 0.635760
 1104000.000000 2.056815 1.845545 2.618117 1.473533 1.129895 1.254177 1.015150 0.645620
 1106400.000000 2.019973 1.866530 2.445958 1.486587 1.107921 1.211610 0.970415 0.619587
 1108800.000000 2.005228 1.877999 2.548840 1.439893 1.065950 1.254553 0.932402 0.616726
 1111200.000000 2.051170 1.913927 2.509948 1.531918 1.096503 1.193250 1.007291 0.589210
 1113600.000000 2.115130 1.965793 2.447918 1.516119 0.970453 1.136449 0.943663 0.655466
 1116000.000000 1.936670 1.791001 2.675933 1.478325 1.120442 1.274494 1.036029 0.646972
 1118400.000000 2.209259 1.835581 2.562269 1.526494 1.161140 1.068663 1.032812 0.688207
 1120800.000000 2.290751 1.876554 2.483138 1.629264 1.136638 1.215502 0.978476 0.599267
 1123200.000000 2.419366 1.953122 2.376338 1.724657 1.175704 1.289411 1.071420 0.615081
 1125600.000000 2.242379 1.931804 2.501892 1.552661 1.204309 1.286948 0.911545 0.601368
 1128000.000000 2.159969 1.900021 2.549618 1.514289 1.219062 1.307790 1.027554 0.668000
 1130400.000000 2.091284 1.838707 2.586869 1.500676 1.162313 1.310678 0.990264 0.627424
 1132800.000000 2.069606 1.759498 2.591846 1.498130 1.143304 1.335834 0.964516 0.615211
 1135200.000000 2.012104 1.795662 2.557502 1.475485 1.196326 1.110036 0.941018 0.662419
 1137600.000000 2.077108 1.889822 2.557334 1.510802 1.131953 1.152400 0.977886 0.610716
 1140000.000000 2.216086 1.735542 2.576769 1.642458 1.131645 1.208229 0.978011 0.596914
 1142400.000000 2.085813 1.825806 2.593155 1.614578 1.088424 1.180860 0.961602 0.586785
 1144800.000000 2.233602 1.877141 2.548759 1.562608 1.188672 1.156397 1.023959 0.605224
 1147200.000000 2.216540 1.971195 2.473747 1.504858 1.096425 1.114464 1.024161 0.634449
 1149600.000000 2.210987 1.877475 2.618302 1.516080 1.186367 1.187211 0.938855 0.608811
 1152000.000000 2.250018 1.821102 2.572079 1.545642 1.132292 1.164106 1.011286 0.627877
 1154400.000000 2.194920 1.727086 2.500007 1.513446 1.141351 1.219824 1.055209 0.630080
 1156800.000000 2.205005 1.868817 2.607271 1.500198 1.192390 1.161124 1.033167 0.640501
 1159200.000000 2.171161 1.861349 2.449760 1.450018 1.194883 1.112477 0.974062 0.624082
 1161600.000000 2.205894 2.074742 2.410112 1.566676 1.105550 1.123239 1.026016 0.630480
 1164000.000000 2.061725 1.885695 2.500787 1.516157 1.163881 1.167039 1.030757 0.664541
 1166400.000000 2.050183 1.941371 2.555856 1.584199 1.031952 1.152658 0.995607 0.575255
 1168800.000000 2.166828 1.876747 2.511656 1.498108 1.201643 1.130748 1.032132 0.623685
 1171200.000000 2.188594 1.788477 2.575442 1.499184 1.196136 1.136727 0.997943 0.592504
 1173600.000000 2.215315 1.756723 2.495306 1.505900 1.094672 1.139942 1.017734 0.692439
 1176000.000000 2.186074 1.886339 2.585260 1.545882 1.083551 1.163960 0.998890 0.593138
 1178400.000000 2.160638 1.819482 2.577664 1.495968 1.016869 1.171243 1.025698 0.617230
 1180800.000000 2.160104 1.895640 2.288191 1.557014 1.111142 1.130592 0.976716 0.611917
 1183200.000000 2.183737 1.801896 2.590126 1.558101 1.020297 1.128669 1.032577 0.610367
 1185600.000000 2.026142 2.059902 2.625412 1.490541 1.034637 1.193111 1.042825 0.622797
 1188000.000000 2.176681 1.763638 2.551123 1.585030 1.262116 1.148176 0.923615 0.616286
 1190400.000000 2.039992 1.899285 2.668350 1.511924 1.117843 1.242991 0.979080 0.642924
 1192800.000000 2.205018 2.018929 2.577811 1.509360 1.228739 1.102777 1.030980 0.672504
 1195200.000000 2.146869 2.114874 2.493183 1.500263 1.126876 1.169396 0.932103 0.664273
 1197600.000000 2.273447 1.931989 2.517462 1.501619 1.142188 1.165295 1.016697 0.621162
 1200000.000000 2.145264 1.949758 2.542532 1.491128 1.158969 1.182577 0.914729 0.640891
 1202400.000000 2.160157 1.899933 2.549424 1.559785 1.078848 1.121334 0.981859 0.622521
 1204800.000000 2.311499 1.985805 2.564547 1.530113 1.217177 1.211314 1.026862 0.590391
 1207200.000000 2.202217 1.784448 2.497579 1.538996 1.092831 1.169366 1.141731 0.645219
 1209600.000000 2.279165 1.915498 2.440015 1.534907 1.102675 1.209233 1.037881 0.629908
 1212000.000000 2.230834 1.997565 2.595318 1.435037 1.161512 1.209348 1.015150 0.652587
 1214400.000000 2.285834 1.675029 2.623318 1.448768 1.192729 1.153127 0.988712 0.601715
 1216800.000000 2.183595 1.913954 2.518168 1.499781 1.145298 1.144303 0.994242 0.636610
 1219200.000000 2.178477 2.002728 2.533570 1.534034 1.003713 1.117530 1.013061 0.635604
 1221600.000000 2.204556 1.930192 2.576250 1.482997 1.131094 1.194799 1.034852 0.610477
 1224000.000000 2.289776 1.808798 2.693202 1.521253 1.208869 1.180872 1.011718 0.649053
 1226400.000000 2.228916 1.939137 2.414029 1.488267 1.131704 1.223003 0.940732 0.626045
 1228800.000000 2.122367 1.978685 2.551898 1.553057 0.977143 1.170887 0.966011 0.652821
 1231200.000000 2.114140 1.833087 2.518984 1.526926 1.013877 1.227457 0.969010 0.594403
 1233600.000000 2.154561 1.871154 2.479504 1.489473 1.042253 1.199432 1.037828 0.643029
 1236000.000000 2.209933 1.958688 2.550092 1.414900 1.125260 1.143805 0.935747 0.607913
 1238400.000000 2.095678 1.920806 2.444630 1.458907 1.062204 1.118195 1.014022 0.620869
 1240800.000000 1.983597 1.962932 2.475041 1.562407 1.022746 1.188799 1.049599 0.658130
 1243200.000000 2.177537 1.956513 2.525050 1.440910 1.208175 1.106989 1.035255 0.634165
 1245600.000000 2.103698 1.981777 2.621018 1.430593 0.957737 1.168326 0.941655 0.595151
 1248000.000000 2.240698 2.130899 2.400640 1.444815 1.110615 1.090326 1.010680 0.644295
 1250400.000000 2.247167 1.954851 2.519083 1.457057 0.998604 1.166463 0.994891 0.654104
 1252800.000000 2.320139 2.197130 2.371706 1.464186 1.110218 1.223668 0.937605 0.671019
 1255200.000000 2.386212 1.896264 2.552207 1.515739 1.141275 1.141209 0.982724 0.633982
 1257600.000000 2.609731 2.083838 2.549179 1.538514 1.248332 1.186375 0.940179 0.641072
 1260000.000000 2.438421 2.008209 2.617489 1.302687 1.121679 0.898597 0.944532 0.644489
 1262400.000000 2.455111 2.125039 2.409387 1.468122 1.142407 1.189298 0.995320 0.639643
 1264800.000000 2.398283 1.974375 2.455014 1.517017 1.208841 1.214390 0.986667 0.609519
 1267200.000000 2.389850 2.066229 2.401630 1.482102 1.121441 1.176142 1.079429 0.626141
 1269600.000000 2.357112 1.929523 2.655711 1.645019 0.985188 1.114544 1.068420 0.611583
 1272000.000000 2.398876 2.208084 2.436102 1.527853 1.015517 1.189764 0.990356 0.621168
 1274400.000000 2.317842 1.919698 2.468203 1.527791 1.107694 1.180732 1.004539 0.635817
 1276800.000000 2.605505 2.127799 2.401063 1.616425 1.133330 1.203886 1.005033 0.643120
 1279200.000000 2.341866 2.033580 2.446427 1.538051 1.075403 1.233242 1.007433 0.589707
 1281600.000000 2.385413 2.035016 2.461358 1.448550 1.146823 1.161050 1.109613 0.626941
 1284000.000000 2.138484 1.984943 2.422122 1.383004 1.135069 1.146556 0.961171 0.653026
 1286400.000000 2.277021 2.049187 2.358661 1.525870 1.178125 1.207339 1.015234 0.672733
 1288800.000000 2.413788 2.109671 2.391248 1.562370 1.156630 1.146418 1.014831 0.672546
 1291200.000000 2.287249 1.989515 2.333199 1.489688 1.135550 1.187457 1.041432 0.669576
 1293600.000000 2.321845 2.089129 2.572150 1.540771 1.115334 1.143544 0.947844 0.605169
 1296000.000000 2.293411 1.986840 2.473064 1.529387 1.195917 1.203538 1.013054 0.627866
 1298400.000000 2.302615 1.973359 2.567881 1.420878 1.155033 1.228758 0.976783 0.656243
 1300800.000000 2.332206 2.023402 2.610048 1.678647 1.076017 1.190123 0.981374 0.603807
 1303200.000000 2.364952 1.807854 2.495971 1.838966 0.967835 1.282005 0.958309 0.652158
 1305600.000000 2.302155 1.975776 2.474985 1.803704 1.036782 1.348719 0.950196 0.628706
 1308000.000000 2.321914 1.764905 2.566725 2.059625 1.101287 1.186720 1.001074 0.619651
 1310400.000000 2.195272 1.641306 2.508055 2.005199 0.934551 1.101250 0.945730 0.660648
 1312800.000000 2.257922 1.547800 2.593539 2.030499 0.960290 1.167086 0.988024 0.657834
 1315200.000000 2.325329 1.665049 2.548670 1.939725 0.962981 1.151218 1.015937 0.597126
 1317600.000000 2.402428 1.626951 2.599068 1.782400 1.060125 1.177243 0.974706 0.582589
 1320000.000000 2.371626 1.704651 2.605648 1.809611 0.919797 1.263146 0.975128 0.638968
 1322400.000000 2.226349 1.741303 2.652925 2.050866 0.931849 1.195364 0.915470 0.622774
 1324800.000000 2.474868 1.927420 2.626567 1.821599 1.068856 1.207782 0.974506 0.656617
 1327200.000000 2.399524 1.510846 2.932409 1.957182 1.083717 1.201422 0.956588 0.635931
 1329600.000000 2.452021 1.685165 2.788963 1.733355 1.171725 1.266399 0.981414 0.647181
 1332000.000000 2.444280 1.751380 2.735673 1.961087 0.968492 1.314527 0.973838 0.618182
 1334400.000000 2.353853 1.872174 2.562741 1.692945 1.070535 1.256955 0.993997 0.636545
 1336800.000000 2.426733 1.727265 2.661808 1.817381 1.091411 1.260912 0.994221 0.651673
 1339200.000000 2.320374 1.768123 2.759081 1.875829 1.093640 1.240243 0.923098 0.631951
 1341600.000000 2.357339 1.783580 2.692388 2.055273 1.076015 1.265019 1.001773 0.617976
 1344000.000000 2.317360 1.751225 2.663852 2.086304 1.052288 1.128779 0.987757 0.601993
 1346400.000000 2.438017 1.655735 2.694446 2.163496 1.052233 1.200448 0.953574 0.624997
 1348800.000000 2.628648 1.924037 2.765445 1.957859 0.934491 1.237275 0.983817 0.651322
 1351200.000000 2.307975 1.806313 2.913792 1.930936 1.065599 1.113130 0.966176 0.613720
 1353600.000000 2.615572 1.831797 2.799324 2.278614 0.964931 1.163347 0.933304 0.611322
 1356000.000000 2.806004 1.960733 2.792785 2.334896 0.999965 1.485093 0.990946 0.615597
 1358400.000000 2.595472 1.863594 2.875916 2.273428 0.919472 1.165105 0.945148 0.606496
 1360800.000000 2.498406 1.844701 2.823009 2.201638 0.972856 1.185623 0.958531 0.609768
 1363200.000000 2.774351 2.276209 3.095552 2.293027 0.942370 1.301246 0.945045 0.632170
 1365600.000000 2.519063 2.090608 2.777823 2.008541 0.991214 1.118709 0.935256 0.622427
 1368000.000000 2.448051 1.990660 3.084142 2.132279 0.999482 1.145835 0.947509 0.632020
 1370400.000000 2.606360 2.132481 2.950640 2.163406 1.173279 1.101757 0.948524 0.627114
 1372800.000000 2.525481 1.979573 2.906845 2.160048 1.029196 1.141890 0.979851 0.641370
 1375200.000000 2.561081 2.116224 2.925620 2.025564 0.982701 1.182239 0.940852 0.586347
 1377600.000000 2.555467 1.966013 2.837921 1.973516 1.022675 1.169966 0.929136 0.657671
 1380000.000000 2.356462 2.364896 2.763561 1.898255 1.103007 1.161308 0.967919 0.643163
 1382400.000000 2.454499 2.527646 2.675361 1.915215 0.993328 1.118392 0.963518 0.602451
 1384800.000000 2.270074 2.295676 2.465129 1.694438 1.040501 1.098234 0.943637 0.635120
 1387200.000000 2.446410 1.937021 2.925808 1.764998 1.076774 1.192454 0.967744 0.658031
 1389600.000000 2.425334 1.717690 2.978366 2.035499 0.986364 1.166189 0.998448 0.612861
 1392000.000000 2.595242 2.268361 3.059782 2.198774 0.987134 1.217954 0.941608 0.612502
 1394400.000000 2.527666 1.928131 2.851079 2.281467 0.977837 1.251415 0.981112 0.608945
 1396800.000000 2.478468 2.115584 2.848943 1.917829 1.203204 1.100557 0.944877 0.628624
 1399200.000000 2.390470 2.195001 2.800277 2.040254 0.981043 1.185733 0.941505 0.657987
 1401600.000000 2.374523 2.248283 2.651058 1.956162 1.008813 1.301410 0.960113 0.594391
 1404000.000000 2.451918 2.112535 2.640037 1.789647 1.163178 1.147491 0.929574 0.598108
 1406400.000000 2.391043 1.931314 2.567979 1.936049 1.018945 1.167158 0.964140 0.645250
 1408800.000000 2.450213 2.188388 2.514256 1.941217 1.070085 1.209957 0.909777 0.621609
 1411200.000000 2.294608 1.884021 2.698604 1.704300 1.144691 1.109653 0.979389 0.601722
 1413600.000000 2.529957 2.131101 2.551811 1.858345 1.141568 1.249978 0.915311 0.624376
 1416000.000000 2.566790 2.032105 2.759451 1.880867 1.085074 1.109741 0.914470 0.615742
 1418400.000000 2.479351 1.607421 2.834321 2.117544 0.913612 1.182721 0.941813 0.647881
 1420800.000000 2.361655 1.549758 2.895446 2.000853 1.358453 1.076118 0.987296 0.631426
 1423200.000000 2.278881 1.601144 2.653137 2.144769 0.889938 1.141779 0.965893 0.649604
 1425600.000000 2.303480 2.075216 2.659640 1.856347 1.264040 1.114891 0.980835 0.603061
 1428000.000000 2.308239 1.878832 3.263156 1.965545 0.999917 1.248502 0.947993 0.646097
 1430400.000000 2.167565 1.685033 3.070996 1.837930 1.021037 1.108000 0.873108 0.623077
 1432800.000000 2.147739 1.682831 3.141079 2.040426 0.786121 1.241756 0.922852 0.628390
 1435200.000000 2.268976 1.786873 3.244597 1.994398 0.918467 0.997734 0.920367 0.677631
 1437600.000000 2.053203 1.793791 3.159370 1.888480 0.996010 1.004144 0.920543 0.604371
 1440000.000000 2.203802 1.558481 3.103562 1.970427 1.032472 1.126611 0.954535 0.635492
 1442400.000000 2.023793 1.547783 3.158481 1.932030 1.025828 1.188990 0.931431 0.632727
 1444800.000000 2.088694 1.553058 3.216338 1.987033 1.077193 1.261230 0.951069 0.653553
 1447200.000000 2.226501 1.548255 3.198567 1.949365 1.226650 1.128104 0.953335 0.607614
 1449600.000000 2.198421 1.655145 3.071170 2.181437 1.078630 1.143101 0.943524 0.650602
 1452000.000000 2.095899 1.904620 2.903661 1.856061 1.041749 1.119528 1.026877 0.647777
 1454400.000000 2.161431 1.685844 2.931031 1.820187 1.299716 1.094432 1.001358 0.644971
 1456800.000000 2.307511 1.634856 2.731480 1.916767 1.187718 1.234248 0.931531 0.613217
 1459200.000000 2.575215 1.762478 2.949103 1.934316 1.240395 1.119697 0.944118 0.613291
 1461600.000000 2.228137 1.825626 2.897560 1.735466 1.177582 1.148387 0.988957 0.628975
 1464000.000000 2.207875 1.889233 2.963257 1.679307 1.193332 1.129443 0.972852 0.643231
 1466400.000000 2.342024 2.245879 2.997951 1.877853 1.077485 1.155875 0.939124 0.590494
 1468800.000000 2.271909 2.201025 2.922809 1.476247 1.187551 1.164317 0.918128 0.600211
 1471200.000000 2.358071 2.055735 3.138148 1.409653 1.267915 1.179580 0.949497 0.611675
 1473600.000000 2.252934 2.086951 2.947469 1.611137 1.209110 1.097367 0.989605 0.652377
 1476000.000000 2.245148 1.730077 3.147103 1.658243 1.121014 1.033579 0.963809 0.618261
 1478400.000000 2.331952 1.760318 2.895175 1.600454 1.162369 1.023450 0.943176 0.615589
 1480800.000000 2.599150 2.046635 2.920652 1.873881 1.222051 1.144938 0.959016 0.593838
 1483200.000000 2.413745 1.712176 3.010787 1.668182 1.221273 1.094900 0.981004 0.620089
 1485600.000000 2.615617 2.004679 2.988739 1.755663 1.235222 1.265982 0.938652 0.642824
 1488000.000000 2.661627 1.735270 3.218819 1.879059 1.364704 1.198062 1.013087 0.649415
 1490400.000000 2.333978 2.000684 3.109437 1.675774 1.070597 1.133008 0.933977 0.605474
 1492800.000000 2.402030 2.180933 3.184116 1.637789 1.052658 1.300520 0.995928 0.641031
 1495200.000000 2.217542 1.990790 3.150688 1.554795 1.037436 1.355172 0.924814 0.636681
 1497600.000000 2.290528 2.114841 3.149692 1.720324 1.088252 1.295556 1.016575 0.585449
 1500000.000000 2.239057 2.461145 2.663640 2.001703 1.074496 1.293956 0.948475 0.631105
 1502400.000000 1.911758 2.439363 2.630308 1.781517 1.093250 1.246443 0.944865 0.612277
 1504800.000000 1.989990 2.342689 2.485060 1.828792 1.065702 1.205009 0.925974 0.610477
 1507200.000000 2.266144 2.359521 2.399039 1.744261 1.104938 1.210898 0.934356 0.610754
 1509600.000000 2.323719 2.344615 2.268461 1.837674 1.222257 1.120119 0.984609 0.634554
 1512000.000000 2.343742 2.292729 2.318062 1.811909 1.155741 1.196778 0.915287 0.583631
 1514400.000000 2.004944 2.548578 2.333016 1.568851 1.011704 1.236241 0.917506 0.664569
 1516800.000000 1.993715 2.410591 2.331871 1.514144 1.136990 1.378248 0.956667 0.633332
 1519200.000000 2.076239 2.287621 2.318607 1.623712 0.922230 1.247241 0.942149 0.590983
 1521600.000000 2.017738 2.222676 2.570990 1.761062 0.910196 1.293839 0.948063 0.608598
 1524000.000000 2.025665 2.446469 2.491344 1.588465 0.841422 1.224132 0.948106 0.646295
 1526400.000000 1.927333 2.382217 2.313049 1.579882 0.941326 1.350315 0.966089 0.600538
 1528800.000000 1.886718 2.110336 2.530176 1.373242 0.899725 1.307211 0.976952 0.632108
 1531200.000000 1.914841 2.292279 2.647342 1.599537 0.873834 1.050434 0.896067 0.610075
 1533600.000000 2.078589 2.478279 2.342411 1.618966 0.877224 1.347977 0.978578 0.586533
 1536000.000000 1.998804 2.364387 2.370680 1.538891 0.865432 1.206138 0.977644 0.668171
 1538400.000000 2.034527 2.651974 2.371184 1.500172 0.890026 1.129831 0.934067 0.623428
 1540800.000000 1.969635 2.407093 2.463435 1.768755 0.916024 1.312775 1.058871 0.610332
 1543200.000000 2.051327 2.324270 2.615987 1.584110 0.894777 1.333008 0.983468 0.579749
 1545600.000000 2.199261 2.440985 2.388739 1.338358 0.909108 1.293609 0.943691 0.618633
 1548000.000000 2.190053 2.473573 2.513736 1.340914 0.869150 1.148083 0.989490 0.569537
 1550400.000000 2.216341 2.548275 2.408160 1.333276 0.865472 1.307478 0.955230 0.656686
 1552800.000000 2.129479 2.440271 2.523321 1.461962 0.870216 1.016538 1.002094 0.616772
 1555200.000000 2.085001 2.463960 2.654544 1.528632 0.821255 1.182083 0.993384 0.627509
 1557600.000000 2.017031 2.339847 2.755257 1.430625 0.845981 1.071891 0.908047 0.609520
 1560000.000000 2.172958 2.373798 2.671918 1.429021 1.053408 1.191076 0.920362 0.602781
 1562400.000000 2.110866 2.377191 2.447954 1.535607 0.854581 1.203250 0.945588 0.629284
 1564800.000000 2.143072 2.380334 2.670719 1.517134 0.879711 1.275283 0.946729 0.620150
 1567200.000000 2.210038 2.403393 2.418822 1.427882 0.881890 1.250127 0.981500 0.647609
 1569600.000000 2.150102 2.488683 2.542395 1.551654 0.913981 1.308937 0.959847 0.623084
 1572000.000000 2.022199 2.392615 2.587042 1.500063 0.906260 1.166130 0.963844 0.599657
 1574400.000000 2.010771 2.423349 2.582019 1.536630 0.902741 1.192518 0.952057 0.617443
 1576800.000000 2.149094 2.416618 2.599418 1.445851 0.980225 1.130006 0.909521 0.640647
 1579200.000000 2.153838 2.403639 2.599148 1.472213 0.893278 1.061489 0.881692 0.650656
 1581600.000000 2.041473 2.374515 2.598440 1.484028 0.926359 1.090071 0.987508 0.634902
 1584000.000000 2.042747 2.502685 2.534019 1.411329 0.922105 1.161088 0.966277 0.607059
 1586400.000000 2.161208 2.502698 2.743915 1.493963 0.889891 1.271330 0.946665 0.616704
 1588800.000000 2.244781 2.587815 2.675129 1.597029 0.911497 1.133113 0.909827 0.602982
 1591200.000000 2.007674 2.422429 2.758711 1.460522 0.846714 1.181440 0.975858 0.667656
 1593600.000000 2.097074 2.327790 2.784229 1.547210 0.911090 1.195457 0.891826 0.620446
 1596000.000000 2.033556 2.410600 2.741631 1.419375 0.911121 1.120468 0.935981 0.652679
 1598400.000000 2.126504 2.315507 2.827009 1.410171 0.883280 1.234006 1.006704 0.649689
 1600800.000000 2.130101 2.286571 2.562664 1.446749 0.890475 1.126905 0.993848 0.656358
 1603200.000000 2.190461 2.298020 2.563532 1.625042 0.910694 1.360734 0.945141 0.608994
 1605600.000000 2.098512 2.322216 2.605650 1.686081 0.901100 1.414098 1.012857 0.605138
 1608000.000000 2.132364 2.338671 2.716749 1.771177 0.884903 1.252627 0.953656 0.620009
 1610400.000000 2.200433 2.350671 2.643627 1.685423 0.840362 1.246907 0.942974 0.573533
 1612800.000000 2.456121 2.225043 2.749058 1.902194 0.849785 1.227301 0.931078 0.666847
 1615200.000000 2.305990 2.287288 2.640318 1.933501 0.887057 1.343952 0.993275 0.573134
 1617600.000000 2.057767 2.245407 2.600037 1.713989 0.869129 1.258411 0.956159 0.598409
 1620000.000000 2.321019 2.233905 2.538177 1.669746 0.907928 1.249791 0.946681 0.574350
 1622400.000000 2.237934 2.044258 2.662545 1.706135 0.888609 1.258988 0.988918 0.598837
 1624800.000000 2.098222 2.474517 2.763968 1.665321 0.813931 1.335355 1.010656 0.592756
 1627200.000000 1.920418 2.170214 2.795347 1.364095 0.936775 1.190689 0.931294 0.601808
 1629600.000000 2.055034 2.271604 2.629714 1.529457 0.880885 1.275189 0.959253 0.613812
 1632000.000000 2.021933 2.322280 2.660218 1.807479 0.866368 1.280654 1.003665 0.577884
 1634400.000000 2.032056 2.289807 2.659246 1.831745 0.977763 1.071098 0.937530 0.608457
 1636800.000000 2.090277 2.278741 2.533482 2.005106 0.858018 1.090950 0.956680 0.588890
 1639200.000000 1.946290 2.497931 2.497357 1.807780 0.865254 1.290804 0.983720 0.590183
 1641600.000000 2.094004 2.498467 2.668930 1.794648 0.910726 1.255251 0.987008 0.632742
 1644000.000000 2.140971 2.606287 2.593527 1.980670 0.813099 1.140939 0.941322 0.580409
 1646400.000000 2.050784 2.462120 2.617986 1.699067 0.914664 1.197901 0.969287 0.618441
 1648800.000000 2.019960 2.293529 2.634983 1.836652 0.907434 1.412100 0.976651 0.614162
 1651200.000000 2.038128 2.189606 2.753134 1.494468 0.864765 1.284968 0.927287 0.613193
 1653600.000000 1.952434 2.224752 2.707334 1.515424 0.873920 1.391319 1.020204 0.650047
 1656000.000000 2.076619 2.315042 2.653517 1.573891 0.898487 1.335348 0.984986 0.631514
 1658400.000000 1.870641 2.361367 2.549358 1.442882 0.958417 1.279563 0.996623 0.635624
 1660800.000000 2.099867 2.318556 2.575611 1.557266 0.914867 1.226514 0.943674 0.580140
 1663200.000000 2.059509 2.359500 2.502325 1.505485 0.906777 1.262838 0.921218 0.627027
 1665600.000000 2.005114 2.382423 2.554489 1.477386 0.975121 1.168095 0.961076 0.581692
 1668000.000000 1.951243 2.426417 2.441734 1.550463 0.917549 1.241018 0.880278 0.582984
 1670400.000000 1.853022 2.190966 2.534088 1.224394 0.944820 1.017134 0.895959 0.587062
 1672800.000000 2.140014 2.367407 2.617056 1.580767 0.838896 1.178001 0.907695 0.675082
 1675200.000000 2.127636 2.347165 2.511879 1.387603 0.889604 1.096484 0.892316 0.640313
 1677600.000000 1.808199 2.352590 2.518338 1.226894 0.970234 1.280098 0.888273 0.578269
 1680000.000000 1.945733 2.381245 2.511065 1.325460 0.992174 1.354548 0.927144 0.633874
 1682400.000000 1.948972 2.340983 2.586544 1.376031 0.958056 1.308620 0.943432 0.597113
 1684800.000000 1.766615 2.162416 2.654959 1.114728 1.022140 1.375163 0.901963 0.612924
 1687200.000000 2.049074 2.009417 2.483339 1.398383 0.962697 1.300589 0.896126 0.620039
 1689600.000000 2.101699 2.117719 2.751912 1.491503 0.997367 1.327422 0.976391 0.664723
 1692000.000000 2.021093 2.287611 2.649951 1.514440 0.929119 1.365452 0.940550 0.613024
 1694400.000000 1.867287 2.313461 2.569579 1.351830 0.906416 1.326731 0.986234 0.639187
 1696800.000000 1.955261 2.259370 2.577841 1.335733 0.872845 1.283100 0.934773 0.622791
 1699200.000000 1.938810 2.339144 2.586255 1.274578 0.959757 1.301993 0.985834 0.614041
 1701600.000000 2.202133 2.399276 2.589058 1.423079 0.990530 1.299993 0.936259 0.604874
 1704000.000000 2.216378 2.255273 2.687943 1.528609 0.942417 1.191334 0.955971 0.612866
 1706400.000000 2.202701 2.316028 2.597798 1.503744 0.968129 1.236399 0.907481 0.581461
 1708800.000000 2.081441 2.386083 2.640561 1.435371 1.065733 1.263409 0.897737 0.626759
 1711200.000000 2.183821 2.471173 2.526134 1.362337 0.851376 1.222678 0.879072 0.630875
 1713600.000000 2.075535 2.413266 2.594660 1.402414 0.901388 1.107392 0.920255 0.641374
 1716000.000000 1.977007 2.389711 2.588753 1.518390 0.898721 1.273142 0.966811 0.602715
 1718400.000000 2.076421 2.369563 2.629872 1.343238 0.972216 1.342228 0.961599 0.578072
 1720800.000000 2.033529 2.309267 2.592757 1.472547 0.873582 1.199884 1.020739 0.660174
 1723200.000000 1.974154 2.293764 2.515436 1.496630 0.898466 1.176192 0.973702 0.614147
 1725600.000000 2.075576 2.330390 2.576157 1.348950 0.986586 1.147957 0.931396 0.610993
 1728000.000000 2.137332 2.301071 2.589473 1.448143 0.932555 1.157388 0.923429 0.607493
 1730400.000000 2.005356 2.214507 2.608316 1.350277 0.872592 1.075939 0.898862 0.621872
 1732800.000000 2.040175 2.313469 2.606128 1.418809 0.856732 1.117707 0.967407 0.621473
 1735200.000000 2.124731 2.315442 2.609865 1.542248 0.893163 0.972381 0.989574 0.610021
 1737600.000000 2.083721 2.394833 2.521789 1.498816 0.968063 1.100039 0.914677 0.588953
 1740000.000000 2.048514 2.341860 2.539322 1.543544 0.885858 1.106783 0.931363 0.632818
 1742400.000000 2.220097 2.410994 2.618180 1.587296 1.021658 1.246366 0.963004 0.636920
 1744800.000000 2.073516 2.504427 2.336351 1.375426 0.978148 1.245957 0.996006 0.632973
 1747200.000000 2.004843 2.380620 2.491017 1.334133 0.923377 1.220358 1.002717 0.583632
 1749600.000000 2.101372 2.491241 2.396740 1.308872 0.949775 1.213292 1.088182 0.673961
 1752000.000000 1.997692 2.820647 2.425592 1.327788 0.930260 1.189548 0.950489 0.623861
 1754400.000000 2.104170 2.677057 2.407659 1.384503 0.886360 1.155559 0.915745 0.626645
 1756800.000000 2.027656 2.535190 2.404764 1.396337 0.962107 1.119625 1.008105 0.634591
 1759200.000000 2.184691 2.577637 2.508364 1.388469 0.842236 1.071085 0.995589 0.602471
 1761600.000000 2.268733 2.611016 2.581762 1.755735 0.980556 1.233379 0.958404 0.604156
 1764000.000000 1.996125 2.640383 2.534167 1.628802 0.880787 1.248174 1.000321 0.644660
 1766400.000000 1.956613 2.726868 2.488762 1.421699 0.895514 1.229516 0.959370 0.649165
 1768800.000000 2.124869 2.842529 2.411870 1.584637 0.917638 1.074909 0.939281 0.626834
 1771200.000000 1.884995 2.761567 2.197315 1.335127 0.949196 1.009676 0.948408 0.627027
 1773600.000000 1.980120 2.700814 2.230402 1.371142 0.882599 1.193047 0.925418 0.597392
 1776000.000000 1.788619 2.549185 2.398722 1.259039 0.901504 1.135246 0.979183 0.631548
 1778400.000000 1.815595 2.382224 2.444707 1.261108 0.996577 1.012626 0.949639 0.624897
 1780800.000000 1.902673 2.643585 2.345886 1.386850 0.869525 1.222737 0.889068 0.634231
 1783200.000000 1.781013 2.564704 2.751723 1.179038 0.932116 1.200161 0.908168 0.610563
 1785600.000000 1.962752 2.473796 2.661512 1.456584 0.829909 1.273496 0.974822 0.617925
 1788000.000000 1.819143 2.344806 2.567591 1.347209 0.895622 1.053749 0.978907 0.615502
 1790400.000000 1.782536 2.485662 2.565552 1.205628 0.983234 1.248136 0.988287 0.659317
 1792800.000000 1.792246 2.559470 2.412041 1.289775 0.867563 1.219489 0.943794 0.618682
 1795200.000000 1.638197 2.262834 2.551177 1.321056 0.938263 1.211274 0.916845 0.644905
 1797600.000000 1.719285 2.269582 2.555955 1.216014 0.929552 1.099451 0.960236 0.630974
 1800000.000000 1.820273 2.499081 2.481460 1.238421 0.951386 1.328981 1.021478 0.622973
 1802400.000000 1.986618 2.387461 2.576134 1.109649 0.940669 1.274674 0.935394 0.637573
 1804800.000000 1.936539 2.525838 2.430466 1.137379 0.905043 1.310169 1.008499 0.611953
 1807200.000000 1.928376 2.407643 2.762287 1.187893 0.905029 1.271857 0.967848 0.610095
 1809600.000000 1.861184 2.322275 2.594662 1.134225 0.893621 1.214267 0.926282 0.636486
 1812000.000000 1.824357 2.270266 2.694465 1.183012 0.884530 1.289376 0.965893 0.633389
 1814400.000000 1.958712 2.233769 2.796377 0.947117 1.027377 1.106792 0.868720 0.598973
 1816800.000000 1.835825 2.292050 2.694272 0.916451 0.927637 1.165587 0.914464 0.586843
 1819200.000000 2.069883 2.517413 2.426195 1.051860 0.912378 1.026603 0.887343 0.632568
 1821600.000000 1.942684 2.343118 2.595722 0.779760 0.907521 1.157903 0.911693 0.624193
 1824000.000000 2.000710 2.411270 2.633359 0.928548 0.908411 1.150861 0.934309 0.617835
 1826400.000000 2.016309 2.479149 2.578357 0.902304 0.804039 1.254133 0.926606 0.628278
 1828800.000000 1.911242 2.316108 2.615194 1.085000 0.946694 1.080410 0.966899 0.623318
 1831200.000000 2.014759 2.390045 2.600697 1.272222 0.871909 1.246460 0.953433 0.643740
 1833600.000000 1.945393 2.408513 2.700839 1.474071 0.950651 1.000030 0.943776 0.607259
 1836000.000000 1.897667 2.336113 2.604280 1.513186 0.993439 0.990678 0.896615 0.624455
 1838400.000000 1.970499 2.199459 2.612983 1.709521 0.943900 1.052759 0.931968 0.590512
 1840800.000000 2.066019 2.222056 2.630726 1.811130 0.887292 1.070444 0.912241 0.650002
 1843200.000000 2.087580 2.324020 2.682892 1.605076 0.855702 1.278142 0.888488 0.622677
 1845600.000000 2.151210 2.302326 2.797670 1.679842 0.841841 1.222539 0.934986 0.631280
 1848000.000000 2.137383 2.310197 2.795941 1.637756 0.904613 1.140716 0.914841 0.613370
 1850400.000000 1.827762 2.426822 2.640456 1.492644 0.918582 1.252177 0.987029 0.667029
 1852800.000000 1.919473 2.279730 2.558720 1.661881 0.869442 1.264795 0.959178 0.680006
 1855200.000000 1.863290 2.270663 2.626432 1.653027 0.962911 1.008645 0.906407 0.612880
 1857600.000000 1.929809 2.343110 2.553715 1.186182 1.011303 1.029899 0.865564 0.597843
 1860000.000000 1.919880 2.133784 2.629260 1.383640 0.887123 1.169762 0.960377 0.621136
 1862400.000000 2.073020 2.230632 2.621373 1.360709 0.877189 1.013401 0.935928 0.598014
 1864800.000000 1.899845 2.370126 2.612619 1.747707 0.889123 1.066607 0.871101 0.605144
 1867200.000000 2.033081 2.295308 2.585950 1.711348 0.872104 1.228766 0.941288 0.625182
 1869600.000000 2.128597 2.287081 2.553261 1.914362 0.893876 1.051896 0.917361 0.638013
 1872000.000000 1.981292 2.338970 2.638777 1.655048 0.888742 1.213686 0.940515 0.660457
 1874400.000000 1.907538 2.090087 2.483760 1.510690 0.890378 1.203725 0.917126 0.600182
 1876800.000000 2.074516 2.263268 2.526285 1.423908 0.918052 1.072005 0.917898 0.594224
 1879200.000000 2.096941 2.387414 2.344980 1.821189 0.880010 0.979812 0.950411 0.619773
 1881600.000000 2.106577 2.251641 2.576562 1.564516 0.879753 1.244079 0.933556 0.601010
 1884000.000000 2.150342 2.256532 2.703150 1.819570 0.816670 1.065774 0.913625 0.614397
 1886400.000000 2.099164 2.312608 2.662821 1.646690 0.850260 1.224923 0.943840 0.593241
 1888800.000000 2.213901 2.260208 2.615900 1.584890 0.894432 1.254672 0.998955 0.632102
 1891200.000000 2.083537 2.191092 2.471276 1.553638 0.898620 1.099613 1.010840 0.585431
 1893600.000000 2.001345 2.252393 2.799126 1.420045 0.893592 1.185313 0.978417 0.635845
 1896000.000000 2.107396 2.181277 2.588906 1.673109 0.940048 1.141023 0.998965 0.632493
 1898400.000000 2.107785 2.273453 2.617991 1.588575 0.900017 1.160585 0.932751 0.593578
 1900800.000000 2.172233 2.275847 2.648989 1.947387 0.875882 1.130929 0.905654 0.664498
 1903200.000000 2.175737 2.345730 2.520675 1.812847 0.965348 1.164863 0.952145 0.630683
 1905600.000000 2.249407 2.078259 2.656007 1.969485 0.888620 1.106223 0.951810 0.669023
 1908000.000000 2.289555 2.347268 2.642999 1.977047 0.808603 1.119054 0.893825 0.621524
 1910400.000000 2.132249 2.152329 2.554004 1.789661 0.834356 1.102604 0.977096 0.619595
 1912800.000000 2.204042 2.480081 2.545756 1.680892 0.901581 1.052826 0.899521 0.636579
 1915200.000000 2.264157 2.397135 2.483808 1.826020 0.837507 1.171426 0.963940 0.613894
 1917600.000000 2.243366 2.296695 2.459023 1.839049 0.853420 1.092749 0.915436 0.651494
 1920000.000000 2.109516 2.373641 2.494901 1.655189 0.768469 1.049657 0.963936 0.650797
 1922400.000000 2.053930 2.265714 2.424497 1.838601 0.862068 1.087649 0.933144 0.657783
 1924800.000000 2.218395 2.440027 2.524070 1.929855 0.868588 1.066857 0.940798 0.619312
 1927200.000000 2.035398 2.357804 2.451344 1.787106 0.841782 1.073951 0.897429 0.648894
 1929600.000000 2.177935 2.349715 2.466274 1.853371 0.835661 1.089470 0.965567 0.629762
 1932000.000000 2.053981 2.173891 2.568301 1.794054 0.849060 1.111114 0.917485 0.701266
 1934400.000000 2.186151 2.363544 2.411360 1.914869 0.845039 1.180937 0.889192 0.639613
 1936800.000000 2.087668 2.129082 2.620387 1.976248 0.939252 1.086373 0.938301 0.597475
 1939200.000000 2.041699 2.204061 2.541360 1.662599 0.914423 1.041596 0.948819 0.633566
 1941600.000000 2.074441 2.101185 2.677944 1.851666 0.840808 1.137761 0.986669 0.596960
 1944000.000000 1.876473 2.163319 2.629008 1.768982 0.882128 1.062235 0.951292 0.603441
 1946400.000000 1.901645 2.324133 2.437096 1.414894 0.861548 1.246832 0.953037 0.606382
 1948800.000000 2.010861 2.172933 2.523772 1.651628 0.871822 1.246967 0.959021 0.606079
 1951200.000000 2.216434 2.406028 2.413122 1.799167 0.893077 1.114976 0.968662 0.637808
 1953600.000000 2.023907 2.270035 2.624417 1.592423 0.910862 1.192924 0.947133 0.623419
 1956000.000000 2.126674 2.250495 2.490832 1.908616 0.863223 1.138372 0.967859 0.635278
 1958400.000000 2.011526 2.290922 2.500940 1.564692 0.841989 1.198774 0.958663 0.621971
 1960800.000000 2.087800 2.550613 2.446284 1.636443 0.868725 1.254231 0.998773 0.619859
 1963200.000000 2.102156 2.497033 2.627211 2.007205 0.856369 1.154883 0.979883 0.683445
 1965600.000000 2.138518 2.361606 2.635843 1.931234 0.888761 1.105305 0.931317 0.584664
 1968000.000000 2.287271 2.635832 2.679153 1.950585 0.915307 1.089839 0.961863 0.670252
 1970400.000000 2.142755 2.593294 2.511028 1.891532 0.805152 1.032255 0.936129 0.624882
 1972800.000000 2.167511 2.443074 2.454313 1.919634 0.824523 1.230381 0.978592 0.653715
 1975200.000000 2.017648 2.123634 2.725246 1.926951 0.871785 1.251596 0.977592 0.615854
 1977600.000000 2.006863 2.095566 2.703702 1.738784 0.811168 1.280246 0.929148 0.606128
 1980000.000000 2.038248 2.575897 2.658322 1.616906 0.941964 1.242845 0.889187 0.635266
 1982400.000000 2.110874 2.393226 2.634791 1.773140 0.797271 1.194170 0.960511 0.609058
 1984800.000000 2.052621 2.419880 2.565145 1.654182 0.818208 1.236004 0.962463 0.611284
 1987200.000000 2.170251 2.554876 2.726093 1.677142 0.880096 1.285290 0.987314 0.631052
 1989600.000000 2.075699 2.417635 2.605670 1.806590 0.957881 1.210320 0.924747 0.640793
 1992000.000000 2.032481 2.465710 2.583242 1.625728 0.870182 1.277611 1.037049 0.570355
 1994400.000000 2.193621 2.410693 2.749008 1.717434 0.927958 1.071331 0.982405 0.602434
 1996800.000000 2.207797 2.465575 2.670750 1.837706 0.889328 1.171287 0.963227 0.636905
 1999200.000000 2.189967 2.582987 2.564840 1.805488 0.849716 1.147704 0.925254 0.604093
 2001600.000000 2.084073 2.502670 2.551351 1.540634 0.921392 1.157754 0.922508 0.646414
 2004000.000000 2.027589 2.434444 2.576923 1.778251 0.900392 1.138250 0.947306 0.669150
 2006400.000000 2.217822 2.446507 2.496917 1.815483 0.903962 1.036485 0.935972 0.642418
 2008800.000000 2.356565 2.329098 2.482580 1.752645 1.107432 1.061933 0.979965 0.628844
 2011200.000000 2.112388 2.507026 2.533698 1.858910 0.881768 1.164037 0.919268 0.665626
 2013600.000000 2.047344 2.491646 2.555182 1.727760 0.879572 1.195740 0.959357 0.643043
 2016000.000000 2.171312 2.388228 2.652460 2.041104 0.855052 1.202729 0.991296 0.652201
 2018400.000000 2.292190 2.339116 2.528000 1.981146 0.940082 1.201168 0.992058 0.618857
 2020800.000000 2.162955 2.311732 2.730848 1.825462 0.913598 1.168519 0.959857 0.607778
 2023200.000000 2.191827 2.212648 2.806515 1.903221 0.871094 1.154403 0.909914 0.633437
 2025600.000000 2.110159 2.114595 2.880132 1.831660 0.962201 1.250300 0.955012 0.622951
 2028000.000000 2.120976 2.358473 2.573658 1.641782 0.938258 1.172459 0.982209 0.618748
 2030400.000000 2.364191 2.397011 2.671731 1.939713 0.829768 1.146323 0.974771 0.624389
 2032800.000000 2.192235 2.229386 2.591877 1.868719 0.895278 1.127650 0.942769 0.629060
 2035200.000000 2.315844 2.238178 2.505288 1.901839 0.864344 1.107307 0.950366 0.666416
 2037600.000000 2.322723 2.173737 2.505304 1.832396 0.897469 1.114974 0.902996 0.644189
 2040000.000000 2.303885 2.275661 2.422500 1.706481 1.019873 1.087184 0.923772 0.620565
 2042400.000000 2.298174 2.370863 2.532312 1.782306 0.884982 1.021380 0.965749 0.603040
 2044800.000000 2.123394 2.185682 2.697419 1.831042 0.890356 1.071235 0.967016 0.660741
 2047200.000000 2.150564 2.165880 2.529610 1.846831 0.850772 1.098600 0.940802 0.620624
 2049600.000000 2.249566 2.218093 2.484519 1.873120 0.916552 1.046976 0.955505 0.622839
 2052000.000000 2.068056 2.254875 2.418620 2.039818 0.917644 1.176992 0.885681 0.632833
 2054400.000000 2.065577 2.040061 2.480982 1.942177 0.933216 1.130652 0.941163 0.620704
 2056800.000000 2.140811 2.167002 2.628526 1.753044 1.001953 1.010760 0.950394 0.625935
 2059200.000000 2.150779 2.280662 2.702501 1.802823 0.874480 0.946220 0.960368 0.616782
 2061600.000000 2.283897 2.316333 2.491076 2.046888 0.961065 1.212656 0.978297 0.606972
 2064000.000000 2.145082 2.275484 2.671446 1.962381 0.928319 1.158242 1.012792 0.596565
 2066400.000000 2.189781 2.284787 2.624971 2.013127 0.839169 1.107120 0.949356 0.597464
 2068800.000000 2.192399 2.378988 2.507736 1.960526 0.940067 1.089654 1.015669 0.641494
 2071200.000000 2.279237 2.295121 2.585836 1.947836 0.891243 1.214079 0.923553 0.635611
 2073600.000000 2.253760 2.215173 2.550933 1.902231 0.924357 1.389595 0.975270 0.651092
 2076000.000000 2.158315 2.301821 2.446015 2.129875 0.895742 1.106619 0.965784 0.596000
 2078400.000000 2.164019 2.086285 2.704110 2.145800 0.969605 1.217154 1.014445 0.612504
 2080800.000000 2.288995 2.088801 2.620829 2.080787 0.807563 1.159799 0.975619 0.588474
 2083200.000000 2.300315 2.080952 2.638460 2.272375 0.810702 1.344959 0.964587 0.588904
 2085600.000000 2.254883 2.274484 2.406310 2.343385 0.900231 1.389159 0.971794 0.575260
 2088000.000000 2.211030 2.198945 2.422882 2.313265 0.887526 1.424693 0.983597 0.636258
 2090400.000000 2.204190 2.225541 2.435413 2.159766 0.916071 1.360052 1.001002 0.659527
 2092800.000000 2.265370 2.375848 2.521602 2.383797 0.849280 1.248842 0.982254 0.608404
 2095200.000000 2.443494 2.397414 2.524060 2.386580 0.886356 1.181880 0.991860 0.635193
 2097600.000000 2.374881 2.263631 2.539192 2.624075 0.875446 1.377333 1.020003 0.612638
 2100000.000000 2.189354 2.313062 2.540655 2.522047 0.855887 1.231923 1.003971 0.616355
 2102400.000000 2.496355 2.332526 2.507126 2.773936 0.854884 1.275040 1.012939 0.580779
 2104800.000000 2.705297 2.354117 2.599995 2.681191 0.969195 1.209455 0.967460 0.595476
 2107200.000000 2.508151 2.316984 2.511214 2.640530 0.793490 1.309765 0.969827 0.658267
 2109600.000000 2.263926 2.302348 2.549105 2.429294 0.851903 1.253260 1.046574 0.630268
 2112000.000000 2.022812 2.207278 2.614421 2.476183 0.977936 1.231986 0.983091 0.644576
 2114400.000000 2.299150 2.042258 2.630623 2.656265 0.974886 1.252943 0.919240 0.614566
 2116800.000000 2.278823 2.204235 2.800476 2.353628 0.913461 1.178207 0.956345 0.631699
 2119200.000000 2.223882 2.201484 2.799496 2.555657 1.113413 1.222682 0.929381 0.588151
 2121600.000000 2.192285 2.069948 2.678549 2.571848 1.021632 1.190446 0.958412 0.610221
 2124000.000000 2.257158 2.147059 2.766639 2.332382 1.030675 1.167973 1.002557 0.641029
 2126400.000000 2.290000 2.309120 2.791918 2.427432 1.047846 1.125295 0.965774 0.636170
 2128800.000000 2.267249 2.173163 2.777807 2.492575 0.960686 1.130498 0.986535 0.611814
 2131200.000000 2.414682 2.062451 2.741360 2.586015 1.069623 1.162611 0.998820 0.642701
 2133600.000000 2.263979 2.172385 2.787621 2.384875 1.033842 1.124496 0.999785 0.648427
 2136000.000000 2.294817 2.314132 2.834499 2.258772 0.946174 1.143490 1.028297 0.627823
 2138400.000000 2.273492 2.320274 2.795953 2.192007 1.120759 1.204952 1.032286 0.629509
 2140800.000000 2.325457 2.249026 2.643287 2.208423 1.003883 1.305913 0.970784 0.640679
 2143200.000000 2.210333 2.296229 2.653304 2.164968 0.883942 1.155814 0.928473 0.592485
 2145600.000000 2.115990 2.264003 2.693151 2.311544 0.915022 1.216390 0.951246 0.582675
 2148000.000000 2.087272 2.285368 2.658647 2.358798 0.932992 1.263472 0.995029 0.611644
 2150400.000000 2.121043 2.281576 2.722670 2.218685 0.944608 1.315923 1.013037 0.640933
 2152800.000000 2.065186 2.320352 2.655340 2.417659 0.862413 1.237978 0.951391 0.600586
 2155200.000000 2.189136 2.333703 2.706805 2.284289 0.887198 1.318653 0.917655 0.614432
 2157600.000000 2.355170 2.279614 2.718657 2.358401 0.877704 1.384560 1.017621 0.668817
 2160000.000000 2.286593 2.140689 2.697942 2.477827 0.845291 1.259143 1.007589 0.626003
 2162400.000000 2.254525 1.925560 2.659363 2.561199 0.869581 1.283332 1.061787 0.609889
 2164800.000000 2.131689 1.928342 2.744093 2.368189 0.875446 1.336117 1.050310 0.619991
 2167200.000000 2.182262 2.108179 2.588506 2.390943 0.880618 1.220244 0.975812 0.612065
 2169600.000000 2.205644 2.148643 2.685261 2.342597 0.936480 1.221823 0.962158 0.595602
 2172000.000000 2.042145 2.090456 2.689320 2.425385 0.907088 1.203856 1.017149 0.603595
 2174400.000000 1.961760 2.232788 2.660925 1.913555 0.950479 1.172264 1.005049 0.666556
 2176800.000000 2.073523 2.153578 2.728226 2.268630 0.888285 1.292909 0.997755 0.610428
 2179200.000000 2.146744 2.064204 2.738143 2.214597 0.930476 1.216265 1.015351 0.585327
 2181600.000000 2.085560 2.061918 2.689232 2.114112 0.949293 1.212860 0.998436 0.639883
 2184000.000000 2.152987 2.130963 2.779189 2.032195 1.016195 1.419454 1.009027 0.633103
 2186400.000000 2.190396 2.278760 2.618332 2.135863 0.922942 1.341986 1.030806 0.610146
 2188800.000000 2.205576 2.188390 2.734724 2.180329 0.874133 1.250068 0.948154 0.603625
 2191200.000000 2.348425 2.120910 2.796435 2.072580 0.900841 1.318380 0.975970 0.633482
 2193600.000000 2.385343 1.993835 2.731543 2.014860 0.891503 1.269963 0.976740 0.597537
 2196000.000000 2.197351 2.177342 2.660888 2.051921 0.837415 1.323961 0.985272 0.630496
 2198400.000000 2.051535 2.031927 2.600187 1.692437 0.972155 1.241390 0.981009 0.638617
 2200800.000000 2.116773 2.112038 2.611408 2.177947 0.857670 1.302662 1.012434 0.611184
 2203200.000000 2.209221 2.131267 2.725027 2.334071 0.963345 1.325392 0.948221 0.572260
 2205600.000000 1.957880 2.102095 2.589928 2.397533 0.791119 1.203557 1.034922 0.574021
 2208000.000000 2.085229 2.081935 2.619854 2.190219 0.880301 1.271741 0.988724 0.602510
 2210400.000000 2.042690 2.061302 2.653424 2.017572 0.939765 1.237299 1.049405 0.583609
 2212800.000000 2.162589 2.252005 2.647271 2.236144 0.845819 1.275191 1.013028 0.577228
 2215200.000000 2.186103 2.097481 2.811532 2.275251 0.935048 1.276670 1.017412 0.593580
 2217600.000000 2.118673 2.364113 2.717094 2.397676 0.836668 1.230407 1.009416 0.674956
 2220000.000000 1.980126 2.144257 2.772341 2.141447 0.890968 1.312252 1.041042 0.645345
 2222400.000000 2.095712 1.939274 2.836478 2.417300 1.000694 1.301968 1.008042 0.609238
 2224800.000000 2.071796 2.173625 2.732691 2.502760 0.833420 1.259421 0.984141 0.599371
 2227200.000000 2.139690 2.173733 2.622869 2.120891 0.986980 1.254625 1.029107 0.566718
 2229600.000000 2.165397 2.139947 2.647926 2.364582 0.903493 1.275059 1.012098 0.610903
 2232000.000000 2.285773 2.010095 2.529297 2.114298 0.919747 1.386573 0.950153 0.578358
 2234400.000000 2.234888 2.127220 2.516818 2.005753 0.872333 1.268805 0.955600 0.614370
 2236800.000000 2.172017 2.150736 2.606008 2.063220 0.931348 1.156603 1.014178 0.614968
 2239200.000000 2.095676 2.154055 2.574452 2.248212 0.912809 1.153665 0.972407 0.606065
 2241600.000000 2.078200 2.142334 2.522499 2.260912 0.948344 1.137118 1.108275 0.622026
 2244000.000000 2.129226 2.221722 2.623725 2.195273 0.985074 1.230693 0.988553 0.597737
 2246400.000000 2.054962 2.158415 2.612129 2.339286 0.897652 1.235110 0.989899 0.684353
 2248800.000000 2.205901 2.108158 2.540251 2.367634 0.921565 1.176895 1.044388 0.594839
 2251200.000000 2.267362 1.977488 2.605082 2.276346 0.972894 1.159100 1.034231 0.623009
 2253600.000000 2.306122 2.052619 2.533683 2.400074 0.827511 1.210412 1.061819 0.642587
 2256000.000000 2.363022 2.021635 2.535412 2.401110 0.858320 1.202232 1.020313 0.613664
 2258400.000000 2.255986 1.970880 2.612172 2.269897 1.006303 1.212992 1.005536 0.642762
 2260800.000000 2.196512 2.049845 2.620113 2.494014 0.879005 1.198496 1.027109 0.590155
 2263200.000000 2.216928 2.052774 2.836232 2.420585 0.887208 1.221622 0.977302 0.656226
 2265600.000000 2.188302 2.021861 2.652835 2.473900 0.971768 1.159500 0.987254 0.607920
 2268000.000000 2.282778 2.032181 2.689686 2.454751 0.852823 1.367512 0.960030 0.600358
 2270400.000000 2.313328 2.192676 2.694595 2.417492 0.930483 1.165566 1.022390 0.636599
 2272800.000000 2.191203 2.117244 2.610407 2.374382 0.898918 1.088024 1.023169 0.633049
 2275200.000000 2.206215 2.096285 2.622658 2.591987 0.844685 1.213577 0.971309 0.618480
 2277600.000000 2.046338 2.184671 2.587325 2.534369 0.907157 1.207187 1.021093 0.630556
 2280000.000000 2.154692 2.013119 2.684011 2.397738 0.874120 1.123852 1.068623 0.649232
 2282400.000000 2.300241 2.074268 2.676022 2.572784 0.880925 1.256932 1.057413 0.637257
 2284800.000000 2.032809 2.114251 2.667736 2.687741 0.984540 1.347361 0.993918 0.591617
 2287200.000000 2.271306 2.186637 2.515671 2.506766 0.913445 1.288852 0.959639 0.630463
 2289600.000000 2.386160 2.184467 2.651993 2.821777 0.893369 1.223412 0.959498 0.570824
 2292000.000000 2.247349 2.118512 2.544005 2.492458 1.075942 1.229039 0.949246 0.601265
 2294400.000000 2.243611 2.152488 2.702906 2.639346 0.921875 1.346555 0.983343 0.587865
 2296800.000000 2.149601 2.153037 2.626563 2.565930 0.888281 1.181319 1.051724 0.600381
 2299200.000000 2.224386 2.218356 2.576846 2.501486 0.969972 1.166891 1.019741 0.631783
 2301600.000000 1.915147 2.120510 2.694020 2.207816 0.979775 1.182775 1.018992 0.629507
 2304000.000000 2.101094 2.143267 2.684271 2.491046 0.818229 1.267089 1.030840 0.664675
 2306400.000000 2.045785 2.147708 2.566253 2.586527 0.911022 1.274466 0.962104 0.644790
 2308800.000000 2.081298 2.188515 2.588873 2.364588 0.941103 1.829475 0.998815 0.676926
 2311200.000000 1.960809 2.093032 2.669283 2.151054 0.976662 1.928712 0.931739 0.603325
 2313600.000000 1.908813 2.173461 2.637441 2.191220 0.918539 1.931416 0.990271 0.614560
 2316000.000000 1.805737 2.200271 2.742487 2.251398 0.925082 1.846507 1.007264 0.632402
 2318400.000000 1.792041 2.098867 2.665749 2.221553 0.930306 1.848525 0.973802 0.609364
 2320800.000000 1.846133 2.249215 2.722626 2.179636 0.900036 1.933582 0.933615 0.593061
 2323200.000000 1.979818 2.149820 2.684917 2.166457 0.947615 1.972252 1.000808 0.611135
 2325600.000000 1.910704 2.111627 2.722421 2.339619 0.936559 1.953986 0.969993 0.617496
 2328000.000000 1.976198 2.136104 2.615270 2.153066 0.920901 1.787121 0.990133 0.598932
 2330400.000000 1.978269 2.156928 2.602575 2.098828 0.949481 1.901399 0.992944 0.618641
 2332800.000000 1.854097 2.189724 2.586354 2.069250 1.053145 2.010197 0.976230 0.619566
 2335200.000000 2.082206 2.256449 2.601538 2.114836 0.901928 2.154130 0.991669 0.623386
 2337600.000000 1.910630 2.154638 2.598486 2.284614 0.897201 1.765209 0.999823 0.606413
 2340000.000000 1.851174 2.202732 2.555822 2.128287 0.914134 1.723963 0.968771 0.599723
 2342400.000000 1.851873 2.201813 2.692192 2.440600 0.880984 1.789445 1.045627 0.592921
 2344800.000000 1.861590 2.085710 2.673232 2.211112 1.062261 1.838331 0.978976 0.638090
 2347200.000000 1.935815 2.197277 2.581434 2.266047 0.950952 1.810859 0.970970 0.659419
 2349600.000000 2.035154 2.159887 2.627043 2.095280 0.967897 1.703298 1.002889 0.588976
 2352000.000000 2.040468 2.101358 2.624776 2.209522 0.959671 1.275812 0.970661 0.606632
 2354400.000000 2.004551 2.174541 2.578392 2.211621 0.874579 1.607051 0.915178 0.596602
 2356800.000000 2.011869 2.147335 2.577194 2.002646 0.935958 1.499511 1.027513 0.624965
 2359200.000000 1.859793 2.139244 2.560489 2.026917 0.911409 1.710535 0.949805 0.626186
 2361600.000000 1.952123 2.308812 2.572386 2.237976 0.902387 1.496434 1.055058 0.580890
 2364000.000000 2.026953 2.203901 2.607924 2.116280 0.927582 1.377025 1.016361 0.641702
 2366400.000000 1.835136 2.272538 2.540145 2.236477 0.959607 1.403189 0.991637 0.611141
 2368800.000000 2.075662 2.258155 2.689149 2.387055 0.880570 1.547882 1.060089 0.613440
 2371200.000000 2.378024 2.401749 2.589990 2.561420 0.924462 1.232059 1.050475 0.649397
 2373600.000000 2.097124 2.120283 2.730527 2.374445 0.969547 1.133750 1.033123 0.599436
 2376000.000000 2.135366 2.142759 2.700861 2.318430 0.987443 1.217829 1.038456 0.607748
 2378400.000000 2.084417 2.016886 2.771024 2.367358 0.946249 1.202585 0.969921 0.651223
 2380800.000000 1.904605 2.117141 2.707510 2.177313 0.906910 1.123956 1.012808 0.587390
 2383200.000000 1.999475 2.178862 2.645908 2.257629 0.943361 1.649439 0.948537 0.614106
 2385600.000000 2.119208 2.158189 2.605312 2.299828 0.826103 1.879879 0.994377 0.640521
 2388000.000000 2.065788 2.219485 2.647782 2.107970 0.952026 1.934218 0.981175 0.644858
 2390400.000000 2.089943 2.164029 2.708896 2.328553 0.932414 1.850424 0.996937 0.591979
 2392800.000000 2.146728 2.223585 2.586313 2.078584 1.105974 1.699226 0.946122 0.640293
 2395200.000000 2.037113 2.262981 2.503711 1.854047 0.992323 1.695226 0.917856 0.619067
 2397600.000000 2.215017 2.210853 2.562159 2.108629 1.000265 1.794675 1.021544 0.603644
 2400000.000000 2.132924 2.352586 2.591578 1.923706 1.020458 1.852679 0.968607 0.615814
 2402400.000000 1.939248 2.201768 2.566420 2.017330 0.861086 1.722013 0.989474 0.617039
 2404800.000000 2.066075 2.253009 2.566760 2.097460 0.911405 1.623550 0.951995 0.636519
 2407200.000000 2.107170 2.252601 2.584506 1.923535 0.946704 1.617362 1.008294 0.645358
 2409600.000000 2.123010 2.117522 2.625723 1.922857 1.014842 1.722021 0.978025 0.576661
 2412000.000000 2.077177 2.217758 2.500428 2.052492 0.954583 1.625621 0.952589 0.648662
 2414400.000000 1.974336 2.163659 2.598793 1.923642 1.069488 1.739053 0.908856 0.599933
 2416800.000000 2.144409 2.338172 2.707455 1.906632 0.969244 1.587106 0.994147 0.632361
 2419200.000000 1.917981 2.182994 2.604689 1.790592 1.101283 1.752007 1.008863 0.612937
 2421600.000000 1.981003 2.215078 2.582179 2.003534 0.889286 1.789474 1.032821 0.662054
 2424000.000000 2.114532 2.220284 2.654798 1.823366 1.019687 1.571035 1.007318 0.603854
 2426400.000000 1.902884 2.117931 2.559422 1.887542 0.977969 1.678116 0.981320 0.610306
 2428800.000000 1.993239 2.077962 2.654346 1.898170 1.016471 1.763193 0.992548 0.634995
 2431200.000000 1.954450 2.087242 2.680559 2.029829 0.841282 1.572893 0.985919 0.595022
 2433600.000000 1.997865 2.078716 2.778099 2.164498 0.949822 1.675423 1.012027 0.652031
 2436000.000000 1.972676 2.115624 2.622601 2.006601 0.989102 1.740818 0.905597 0.644482
 2438400.000000 1.929741 2.208741 2.528129 1.750560 1.000563 1.673964 0.994577 0.595738
 2440800.000000 2.080799 2.308702 2.504789 1.612400 1.081182 1.725886 0.968331 0.596680
 2443200.000000 1.713676 2.344131 2.443085 1.785901 1.162388 1.679582 1.061842 0.658110
 2445600.000000 1.932797 2.142121 2.587628 1.833162 1.059482 1.712639 0.956945 0.637057
 2448000.000000 2.020197 2.184971 2.584499 1.696461 1.014340 1.654647 1.011326 0.657391
 2450400.000000 2.035645 2.105824 2.482595 1.828416 1.034402 1.646335 1.006899 0.618804
 2452800.000000 1.863359 2.123596 2.560944 1.477305 1.051628 1.746872 0.964968 0.613836
 2455200.000000 1.965350 2.119719 2.535960 1.678738 0.916677 1.932606 0.909578 0.576974
 2457600.000000 2.094282 2.139406 2.497506 1.591809 0.873497 1.958242 0.940719 0.636399
 2460000.000000 1.854386 2.057126 2.626629 1.659173 0.909706 1.807475 0.930839 0.638386
 2462400.000000 2.002445 2.145694 2.517368 1.579749 0.911703 1.954233 0.961886 0.627384
 2464800.000000 1.966085 2.144971 2.464836 1.672073 0.883264 1.865139 0.910096 0.650022
 2467200.000000 1.927849 2.145605 2.334469 1.700942 0.914837 1.931921 0.931430 0.683705
 2469600.000000 2.016494 2.145397 2.591602 1.643503 0.933559 2.014754 0.967109 0.606135
 2472000.000000 1.946934 2.264967 2.469237 1.759466 0.968212 2.062245 0.948835 0.646450
 2474400.000000 1.767345 2.149971 2.577680 1.733432 0.888876 1.828555 0.946267 0.615901
 2476800.000000 1.967273 2.121373 2.548340 1.803582 0.936439 1.748328 0.936243 0.625085
 2479200.000000 2.074245 2.034338 2.579689 1.640752 0.880989 2.083789 0.973776 0.644918
 2481600.000000 2.009044 2.029827 2.512653 1.613873 0.927021 1.896659 0.940213 0.628396
 2484000.000000 2.140464 2.034827 2.449938 1.713260 0.918772 2.115083 0.920988 0.672185
 2486400.000000 2.121308 2.104694 2.497323 1.536847 0.925978 2.042088 0.961406 0.635957
 2488800.000000 2.136673 2.138590 2.458113 1.617802 0.946530 1.945158 0.947048 0.625485
 2491200.000000 1.981709 2.054671 2.455288 1.598496 0.938042 2.100795 0.923655 0.624752
 2493600.000000 1.965642 2.093856 2.480469 1.663838 0.962110 2.175138 1.021178 0.612709
 2496000.000000 1.964822 2.040601 2.570463 1.622051 0.947851 2.082314 1.000459 0.630349
 2498400.000000 1.857083 2.017346 2.490625 1.593753 0.930249 1.741767 0.998374 0.644927
 2500800.000000 2.016253 2.012083 2.525972 1.570680 0.924122 1.903654 0.973772 0.637419
 2503200.000000 2.092599 2.008627 2.561443 1.741114 0.891481 1.783335 1.038825 0.590154
 2505600.000000 2.022818 1.990556 2.504945 1.725090 0.896667 1.710975 0.927440 0.618843
 2508000.000000 2.112459 2.129565 2.548973 1.569245 0.906806 1.803223 0.945102 0.646791
 2510400.000000 1.938022 2.105434 2.515316 1.556045 0.940575 1.538346 0.933946 0.634452
 2512800.000000 2.022865 2.115038 2.555769 1.693324 0.961389 2.092907 0.991229 0.646372
 2515200.000000 2.007351 2.171765 2.539508 1.661667 0.894039 2.029409 0.966826 0.624405
 2517600.000000 2.007133 2.153902 2.546085 1.684017 0.924535 1.848236 0.939803 0.630874
 2520000.000000 1.916905 2.107497 2.547380 1.557416 0.983126 1.807457 0.961520 0.655065
 2522400.000000 2.117276 2.150668 2.596475 1.650630 0.943193 1.812511 0.972004 0.661190
 2524800.000000 1.967608 2.216297 2.530220 1.609239 0.953531 1.685788 0.933308 0.607112
 2527200.000000 2.065968 2.205681 2.500556 1.647880 0.945507 1.812217 0.944028 0.620220
 2529600.000000 1.915896 2.201866 2.603936 1.696381 0.931757 1.808761 0.890676 0.627186
 2532000.000000 2.031626 2.120534 2.631172 1.633986 0.976974 1.917976 0.904277 0.614932
 2534400.000000 2.036737 2.061427 2.615081 1.662497 0.918896 1.893620 0.967753 0.638380
 2536800.000000 1.957345 2.272965 2.593592 1.494679 0.912157 1.977858 0.985050 0.614917
 2539200.000000 2.049953 2.253711 2.516464 1.566217 0.950934 1.906731 0.966174 0.667797
 2541600.000000 1.939693 2.162357 2.564090 1.435463 0.912955 1.954733 0.966370 0.620896
 2544000.000000 1.921023 2.117960 2.472610 1.421297 0.897444 1.890946 0.935679 0.620125
 2546400.000000 2.094722 2.109960 2.485992 1.404343 0.906418 1.799383 1.023895 0.623965
 2548800.000000 2.075791 2.052093 2.620387 1.676290 0.967464 1.723475 1.038021 0.668682
 2551200.000000 2.059201 2.068571 2.582267 1.438768 0.981698 1.845437 0.999355 0.647002
 2553600.000000 1.950654 2.102189 2.577241 1.475102 0.978806 2.059853 0.952686 0.593140
 2556000.000000 1.971954 1.993147 2.574093 1.370627 0.903235 1.899040 1.048984 0.626174
 2558400.000000 1.896391 2.033240 2.647856 1.306479 0.937724 1.883404 0.977041 0.623696
 2560800.000000 1.916759 1.989415 2.580954 1.320190 0.908424 2.043284 1.014346 0.611288
 2563200.000000 2.117184 2.176170 2.430161 1.363635 0.930644 2.150530 0.926643 0.580971
 2565600.000000 2.124716 2.125419 2.542247 1.343922 0.876625 2.310870 0.892229 0.600009
 2568000.000000 2.011240 2.318488 2.585370 1.335862 0.878540 1.949095 1.079158 0.627631
 2570400.000000 2.037087 2.247110 2.406300 1.315513 0.918707 1.922627 0.973052 0.622357
 2572800.000000 2.055493 2.336933 2.433151 1.357148 0.920666 2.216821 0.955285 0.643546
 2575200.000000 2.028856 2.209811 2.469402 1.439591 0.885030 2.142291 0.999298 0.600437
 2577600.000000 2.070685 2.209236 2.490985 1.478494 0.891177 2.106955 0.952843 0.626786
 2580000.000000 1.944042 2.293124 2.606635 1.540079 0.918014 2.016711 1.021189 0.615127
 2582400.000000 1.854286 2.214585 2.517396 1.520490 0.911342 2.105755 0.980235 0.623390
 2584800.000000 2.017273 2.262631 2.544533 1.527617 0.888525 2.030905 0.954868 0.616578
 2587200.000000 2.079557 2.215837 2.593323 1.550923 0.923366 2.134097 0.999532 0.610583
 2589600.000000 2.175647 2.365796 2.484169 1.500958 0.937470 1.969312 1.007413 0.636107
 2592000.000000 2.054647 2.340190 2.436391 1.514145 0.912515 1.971631 0.968428 0.586358
 2594400.000000 1.994638 2.153540 2.580963 1.495375 0.900648 2.047335 0.968786 0.606176
 2596800.000000 2.047349 2.151823 2.527933 1.518817 0.903772 1.973990 0.898869 0.627096
 2599200.000000 2.115303 2.390298 2.516269 1.551210 0.912420 2.097184 0.971067 0.636493
 2601600.000000 2.107805 2.293821 2.542040 1.516610 0.891851 2.200683 1.000972 0.646082
 2604000.000000 2.174325 2.477914 2.591801 1.605365 0.948688 2.126933 0.980219 0.584836
 2606400.000000 2.067088 2.320612 2.543207 1.551756 0.913602 2.232033 0.989029 0.644726
 2608800.000000 2.062784 2.406698 2.406271 1.488396 0.938973 2.145105 0.984773 0.646366
 2611200.000000 2.111881 2.261467 2.590170 1.448980 0.932065 2.198839 1.001604 0.696464
 2613600.000000 2.045757 2.038443 2.535250 1.544814 0.893467 2.117373 1.008479 0.621041
 2616000.000000 1.968050 2.276978 2.519918 1.557418 0.920862 2.185872 0.945056 0.648295
 2618400.000000 1.829655 2.069015 2.593918 1.482500 0.929917 1.935106 0.968121 0.652605
 2620800.000000 2.116042 2.163917 2.616531 1.726533 0.859478 1.914087 0.929964 0.611453
 2623200.000000 1.937203 2.327151 2.554583 1.479899 0.989231 1.915742 0.931352 0.635315
 2625600.000000 1.960835 2.219428 2.594462 1.623988 0.917371 1.938098 1.031166 0.678115
 2628000.000000 1.897836 2.324891 2.565658 1.621533 0.912203 1.862706 0.886178 0.586589
 2630400.000000 2.153534 2.466987 2.564105 1.567676 0.922888 2.276387 0.953809 0.601289
 2632800.000000 2.159400 2.191768 2.517193 1.660345 0.915064 2.094775 0.998916 0.597836
 2635200.000000 2.192611 2.267742 2.618703 1.585579 0.969820 1.930827 0.955759 0.623415
 2637600.000000 2.095129 2.238260 2.500833 1.569921 0.930304 2.048933 0.947446 0.598201
 2640000.000000 2.086119 2.282707 2.583075 1.581273 0.950387 2.265049 0.926829 0.641102
 2642400.000000 2.040229 2.207883 2.519515 1.658785 0.931688 2.061969 0.940089 0.632379
 2644800.000000 2.120172 2.358833 2.583172 1.563476 0.926579 1.914546 0.935420 0.646600
 2647200.000000 2.000036 2.096383 2.568918 1.689628 0.934111 2.055801 0.994965 0.630503
 2649600.000000 2.091232 2.248667 2.535687 1.730211 0.956758 2.225504 0.971542 0.639175
 2652000.000000 1.943986 2.248250 2.504635 1.636889 0.932688 2.034844 0.979843 0.602245
 2654400.000000 1.977197 2.228981 2.597301 1.685073 0.943837 1.938132 0.984550 0.648367
 2656800.000000 2.093249 2.298819 2.525474 1.726221 0.860166 1.906358 0.966294 0.627189
 2659200.000000 2.048134 2.375823 2.532836 1.629110 0.909185 2.097175 0.961430 0.634955
 2661600.000000 1.931045 2.294309 2.497025 1.585396 0.920525 1.896669 0.931071 0.595049
 2664000.000000 1.889709 2.260093 2.453609 1.646378 0.933716 2.162407 0.921077 0.624703
 2666400.000000 1.857849 2.499788 2.452160 1.604577 0.923064 2.074125 0.952626 0.669212
 2668800.000000 2.253365 2.643654 2.483138 1.659658 0.955810 2.028593 1.000730 0.640609
 2671200.000000 1.791356 2.444946 2.540740 1.624677 0.932554 1.960677 0.989558 0.667898
 2673600.000000 2.049225 2.392719 2.456169 1.551573 0.955859 2.016509 0.931708 0.632063
 2676000.000000 1.926289 2.387093 2.467225 1.511502 1.000928 2.092992 1.003441 0.666821
 2678400.000000 2.009754 2.298746 2.421419 1.470912 0.998352 2.228261 0.973248 0.575108
 2680800.000000 1.906496 2.460375 2.396295 1.418845 0.913187 2.053805 0.974870 0.626889
 2683200.000000 1.950565 2.445815 2.379200 1.602038 0.914325 1.843783 0.985711 0.648728
 2685600.000000 1.907698 2.316260 2.598191 1.696591 0.918433 2.042988 1.016128 0.601460
 2688000.000000 1.949408 2.203337 2.549962 1.483738 0.893274 2.024691 1.010262 0.694713
 2690400.000000 1.884440 2.170185 2.589368 1.430261 0.955116 2.054342 0.922753 0.648815
 2692800.000000 1.839788 2.122345 2.457801 1.514968 0.893032 2.117382 0.956352 0.622253
 2695200.000000 1.983847 2.184310 2.701318 1.324487 0.860073 2.167895 1.044808 0.627517
 2697600.000000 2.040370 2.203761 2.442432 1.341392 1.001077 2.150859 0.930864 0.653488
 2700000.000000 2.060790 1.998323 2.686404 1.242484 0.932551 2.003499 0.989777 0.665473
 2702400.000000 1.784329 2.068519 2.648055 1.190719 1.090288 1.926793 0.997214 0.650996
 2704800.000000 1.602776 1.994499 2.721689 1.386658 0.997093 1.940088 0.985568 0.645588
 2707200.000000 2.085051 2.164475 2.808693 1.417315 0.925048 2.036347 0.905885 0.684732
 2709600.000000 1.964840 2.072786 2.585304 1.565755 0.867477 1.974045 0.937705 0.647706
 2712000.000000 1.823556 2.145815 2.698475 1.346290 1.031019 1.823384 0.970430 0.611283
 2714400.000000 2.126688 2.186277 2.872822 1.627846 0.917995 1.904963 0.954981 0.620024
 2716800.000000 2.012346 1.928914 2.411635 1.481973 0.996403 1.796311 0.984804 0.629100
 2719200.000000 1.980657 2.058781 2.527485 1.434690 0.957322 1.943704 0.946149 0.593617
 2721600.000000 2.104396 2.216887 2.579606 1.502079 0.919275 1.990201 0.990386 0.591870
 2724000.000000 1.981372 2.294080 2.624755 1.521700 0.855681 1.948204 0.937272 0.612618
 2726400.000000 1.923051 2.369050 2.642177 1.490429 0.963463 1.234338 0.967661 0.671497
 2728800.000000 1.878710 2.231727 2.693418 1.438223 1.009668 1.413526 1.071452 0.610486
 2731200.000000 1.873672 2.115816 2.578490 1.309560 1.044228 1.312357 1.018996 0.666416
 2733600.000000 2.012726 2.140524 2.698409 1.577879 0.918053 1.487638 0.958674 0.588992
 2736000.000000 1.899744 2.008062 2.636822 1.488815 0.855501 1.361184 0.905466 0.604993
 2738400.000000 1.943732 1.939065 2.584872 1.417036 0.945078 1.279464 0.975476 0.576445
 2740800.000000 1.624383 2.040643 2.636200 1.263141 1.128717 1.489285 0.982298 0.639175
 2743200.000000 1.768173 1.983480 2.676882 1.244501 1.121221 1.467371 0.947947 0.620679
 2745600.000000 1.826971 2.159412 2.278616 1.270254 1.115676 1.355962 0.974535 0.598069
 2748000.000000 1.823937 2.312950 2.357683 1.368102 1.105848 1.669909 0.961865 0.613805
 2750400.000000 1.672040 2.316490 2.281853 1.192625 1.140265 1.828765 0.991050 0.622629
 2752800.000000 1.781032 2.370720 2.125475 1.279252 1.065250 2.032801 0.935176 0.563735
 2755200.000000 1.638130 2.272430 2.182404 1.351033 1.077946 1.941606 0.985423 0.621206
 2757600.000000 1.893332 2.161743 2.203244 1.400229 1.118822 1.990299 0.986909 0.593253
 2760000.000000 1.722792 2.264996 2.182365 1.329258 1.240285 1.919182 1.007814 0.618735
 2762400.000000 1.786648 2.341471 2.211312 1.227181 1.253408 1.918276 1.011500 0.582114
 2764800.000000 1.810589 2.174198 2.249857 1.320951 1.069417 2.066285 0.991620 0.606471
 2767200.000000 1.816295 2.167605 2.269499 1.339353 1.105560 1.971554 0.960460 0.581784
 2769600.000000 1.907815 2.036780 2.233285 1.295829 1.082073 1.885027 1.012682 0.609557
 2772000.000000 1.985847 2.191658 2.268939 1.492103 1.005428 1.861243 1.003137 0.636007
 2774400.000000 1.989765 2.310482 2.286611 1.612570 0.898426 1.915255 0.967288 0.625070
 2776800.000000 1.989416 2.362708 2.262102 1.534552 1.084445 1.903889 0.997986 0.619810
 2779200.000000 1.939628 2.237029 2.387505 1.562537 0.965462 1.887800 0.984637 0.598735
 2781600.000000 1.824056 2.278887 2.353888 1.579971 0.985698 1.633463 0.968820 0.650486
 2784000.000000 1.918865 2.414990 2.275385 1.611470 0.860253 1.793681 1.058407 0.561998
 2786400.000000 1.685736 2.385563 2.222832 1.442802 0.988144 1.668319 0.990354 0.593298
 2788800.000000 1.757983 2.319501 2.262419 1.526052 1.080637 1.515303 1.040491 0.625559
 2791200.000000 1.986342 2.379534 2.298196 1.484731 1.054638 1.655378 1.020018 0.618362
 2793600.000000 2.116927 2.268684 2.369159 1.792325 0.936411 1.778069 1.023734 0.655809
 2796000.000000 1.845896 2.249313 2.354005 1.662098 1.052535 1.591744 1.072314 0.620879
 2798400.000000 1.806875 2.295709 2.491203 1.603642 1.034970 1.760862 0.988224 0.619540
 2800800.000000 1.862477 2.378492 2.393863 1.568195 1.111110 1.766177 1.050347 0.640235
 2803200.000000 1.818210 2.238798 2.326141 1.518500 1.065567 1.648663 1.030330 0.581616
 2805600.000000 1.730340 2.035467 2.390820 1.418302 1.104160 1.717843 1.001023 0.591798
 2808000.000000 1.811022 2.021625 2.411350 1.594028 1.011604 1.574678 1.038055 0.614998
 2810400.000000 1.718421 1.958963 2.479615 1.379121 1.095560 1.667029 1.065059 0.687636
 2812800.000000 1.845996 1.886587 2.554931 1.438440 1.120758 1.856596 1.000501 0.611611
 2815200.000000 1.807880 1.869223 2.579282 1.400387 1.132981 1.892935 0.997971 0.618347
 2817600.000000 1.875905 2.083193 2.415513 1.461870 1.152272 1.663202 1.009235 0.600038
 2820000.000000 1.986131 1.995810 2.172033 1.788657 0.954485 1.623511 0.913894 0.669937
 2822400.000000 1.966985 1.988839 2.232919 1.707186 0.896507 1.918615 0.981160 0.634362
 2824800.000000 1.960701 1.962755 2.295588 1.603348 0.891737 1.784660 1.022965 0.652073
 2827200.000000 2.124851 1.859007 2.330723 1.741903 0.890762 2.030679 0.974062 0.597711
 2829600.000000 1.950567 1.716785 2.449732 1.560150 0.965156 1.983383 1.007907 0.623370
 2832000.000000 2.143593 1.823734 2.464978 1.811582 0.892749 2.037227 0.992731 0.618972
 2834400.000000 1.949106 1.872944 2.425931 1.406582 1.057257 1.923204 0.974343 0.646921
 2836800.000000 1.806161 1.717021 2.324875 1.609140 1.085639 1.929650 0.882477 0.658964
 2839200.000000 1.808283 1.811537 2.283564 1.333600 1.095553 1.926700 0.959923 0.584079
 2841600.000000 1.741213 1.760212 2.151536 1.643018 1.102144 1.865879 0.968587 0.542263
 2844000.000000 1.776053 1.744329 2.162738 1.557404 1.181688 1.976451 0.961795 0.612046
 2846400.000000 1.809057 1.792532 2.214824 1.414082 1.101830 1.723149 0.953505 0.662553
 2848800.000000 1.755922 1.789358 2.233017 1.502097 1.106216 1.991226 0.978139 0.649731
 2851200.000000 1.717442 1.966801 2.293264 1.386392 1.119039 1.900649 0.989587 0.650263
 2853600.000000 1.823814 2.001969 2.293995 1.517502 1.090443 1.961564 1.030153 0.597480
 2856000.000000 1.898701 2.024187 2.331509 1.587241 1.125934 1.929570 0.995413 0.624892
 2858400.000000 1.820969 2.067205 2.328199 1.613702 1.061484 2.028273 1.013826 0.649039
 2860800.000000 1.826737 1.989682 2.384413 1.505697 1.095229 1.824834 0.956144 0.602826
 2863200.000000 1.697214 1.938801 2.247963 1.259773 1.117632 1.938283 0.953258 0.669410
 2865600.000000 1.649577 1.971283 2.270991 1.425924 1.096549 2.009297 0.894809 0.635330
 2868000.000000 1.691845 1.987455 2.272667 1.323396 1.152219 1.934915 0.883953 0.621601
 2870400.000000 1.770465 2.044137 2.327266 1.300825 1.133953 1.908828 0.951144 0.649835
 2872800.000000 2.022629 2.152864 2.363894 1.448982 1.108158 1.909858 0.864685 0.643994
 2875200.000000 1.969493 2.046595 2.370276 1.294325 1.145944 1.604182 0.954108 0.622681
 2877600.000000 1.828990 2.051927 2.299627 1.261493 1.102904 1.928541 0.961327 0.623571
 2880000.000000 1.858138 1.823049 2.436431 1.240036 1.137989 1.807688 0.932905 0.647018
 2882400.000000 1.712442 1.956809 2.389891 1.234719 1.067446 1.989528 1.021383 0.685024
 2884800.000000 1.724530 2.076134 2.444698 1.562743 1.057005 1.849538 0.934227 0.650875
 2887200.000000 1.601114 1.819513 2.332779 1.497054 1.045645 1.771655 0.979578 0.620621
 2889600.000000 1.844561 1.903211 2.386064 1.459380 1.056274 1.769121 0.942322 0.656732
 2892000.000000 1.662140 1.745335 2.419227 1.315807 1.128047 1.905858 0.932703 0.648359
 2894400.000000 1.955211 1.902154 2.390556 1.372802 1.013319 1.550267 0.967437 0.642855
 2896800.000000 1.768096 1.823370 2.344338 1.390989 1.038794 1.637683 0.980419 0.624525
 2899200.000000 1.823366 2.002172 2.474609 1.404042 1.050206 1.711229 0.954847 0.638016
 2901600.000000 1.901732 1.916404 2.407926 1.317387 1.029370 1.859267 0.951565 0.650189
 2904000.000000 1.759900 1.735259 2.377439 1.486310 1.017321 1.968622 0.934419 0.578750
 2906400.000000 2.008798 1.858355 2.359319 1.604659 1.029424 2.043649 1.002945 0.614942
 2908800.000000 2.032860 1.818825 2.474967 1.628744 1.055805 2.141171 0.951655 0.612188
 2911200.000000 2.112925 1.902404 2.231530 1.427934 1.009408 2.072543 0.966010 0.624985
 2913600.000000 2.071562 1.867482 2.433373 1.405721 1.030468 1.981540 0.951766 0.639651
 2916000.000000 1.914807 1.938820 2.378619 1.298872 1.012042 2.021594 0.981805 0.595135
 2918400.000000 2.017211 1.919331 2.403926 1.283185 0.922452 1.893719 0.953302 0.640998
 2920800.000000 1.827243 1.889666 2.311635 1.233766 0.960827 1.575912 0.968044 0.591481
 2923200.000000 1.959447 2.063088 2.464424 1.366943 0.901418 1.919501 0.929069 0.620428
 2925600.000000 2.054653 1.929772 2.401560 1.400224 0.928295 1.675300 0.940693 0.612547
 2928000.000000 2.084692 2.044135 2.448239 1.384082 0.956337 1.761832 1.017295 0.654104
 2930400.000000 1.730854 1.895643 2.468503 1.192630 0.991122 1.951657 1.014429 0.666484
 2932800.000000 1.894058 2.029051 2.405677 1.282430 0.940439 1.820047 0.961137 0.681736
 2935200.000000 1.737468 1.913528 2.393886 1.213139 0.941569 1.751757 0.963575 0.606328
 2937600.000000 2.033312 2.097847 2.383365 1.272408 1.062993 1.813293 1.111856 0.648234
 2940000.000000 1.855340 2.031768 2.413659 1.247633 1.011845 1.817061 0.954350 0.618083
 2942400.000000 1.877437 1.960164 2.434661 1.104114 0.991513 1.682364 0.977325 0.649557
 2944800.000000 1.778454 1.934040 2.396076 1.169414 1.029267 1.903422 0.908767 0.659859
 2947200.000000 1.955340 1.883170 2.384794 1.216194 1.056796 1.678398 0.916544 0.615642
 2949600.000000 2.170196 2.079838 2.239238 1.340741 0.977662 1.721913 0.933093 0.606443
 2952000.000000 2.048483 2.027768 2.308612 1.274961 0.980548 1.712872 0.968951 0.620451
 2954400.000000 2.160986 2.003503 2.390613 1.289253 0.894405 1.896027 0.945750 0.632649
 2956800.000000 2.201101 2.025716 2.347392 1.366602 0.862080 1.854322 0.918948 0.652173
 2959200.000000 2.066776 2.050451 2.272398 1.455406 0.939147 1.683236 0.933043 0.682208
 2961600.000000 2.043588 2.048695 2.258343 1.485146 0.969281 1.651681 0.911794 0.615863
 2964000.000000 2.091810 1.911494 2.362094 1.371907 0.915402 1.767994 0.956983 0.641213
 2966400.000000 1.822799 1.951830 2.237640 1.262161 1.022472 1.771735 0.929042 0.615443
 2968800.000000 1.715815 1.870967 2.372228 1.272707 1.015928 1.720867 0.959182 0.605189
 2971200.000000 1.790067 1.874374 2.321411 0.978187 0.993774 1.939058 1.011804 0.601669
 2973600.000000 1.832639 1.861498 2.269593 1.204160 0.969719 1.683700 0.995616 0.655186
 2976000.000000 1.905637 2.053900 2.363424 1.138770 1.073157 1.802031 1.040340 0.623584
 2978400.000000 1.756892 1.883585 2.347711 1.141538 1.023902 1.771942 1.042722 0.644466
 2980800.000000 1.861719 1.957691 2.329777 1.316717 0.970000 1.759395 1.006191 0.613183
 2983200.000000 1.860751 2.020153 2.270301 1.178479 1.056385 1.711544 0.993804 0.683312
 2985600.000000 1.895777 1.759809 2.350989 1.033128 1.098753 1.680460 0.966184 0.667640
 2988000.000000 1.773968 1.755518 2.287803 1.077882 1.027273 1.609117 0.986259 0.621814
 2990400.000000 1.850561 1.878980 2.293731 1.214578 0.995788 1.922334 1.000680 0.646890
 2992800.000000 1.860522 1.946413 2.311312 1.136361 1.018007 1.814022 0.976971 0.606745
 2995200.000000 1.977539 1.869299 2.238557 1.018636 1.006858 2.372185 1.001095 0.599471
 2997600.000000 1.985601 1.928193 2.334860 1.027407 0.951635 2.240576 1.007968 0.624789
 3000000.000000 1.837475 1.885517 2.377650 1.101712 1.039291 2.287769 0.974386 0.597820
 3002400.000000 2.000317 1.917528 2.345677 1.017485 1.003311 2.191221 0.973324 0.676742
 3004800.000000 1.933580 1.958584 2.366684 1.068106 0.999805 2.262918 1.008642 0.647673
 3007200.000000 1.901252 1.905226 2.332395 1.107809 1.011678 1.697842 0.998276 0.585452
 3009600.000000 1.840445 1.877249 2.384603 1.079273 1.038743 1.902416 1.015827 0.623965
 3012000.000000 1.836047 1.882261 2.357520 1.170852 1.027386 1.829248 0.997567 0.649248
 3014400.000000 1.843026 1.914800 2.382689 1.116300 0.972209 1.936557 1.032779 0.682284
 3016800.000000 1.803065 1.954258 2.265195 0.933949 1.039645 1.880426 1.016077 0.603273
 3019200.000000 1.782698 1.684443 2.286875 0.989128 1.007566 1.925234 1.011316 0.604868
 3021600.000000 1.733655 1.798720 2.307342 0.956996 1.005037 1.853454 0.971978 0.641906
 3024000.000000 1.867185 1.844667 2.387610 0.954952 1.020078 1.948740 0.976763 0.614167
 3026400.000000 1.977262 1.891921 2.285032 0.995544 1.091202 1.746512 1.016188 0.616962
 3028800.000000 1.838962 1.942350 2.363466 0.943467 1.025485 1.902016 0.992712 0.716943
 3031200.000000 1.780800 1.821472 2.313565 0.983493 1.078968 2.006384 1.005797 0.625111
 3033600.000000 1.914508 2.000050 2.255302 1.233529 1.067759 1.981135 1.059450 0.641417
 3036000.000000 1.943389 1.945138 2.233624 1.188932 1.045739 1.752943 1.065183 0.621740
 3038400.000000 1.932469 1.999193 2.302439 1.068716 1.061579 1.912770 0.976894 0.630278
 3040800.000000 1.804890 2.072318 2.239566 1.038070 1.157796 2.035759 1.027347 0.599290
 3043200.000000 1.864890 1.977852 2.339803 1.130934 1.009650 1.990839 0.994392 0.628387
 3045600.000000 1.717611 1.786401 2.252645 1.004104 1.086356 2.011426 1.062004 0.612629
 3048000.000000 1.884001 1.780101 2.171237 1.003309 1.049352 2.043711 1.031009 0.650068
 3050400.000000 1.832237 1.872748 2.284531 1.074697 1.095048 1.953001 1.032867 0.600356
 3052800.000000 1.844463 1.792465 2.209839 1.060967 1.037060 1.788986 0.985441 0.615434
 3055200.000000 1.775540 1.797039 2.256605 1.105686 1.093990 1.914582 1.042510 0.625725
 3057600.000000 1.776177 1.802652 2.219195 0.937633 1.051857 1.842591 1.027874 0.622107
 3060000.000000 1.804238 1.760112 2.293234 1.062961 1.085337 1.937476 1.025958 0.654039
 3062400.000000 1.763311 1.823018 2.318102 0.989773 1.018344 1.975661 1.031576 0.659471
 3064800.000000 1.826131 1.769721 2.323046 1.111973 1.020263 1.970469 0.999946 0.619450
 3067200.000000 1.884041 1.808339 2.375567 1.194992 0.971993 2.005388 1.065329 0.624155
 3069600.000000 1.701656 1.754969 2.327131 0.896593 1.061648 1.898167 1.032385 0.612794
 3072000.000000 1.840018 1.762177 2.316417 1.109462 1.022373 2.011504 1.071406 0.599141
 3074400.000000 1.794259 1.779529 2.338159 1.026406 1.044403 1.910164 1.056802 0.614230
 3076800.000000 1.745286 1.840884 2.242416 0.961631 1.076192 1.936722 1.041768 0.615101
 3079200.000000 1.749026 1.709695 2.315900 0.984344 1.008966 1.975706 1.043916 0.630753
 3081600.000000 1.819573 1.826126 2.277541 0.960771 1.023829 2.037348 1.116957 0.628748
 3084000.000000 1.716644 1.707557 2.305432 0.842300 1.089613 1.928117 1.021307 0.642201
 3086400.000000 1.750097 1.958119 2.223974 0.981314 1.076465 1.927844 1.031766 0.624676
 3088800.000000 1.826850 1.979081 2.276115 1.014216 0.981239 1.974002 1.006960 0.662186
 3091200.000000 1.867115 1.890588 2.357009 1.034265 1.056337 1.953355 1.077671 0.602853
 3093600.000000 1.872741 1.991623 2.269343 1.089207 0.982457 2.013588 0.987269 0.610979
 3096000.000000 1.731649 1.791161 2.247055 0.901999 1.059017 1.965561 0.991954 0.611106
 3098400.000000 1.905539 2.072049 2.312892 1.133524 1.058178 1.927846 0.998661 0.620030
 3100800.000000 1.756372 1.863628 2.230891 1.021358 1.087084 1.831981 1.020259 0.652778
 3103200.000000 1.968477 1.966742 2.299521 1.114639 0.999801 1.848544 0.982610 0.616874
 3105600.000000 1.880024 1.919550 2.349983 1.131320 1.072050 1.954230 1.040138 0.600738
 3108000.000000 1.773583 1.660543 2.441949 1.083862 0.970077 2.056356 1.051652 0.662670
 3110400.000000 1.772114 1.897518 2.167972 0.935161 1.132613 1.842669 1.002839 0.606058
 3112800.000000 1.845891 1.721170 2.307387 1.116099 0.990391 1.974860 1.011657 0.651523
 3115200.000000 1.798603 1.864530 2.392899 1.124844 1.022945 1.965662 0.983495 0.618751
 3117600.000000 1.939403 1.989119 2.329604 1.146547 1.081483 2.055435 1.070845 0.622951
 3120000.000000 1.847436 1.910265 2.360618 1.097771 0.935562 1.957098 1.060386 0.661491
 3122400.000000 1.810477 1.918173 2.363534 1.088718 1.053574 1.925192 1.037619 0.631072
 3124800.000000 1.843543 1.715226 2.308570 1.150439 1.017051 1.880505 1.049639 0.631485
 3127200.000000 1.813966 1.724875 2.322815 1.079320 0.976966 1.984999 1.061225 0.599854
 3129600.000000 1.814571 1.905689 2.272182 1.077214 0.996896 1.885973 0.971157 0.576923
 3132000.000000 1.783466 1.883328 2.394558 1.041092 1.019037 1.769261 1.024223 0.594089
 3134400.000000 1.818778 1.996342 2.279715 1.024083 1.038389 1.873667 0.967754 0.583816
 3136800.000000 1.768464 1.982598 2.259116 1.126762 1.155976 1.900691 1.022868 0.656562
 3139200.000000 1.825914 1.897570 2.269054 0.987460 0.961926 1.933897 1.017870 0.638291
 3141600.000000 1.937348 1.741756 2.315556 0.923511 1.061143 1.994966 0.968091 0.618525
 3144000.000000 1.856011 1.978204 2.194778 1.058101 1.040997 1.949162 1.042778 0.619555
 3146400.000000 1.850258 2.008893 2.296246 0.988838 1.029616 1.941901 1.054347 0.616486
 3148800.000000 1.884920 1.895651 2.294383 1.076668 1.041407 1.904516 1.001331 0.645748
 3151200.000000 1.884805 1.885559 2.410723 1.024077 0.967100 1.946904 1.035876 0.589838
 3153600.000000 1.965454 1.867662 2.356048 1.066629 1.035497 1.784674 1.009680 0.650256
 3156000.000000 1.834960 2.016808 2.372799 1.035462 1.029422 1.947375 0.985966 0.608664
 3158400.000000 1.610122 1.969289 2.254462 0.989015 1.021676 1.931866 1.003436 0.623824
 3160800.000000 1.835907 1.881222 2.323242 1.042982 0.954432 1.913578 1.052009 0.628557
 3163200.000000 1.746580 1.751014 2.381852 1.076435 1.027152 1.937361 1.001809 0.633874
 3165600.000000 1.714398 1.752412 2.348280 0.929200 1.058944 2.027538 1.036495 0.625440
 3168000.000000 1.807213 1.881554 2.346467 0.969087 0.985956 1.868214 1.021057 0.619427
 3170400.000000 1.888297 1.994001 2.257686 0.986226 0.986121 1.992775 0.975180 0.609265
 3172800.000000 1.932975 1.882326 2.431954 0.976996 1.030971 1.705983 1.016978 0.627989
 3175200.000000 1.930662 1.877279 2.453025 1.076534 1.056341 1.704460 0.916892 0.581873
 3177600.000000 1.947045 1.965301 2.399230 1.049612 1.000961 1.776863 1.031057 0.626096
 3180000.000000 1.893436 1.751818 2.431698 1.035983 0.935560 1.715700 1.010632 0.614975
 3182400.000000 1.788605 1.955250 2.326912 1.031822 0.947999 1.783939 1.001546 0.614065
 3184800.000000 1.733492 1.816581 2.333778 0.837092 1.042245 1.914838 1.048175 0.629143
 3187200.000000 1.687900 1.753355 2.377707 0.895686 1.056550 1.844654 0.994854 0.655117
 3189600.000000 1.820388 1.747537 2.377856 0.948673 1.051744 1.866616 0.969370 0.592852
 3192000.000000 1.790304 1.901546 2.338173 0.931910 1.048037 1.826220 0.966176 0.638820
 3194400.000000 2.026087 1.924010 2.261689 1.103864 1.058022 1.676226 0.977606 0.608507
 3196800.000000 1.726252 1.803461 2.242918 1.065925 1.048754 1.865214 0.942546 0.622653
 3199200.000000 1.729812 1.838542 2.181590 0.849805 1.050776 1.728119 0.981719 0.628416
 3201600.000000 1.882718 1.921135 2.274615 0.797885 0.972037 1.789787 0.899764 0.627493
 3204000.000000 1.865168 1.849654 2.345623 1.004680 1.037709 1.888941 0.952995 0.610139
 3206400.000000 1.898013 1.967518 2.329392 1.042689 1.003708 1.999567 0.995493 0.633172
 3208800.000000 1.890060 1.922367 2.227300 1.025574 1.127718 1.954159 1.003788 0.676997
 3211200.000000 1.839283 1.873519 2.289019 1.032985 1.037478 1.756846 0.935113 0.620659
 3213600.000000 2.009948 1.836670 2.258263 0.962922 1.053765 1.811502 1.014148 0.620481
 3216000.000000 1.914453 1.883147 2.311290 0.962648 1.015540 1.847134 0.978475 0.689888
 3218400.000000 1.882685 1.875674 2.358380 0.909515 1.017781 1.959873 1.047594 0.668058
 3220800.000000 1.819033 1.907531 2.218784 0.971947 1.061660 1.997919 0.955713 0.680566
 3223200.000000 1.912114 1.935098 2.407137 0.942559 0.997732 1.937254 0.924859 0.641860
 3225600.000000 1.788491 1.946001 2.325930 0.936946 1.016094 2.106173 0.967781 0.644970
 3228000.000000 1.757232 1.769367 2.284586 0.922536 1.089552 1.784184 0.986205 0.581506
 3230400.000000 1.839674 1.846534 2.217163 0.992496 1.049254 1.753826 0.973614 0.625674
 3232800.000000 1.902534 1.797084 2.323600 1.059130 1.044877 1.676308 0.931574 0.626109
 3235200.000000 1.930213 1.761360 2.264949 0.915302 1.104470 1.801008 0.925308 0.598108
 3237600.000000 1.824252 1.705482 2.284967 0.919061 1.038282 1.766111 1.073239 0.666950
 3240000.000000 1.788989 1.664229 2.331495 1.041676 1.008032 1.898969 0.989661 0.618163
 3242400.000000 1.918469 1.763750 2.286024 0.938839 1.004779 1.952614 0.932659 0.627240
 3244800.000000 1.918691 1.721934 2.334414 1.036111 0.998484 1.862116 0.982428 0.629214
 3247200.000000 2.010760 1.760188 2.329537 0.990557 0.946052 1.775339 1.039965 0.702045
 3249600.000000 1.887457 1.743150 2.401002 0.947794 1.040802 1.866008 1.026887 0.674943
 3252000.000000 1.914311 1.766553 2.347785 0.959213 0.977142 1.848932 1.026535 0.658401
 3254400.000000 1.875366 1.703444 2.375706 1.064628 0.996033 1.843388 0.946078 0.605512
 3256800.000000 2.022919 1.753817 2.356525 1.022689 1.034035 1.761040 0.971108 0.584095
 3259200.000000 1.953857 1.798714 2.379392 0.958989 1.010349 1.897108 0.980993 0.605229
 3261600.000000 1.996388 1.773467 2.327863 1.005239 0.995000 1.937955 1.011632 0.612025
 3264000.000000 1.969775 1.770484 2.304131 1.095275 1.007644 1.760353 1.068383 0.632797
 3266400.000000 1.865766 1.820432 2.326192 1.064715 1.092541 1.957690 1.008521 0.608093
 3268800.000000 1.949763 1.786439 2.354716 1.113432 1.054308 2.130565 0.959439 0.620968
 3271200.000000 1.826915 1.658065 2.314814 1.167039 0.940403 1.872709 0.979617 0.636141
 3273600.000000 1.842052 1.658284 2.321804 1.075079 1.002607 1.930008 1.022441 0.651618
 3276000.000000 1.879728 1.690983 2.338339 1.094372 1.008834 2.035652 1.018556 0.630132
 3278400.000000 1.917746 1.793193 2.338236 1.054402 0.969362 2.022634 0.980972 0.652786
 3280800.000000 1.682277 1.673880 2.330721 0.952412 0.976365 1.848022 1.028207 0.604920
 3283200.000000 1.896132 1.775542 2.291238 1.088931 1.005156 1.950896 1.002057 0.608810
 3285600.000000 1.874996 1.820375 2.378552 1.057000 1.005939 2.056729 0.980636 0.581666
 3288000.000000 1.870359 1.735300 2.426063 1.111076 1.004156 2.017060 0.967370 0.617160
 3290400.000000 1.951345 1.720841 2.357171 1.162734 0.987581 2.062432 1.075454 0.623891
 3292800.000000 1.892460 1.769819 2.342482 0.992940 1.027304 1.917429 1.079478 0.657096
 3295200.000000 1.910965 1.696669 2.331560 1.091281 0.963174 1.944902 0.978511 0.620761
 3297600.000000 1.901729 1.703632 2.323670 1.009028 1.094665 1.988705 0.997454 0.659600
 3300000.000000 1.979408 1.789277 2.415420 1.060211 0.948055 2.071148 0.965553 0.648108
 3302400.000000 1.936073 1.725489 2.262832 1.026295 0.993480 1.999131 0.963006 0.634633
 3304800.000000 1.998458 1.781222 2.375802 0.962822 0.962225 1.885405 0.997009 0.653880
 3307200.000000 1.993496 1.821543 2.286751 1.040200 1.003965 1.869300 1.002104 0.630833
 3309600.000000 1.895358 1.794795 2.319890 1.098103 0.985723 1.823029 1.046028 0.623086
 3312000.000000 1.818768 1.720677 2.335520 0.945093 1.019483 1.884705 1.020052 0.573712
 3314400.000000 1.874503 1.756431 2.363471 0.995185 1.011996 1.846893 0.960317 0.659047
 3316800.000000 1.820758 1.801214 2.369946 0.929575 0.992353 1.860162 0.934015 0.638781
 3319200.000000 2.021363 1.793068 2.322990 0.999157 1.024661 2.074253 1.101359 0.646967
 3321600.000000 1.828207 1.694365 2.326933 1.002132 1.016408 1.777051 0.998396 0.620600
 3324000.000000 1.865833 1.817518 2.340501 0.982795 1.027779 1.811216 0.990557 0.601456
 3326400.000000 1.729396 1.733283 2.319109 0.913942 0.977607 1.801236 1.024134 0.602875
 3328800.000000 1.679576 1.805157 2.330881 0.960060 0.981408 1.952637 1.056804 0.629805
 3331200.000000 1.852395 1.788771 2.379957 0.923661 0.968901 1.876996 1.120783 0.635839
 3333600.000000 1.759330 1.800518 2.320669 0.754794 0.946123 1.967084 1.030826 0.603081
 3336000.000000 1.740650 1.693944 2.363789 0.734590 0.984448 1.958171 1.028945 0.580482
 3338400.000000 1.766673 1.709497 2.384890 0.776594 0.913791 1.861562 1.047037 0.623047
 3340800.000000 1.942165 2.025881 2.316275 0.994737 1.042209 1.948415 1.001300 0.603842
 3343200.000000 1.820643 1.722010 2.323571 1.047017 0.962353 1.843633 1.023832 0.617681
 3345600.000000 1.883386 1.844572 2.501047 1.070001 0.963538 1.912340 1.002566 0.632571
 3348000.000000 1.868984 1.925996 2.371357 1.131587 0.992823 1.873832 1.033876 0.602412
 3350400.000000 1.802373 1.777511 2.357505 1.039297 1.015459 1.819445 1.009877 0.602860
 3352800.000000 1.836043 1.818679 2.314285 1.031053 0.948931 1.963286 1.028499 0.572410
 3355200.000000 1.810159 1.778670 2.339954 1.099148 0.992212 1.810331 1.005288 0.602261
 3357600.000000 1.875374 1.865617 2.374480 0.902679 1.004284 1.871784 1.041047 0.627919
 3360000.000000 1.816736 1.756616 2.259447 0.830181 0.987199 1.991958 0.996674 0.634183
 3362400.000000 1.896588 1.826684 2.269458 0.996242 0.960066 1.916042 1.039130 0.625970
 3364800.000000 1.747288 1.973146 2.313316 0.950887 0.979660 1.908719 1.043181 0.610635
 3367200.000000 1.884867 1.811356 2.276116 0.962114 1.019078 1.876943 0.989127 0.632735
 3369600.000000 1.954954 1.813746 2.354636 1.095849 0.990984 2.040480 1.035270 0.605866
 3372000.000000 1.936999 1.853449 2.224043 0.922158 0.933753 2.040304 0.974569 0.626599
 3374400.000000 1.905334 1.824834 2.366432 0.928261 1.002533 1.944297 0.969554 0.617982
 3376800.000000 1.916476 1.908886 2.254827 0.930490 1.006504 1.926770 1.003832 0.642505
 3379200.000000 1.839401 1.892320 2.290174 0.907359 0.979045 1.927761 0.955753 0.636962
 3381600.000000 1.642847 1.883196 2.267625 0.859726 0.966013 1.896107 0.945616 0.611274
 3384000.000000 1.818657 1.801030 2.318234 1.055842 0.898964 1.980380 1.003474 0.593742
 3386400.000000 1.866844 1.812959 2.272973 0.968233 0.962830 1.724599 1.006150 0.666803
 3388800.000000 1.856611 1.792767 2.415954 0.908108 0.979237 1.582311 0.927485 0.609286
 3391200.000000 2.054965 1.945959 2.291732 0.940103 0.957493 1.521072 0.957399 0.596182
 3393600.000000 1.899166 1.903247 2.315143 0.997690 0.978009 1.546198 1.016100 0.606712
 3396000.000000 1.765392 1.878351 2.338910 0.954568 1.012903 1.533079 0.938951 0.620020
 3398400.000000 1.820718 1.792052 2.331885 0.927168 1.035711 1.509245 1.000686 0.620830
 3400800.000000 1.823629 1.869903 2.346601 0.958765 1.022298 1.610299 0.975683 0.661776
 3403200.000000 1.992445 1.826671 2.248814 0.985561 1.023489 1.699465 0.994572 0.626817
 3405600.000000 1.893201 1.880207 2.371850 0.879776 1.017487 1.815101 0.992951 0.623264
 3408000.000000 1.820481 1.729880 2.429335 1.026874 0.969170 1.523721 0.967837 0.621737
 3410400.000000 1.676899 1.846855 2.266422 0.890454 1.061969 1.559579 1.007229 0.628100
 3412800.000000 1.871471 1.841034 2.303328 0.932533 0.984795 1.618541 0.968168 0.591701
 3415200.000000 1.828209 1.836989 2.297341 0.860058 1.110325 1.613496 1.018999 0.586432
 3417600.000000 2.152653 1.756866 2.373333 1.035335 1.060914 1.607910 0.984272 0.681061
 3420000.000000 2.085954 1.774902 2.336369 1.024047 1.001573 1.899475 0.974002 0.686167
 3422400.000000 2.084814 1.757937 2.315904 0.987353 1.104877 1.649154 0.977032 0.609723
 3424800.000000 1.818691 1.800871 2.327767 0.691438 1.115721 1.654790 1.005559 0.615784
 3427200.000000 2.005458 2.010995 2.363634 0.940401 1.082827 1.620690 1.043840 0.591538
 3429600.000000 1.860274 1.772101 2.312700 0.772558 1.073983 1.800352 0.975510 0.590104
 3432000.000000 2.008543 1.907164 2.280554 0.868565 1.139287 1.791455 0.904584 0.650838
 3434400.000000 1.945897 1.833068 2.279814 0.730507 1.125798 1.651457 1.065778 0.608556
 3436800.000000 1.930070 2.013926 2.320747 0.814276 1.044417 1.782606 0.996594 0.619754
 3439200.000000 2.012828 1.967265 2.303557 0.946624 0.990219 1.860694 1.039713 0.606101
 3441600.000000 1.984517 1.858030 2.312127 0.957134 1.045190 2.152524 1.006876 0.615232
 3444000.000000 1.936373 1.988548 2.202919 0.976910 1.016205 2.068669 1.015662 0.637673
 3446400.000000 2.055449 1.920623 2.394028 0.973313 1.025414 2.091611 0.923417 0.624055
 3448800.000000 2.018460 1.943770 2.338853 1.046432 1.008009 1.667065 0.935809 0.606696
 3451200.000000 1.979546 1.795146 2.358006 0.973638 1.092222 1.676257 0.922253 0.632213
 3453600.000000 1.992752 1.765468 2.375705 1.011409 1.014393 1.925021 0.988399 0.614262
 3456000.000000 1.950580 1.872094 2.235026 0.942095 1.069439 1.754646 0.983764 0.614704
 3458400.000000 1.872216 1.963370 2.379563 1.175269 0.942911 1.789830 0.999259 0.642579
 3460800.000000 1.961727 1.774891 2.148843 0.828663 0.985808 1.704904 0.921425 0.649183
 3463200.000000 1.829226 1.879654 2.180699 0.757932 1.007032 1.893792 0.970615 0.623731
 3465600.000000 1.942117 1.877179 2.327068 1.040278 1.037893 1.745011 0.993132 0.596018
 3468000.000000 1.831753 1.955836 2.302954 1.012084 1.006702 1.636918 0.989258 0.617228
 3470400.000000 1.790637 1.883088 2.386104 0.998625 1.073453 1.580775 0.995763 0.586143
 3472800.000000 1.770548 1.916588 2.319743 1.018169 0.985166 1.547909 0.947693 0.608582
 3475200.000000 1.847916 2.055995 2.360750 1.019553 1.031485 1.785598 1.013856 0.646893
 3477600.000000 1.822079 1.970113 2.259013 1.027812 1.079700 1.873951 1.019326 0.614560
 3480000.000000 1.837805 1.866774 2.362997 0.914265 1.001224 1.953784 0.987600 0.581019
 3482400.000000 1.789643 1.731778 2.256123 0.931500 1.047272 1.682885 1.020401 0.647058
 3484800.000000 1.861594 1.898866 2.308878 0.996405 0.980449 1.898690 1.018016 0.640590
 3487200.000000 1.800808 1.749974 2.245923 0.965412 1.022402 1.911077 1.069533 0.634373
 3489600.000000 1.643147 1.814626 2.337338 0.855550 1.085593 1.907077 1.018754 0.580408
 3492000.000000 1.846368 1.753921 2.321461 1.008141 1.080565 1.960401 0.969319 0.610719
 3494400.000000 1.847153 1.888375 2.239458 1.050724 1.036005 1.980426 1.052396 0.631247
 3496800.000000 1.920369 1.950310 2.354498 1.032699 0.993530 1.886290 0.967950 0.565195
 3499200.000000 1.871672 1.809409 2.309279 1.056788 1.040443 1.991765 0.938042 0.635901
 3501600.000000 1.843658 1.934298 2.357716 1.044825 1.025989 1.972447 1.024772 0.604991
 3504000.000000 1.889249 1.940512 2.393623 1.051881 0.935963 1.874416 0.979709 0.605916
 3506400.000000 1.811708 1.780439 2.346182 1.048031 0.956751 1.966355 0.957280 0.604266
 3508800.000000 1.842238 1.870762 2.351239 1.039897 1.039532 1.770232 0.936395 0.625459
 3511200.000000 1.784865 1.755701 2.314913 0.869608 1.066738 1.818810 0.977096 0.632937
 3513600.000000 1.707999 1.829210 2.317720 0.907767 1.015407 2.047365 0.979334 0.617962
 3516000.000000 1.743164 1.787883 2.238558 0.934626 1.108627 1.933446 0.996441 0.585006
 3518400.000000 1.828730 1.800276 2.190346 0.971831 1.176033 2.021647 0.993787 0.624954
 3520800.000000 1.841776 1.817457 2.243142 0.925554 1.075379 2.013668 0.994307 0.606147
 3523200.000000 1.673011 1.789252 2.377745 0.981438 1.104677 2.027590 1.017277 0.597234
 3525600.000000 1.747046 1.977969 2.275850 1.079161 1.045973 1.913801 1.019974 0.578097
 3528000.000000 1.828327 1.737558 2.346990 1.146735 1.012673 2.172677 1.053466 0.627740
 3530400.000000 2.017701 1.829513 2.407830 1.028378 1.097740 1.945762 0.972361 0.640101
 3532800.000000 1.779286 1.976451 2.280743 0.946145 1.134620 2.143514 0.989322 0.636026
 3535200.000000 1.902605 2.024482 2.265922 0.951098 1.132416 2.118660 1.021884 0.610660
 3537600.000000 1.821050 2.053703 2.191713 1.144394 0.974589 2.240597 0.979719 0.669553
 3540000.000000 1.934307 2.006397 2.348904 1.082210 0.925240 1.968727 0.984977 0.671841
 3542400.000000 1.689385 2.038833 2.316046 1.001142 1.115311 2.150559 1.050237 0.586334
 3544800.000000 1.781689 1.944470 2.370070 0.936549 1.048568 2.003307 1.047756 0.603502
 3547200.000000 1.767991 1.954911 2.307711 1.083872 0.996403 2.171162 1.011198 0.640406
 3549600.000000 1.747970 1.879617 2.323108 1.050247 0.992158 2.022348 0.993387 0.642886
 3552000.000000 1.968184 1.906095 2.369221 1.104900 1.072786 2.067317 1.066297 0.594146
 3554400.000000 1.828312 1.789633 2.253071 1.169274 1.030490 2.206593 1.038182 0.653760
 3556800.000000 1.921035 1.937919 2.178820 1.208127 1.039498 2.000786 0.991447 0.622814
 3559200.000000 1.886073 1.902397 2.318713 1.183169 0.970959 2.075133 0.986511 0.612691
 3561600.000000 1.982089 1.971505 2.227362 1.183340 0.942631 2.015499 1.016879 0.602476
 3564000.000000 1.958896 1.816999 2.288134 1.185738 0.957360 2.009353 0.920738 0.618978
 3566400.000000 2.001147 1.886360 2.275843 1.078845 0.982443 1.908061 0.983461 0.599828
 3568800.000000 1.826850 1.739713 2.334394 1.041291 1.016671 2.073903 1.079511 0.590590
 3571200.000000 1.894737 1.827651 2.287764 1.067099 1.039989 2.053473 0.980980 0.604347
 3573600.000000 1.744498 1.743227 2.312122 1.047867 1.076375 2.127490 0.982165 0.615597
 3576000.000000 1.984658 1.812277 2.344264 1.121245 1.021487 1.936249 1.020767 0.665516
 3578400.000000 1.867785 1.805894 2.372781 1.042349 1.054276 2.017078 1.053493 0.611853
 3580800.000000 1.659367 1.743405 2.290491 1.128157 1.101958 2.051716 1.014876 0.667122
 3583200.000000 1.888240 1.819506 2.325717 1.031354 1.014934 2.119769 0.962192 0.598452
 3585600.000000 1.714745 1.838553 2.373679 1.063928 1.037468 2.025675 0.999928 0.644337
 3588000.000000 1.845361 1.871923 2.317729 1.210711 0.995754 1.913663 0.928832 0.638791
 3590400.000000 1.707906 1.907281 2.373051 1.029128 1.037158 1.927912 0.962543 0.613379
 3592800.000000 1.828358 1.908539 2.287005 1.059272 1.069442 1.886054 0.993862 0.613915
 3595200.000000 1.833801 1.934359 2.372966 0.952028 1.061673 2.060727 0.965904 0.635953
 3597600.000000 1.754608 1.905108 2.327104 0.964310 1.127994 1.985534 1.007726 0.616738
 3600000.000000 1.897016 1.886183 2.450514 1.102953 1.002588 1.629385 0.979337 0.600566
 3602400.000000 1.916534 1.911315 2.288551 1.385590 0.955249 1.688718 0.991881 0.625170
 3604800.000000 1.890065 1.930702 2.349061 1.384369 0.983674 2.086487 1.011815 0.601425
 3607200.000000 1.882642 1.878108 2.291013 1.586869 1.047720 1.753832 1.048002 0.636873
 3609600.000000 1.989004 1.830711 2.401891 1.514523 0.973682 1.760699 1.018243 0.620357
 3612000.000000 1.742951 1.823099 2.155808 1.149000 1.130347 2.014811 0.979423 0.612267
 3614400.000000 1.845900 1.847398 2.160254 1.011419 1.042952 1.937258 1.052579 0.604498
 3616800.000000 1.835147 1.752229 2.297818 1.092705 1.066603 2.098953 1.118177 0.679461
 3619200.000000 1.853178 1.857640 2.294710 1.046037 1.015691 2.142930 1.019994 0.621089
 3621600.000000 1.828872 1.914215 2.259383 1.092649 0.958892 2.072417 0.990166 0.637238
 3624000.000000 1.935573 1.820997 2.368039 0.982259 1.080638 2.035148 1.002287 0.629349
 3626400.000000 1.911296 1.866740 2.483588 0.965549 1.003259 2.019137 0.951077 0.617365
 3628800.000000 1.879377 1.979550 2.311392 1.222480 1.065574 2.029445 1.063506 0.618928
 3631200.000000 1.801878 1.859335 2.274595 1.249644 1.015781 1.769005 1.025986 0.584395
 3633600.000000 1.855229 1.851642 2.370800 1.230426 1.019554 1.838659 1.005299 0.618285
 3636000.000000 1.813963 1.844062 2.397709 1.249753 1.008541 1.639584 1.048370 0.629314
 3638400.000000 1.800118 1.832012 2.262707 1.219055 1.045316 1.622406 1.081580 0.613975
 3640800.000000 1.851988 1.877785 2.312551 1.129627 1.018955 1.951133 1.014718 0.586685
 3643200.000000 1.864837 1.912010 2.183686 1.255830 1.031305 2.005720 1.017806 0.575723
 3645600.000000 1.744249 1.856130 2.184685 1.008512 1.055029 1.998044 1.022803 0.616414
 3648000.000000 1.800278 1.865862 2.415800 0.922726 1.167935 1.913512 1.046827 0.607395
 3650400.000000 1.864213 1.793364 2.355217 1.007018 1.045743 1.789423 1.051330 0.641280
 3652800.000000 1.847236 1.817958 2.416441 1.030264 0.989619 1.885839 1.018060 0.624146
 3655200.000000 1.841021 1.832090 2.318176 1.095719 0.988430 1.820280 1.021949 0.604651
 3657600.000000 1.874082 1.780449 2.404685 1.150836 1.073330 1.883828 1.006379 0.667694
 3660000.000000 1.927782 1.872175 2.366521 1.194675 1.045382 1.902526 1.020498 0.637003
 3662400.000000 1.889723 1.826383 2.317486 1.090210 1.003546 1.896628 1.021593 0.576818
 3664800.000000 1.834612 1.813632 2.311025 1.129907 1.074002 2.014552 0.937307 0.656127
 3667200.000000 1.893438 1.806214 2.307071 1.142475 1.037457 2.048186 0.914045 0.587422
 3669600.000000 1.811493 1.858533 2.232884 1.468584 1.125048 2.166395 0.994565 0.620662
 3672000.000000 1.829580 1.872685 2.312858 1.419079 1.013685 2.053763 0.945725 0.605970
 3674400.000000 1.915808 1.863009 2.379104 1.955607 0.964173 2.061524 1.016612 0.616351
 3676800.000000 1.789814 1.810384 2.331403 1.892873 0.974933 1.939861 0.999675 0.617856
 3679200.000000 1.648261 1.781866 2.266846 1.735010 1.145784 2.041710 0.976519 0.612299
 3681600.000000 1.695770 1.975647 2.160973 1.650113 1.113800 2.019315 1.015330 0.650637
 3684000.000000 1.811709 1.940975 2.207971 1.717366 1.105300 2.190159 0.965446 0.696930
 3686400.000000 1.800757 2.095187 2.209169 1.853247 1.085111 1.939789 1.023298 0.611000
 3688800.000000 1.774413 2.023446 2.143793 1.768471 1.067461 2.187758 0.891878 0.616076
 3691200.000000 1.897116 2.135804 2.228273 1.672176 1.013369 1.999655 0.963723 0.623934
 3693600.000000 1.946794 1.811242 2.290831 1.801969 1.006800 2.019002 0.980154 0.674896
 3696000.000000 1.890335 1.840565 2.379485 1.720202 1.104648 1.916246 0.900878 0.614925
 3698400.000000 1.860594 1.959974 2.174459 2.125089 1.048038 1.945398 1.056527 0.636936
 3700800.000000 1.850013 1.765553 2.221140 2.109365 1.025430 1.752648 0.984504 0.648053
 3703200.000000 1.762820 1.770869 2.340380 1.982837 1.044191 1.928138 0.979255 0.637297
 3705600.000000 1.917004 1.803612 2.241557 1.976025 0.957497 2.123807 0.918370 0.683789
 3708000.000000 1.856996 1.796159 2.291286 2.219392 1.064636 1.748974 0.988600 0.621434
 3710400.000000 1.838406 1.856846 2.292432 2.190736 0.995983 1.930769 1.010417 0.662482
 3712800.000000 1.880305 1.880684 2.291864 2.130891 1.087228 1.578129 0.993114 0.616914
 3715200.000000 1.788713 1.791190 2.368585 2.093438 0.999950 1.544627 1.002901 0.650823
 3717600.000000 1.770045 1.804668 2.200199 2.243913 1.041115 1.763486 0.975372 0.643472
 3720000.000000 1.806159 1.991093 2.187746 2.278222 1.053139 1.481265 1.013634 0.618955
 3722400.000000 1.927665 1.919922 2.177509 2.185882 1.019520 1.812457 0.973226 0.624618
 3724800.000000 1.732702 1.806650 2.252314 2.086786 1.029253 1.728007 0.921928 0.621948
 3727200.000000 1.817881 1.887335 2.203573 2.065030 1.049375 2.100298 0.990147 0.644509
 3729600.000000 2.006141 2.130023 2.246937 2.299818 0.961724 2.054155 1.040345 0.603743
 3732000.000000 1.799050 1.920633 2.361911 2.099108 0.996123 2.126782 0.961703 0.620329
 3734400.000000 1.920111 2.113138 2.326764 2.136874 1.017681 2.064570 0.976377 0.639141
 3736800.000000 1.792871 1.878890 2.264371 2.114504 1.089395 2.064584 1.028879 0.589946
 3739200.000000 1.786743 1.846208 2.306962 2.064285 0.997417 1.857217 1.009135 0.645652
 3741600.000000 1.910126 1.852398 2.278146 2.143003 1.042018 1.969223 0.974380 0.625724
 3744000.000000 1.844810 1.930706 2.251539 2.162181 1.008792 2.004345 1.016783 0.613639
 3746400.000000 1.948180 1.820294 2.276939 1.983425 1.145657 1.945550 0.934307 0.635231
 3748800.000000 1.946828 1.978119 2.187021 2.091657 1.072337 1.973754 0.949006 0.578140
 3751200.000000 1.905587 1.880509 2.337800 2.270558 1.040126 1.943724 1.053234 0.660148
 3753600.000000 1.797589 1.869654 2.188387 2.015900 1.032032 1.809642 0.971487 0.608920
 3756000.000000 1.835843 1.874689 2.275156 2.111996 1.016529 1.876312 1.045048 0.621576
 3758400.000000 1.908718 1.833960 2.309586 2.183754 1.040923 2.058218 1.083631 0.597692
 3760800.000000 1.882139 1.943814 2.339719 2.150775 0.989899 2.064111 0.944698 0.592043
 3763200.000000 1.781173 1.803002 2.327291 2.185198 1.020668 2.021726 1.003311 0.624212
 3765600.000000 1.640865 1.812332 2.247448 2.147988 0.974787 1.861760 1.009525 0.599288
 3768000.000000 1.733794 1.886756 2.279643 2.212710 1.009196 2.078319 0.977009 0.655056
 3770400.000000 1.710107 1.759165 2.291020 2.091538 0.969271 1.959700 1.017451 0.584555
 3772800.000000 1.846653 1.906428 2.295973 2.095401 1.061932 1.925206 1.031795 0.638903
 3775200.000000 1.746514 1.834472 2.340428 2.027950 1.065293 2.018323 0.995807 0.597011
 3777600.000000 1.831134 1.831420 2.339363 2.231033 0.979112 1.891197 0.984046 0.627543
 3780000.000000 1.661329 1.783778 2.350811 2.091622 1.047780 2.049149 0.998290 0.594182
 3782400.000000 1.775116 1.904905 2.477330 2.150947 1.083706 1.943670 0.950894 0.577369
 3784800.000000 1.770906 1.958668 2.312916 2.116855 1.109388 2.032417 0.961292 0.619251
 3787200.000000 1.775737 2.027542 2.434608 2.165106 1.084832 1.902774 1.029713 0.603319
 3789600.000000 1.924788 1.998394 2.335545 2.125685 0.906334 1.949278 0.994233 0.613587
 3792000.000000 1.866036 1.870186 2.541267 2.372360 0.942727 1.918965 1.011713 0.586190
 3794400.000000 1.905441 1.875995 2.434060 2.206163 0.934990 1.724710 1.034369 0.627426
 3796800.000000 1.981912 1.832810 2.474679 2.417556 0.921907 1.871188 1.018532 0.592840
 3799200.000000 2.055186 1.798563 2.450509 2.333113 0.951887 1.877844 0.994952 0.648939
 3801600.000000 2.145431 1.773434 2.313445 2.328584 0.913238 1.898783 0.947852 0.598135
 3804000.000000 1.861945 1.687345 2.371256 2.269837 1.020767 1.855438 1.023544 0.652682
 3806400.000000 1.925236 1.761581 2.399720 2.284713 0.925895 1.935516 0.981223 0.659195
 3808800.000000 1.958068 1.934888 2.372931 2.283622 0.985678 1.780216 0.959647 0.578513
 3811200.000000 1.973223 1.736982 2.277439 2.373056 0.927399 1.869446 0.963153 0.597193
 3813600.000000 2.078507 1.899176 2.288961 2.572635 1.039754 2.045694 0.970773 0.618130
 3816000.000000 2.149099 1.794230 2.366040 2.507623 0.922549 2.042349 0.915292 0.638327
 3818400.000000 2.170690 1.731360 2.389756 2.542270 0.922694 1.941841 0.905166 0.621947
 3820800.000000 2.140838 1.730048 2.284329 2.468825 1.029493 1.881835 0.945698 0.644956
 3823200.000000 1.943541 1.697054 2.326430 2.499282 0.928010 1.782707 0.990289 0.624035
 3825600.000000 2.055020 2.000258 2.332197 2.458465 0.959576 1.952571 1.016011 0.644736
 3828000.000000 2.140487 1.828947 2.418169 2.657551 0.912224 1.794192 0.891234 0.635860
 3830400.000000 2.082140 1.851663 2.474418 2.741504 0.868503 2.056174 0.979308 0.664528
 3832800.000000 1.978855 1.800474 2.436044 2.846600 0.817144 1.892038 0.976979 0.631111
 3835200.000000 1.947735 1.663125 2.488971 2.685828 0.807776 1.976645 1.080074 0.664356
 3837600.000000 1.809248 1.720755 2.408036 2.813430 0.886360 1.994261 1.100521 0.650699
 3840000.000000 1.843023 1.768308 2.416653 2.830505 0.846692 1.899729 0.968014 0.624567
 3842400.000000 1.903408 1.540219 2.497360 2.707980 0.899670 1.808347 0.977953 0.652300
 3844800.000000 2.028309 1.892275 2.425731 2.699341 0.891261 1.934115 0.954146 0.631181
 3847200.000000 1.895773 1.874796 2.356985 2.757472 0.957475 1.917942 0.941887 0.625681
 3849600.000000 1.851711 1.881292 2.454388 2.794099 0.906844 1.867136 0.963886 0.594098
 3852000.000000 1.905647 1.839908 2.318044 2.722487 0.877777 1.916463 0.947662 0.607963
 3854400.000000 1.825290 1.786173 2.288418 2.582401 0.875177 1.906926 0.977222 0.657209
 3856800.000000 1.930387 1.899643 2.259435 2.710799 0.881291 1.897276 0.997993 0.622311
 3859200.000000 1.950774 1.754093 2.273690 2.769305 0.903330 1.852750 0.968509 0.598477
 3861600.000000 1.871554 1.805034 2.234015 2.622364 0.903067 1.620366 1.023614 0.596461
 3864000.000000 1.982056 1.930401 2.234065 2.666005 0.923780 1.867142 0.942642 0.594471
 3866400.000000 1.956057 1.838287 2.197514 2.673963 0.859992 1.809248 0.966097 0.609211
 3868800.000000 1.920188 1.920918 2.302936 2.508861 0.946254 1.968782 0.997614 0.700078
 3871200.000000 1.854256 1.770041 2.194584 2.640449 0.874531 1.803805 0.980271 0.609561
 3873600.000000 1.953443 1.803955 2.213372 2.510964 0.963362 1.911240 0.925595 0.648894
 3876000.000000 1.900358 1.885947 2.357481 2.586807 1.003327 1.940319 0.965924 0.636316
 3878400.000000 1.930201 1.900358 2.303254 2.462825 0.919890 1.658684 0.976511 0.601452
 3880800.000000 1.908687 1.854459 2.211416 2.428290 0.941460 1.988686 0.986118 0.609957
 3883200.000000 1.933847 1.904442 2.348887 2.446017 0.931022 1.731695 0.945758 0.644239
 3885600.000000 1.793455 1.943066 2.201257 2.525284 0.891125 1.812513 1.006718 0.645722
 3888000.000000 1.858440 1.835099 2.305526 2.807683 0.935118 1.830101 1.042079 0.613298
 3890400.000000 1.920007 1.866876 2.303657 2.613624 0.951865 1.684657 1.015388 0.630386
 3892800.000000 1.895267 1.912094 2.217054 2.722833 0.909330 1.846983 0.970567 0.627716
 3895200.000000 1.899614 1.745150 2.327452 2.695888 0.918297 1.905870 0.997616 0.640558
 3897600.000000 1.967019 1.911106 2.148230 2.645068 0.937290 1.930886 0.973183 0.644999
 3900000.000000 1.889223 1.847374 2.223415 2.700829 0.892579 1.934435 0.978690 0.623249
 3902400.000000 1.668286 1.856848 2.165190 2.636559 0.951495 1.899897 1.026184 0.602401
 3904800.000000 1.783820 1.818113 2.201913 2.543135 0.855541 1.842946 1.005079 0.616160
 3907200.000000 1.748683 1.922118 2.190605 2.473453 0.939101 2.049452 0.997341 0.620277
 3909600.000000 1.710279 1.843323 2.241483 2.569600 0.859943 2.022118 0.997123 0.633581
 3912000.000000 1.780209 1.864461 2.180869 2.547468 0.912968 2.069009 0.981059 0.655168
 3914400.000000 1.843884 1.859015 2.162065 2.337295 0.894471 2.023299 0.952869 0.610215
 3916800.000000 1.857323 1.877067 2.226726 2.503406 0.919146 1.820864 1.021661 0.626076
 3919200.000000 1.916621 1.858070 2.230537 2.490804 0.960859 2.011090 0.965646 0.608229
 3921600.000000 1.999462 1.883070 2.151608 2.578136 0.949245 1.929652 0.981118 0.656336
 3924000.000000 2.059090 1.753149 2.186362 2.500868 0.889412 1.909451 0.983498 0.644782
 3926400.000000 2.056888 1.900467 2.323593 2.564131 0.894425 2.237176 0.971685 0.660648
 3928800.000000 1.874501 1.869800 2.305990 2.379476 0.986304 2.000989 0.993115 0.600210
 3931200.000000 1.712223 1.782495 2.396091 2.392218 0.920988 1.909546 1.078920 0.627302
 3933600.000000 1.763057 1.835216 2.185833 2.394133 0.881745 2.010962 1.025304 0.643683
 3936000.000000 1.726998 1.760277 2.256312 2.561227 0.808701 2.205190 0.950953 0.605961
 3938400.000000 1.809165 1.826078 2.337535 2.486833 0.881125 2.197192 0.988323 0.675273
 3940800.000000 1.944507 1.782567 2.215252 2.673203 0.815709 2.028381 0.997964 0.670918
 3943200.000000 1.980657 1.777381 2.280099 2.675818 0.894776 2.000388 0.957770 0.692019
 3945600.000000 2.011090 1.853366 2.284587 2.488586 0.901291 1.999101 0.961234 0.591669
 3948000.000000 1.933631 1.777384 2.235509 2.450294 0.951405 1.904928 1.047986 0.637729
 3950400.000000 1.984977 1.813028 2.280434 2.277478 0.958773 2.040253 0.964100 0.614250
 3952800.000000 1.807069 1.842256 2.308881 2.374950 0.905312 2.105337 0.970297 0.658225
 3955200.000000 1.859461 1.872768 2.191137 2.506292 0.934253 2.119522 0.984639 0.616523
 3957600.000000 1.949012 1.913939 2.187902 2.593094 0.959747 2.021558 0.998949 0.638112
 3960000.000000 1.784640 1.830097 2.145286 2.496524 0.964947 2.096442 1.011366 0.638348
 3962400.000000 1.866427 1.932436 2.093024 2.460352 0.902031 2.145397 0.983933 0.620988
 3964800.000000 1.833764 1.842525 2.201159 2.539175 0.895001 2.051831 0.944575 0.624238
 3967200.000000 1.754395 1.738280 2.225836 2.592901 0.907315 2.035107 0.991818 0.649426
 3969600.000000 1.832922 1.896873 2.187116 2.648450 0.853843 2.084456 0.952360 0.653962
 3972000.000000 1.745701 1.893353 2.294974 2.641699 0.995275 1.945183 0.924644 0.654104
 3974400.000000 1.707835 1.789666 2.190975 2.607397 0.978990 2.035927 1.076939 0.633188
 3976800.000000 1.783760 1.887281 2.208508 2.579622 0.861678 2.091828 1.051485 0.643270
 3979200.000000 1.739734 1.815241 2.181800 2.610522 0.854621 1.929817 0.959889 0.652704
 3981600.000000 1.963608 1.839023 2.310368 2.397561 1.000423 1.876983 0.998414 0.628600
 3984000.000000 1.913323 1.868641 2.164533 2.273151 0.911275 2.059653 1.010395 0.617072
 3986400.000000 1.997214 1.923608 2.236386 2.286754 0.935255 2.059150 1.040393 0.606783
 3988800.000000 1.917419 1.872417 2.382211 2.503457 0.962117 2.066981 0.964940 0.657953
 3991200.000000 2.020660 1.804721 2.345902 2.616545 0.907340 2.092232 0.969040 0.617192
 3993600.000000 1.983236 1.824246 2.264138 2.544775 0.960858 2.118362 1.003716 0.696163
 3996000.000000 1.830861 1.846730 2.203624 2.593640 0.978706 2.067098 1.040521 0.607668
 3998400.000000 1.781375 1.743485 2.239915 2.541030 1.018217 1.995315 1.082802 0.644639
 4000800.000000 1.979169 1.814159 2.297834 2.683651 0.853315 1.959108 0.978041 0.626402
 4003200.000000 1.907021 1.857070 2.157206 2.554501 0.995810 1.991233 1.011018 0.615445
 4005600.000000 1.864781 1.768002 2.173558 2.558043 0.893350 1.984715 1.009594 0.614694
 4008000.000000 2.012926 1.906963 2.266243 2.636327 0.950851 1.972132 0.985587 0.620635
 4010400.000000 2.024527 1.856667 2.253189 2.548366 0.861581 2.048686 0.986814 0.628456
 4012800.000000 1.838400 1.805566 2.328577 2.565758 0.886835 2.005685 1.004273 0.620720
 4015200.000000 2.034261 1.927356 2.203608 2.374938 0.941574 1.961028 0.999495 0.603623
 4017600.000000 1.788506 1.854329 2.202076 2.346839 1.051208 2.050010 0.994615 0.634476
 4020000.000000 1.905949 1.878003 2.299497 2.471422 0.937061 2.125355 1.051955 0.622403
 4022400.000000 2.027832 2.065988 2.187110 2.524680 0.860798 2.003767 1.115061 0.608181
 4024800.000000 1.845213 1.758270 2.285359 2.562586 0.906943 1.957709 1.015422 0.625272
 4027200.000000 1.954087 1.748608 2.285347 2.587667 0.900020 2.021796 1.056683 0.618466
 4029600.000000 1.830577 1.835018 2.227176 2.676120 0.898268 1.955252 1.044126 0.641994
 4032000.000000 1.906593 2.103997 2.205710 2.504890 0.987454 1.837714 1.041368 0.641901
 4034400.000000 1.768861 2.090356 2.207036 2.291771 0.944096 1.748207 1.048568 0.588565
 4036800.000000 1.862007 2.178400 2.274671 2.407891 0.938862 1.785921 1.066493 0.617924
 4039200.000000 1.711787 2.031075 2.183943 2.265947 0.984824 2.024096 1.102756 0.642580
 4041600.000000 1.884197 2.030594 2.294780 2.357724 0.952979 1.802722 1.021530 0.638588
 4044000.000000 1.853629 1.967520 2.191206 2.376488 0.909451 1.936158 1.026140 0.637671
 4046400.000000 1.873608 2.051282 2.214247 2.583370 0.914314 1.841045 1.027141 0.611238
 4048800.000000 1.728483 2.047283 2.246964 2.410595 0.984826 1.915881 1.117708 0.645138
 4051200.000000 1.679648 2.070080 2.240583 2.630558 0.923353 1.894256 1.080557 0.599189
 4053600.000000 1.647592 2.019894 2.269997 2.682595 0.971665 1.912324 1.115121 0.653432
 4056000.000000 1.662160 2.036010 2.362118 2.491331 1.012007 1.927032 1.115700 0.634853
 4058400.000000 1.721329 1.902912 2.317187 2.519096 0.997730 1.866258 1.064967 0.664448
 4060800.000000 1.681538 1.789881 2.366317 2.549362 0.992311 1.847108 1.033061 0.640496
 4063200.000000 1.878351 1.938702 2.408664 2.590162 0.896790 2.059097 1.003499 0.621271
 4065600.000000 1.733871 1.884025 2.322687 2.585369 0.958704 1.842458 1.070215 0.686195
 4068000.000000 1.952271 1.764044 2.297406 2.668241 0.929595 1.755264 1.034696 0.648784
 4070400.000000 1.952514 1.910626 2.256844 2.709000 0.988651 1.605342 1.031761 0.680800
 4072800.000000 1.924890 1.828562 2.154644 2.721002 0.907948 1.872193 1.050651 0.600482
 4075200.000000 2.047917 1.755724 2.303629 2.541008 0.935915 1.772974 1.015692 0.627677
 4077600.000000 2.056805 1.763096 2.402840 2.826932 0.911667 2.105299 1.050065 0.630769
 4080000.000000 2.030231 1.756318 2.349678 2.714054 0.879307 2.048730 1.131860 0.599576
 4082400.000000 2.055841 1.760805 2.339973 2.624423 0.897046 1.835725 0.964410 0.652206
 4084800.000000 1.901231 1.783148 2.231893 2.684524 0.968317 1.993220 0.972409 0.579879
 4087200.000000 1.966330 1.749384 2.293878 2.613045 0.959619 1.699137 0.973151 0.602901
 4089600.000000 1.800774 1.747956 2.348464 2.631030 0.973227 1.692125 0.995704 0.622564
 4092000.000000 1.798998 1.796679 2.343378 2.610015 0.956720 1.858106 1.063115 0.594816
 4094400.000000 1.961930 1.977919 2.305698 2.829050 0.944331 1.861464 1.007963 0.620526
 4096800.000000 1.878865 1.833056 2.265998 2.682113 1.015099 1.854499 1.058000 0.621235
 4099200.000000 1.924144 1.848189 2.241619 2.667854 0.932897 1.935404 1.007795 0.639856
 4101600.000000 1.893571 1.734828 2.293103 2.529181 0.854832 2.058520 1.010182 0.630007
 4104000.000000 1.812200 1.919310 2.214152 2.530400 0.995001 2.073001 1.004574 0.595081
 4106400.000000 2.121775 1.979020 2.169706 2.844419 0.890010 1.990331 1.056602 0.637274
 4108800.000000 1.831568 1.888850 2.200141 2.628374 0.908613 1.847344 0.998117 0.637895
 4111200.000000 1.814743 1.799171 2.254875 2.494138 1.087419 1.896546 0.989569 0.632897
 4113600.000000 1.887883 1.856016 2.505410 2.602784 0.993979 1.855400 0.989897 0.595663
 4116000.000000 1.726023 1.838386 2.393856 2.628577 0.983350 1.816750 1.041297 0.592109
 4118400.000000 1.867347 1.794102 2.386389 2.701102 0.944291 1.799985 1.032583 0.657434
 4120800.000000 1.855428 1.762175 2.246828 2.371105 0.984844 1.816462 1.040040 0.626148
 4123200.000000 1.819409 1.787408 2.345259 2.434552 0.964973 1.877667 1.016674 0.637435
 4125600.000000 1.935034 1.866413 2.362578 2.262451 0.999503 1.845349 1.036160 0.632162
 4128000.000000 1.992834 1.857789 2.441407 2.345405 0.979402 1.836197 0.978611 0.610367
 4130400.000000 1.957491 1.766843 2.422759 2.493085 0.925688 1.800495 0.980486 0.643397
 4132800.000000 1.932785 1.941046 2.414322 2.502529 0.911829 1.796395 1.076954 0.618122
 4135200.000000 1.926860 1.922313 2.524115 2.472838 0.946232 1.989846 0.989845 0.623973
 4137600.000000 1.981903 1.855325 2.385028 2.499015 0.918010 1.797399 1.027009 0.634582
 4140000.000000 2.014516 1.761325 2.497887 2.300265 0.924980 2.096918 0.984538 0.621346
 4142400.000000 2.221995 1.893440 2.465907 2.493577 0.918851 1.978866 1.052321 0.659525
 4144800.000000 1.829880 1.698093 2.434708 2.467032 0.975539 2.019036 1.004880 0.631484
 4147200.000000 2.009374 1.755274 2.482192 2.406631 0.974027 1.968022 1.007675 0.595509
 4149600.000000 2.047230 1.814300 2.401292 2.678410 0.917223 2.007876 1.041120 0.613930
 4152000.000000 2.002331 1.689081 2.529326 2.440956 0.882400 1.935691 1.070889 0.625370
 4154400.000000 1.931450 1.837040 2.400816 2.604230 0.901968 2.039732 1.027958 0.606969
 4156800.000000 2.023360 1.697005 2.463586 2.359361 0.937520 1.894854 1.034826 0.618793
 4159200.000000 1.993713 1.888525 2.230414 2.316872 1.008207 2.009342 1.039173 0.634975
 4161600.000000 1.898216 1.785255 2.462254 2.629218 0.881062 1.972820 1.022657 0.602106
 4164000.000000 1.939182 2.053533 2.468707 2.404217 0.932118 1.997950 1.039750 0.577586
 4166400.000000 1.721140 1.986192 2.470604 2.795767 0.886407 1.996341 1.081295 0.637623
 4168800.000000 1.875682 1.915915 2.539659 2.406437 1.079854 1.967372 1.071560 0.615560
 4171200.000000 1.914383 1.724988 2.431361 2.559161 0.931933 1.995862 1.067023 0.589067
 4173600.000000 2.026259 1.819332 2.308995 2.318724 1.073140 2.096024 1.055575 0.645944
 4176000.000000 2.035355 1.819884 2.371925 2.352177 1.056480 2.129475 1.084174 0.575053
 4178400.000000 2.039254 1.969043 2.206675 2.438755 0.980594 1.957832 1.046656 0.595030
 4180800.000000 1.828603 1.800596 2.383768 2.542839 0.978118 1.979162 1.033662 0.615247
 4183200.000000 1.808744 1.987030 2.264562 2.346894 0.978090 1.984691 1.027676 0.604691
 4185600.000000 1.876121 1.864374 2.386352 2.442099 0.998008 1.864524 1.025143 0.618484
 4188000.000000 1.727980 1.718036 2.343349 2.542897 1.014178 1.979938 1.093695 0.605325
 4190400.000000 1.751030 1.680361 2.450362 2.438885 1.036855 2.013089 1.077117 0.592677
 4192800.000000 1.658091 1.721054 2.489549 2.380554 1.049256 1.962603 1.028415 0.624496
 4195200.000000 1.652332 1.585703 2.544575 2.473205 0.967594 1.997593 1.078004 0.619483
 4197600.000000 1.717828 1.676345 2.542490 2.439703 1.012576 1.879261 1.017906 0.635166
 4200000.000000 1.647851 1.635084 2.483733 2.269943 1.119592 1.968090 1.005504 0.582696
 4202400.000000 1.879008 1.732036 2.647418 2.582750 0.937453 1.995296 0.995255 0.599902
 4204800.000000 1.962044 1.620202 2.534702 2.410750 1.013812 1.775518 1.005875 0.661345
 4207200.000000 1.893535 1.842877 2.562818 2.402282 1.027024 1.792266 1.018308 0.606252
 4209600.000000 1.805935 1.761506 2.535798 2.497229 1.020143 1.854278 0.969524 0.603223
 4212000.000000 1.676051 1.569695 2.749948 2.586521 0.977526 1.747647 1.031226 0.604644
 4214400.000000 1.912649 1.599681 2.639326 2.370634 0.931060 1.852888 0.994424 0.586353
 4216800.000000 1.776760 1.770795 2.434917 2.378692 0.931558 1.770175 1.028241 0.607843
 4219200.000000 1.836128 1.703551 2.491494 2.456430 0.911248 1.937243 1.125304 0.605201
 4221600.000000 1.584081 1.811351 2.559735 2.367789 1.016495 1.691111 1.076389 0.628421
 4224000.000000 1.825034 1.786891 2.294196 2.509107 0.886081 1.559649 1.046697 0.618565
 4226400.000000 1.774100 1.901711 2.378782 2.388709 0.951036 1.553340 1.098865 0.611651
 4228800.000000 1.685801 1.974442 2.235323 2.403716 0.937190 1.667781 1.038296 0.602410
 4231200.000000 1.855563 1.996734 2.310734 2.529997 0.912722 1.669154 1.003056 0.574607
 4233600.000000 2.085381 1.948654 2.315904 2.608746 0.910999 1.736381 0.992505 0.592472
 4236000.000000 1.778387 1.967530 2.449419 2.487259 0.980866 1.653932 1.039616 0.621943
 4238400.000000 1.697614 1.749116 2.393364 2.818984 0.882209 1.785270 1.116421 0.600981
 4240800.000000 1.824064 1.820228 2.445218 2.539256 0.907655 1.894689 1.098525 0.605221
 4243200.000000 1.626167 1.886180 2.231931 2.386893 0.953963 1.918200 1.080364 0.607411
 4245600.000000 1.788086 1.853047 2.353793 2.525694 0.938297 2.032730 1.043433 0.607193
 4248000.000000 1.501584 1.708547 2.365025 2.438095 1.063422 1.910641 1.043796 0.642684
 4250400.000000 1.625615 1.690665 2.372093 2.479553 1.015569 2.092493 1.062409 0.657865
 4252800.000000 1.740981 1.722841 2.434971 2.517989 0.976256 1.913544 1.051882 0.659420
 4255200.000000 1.737805 1.636929 2.544122 2.511170 0.922717 1.874225 1.113997 0.645596
 4257600.000000 1.839165 1.721314 2.459543 2.639109 0.880591 1.961689 1.004110 0.614482
 4260000.000000 1.704800 1.731245 2.571012 2.570179 0.881888 1.871363 1.034139 0.644024
 4262400.000000 1.847691 1.665590 2.523086 2.695143 0.873183 1.704196 1.036282 0.594674
 4264800.000000 2.051831 1.903045 2.458810 2.589175 0.909977 1.866063 1.005003 0.631059
 4267200.000000 1.843931 1.834299 2.476691 2.456186 0.939952 1.789660 0.995988 0.602731
 4269600.000000 1.892998 1.714060 2.425229 2.374950 0.971718 1.819859 1.015756 0.579796
 4272000.000000 1.854138 1.641364 2.489193 2.352885 0.903191 1.786053 0.991449 0.595530
 4274400.000000 1.776965 1.649707 2.408828 2.425849 0.863897 1.949654 1.048159 0.619315
 4276800.000000 1.802899 1.615076 2.402136 2.495624 0.994474 2.006789 1.035936 0.620534
 4279200.000000 1.969878 1.627362 2.469076 2.486798 0.872737 1.921739 1.033828 0.580797
 4281600.000000 1.829925 1.706961 2.378780 2.541927 0.944443 1.963469 1.020862 0.615604
 4284000.000000 1.896487 1.704436 2.429070 2.621769 0.925567 1.984672 0.929986 0.597396
 4286400.000000 1.843496 1.608886 2.429346 2.534348 0.923191 1.913459 0.969473 0.550475
 4288800.000000 1.825396 1.679636 2.407937 2.746594 0.932190 1.930387 0.997777 0.602948
 4291200.000000 1.937437 1.801992 2.321133 2.565564 0.885563 1.866622 1.005650 0.615650
 4293600.000000 1.930006 1.804665 2.397892 2.511404 0.886006 1.914660 0.989327 0.601602
 4296000.000000 1.971317 1.805562 2.375845 2.713522 0.859824 2.156943 0.983174 0.637432
 4298400.000000 2.041948 1.780428 2.357083 2.741081 0.884051 1.858370 0.953807 0.596039
 4300800.000000 1.970101 1.824713 2.394456 2.649296 0.833178 1.950727 0.998172 0.603629
 4303200.000000 1.878485 1.742318 2.504112 2.622266 0.923154 1.924896 1.017556 0.574087
 4305600.000000 1.907735 1.871832 2.342754 2.550305 0.906141 1.873630 0.971807 0.615064
 4308000.000000 1.672863 1.741399 2.430083 2.571569 0.868283 1.883827 0.955038 0.609654
 4310400.000000 1.875750 1.735381 2.320715 2.286238 0.872575 2.005324 0.991096 0.574272
 4312800.000000 1.820925 1.668697 2.437794 2.244461 0.923624 2.008751 0.984478 0.615957
 4315200.000000 1.698030 1.768486 2.455700 2.294529 0.910759 1.797149 1.019630 0.606420
 4317600.000000 1.788069 1.691601 2.510045 2.379132 0.937901 2.014201 1.005301 0.625587
 4320000.000000 1.773320 1.661470 2.405241 2.251406 0.994590 2.160907 0.973433 0.589261
 4322400.000000 1.607905 1.632256 2.559937 2.273473 0.948193 2.046241 0.961747 0.611831
 4324800.000000 1.675374 1.781816 2.366215 2.403880 0.978627 1.922438 0.965396 0.588956
 4327200.000000 1.793309 1.677650 2.425981 2.404564 0.842935 1.963113 1.005743 0.613652
 4329600.000000 1.721276 1.611061 2.442780 2.358914 0.877320 1.986387 1.032839 0.594831
 4332000.000000 1.814690 1.854743 2.378704 2.321298 0.964752 1.701847 0.942149 0.594594
 4334400.000000 1.748865 1.909105 2.329438 2.576564 0.899561 1.864937 1.056914 0.611464
 4336800.000000 1.568578 1.619988 2.446204 2.463340 0.960625 1.864164 1.042099 0.619007
 4339200.000000 1.758883 1.635732 2.479968 2.466254 0.943277 2.040093 1.006852 0.583966
 4341600.000000 1.710795 1.910924 2.426810 2.534552 0.976718 1.952669 0.983711 0.570253
 4344000.000000 1.772956 1.873915 2.367617 2.390551 1.014052 1.992118 1.028134 0.579548
 4346400.000000 1.766116 1.706935 2.393226 2.460423 0.979432 1.880237 1.018766 0.618972
 4348800.000000 1.904848 1.706545 2.313105 2.581416 0.945488 1.960978 1.058100 0.562609
 4351200.000000 1.730562 1.612095 2.295451 2.541578 0.926148 1.840676 0.974073 0.577620
 4353600.000000 1.710248 1.690340 2.254582 2.526852 0.998659 1.839650 1.061078 0.583637
 4356000.000000 1.582526 1.943476 2.209150 2.623071 0.950416 1.923567 0.992202 0.581982
 4358400.000000 1.652315 1.954456 2.323755 2.438184 1.027600 2.019961 0.958365 0.600842
 4360800.000000 1.576579 1.871073 2.405245 2.479792 1.010340 1.764625 1.034281 0.624754
 4363200.000000 1.626678 1.913407 2.258833 2.455074 0.978768 1.954649 1.044920 0.638595
 4365600.000000 1.567319 1.879121 2.353916 2.354629 0.983299 1.763685 1.016480 0.556398
 4368000.000000 1.611572 1.831977 2.409287 2.445182 0.921445 1.863198 0.996481 0.596386
 4370400.000000 1.740831 1.844222 2.318787 2.717440 0.940964 1.848828 0.986934 0.588550
 4372800.000000 1.770775 1.805692 2.368905 2.273046 0.959743 1.716734 0.998277 0.570009
 4375200.000000 1.860465 1.959364 2.330615 2.410558 0.927532 1.967107 1.015115 0.616516
 4377600.000000 1.869756 1.835759 2.386625 2.159050 0.955790 1.886338 1.014455 0.587937
 4380000.000000 1.794042 1.516089 2.473748 2.317693 0.928378 1.997541 1.025488 0.628215
 4382400.000000 1.770257 1.699478 2.542480 2.307040 0.954851 1.924225 0.999829 0.612226
 4384800.000000 1.730238 1.671354 2.451451 2.525639 0.951297 1.811487 1.025837 0.575821
 4387200.000000 1.979876 1.858064 2.616364 2.454983 0.971454 1.984676 0.999391 0.570586
 4389600.000000 1.955073 1.873936 2.530027 2.491837 0.999675 1.801704 1.008987 0.620414
 4392000.000000 1.920088 1.893640 2.520276 2.431252 0.880250 1.908075 0.951749 0.600873
 4394400.000000 1.707983 1.781617 2.270539 2.513645 1.008459 1.646155 0.936502 0.560336
 4396800.000000 1.710440 1.824092 2.291992 2.540375 1.047471 1.636219 1.019570 0.599200
 4399200.000000 1.689794 1.865312 2.236535 2.415267 0.962283 1.477810 0.963198 0.587694
 4401600.000000 1.715112 1.983231 2.403592 2.497518 0.976752 1.623716 0.990606 0.588652
 4404000.000000 1.678705 1.714039 2.505331 2.448656 1.007074 1.760272 0.948492 0.596794
 4406400.000000 1.707543 1.596778 2.592940 2.662642 0.933757 1.802110 1.054210 0.583105
 4408800.000000 1.638142 1.564049 2.449600 2.601934 0.975364 1.810281 1.025068 0.618083
 4411200.000000 1.728100 1.584240 2.540632 2.559874 0.977596 1.870124 0.962416 0.607901
 4413600.000000 1.651125 1.636403 2.485436 2.627261 0.946739 1.704233 0.991205 0.549815
 4416000.000000 1.575667 1.552751 2.478901 2.475411 0.970081 1.821499 0.979705 0.612315
 4418400.000000 1.503044 1.513064 2.705456 2.647618 0.982357 1.664913 1.001780 0.618934
 4420800.000000 1.603185 1.573952 2.488723 2.670814 0.984912 1.797120 0.994401 0.611013
 4423200.000000 1.773550 1.703641 2.509559 2.743677 0.933948 1.763984 0.904144 0.606737
 4425600.000000 1.823685 1.865975 2.355915 2.564102 0.985327 1.600763 0.936607 0.622475
 4428000.000000 1.810229 1.929692 2.308511 2.757271 0.904225 1.967259 0.981154 0.590944
 4430400.000000 1.693004 1.671541 2.414870 2.684401 1.039358 1.902438 0.999608 0.585200
 4432800.000000 1.623887 1.587285 2.525202 2.620715 0.981406 1.967940 0.973667 0.563441
 4435200.000000 1.683467 1.954128 2.474321 2.613345 0.957508 1.838887 0.951452 0.548649
 4437600.000000 1.704131 1.902708 2.380542 2.478803 1.022350 1.779958 0.994162 0.610817
 4440000.000000 1.645462 1.805142 2.298185 2.640714 0.999666 1.938681 1.031330 0.600726
 4442400.000000 1.818187 1.879384 2.458484 2.526839 0.881869 2.107462 1.004723 0.575254
 4444800.000000 1.870096 1.970657 2.162436 2.681268 0.901471 1.933147 0.956921 0.582151
 4447200.000000 1.928670 1.943985 2.206728 2.664003 0.879097 2.054054 0.971485 0.584995
 4449600.000000 1.861211 1.913882 2.123728 2.646385 0.909283 2.062773 0.991499 0.582718
 4452000.000000 1.828130 2.002437 2.059646 2.622349 0.908385 2.018473 0.988283 0.597297
 4454400.000000 1.814445 1.906416 2.068245 2.685821 0.948148 1.872354 0.924908 0.592625
 4456800.000000 1.851442 1.941380 2.307129 2.473599 0.990844 1.794866 0.965000 0.576233
 4459200.000000 2.051854 1.982387 2.178401 2.697470 0.999887 1.927336 0.955693 0.630831
 4461600.000000 1.913561 2.029965 2.243351 2.578660 1.039997 2.013356 0.975266 0.617477
 4464000.000000 1.871148 2.114040 2.162179 2.665074 1.047674 1.912755 1.026567 0.595633
 4466400.000000 1.797309 2.188001 2.215608 2.288142 1.127250 1.944003 1.020643 0.596489
 4468800.000000 1.688923 2.150934 2.213606 2.494132 0.953207 2.107865 1.033325 0.600062
 4471200.000000 1.833693 2.293702 2.334716 2.420346 0.887517 2.182325 0.991448 0.630412
 4473600.000000 1.664961 2.140572 2.262576 2.499898 0.996009 2.068678 1.010959 0.601004
 4476000.000000 1.867870 2.082085 2.385583 2.733580 0.880633 2.150380 1.010016 0.594936
 4478400.000000 1.722670 2.060196 2.428345 2.500939 0.966845 1.984321 1.012542 0.592154
 4480800.000000 2.019824 2.209755 2.599501 2.591732 0.800376 1.871749 1.013177 0.631802
 4483200.000000 1.906900 2.000118 2.337423 2.605678 0.871818 2.019150 1.005317 0.605887
 4485600.000000 1.985318 2.128099 2.217044 2.847266 0.907847 2.001386 0.957920 0.601216
 4488000.000000 1.811582 1.869865 2.136818 2.681490 1.042854 1.972039 1.096987 0.620518
 4490400.000000 1.880080 1.947899 2.237162 2.748946 0.944180 1.880102 1.022184 0.647887
 4492800.000000 1.950858 2.174802 2.207758 2.821485 0.881972 1.962167 1.025448 0.644908
 4495200.000000 1.878856 1.873075 2.200925 2.716114 0.988716 1.934944 0.959486 0.635923
 4497600.000000 1.850170 2.107511 2.082949 2.720005 0.922877 1.896516 0.930111 0.626232
 4500000.000000 1.805953 2.238882 2.164145 2.738282 0.888789 1.937930 0.948362 0.573105
 4502400.000000 1.792492 2.177133 2.137821 2.779448 0.983913 1.920079 0.987071 0.634038
 4504800.000000 1.817528 2.224835 2.158104 2.855602 1.003102 1.966968 1.053183 0.657531
 4507200.000000 1.626584 2.269323 2.157097 2.827507 0.976368 1.878732 0.962788 0.600395
 4509600.000000 2.067774 2.201760 2.119224 2.764860 0.985323 1.843495 1.046484 0.595439
 4512000.000000 1.694326 2.212013 2.032998 2.708982 1.045704 1.704055 1.015048 0.659819
 4514400.000000 1.558539 2.001792 2.067693 2.755044 0.931905 1.906133 0.973390 0.618596
 4516800.000000 1.656164 2.182857 2.110679 2.777905 0.999901 1.819195 0.923086 0.597017
 4519200.000000 1.804619 2.364061 2.087762 2.917617 0.939513 1.802291 0.884874 0.619661
 4521600.000000 1.882476 2.220484 2.059165 2.757745 0.932611 1.841424 1.029007 0.601261
 4524000.000000 1.995035 2.351292 2.128585 2.640653 1.023870 1.994347 0.960549 0.591226
 4526400.000000 1.932743 2.161673 2.078858 2.858852 0.877709 1.765928 1.134935 0.575309
 4528800.000000 1.957695 2.246073 2.111571 2.680625 0.943243 1.819598 1.047910 0.615393
 4531200.000000 1.908548 2.174035 2.126386 2.767156 0.881020 2.038228 0.989030 0.594622
 4533600.000000 1.804940 2.215928 2.125577 2.760386 0.923717 1.984932 1.067359 0.584924
 4536000.000000 1.988761 2.275749 2.094177 2.798829 0.931454 1.834275 1.003149 0.600009
 4538400.000000 1.982755 2.063673 2.150433 2.856658 0.853957 2.012504 0.972755 0.604078
 4540800.000000 1.985063 2.172994 2.015482 3.072833 0.877936 1.997768 1.003938 0.604606
 4543200.000000 1.947840 2.212353 2.168834 2.830462 0.944919 1.873875 1.016531 0.631092
 4545600.000000 1.998901 2.068105 2.144578 2.771581 0.873424 1.931225 1.043226 0.629125
 4548000.000000 1.802947 2.009499 2.178077 2.856926 0.884427 1.910547 1.007121 0.638937
 4550400.000000 1.899161 2.151887 2.000706 2.982181 0.943671 2.040077 1.028096 0.580632
 4552800.000000 1.858728 2.137224 2.013845 2.823478 0.877940 1.955843 1.056105 0.632983
 4555200.000000 2.028382 2.000982 2.146106 2.907753 0.881030 1.974148 0.993850 0.590339
 4557600.000000 1.852510 2.029225 2.197880 2.939756 0.926021 1.997878 1.104522 0.622333
 4560000.000000 1.892324 2.084907 2.177779 2.901622 0.857232 2.115002 1.028830 0.636299
 4562400.000000 1.616273 2.080849 2.160505 2.819594 0.998801 2.070757 1.044158 0.620834
 4564800.000000 1.907809 2.157318 2.191898 2.977531 0.914419 2.088681 0.988497 0.657167
 4567200.000000 1.949945 2.011286 2.221535 2.940874 0.876977 2.042204 1.031610 0.611632
 4569600.000000 2.103347 1.971187 2.176752 2.982182 0.942803 2.185415 1.095462 0.607655
 4572000.000000 2.163313 2.417975 2.045776 2.955373 0.884446 2.182145 1.040758 0.622189
 4574400.000000 2.166355 2.227960 2.055832 3.113614 0.838591 2.007539 1.075080 0.627956
 4576800.000000 2.019507 2.294375 2.039124 2.931215 0.865270 1.895070 1.092729 0.648868
 4579200.000000 2.003465 2.332304 1.992868 2.979015 0.896440 2.098821 0.967737 0.606496
 4581600.000000 1.735818 2.234253 2.037435 2.923598 1.030413 1.820391 1.046770 0.590209
 4584000.000000 1.851772 2.085082 2.081619 2.776146 0.960129 1.959028 1.039065 0.609412
 4586400.000000 1.971036 2.202319 2.155462 3.055057 0.816452 1.953147 1.006750 0.615343
 4588800.000000 1.776668 2.168621 2.107139 2.888355 0.933917 1.990340 1.029463 0.602203
 4591200.000000 1.874910 2.229072 2.023257 2.760950 0.895651 2.113382 1.045211 0.657195
 4593600.000000 1.768951 2.228534 2.136763 2.717399 1.002580 1.979828 1.007798 0.637214
 4596000.000000 1.906002 2.148643 2.167126 2.823462 0.887344 2.110061 0.999658 0.603478
 4598400.000000 2.071781 2.029873 2.132403 2.973222 0.894636 1.970274 0.997194 0.598467
 4600800.000000 1.734228 1.995024 2.162519 2.756404 0.942923 2.055490 1.026333 0.626024
 4603200.000000 1.804361 2.122766 2.166378 2.877918 0.963538 1.954665 1.042224 0.598134
 4605600.000000 1.886882 2.047108 2.363375 2.782589 0.935484 2.069602 1.024511 0.666793
 4608000.000000 1.801450 1.983969 2.101283 2.619841 0.984962 2.073544 1.043313 0.625325
 4610400.000000 1.879838 2.203337 2.174002 2.649053 1.015213 1.989759 1.007989 0.642335
 4612800.000000 2.001902 2.289558 2.205101 2.869572 1.047516 2.076470 0.951081 0.615346
 4615200.000000 2.071323 2.369509 2.105135 2.964599 0.859201 2.018735 1.025403 0.613203
 4617600.000000 1.601710 2.235978 2.131179 2.902607 0.898969 2.052969 1.056740 0.621975
 4620000.000000 1.618417 2.009241 2.259297 2.862429 0.910033 1.983003 1.015331 0.617192
 4622400.000000 1.695077 2.218173 2.229320 2.901471 0.937642 1.956035 1.020906 0.586131
 4624800.000000 1.718232 2.345486 2.183066 2.628803 0.987254 1.976623 1.028470 0.610027
 4627200.000000 1.772118 2.300664 2.096754 2.710820 0.950461 2.025743 1.035877 0.616509
 4629600.000000 1.919664 2.140339 2.220894 2.639878 1.114710 1.885188 1.058653 0.614408
 4632000.000000 1.803924 2.047594 2.073653 2.876785 0.899569 2.063257 0.995828 0.626433
 4634400.000000 1.696814 2.059193 2.067154 2.813555 0.875870 1.950774 1.012786 0.595716
 4636800.000000 1.786985 2.057053 2.151684 2.876332 0.928902 1.998159 1.000077 0.624790
 4639200.000000 1.880118 2.026421 1.985663 2.903794 0.854834 2.249460 1.030524 0.625626
 4641600.000000 2.046283 2.154218 2.144322 2.892637 0.904368 2.065576 1.000407 0.624824
 4644000.000000 1.916829 2.059851 2.183957 2.892159 0.975826 2.103819 0.943798 0.615424
 4646400.000000 1.873150 2.080714 2.186360 2.990708 0.944928 2.142258 0.975864 0.625754
 4648800.000000 1.819514 1.967545 2.068519 2.922797 0.946997 1.973436 1.062996 0.617389
 4651200.000000 1.757574 1.844934 2.101278 2.689353 0.993703 1.946547 0.967725 0.580454
 4653600.000000 1.929135 2.322466 2.063717 2.730240 0.984822 1.923141 1.007891 0.594759
 4656000.000000 1.875240 2.431141 2.182328 2.831483 0.948565 1.969697 0.928565 0.582453
 4658400.000000 1.829690 2.416434 2.202481 2.746772 0.944066 1.913355 0.939456 0.615541
 4660800.000000 1.786502 2.421724 2.217811 2.787178 0.968114 1.997736 1.009287 0.555314
 4663200.000000 1.630248 2.452844 2.136789 2.847967 0.999321 1.974221 1.010128 0.623591
 4665600.000000 1.742667 2.488198 2.258126 2.854040 1.012100 2.058947 1.007468 0.568822
 4668000.000000 1.912757 2.112093 2.188086 2.661112 1.053595 1.747534 0.908919 0.622846
 4670400.000000 1.634629 2.153509 2.192204 2.653863 1.027118 1.836119 1.012448 0.609249
 4672800.000000 1.798958 2.356823 2.151681 2.810767 1.035004 1.918767 0.959381 0.601590
 4675200.000000 1.871724 2.290832 2.139675 2.563611 1.052246 1.867838 0.924690 0.636263
 4677600.000000 2.012322 2.490126 2.099949 2.847518 0.935839 1.980904 0.876695 0.585108
 4680000.000000 1.790360 2.416963 2.151909 2.818600 0.870906 1.902664 1.124274 0.613979
 4682400.000000 1.687399 2.411170 2.241528 2.697397 1.057753 1.929484 1.032011 0.603560
 4684800.000000 1.799686 2.472509 2.072976 2.779705 0.962680 1.985289 1.019030 0.618859
 4687200.000000 1.618124 2.106369 1.964621 2.789784 1.008121 1.860756 1.067907 0.596178
 4689600.000000 1.740865 2.381253 2.049116 2.969211 0.997777 1.982240 1.125722 0.623111
 4692000.000000 1.840549 2.509217 2.084767 2.984803 0.960993 1.989096 1.048161 0.605249
 4694400.000000 1.710052 2.468883 2.124470 2.952485 0.927997 2.070995 1.011476 0.677083
 4696800.000000 1.823368 2.249245 2.142291 3.289554 0.974848 2.285827 1.110760 0.679428
 4699200.000000 1.752827 2.209120 2.241008 3.169516 0.915359 2.053940 1.069386 0.676931
 4701600.000000 1.848108 2.185442 2.060712 3.077110 0.995392 1.995357 1.043575 0.611543
 4704000.000000 1.641438 2.263718 2.051237 3.035296 1.024927 2.059057 1.001246 0.627377
 4706400.000000 1.627844 2.407325 2.070676 2.906203 1.009916 2.068272 1.093689 0.621303
 4708800.000000 1.621350 2.255432 2.187745 2.938216 1.090452 1.922485 1.143760 0.678123
 4711200.000000 1.792354 2.254515 2.052346 2.945291 0.974702 1.778489 1.035189 0.626756
 4713600.000000 1.806447 2.221487 2.025538 2.868289 0.888586 2.030812 1.004098 0.588905
 4716000.000000 1.663962 2.318510 2.078804 2.879957 1.049863 1.950075 1.010854 0.599970
 4718400.000000 1.853224 2.243403 2.155287 2.745201 1.023384 2.085981 0.969648 0.622681
 4720800.000000 1.912940 2.313690 2.046277 2.761645 1.074579 1.948404 1.029973 0.622036
 4723200.000000 1.768939 2.208999 2.031084 2.916830 1.032183 2.017786 0.991945 0.625477
 4725600.000000 1.903403 2.132448 2.160430 2.725943 1.057583 1.915577 1.034651 0.641874
 4728000.000000 1.904275 2.257208 2.172393 2.620890 1.019424 1.962524 0.998670 0.640020
 4730400.000000 1.621415 2.338599 2.202190 2.672203 0.999634 1.891624 1.052195 0.660098
 4732800.000000 1.774308 2.345824 2.136984 2.433647 1.059902 1.934123 1.015779 0.672345
 4735200.000000 1.894756 2.391159 2.175497 2.683694 0.981647 2.037395 1.074922 0.657555
 4737600.000000 1.827767 2.208579 2.082094 2.668131 0.993401 1.935471 0.981961 0.603129
 4740000.000000 1.950688 2.174514 2.209521 2.691188 0.976368 2.013980 1.004979 0.636878
 4742400.000000 1.834002 2.038114 2.113638 2.760366 0.967081 2.011561 0.989861 0.616139
 4744800.000000 1.815293 2.021873 2.124013 2.939117 0.905562 2.033322 0.991144 0.600556
 4747200.000000 1.817465 2.039877 2.336370 2.719007 0.941404 1.944482 0.998102 0.590123
 4749600.000000 1.811585 2.217955 2.316094 2.648169 1.001775 2.013632 0.955583 0.621631
 4752000.000000 1.795369 2.130284 2.032707 2.685001 0.933598 1.966867 1.017215 0.651031
 4754400.000000 1.959508 2.238244 2.037108 2.665844 1.014441 1.839983 0.946927 0.632706
 4756800.000000 1.837020 2.201549 2.221148 2.691731 0.940497 2.072225 1.073897 0.643282
 4759200.000000 1.914732 2.297481 2.105946 2.655746 1.015351 1.942188 0.988863 0.639265
 4761600.000000 1.878890 2.351007 2.035119 2.614202 0.953680 1.924716 1.016315 0.609028
 4764000.000000 1.693565 2.066270 2.078577 2.641664 0.921899 1.934935 0.998782 0.596775
 4766400.000000 1.619143 2.133830 2.065202 2.510028 1.009380 2.007441 0.994658 0.565573
 4768800.000000 1.862567 2.150128 2.073707 2.565501 0.902154 2.075553 0.967235 0.596603
 4771200.000000 2.045273 2.062614 2.110032 2.816664 0.815080 1.998133 1.041892 0.616694
 4773600.000000 1.842193 2.119617 2.131958 2.647976 0.913882 2.068578 1.080411 0.624748
 4776000.000000 1.956050 2.039446 2.065445 2.625769 1.016208 2.026004 1.017029 0.612133
 4778400.000000 1.811199 2.016858 2.058552 2.737176 0.839670 2.030493 1.107468 0.636413
 4780800.000000 1.888950 2.090760 2.076261 2.662525 0.904621 2.025052 1.010176 0.596144
 4783200.000000 1.722655 2.005163 2.065792 2.809030 0.936352 2.107109 1.071436 0.618456
 4785600.000000 1.804769 2.089476 2.085195 2.794253 0.918584 2.037570 1.128519 0.635568
 4788000.000000 1.829311 2.165852 2.179383 2.531170 0.937235 1.959754 1.099298 0.614943
 4790400.000000 1.752820 2.109045 2.205909 2.517718 0.915470 1.987332 0.996640 0.658724
 4792800.000000 1.712415 2.215993 2.230245 2.571132 0.960261 2.088179 1.080512 0.626888
 4795200.000000 2.179161 2.337826 2.176188 2.780837 0.976996 2.055090 1.000385 0.625690
 4797600.000000 1.912010 2.335096 2.054008 2.773855 0.958512 1.939854 1.045581 0.603607
 4800000.000000 1.808660 2.286824 2.047113 2.687788 1.008692 1.965631 1.037338 0.619872
 4802400.000000 1.694078 2.396739 2.005980 2.638925 1.051459 2.010666 1.049024 0.634104
 4804800.000000 1.704778 2.155514 1.942604 2.650142 0.979893 1.959708 1.045319 0.601739
 4807200.000000 1.727371 2.387723 1.993287 2.664380 0.929103 2.161978 1.048680 0.619356
 4809600.000000 1.847340 2.126981 2.051073 2.448925 1.051289 2.047052 1.006144 0.619457
 4812000.000000 1.782196 2.385884 2.266383 2.627137 0.902961 2.085623 1.078145 0.594826
 4814400.000000 1.943588 2.298097 2.017134 2.727618 0.858554 1.961634 1.028013 0.624783
 4816800.000000 1.841912 2.314822 2.086964 2.679671 0.952310 2.001083 0.974217 0.569640
 4819200.000000 1.816596 2.344719 2.144569 2.577694 0.980460 1.944669 1.022937 0.617462
 4821600.000000 1.901653 2.486413 1.961598 2.661365 0.975999 1.921800 1.065532 0.664153
 4824000.000000 1.832202 2.585531 2.049872 2.647215 0.902526 1.909559 1.035239 0.641703
 4826400.000000 1.932532 2.508815 2.059408 2.554151 0.952085 2.002474 1.056496 0.609451
 4828800.000000 2.091424 2.421728 1.999342 2.658189 0.935454 1.964119 1.009693 0.623447
 4831200.000000 1.912178 2.560471 2.136851 2.578462 0.941811 2.091472 1.023118 0.583141
 4833600.000000 1.831388 2.513455 1.994199 2.568996 0.984001 2.095774 1.011895 0.622756
 4836000.000000 1.738243 2.579802 2.038392 2.574309 0.962346 2.029533 1.020804 0.608745
 4838400.000000 1.742006 2.398998 2.142675 2.610909 0.970868 1.875320 1.039214 0.567021
 4840800.000000 1.868762 2.472601 2.179146 2.659659 0.862676 1.961562 1.056421 0.578400
 4843200.000000 1.731491 2.652027 2.061134 2.641991 0.919150 1.977193 1.038946 0.624386
 4845600.000000 1.771478 2.488809 2.136058 2.763843 0.966636 1.983104 1.023956 0.611392
 4848000.000000 1.840454 2.437243 2.110366 2.553030 0.951038 1.969555 1.008125 0.616345
 4850400.000000 2.028461 2.532089 2.096301 2.661715 0.948987 1.990117 1.025798 0.614108
 4852800.000000 1.826062 2.521895 1.915873 2.491760 0.984314 1.943921 0.967062 0.648838
 4855200.000000 1.752667 2.553723 2.109282 2.892764 0.940678 1.913929 1.028064 0.614538
 4857600.000000 2.095666 2.549650 2.150251 2.947698 0.821970 1.924939 1.064210 0.613694
 4860000.000000 1.775613 2.435335 2.126050 2.692590 0.937747 1.994446 1.056358 0.619108
 4862400.000000 1.770030 2.415114 2.109541 2.469012 0.971214 1.915264 1.014144 0.572864
 4864800.000000 1.875396 2.344768 2.199968 2.518090 0.881346 1.970286 1.008433 0.610409
 4867200.000000 1.959810 2.283430 2.130526 2.518296 0.837105 1.997824 1.014152 0.637419
 4869600.000000 1.958328 2.379651 2.227318 2.335870 0.913680 1.818164 0.999483 0.605758
 4872000.000000 1.930100 2.388218 2.129548 2.487588 0.935761 1.967894 1.004709 0.630625
 4874400.000000 1.873180 2.439284 2.221152 2.515602 0.864769 1.975113 1.002019 0.620200
 4876800.000000 1.822327 2.341997 2.525841 2.423282 0.881002 1.948863 1.011187 0.593023
 4879200.000000 1.809916 2.531890 2.413010 2.561802 0.868024 2.094973 1.070448 0.632189
 4881600.000000 1.939028 2.428774 2.591418 2.600452 0.868888 2.088288 0.952388 0.598587
 4884000.000000 1.878332 2.158869 2.558128 2.361754 0.885305 1.962195 1.041036 0.611922
 4886400.000000 2.050831 2.084520 2.592281 2.319180 0.963393 1.845619 0.992288 0.593785
 4888800.000000 1.882477 2.146342 2.421655 2.463321 0.874653 1.995877 1.008744 0.626602
 4891200.000000 1.852808 2.214059 2.529449 2.214486 1.037410 2.020119 0.998367 0.609215
 4893600.000000 1.659543 2.147320 2.424884 2.297704 1.103247 1.888562 1.128240 0.659904
 4896000.000000 1.991662 2.281102 2.354936 2.438291 0.983637 1.839406 1.106619 0.676113
 4898400.000000 1.896497 2.156250 2.492457 2.419635 0.936328 2.017084 1.090076 0.593193
 4900800.000000 1.889792 2.249625 2.445103 2.358594 0.916155 1.890504 1.043723 0.574297
 4903200.000000 1.718739 2.288017 2.509505 2.223763 0.981465 2.004499 1.005351 0.594000
 4905600.000000 1.801507 2.283481 2.481957 2.346401 0.958200 1.943049 1.066976 0.599359
 4908000.000000 1.697519 2.093509 2.472454 2.311373 0.935034 1.909791 1.049345 0.610975
 4910400.000000 1.678332 2.217937 2.492436 2.291269 0.956962 1.746651 1.043755 0.615657
 4912800.000000 1.755547 2.279652 2.604761 2.341549 1.024408 1.921011 1.019840 0.578641
 4915200.000000 1.889576 2.351114 2.334583 2.563490 1.033182 1.904540 0.943290 0.612938
 4917600.000000 1.786900 2.234139 2.370621 2.443094 1.023413 2.056832 0.918577 0.591580
 4920000.000000 1.810526 2.182382 2.430792 2.408623 0.936125 2.081320 0.924431 0.613704
 4922400.000000 1.684596 2.329567 2.431966 2.433496 0.989523 2.099894 0.970269 0.648066
 4924800.000000 1.713427 2.063281 2.373432 2.667009 0.890477 1.906533 0.908808 0.658038
 4927200.000000 1.715125 2.246496 2.455796 2.519688 0.938142 2.144703 1.003649 0.602365
 4929600.000000 1.718282 2.387029 2.488269 2.579412 0.880520 1.834350 1.029018 0.616491
 4932000.000000 1.832035 2.356101 2.545482 2.230804 0.910407 2.062861 0.989416 0.673422
 4934400.000000 1.682618 2.227310 2.497616 2.373078 0.873520 1.974913 0.967901 0.627531
 4936800.000000 1.857656 2.239358 2.411217 2.349086 0.996841 2.061771 0.895378 0.620946
 4939200.000000 1.819012 2.432508 2.474150 2.469050 0.900639 2.034579 0.981270 0.629666
 4941600.000000 1.772190 2.345547 2.481481 2.288440 1.011989 2.038456 1.026148 0.622530
 4944000.000000 1.828173 2.192480 2.437405 2.260900 0.971647 1.985211 0.956237 0.633976
 4946400.000000 1.949564 2.321789 2.446037 2.325580 0.935926 2.000183 1.031034 0.622846
 4948800.000000 1.750691 2.387496 2.564176 2.319962 0.952056 2.034766 1.111241 0.636280
 4951200.000000 1.769036 2.221143 2.548133 2.477219 0.878504 1.981914 1.005650 0.637688
 4953600.000000 1.747406 2.385728 2.510276 2.292821 0.980032 2.007474 1.027376 0.590224
 4956000.000000 1.697606 2.278956 2.419255 2.373318 0.905615 2.121865 1.025473 0.599567
 4958400.000000 1.726575 2.285653 2.238466 2.298875 0.924135 1.891022 1.053589 0.580427
 4960800.000000 1.738710 2.305686 2.393286 2.407897 0.927274 1.849510 0.908124 0.620888
 4963200.000000 1.676163 2.259138 2.461390 2.234171 0.999200 1.993693 0.968724 0.591653
 4965600.000000 1.697566 2.147834 2.316226 2.337767 0.982317 1.914933 1.089002 0.621001
 4968000.000000 1.754578 2.380442 2.289093 2.239715 1.010385 1.880821 0.994250 0.592051
 4970400.000000 1.598774 2.285052 2.246019 2.322985 0.966493 1.999002 0.985152 0.618734
 4972800.000000 1.786762 2.487239 2.303469 2.278176 1.036283 2.037501 1.010042 0.652600
 4975200.000000 1.758627 2.538958 2.225209 2.336958 1.091629 2.010114 1.007429 0.604763
 4977600.000000 1.692953 2.434464 2.285751 2.239043 1.016150 1.959207 1.053505 0.600205
 4980000.000000 1.818580 2.464357 2.348156 2.320283 1.002930 1.930008 0.950348 0.623161
 4982400.000000 1.623824 2.486551 2.290541 2.248135 1.018479 1.921314 1.095600 0.634166
 4984800.000000 1.561581 2.390741 2.196325 2.300264 1.016663 1.849740 1.083314 0.659199
 4987200.000000 1.706063 2.506264 2.283000 2.263130 0.957215 1.867685 0.997095 0.623003
 4989600.000000 1.806793 2.439333 2.108426 2.209277 1.138085 1.943218 0.999257 0.602246
 4992000.000000 1.919036 2.503231 2.220398 2.399354 1.060346 1.925897 1.070512 0.578916
 4994400.000000 1.949876 2.534288 2.172880 2.418553 1.034042 2.048171 1.040570 0.652791
 4996800.000000 2.029537 2.477070 2.157307 2.591555 0.939662 1.848743 1.010484 0.614295
 4999200.000000 2.012383 2.497670 2.339636 2.476880 0.942401 1.995795 1.126508 0.693762
 5001600.000000 1.799065 2.498338 2.375249 2.530870 0.930667 2.046779 1.036552 0.615025
