#! FIELDS time TM1_TM6 TM1_ICL2 ICL2_TM5 TM6_H8 TM3_TM6 Npxxy N300_S115 L78_Y297
 0.000000 2.041612 1.614717 2.561893 1.770725 1.082566 1.302678 0.990476 0.595050
 2400.000000 2.116853 1.764610 2.623417 1.728140 1.119779 1.345366 0.970213 0.639836
 4800.000000 2.255828 1.820836 2.629024 1.794929 1.078004 1.241701 0.939605 0.637530
 7200.000000 2.100712 1.665021 2.476854 1.706946 1.053598 1.301928 1.039131 0.656917
 9600.000000 2.028186 1.804621 2.533536 1.756372 1.103138 1.194141 0.993700 0.692233
 12000.000000 2.124063 1.846953 2.629541 1.788924 1.136811 1.221575 1.035462 0.634038
 14400.000000 2.130824 1.661023 2.627789 1.897114 0.969619 1.238338 1.044427 0.639607
 16800.000000 2.148656 1.767969 2.598296 1.835874 1.115509 1.241027 1.006412 0.605103
 19200.000000 2.086910 1.757101 2.612818 1.847801 0.958773 1.282104 1.068218 0.585995
 21600.000000 2.046321 1.885287 2.633083 1.772721 1.017112 1.280693 1.043736 0.594305
 24000.000000 1.897035 1.791821 2.704890 1.778708 1.033999 1.249063 1.006583 0.611962
 26400.000000 2.045794 1.809075 2.599558 1.824279 0.979192 1.295618 1.030172 0.620219
 28800.000000 2.088193 1.789383 2.665822 1.486642 1.001766 1.212121 0.942145 0.652480
 31200.000000 2.079927 1.876608 2.533820 1.560373 1.056614 1.226364 0.970722 0.616484
 33600.000000 2.145630 1.978437 2.612670 1.501277 0.964829 1.287823 1.012825 0.607201
 36000.000000 2.310003 2.162757 2.527646 1.598450 0.933540 1.208211 0.992102 0.624277
 38400.000000 2.114307 1.909510 2.483965 1.529187 1.004695 1.211537 0.982883 0.611361
 40800.000000 2.105932 1.929300 2.438640 1.489475 1.094047 1.297968 0.974830 0.600159
 43200.000000 2.231476 1.995834 2.488846 1.445971 1.063081 1.154925 1.002883 0.635790
 45600.000000 2.290897 1.922240 2.281637 1.505299 1.044358 1.154821 0.926928 0.627552
 48000.000000 2.172663 1.885246 2.391472 1.443259 0.999160 1.098461 0.910635 0.659346
 50400.000000 2.229949 1.919325 2.515307 1.543822 1.049622 1.174153 1.011149 0.636676
 52800.000000 2.286188 2.011341 2.519243 1.493817 1.065950 1.175277 1.043948 0.586103
 55200.000000 2.081645 1.955972 2.622734 1.538367 1.009503 1.275383 1.001135 0.633322
 57600.000000 2.054113 1.811438 2.513063 1.486277 1.053589 1.351740 1.015981 0.567562
 60000.000000 2.171564 2.018127 2.513054 1.507466 1.061298 1.249510 0.993078 0.582554
 62400.000000 2.126910 2.011193 2.545366 1.526175 1.018614 1.139552 1.114307 0.611817
 64800.000000 2.210701 2.192976 2.602278 1.558616 0.969044 1.072618 0.983713 0.540095
 67200.000000 2.073049 1.992235 2.471176 1.540495 0.972945 1.280570 1.021019 0.647385
 69600.000000 2.049197 1.939856 2.498920 1.545627 1.029488 1.235559 0.994351 0.604936
 72000.000000 2.110164 2.062529 2.385500 1.622343 1.042086 1.245908 1.086909 0.702306
 74400.000000 2.269968 2.084893 2.403184 1.603235 1.194307 1.311736 1.017605 0.608592
 76800.000000 2.239217 2.007627 2.527450 1.600960 1.169463 1.317355 1.016170 0.623134
 79200.000000 2.055421 2.001552 2.498845 1.551083 1.092597 1.223785 1.077015 0.668754
 81600.000000 2.111742 1.996996 2.482421 1.537185 1.168247 1.197156 1.042001 0.632047
 84000.000000 2.055820 2.000650 2.597428 1.605435 1.072983 1.263409 1.026512 0.618851
 86400.000000 2.120969 2.041481 2.443669 1.502895 1.070854 1.285845 1.006788 0.608350
 88800.000000 2.158241 2.031237 2.484387 1.600163 1.281375 1.310654 1.049932 0.623948
 91200.000000 2.160585 2.076942 2.524406 1.510338 1.206176 1.260954 1.055373 0.560876
 93600.000000 2.204335 1.874510 2.484884 1.551645 1.034573 1.178831 0.980048 0.620414
 96000.000000 2.176207 1.961400 2.452645 1.563013 1.141540 1.210136 1.070706 0.644262
 98400.000000 2.001466 2.079778 2.469738 1.548096 1.187726 1.270604 1.028745 0.599093
 100800.000000 2.265587 2.002809 2.503611 1.467977 1.174668 1.182144 0.996733 0.622459
 103200.000000 2.020843 1.930880 2.540618 1.595513 1.175185 1.338825 1.057609 0.620831
 105600.000000 2.144420 1.925172 2.510632 1.500308 1.049488 1.183759 1.084775 0.648294
 108000.000000 2.077984 1.907693 2.501381 1.481267 1.221796 1.298845 1.046509 0.631258
 110400.000000 1.977487 1.890025 2.509206 1.521575 1.088091 1.305546 0.961413 0.654605
 112800.000000 2.014537 1.997598 2.470129 1.516696 1.105442 1.313549 0.985633 0.662890
 115200.000000 2.125810 1.896900 2.491844 1.656972 1.070371 1.221932 1.030877 0.624619
 117600.000000 2.168460 1.962337 2.422211 1.503188 1.150295 1.195099 1.021100 0.608548
 120000.000000 2.142830 2.033919 2.525688 1.591419 1.190048 1.332488 0.980728 0.645205
 122400.000000 2.049331 2.095703 2.508647 1.542238 1.159813 1.260455 1.021993 0.651635
 124800.000000 2.084512 1.848288 2.561850 1.495688 1.213610 1.257150 1.027858 0.619551
 127200.000000 2.045704 1.918851 2.512307 1.486797 1.170806 1.226459 1.023221 0.675518
 129600.000000 2.114170 2.066743 2.425511 1.388705 1.221814 1.273134 1.002142 0.646089
 132000.000000 2.034948 1.929203 2.533994 1.475004 1.123617 1.240237 1.006424 0.628538
 134400.000000 2.037411 1.946952 2.502528 1.538881 1.129088 1.290343 0.984016 0.661166
 136800.000000 2.109273 1.826814 2.526798 1.487590 1.106307 1.272342 0.970542 0.642524
 139200.000000 2.107869 1.883135 2.595709 1.503638 1.211941 1.323484 1.031382 0.613014
 141600.000000 2.063024 1.894457 2.508393 1.473793 1.139058 1.269829 0.998245 0.636454
 144000.000000 2.026892 1.901175 2.540514 1.458428 1.167260 1.223327 1.013887 0.618237
 146400.000000 2.120675 2.031897 2.538171 1.733138 1.134242 1.237181 1.033599 0.536194
 148800.000000 2.021884 1.956614 2.563833 1.571949 1.088867 1.157820 1.037652 0.661324
 151200.000000 2.190651 1.944499 2.500360 1.865446 1.004178 1.302957 0.961966 0.635268
 153600.000000 2.330126 2.042834 2.524428 1.793357 1.107251 1.357810 0.992661 0.655541
 156000.000000 2.160638 1.857741 2.511502 1.736898 1.195811 1.281984 1.013966 0.647370
 158400.000000 2.066672 1.682850 2.545220 1.674003 1.171500 1.278974 0.982213 0.693186
 160800.000000 2.116844 1.774239 2.496233 1.484985 1.207794 1.130428 0.968827 0.588334
 163200.000000 1.967567 1.754328 2.502749 1.447442 1.160194 1.170508 0.967526 0.618547
 165600.000000 2.110506 1.861965 2.476513 1.529837 1.023827 1.168925 0.979255 0.628067
 168000.000000 2.208084 1.864569 2.472274 1.449304 1.112555 1.374813 1.016171 0.594450
 170400.000000 2.331038 1.937980 2.521621 1.778191 1.005127 1.443784 1.026868 0.612172
 172800.000000 2.244603 1.910723 2.594502 1.631710 1.026361 1.262788 0.952243 0.613386
 175200.000000 2.249167 1.802461 2.602920 1.441422 1.147706 1.286741 0.952774 0.641878
 177600.000000 2.207414 1.927850 2.490206 1.535136 1.162973 1.213389 0.977632 0.605075
 180000.000000 2.157909 1.986032 2.443040 1.539295 1.011130 1.265972 1.031411 0.644849
 182400.000000 2.107246 1.911623 2.421064 1.519370 1.119441 1.268469 0.975968 0.625596
 184800.000000 2.284262 2.030495 2.362101 1.510025 1.105247 1.184788 0.995564 0.603666
 187200.000000 2.252959 2.116522 2.422413 1.585037 1.018162 1.223469 0.948284 0.626679
 189600.000000 2.122961 1.892431 2.471583 1.488791 1.145702 1.257542 0.955243 0.628737
 192000.000000 2.123427 1.975025 2.518111 1.499780 0.940712 1.215258 1.046569 0.659640
 194400.000000 2.004691 2.056619 2.358845 1.567333 1.003722 1.225012 0.990878 0.625655
 196800.000000 2.240496 2.000435 2.447476 1.591997 1.103131 1.159243 0.958168 0.603937
 199200.000000 1.976232 1.940793 2.622619 1.503988 1.080240 1.267265 1.068364 0.630686
 201600.000000 2.080075 1.940117 2.571328 1.599923 1.199501 1.299520 0.990565 0.623614
 204000.000000 2.086521 1.765197 2.541179 1.533576 1.038544 1.230969 1.027481 0.608149
 206400.000000 2.126506 1.870096 2.406315 1.546710 1.093726 1.230318 0.996122 0.632782
 208800.000000 2.107870 1.741745 2.454453 1.556518 0.935285 1.175858 1.008095 0.668186
 211200.000000 2.127600 1.892509 2.381924 1.528788 1.004596 1.324735 0.963199 0.664054
 213600.000000 2.194490 1.910408 2.353427 1.509036 1.027556 1.289830 0.989966 0.590562
 216000.000000 2.203932 2.024980 2.536413 1.548278 1.104723 1.379266 0.970138 0.636461
 218400.000000 2.154036 1.846195 2.480213 1.465648 1.073000 1.209310 0.995416 0.628492
 220800.000000 2.175004 1.987354 2.389549 1.571116 1.039612 1.309983 0.934475 0.633254
 223200.000000 2.098667 1.931208 2.365501 1.596531 0.999013 1.312034 0.944284 0.654048
 225600.000000 1.787761 1.871912 2.394157 1.522521 1.031049 1.143401 1.097192 0.643807
 228000.000000 1.977638 1.994403 2.362721 1.626893 1.080021 1.196081 1.063269 0.622569
 230400.000000 1.850863 1.983066 2.478053 1.620088 1.147928 1.213810 0.998885 0.592488
 232800.000000 2.057443 2.173409 2.526092 1.767034 0.953111 1.243078 0.975040 0.612302
 235200.000000 1.925943 1.873663 2.382924 1.796731 0.967107 1.292887 1.121436 0.611986
 237600.000000 1.835718 1.733093 2.678096 1.652406 1.019044 1.268507 1.168365 0.660176
 240000.000000 2.145860 1.925799 2.635173 1.737784 1.062686 1.398490 1.032665 0.619366
 242400.000000 2.066170 1.742495 2.595931 1.759524 0.973736 1.391760 1.023301 0.553241
 244800.000000 2.017745 1.842953 2.624685 1.617366 1.061992 1.394018 1.044834 0.618901
 247200.000000 2.211457 1.847191 2.487429 1.898503 0.954425 1.471029 1.050238 0.624837
 249600.000000 2.178575 1.957027 2.610840 1.693527 0.958675 1.313265 0.947554 0.644021
 252000.000000 2.126063 1.880044 2.564104 1.768428 0.999586 1.380423 1.014935 0.578243
 254400.000000 2.010780 1.860670 2.506105 1.685940 1.001827 1.258800 1.026654 0.599233
 256800.000000 2.106984 1.803615 2.437177 1.535557 0.907838 1.413672 1.020039 0.618040
 259200.000000 2.153877 1.822335 2.540394 1.535150 0.999605 1.295371 1.022979 0.637177
 261600.000000 2.218178 1.906764 2.453814 1.586586 0.954319 1.325524 0.994333 0.603631
 264000.000000 1.997807 1.826454 2.440562 1.521478 1.007652 1.308230 1.107578 0.652782
 266400.000000 2.154569 1.877310 2.464066 1.535438 1.015012 1.288848 1.064631 0.555796
 268800.000000 2.182488 1.985308 2.446765 1.533989 0.947698 1.354882 1.170159 0.633886
 271200.000000 2.205672 1.840859 2.470306 1.586999 1.047286 1.232030 0.987156 0.628789
 273600.000000 2.176805 1.878999 2.579432 1.568572 1.063844 1.172420 1.005626 0.592404
 276000.000000 2.289207 1.840874 2.461791 1.643422 1.017630 1.279517 0.923605 0.636164
 278400.000000 2.244553 1.849446 2.455444 1.572779 0.991438 1.329081 1.006518 0.643612
 280800.000000 2.321091 1.924284 2.486024 1.695667 0.990577 1.311909 1.120617 0.628313
 283200.000000 2.060405 1.794674 2.501510 1.494814 1.110046 1.322374 1.078405 0.635132
 285600.000000 2.182777 1.914548 2.486922 1.556317 1.055992 1.291530 1.036949 0.643227
 288000.000000 2.281970 1.856785 2.473460 1.624701 1.082555 1.269971 1.100909 0.599352
 290400.000000 2.174595 1.965541 2.429037 1.588279 1.025410 1.280197 1.045749 0.606097
 292800.000000 2.416425 1.892418 2.442920 1.659018 1.088273 1.274915 0.979894 0.635165
 295200.000000 2.224224 2.057838 2.423151 1.542623 0.967392 1.330839 1.006629 0.613956
 297600.000000 2.004951 1.855368 2.444549 1.528906 1.141304 1.235012 1.046401 0.611323
 300000.000000 2.201923 1.890729 2.569569 1.593602 1.230553 1.339323 0.994241 0.677137
 302400.000000 2.100962 1.856271 2.462160 1.514409 1.102902 1.195008 0.966026 0.625872
 304800.000000 2.137603 1.890381 2.583544 1.511272 1.012550 1.293515 1.023140 0.623718
 307200.000000 2.211349 1.944104 2.491031 1.518885 0.991854 1.228064 0.932017 0.658885
 309600.000000 2.119427 1.942632 2.396437 1.552081 1.017641 1.217549 0.945552 0.625291
 312000.000000 2.100361 1.881357 2.419918 1.487561 1.125436 1.310472 0.995605 0.599119
 314400.000000 2.119345 1.862593 2.454694 1.590810 0.962911 1.207568 0.985307 0.606556
 316800.000000 2.180950 1.905661 2.432983 1.587443 1.030349 1.372963 0.949478 0.614804
 319200.000000 2.159228 1.831969 2.429757 1.437482 1.205483 1.272259 0.953759 0.620374
 321600.000000 2.069182 1.759591 2.435055 1.410463 1.142078 1.246630 0.965728 0.566583
 324000.000000 2.115383 1.747571 2.448664 1.517966 1.077244 1.309306 1.005613 0.583089
 326400.000000 2.265465 1.892992 2.518409 1.556659 0.995133 1.212799 1.006873 0.612916
 328800.000000 2.093243 1.727769 2.460905 1.561446 1.103925 1.251689 0.958875 0.641490
 331200.000000 2.206790 1.933966 2.427171 1.529017 1.151316 1.216917 0.938913 0.607217
 333600.000000 2.225325 1.929904 2.457909 1.551507 1.116963 1.177317 0.993456 0.674602
 336000.000000 2.175679 1.888453 2.488827 1.519000 1.062377 1.161235 0.977328 0.606110
 338400.000000 2.186582 1.912240 2.459442 1.524419 1.025131 1.171077 1.011109 0.650102
 340800.000000 2.172234 1.962888 2.541019 1.541091 1.048566 1.193444 0.945577 0.569294
 343200.000000 2.171715 1.804179 2.557014 1.530019 1.147948 1.274515 0.969576 0.637402
 345600.000000 2.049340 1.962460 2.661371 1.444884 1.264046 1.219415 0.944124 0.602462
 348000.000000 2.110991 1.949683 2.719937 1.462848 1.151826 1.118192 1.001134 0.643899
 350400.000000 2.043454 1.789207 2.681668 1.419049 1.246362 1.200459 0.990267 0.647417
 352800.000000 2.139253 1.931370 2.822242 1.504417 1.166277 1.274730 1.012298 0.645116
 355200.000000 2.382771 1.889997 2.630113 1.436588 1.181792 1.167180 0.934936 0.645170
 357600.000000 2.152550 1.862648 2.695150 1.367264 1.186614 1.144461 1.042686 0.616540
 360000.000000 2.119134 1.937309 2.446571 1.563957 1.137717 1.155161 1.020277 0.578219
 362400.000000 1.994363 1.709002 2.438401 1.770483 0.956998 1.181756 1.006391 0.641309
 364800.000000 2.066271 1.971267 2.561099 1.821483 1.028964 1.217187 1.016355 0.646125
 367200.000000 1.904930 1.791844 2.700044 1.683680 1.108498 1.171013 0.962968 0.613061
 369600.000000 2.219362 1.899009 2.567073 1.810554 1.115048 1.207034 0.935743 0.598080
 372000.000000 2.046730 1.873935 2.503984 1.779396 0.959368 1.233055 0.992164 0.604342
 374400.000000 1.968870 1.944643 2.419235 1.558414 1.027671 1.301328 1.021635 0.624547
 376800.000000 1.937935 1.847612 2.599485 1.456015 1.243243 1.145270 0.980045 0.598250
 379200.000000 1.947459 1.962377 2.507502 1.820832 1.073283 1.279336 0.940264 0.644062
 381600.000000 1.936164 1.918896 2.477599 1.698654 1.161897 1.190329 1.045767 0.635009
 384000.000000 1.909616 1.847594 2.481095 1.643430 1.041809 1.225272 0.987184 0.605534
 386400.000000 1.838598 1.881211 2.488174 1.666308 1.089863 1.231826 1.136761 0.604846
 388800.000000 1.939486 1.706887 2.460593 1.810338 1.056101 1.244676 1.089717 0.605392
 391200.000000 2.027590 1.710661 2.598792 1.750641 1.086307 1.140929 0.943127 0.661973
 393600.000000 1.924855 1.886486 2.520044 1.715675 1.155179 1.224024 1.019679 0.625820
 396000.000000 2.069862 2.093745 2.555958 1.774158 1.215472 1.211717 1.009013 0.641933
 398400.000000 1.844525 1.794326 2.531869 1.583848 1.121813 1.164798 1.087952 0.632314
 400800.000000 1.900221 1.860961 2.488179 1.722395 1.159528 1.229879 1.004213 0.639054
 403200.000000 2.061491 1.902434 2.677231 1.789399 1.125510 1.325260 1.057251 0.658746
 405600.000000 2.008671 1.842000 2.523496 1.695011 1.152928 1.296725 1.056595 0.587154
 408000.000000 1.973521 1.931035 2.351456 1.609213 1.224969 1.222855 1.001971 0.589655
 410400.000000 2.068542 1.952292 2.590970 1.827274 1.109883 1.138380 1.039712 0.639975
 412800.000000 1.986818 1.927807 2.516543 1.540135 1.185603 1.190212 1.013152 0.698375
 415200.000000 1.950034 1.912972 2.570578 1.532994 1.125150 1.286991 1.056836 0.704183
 417600.000000 2.032724 1.673961 2.716024 1.604302 1.046142 1.274878 1.129424 0.677993
 420000.000000 2.176701 1.860211 2.689155 1.735503 1.049276 1.264635 1.097259 0.672342
 422400.000000 2.112701 1.618505 2.692507 1.647697 1.054098 1.268513 0.977795 0.587708
 424800.000000 1.956513 1.692237 2.570307 1.588668 1.034400 1.175429 1.084594 0.589136
 427200.000000 2.014790 1.623854 2.769781 1.584122 0.993464 1.245053 0.979985 0.605490
 429600.000000 1.926791 1.631985 2.716189 1.682275 0.987399 1.267068 1.023829 0.591544
 432000.000000 1.890452 1.623162 2.813408 1.494307 0.946850 1.205116 0.951881 0.619365
 434400.000000 2.152640 1.675055 2.759880 1.557420 0.959284 1.327166 1.036557 0.622479
 436800.000000 2.176155 1.634987 2.822799 1.554235 0.945113 1.342589 0.980947 0.666949
 439200.000000 2.181709 1.751089 2.879170 1.551338 0.930455 1.154516 0.990568 0.620712
 441600.000000 1.986195 1.601997 2.839606 1.628546 0.953548 1.108690 0.996212 0.611636
 444000.000000 1.958925 1.585643 2.771085 1.719558 0.955086 1.175181 0.984650 0.606344
 446400.000000 1.987262 1.572815 2.798424 1.775132 0.965874 1.180074 0.952705 0.651371
 448800.000000 1.869904 1.622641 2.883245 1.648292 0.986956 1.185277 1.032125 0.636049
 451200.000000 1.869494 1.560166 2.795399 1.756297 0.979222 1.188853 1.021489 0.623123
 453600.000000 2.034036 1.731065 2.763500 1.852802 0.974680 1.359125 0.997263 0.643068
 456000.000000 2.068875 1.799439 2.562585 1.760799 0.984393 1.375939 0.992060 0.620630
 458400.000000 2.065355 1.864242 2.557878 1.875774 1.021698 1.260196 0.916823 0.611703
 460800.000000 1.967449 1.915711 2.705300 1.738704 0.891113 1.227801 1.045416 0.617697
 463200.000000 2.096631 1.770920 2.669983 1.595014 1.128402 1.294881 1.009875 0.617337
 465600.000000 2.029659 1.647826 2.624512 1.559798 1.147759 1.264708 0.990128 0.637640
 468000.000000 2.097905 1.816039 2.710210 1.602027 1.035493 1.220894 1.014886 0.639870
 470400.000000 2.073564 1.837986 2.662843 1.467394 0.948085 1.285131 1.032927 0.595038
 472800.000000 2.238251 1.853839 2.657324 1.545721 0.963231 1.282021 1.017020 0.590037
 475200.000000 2.185184 1.841710 2.689744 1.592339 0.998076 1.219537 1.009518 0.590211
 477600.000000 2.032849 1.905406 2.569317 1.528379 1.006949 1.268313 0.975909 0.588652
 480000.000000 2.086184 1.954113 2.493522 1.478649 0.998712 1.282567 0.991547 0.576224
 482400.000000 2.197662 2.017835 2.518386 1.618205 0.987604 1.276813 0.975351 0.561895
 484800.000000 2.202873 2.005470 2.484639 1.588941 0.982509 1.269566 0.989510 0.597466
 487200.000000 2.142217 1.922424 2.425761 1.564284 0.957429 1.211959 1.019120 0.613981
 489600.000000 2.016678 1.958356 2.477419 1.576927 0.914939 1.271881 0.963386 0.615795
 492000.000000 2.028494 1.938978 2.535762 1.563658 1.124769 1.202330 0.988499 0.672896
 494400.000000 2.145276 1.833910 2.462793 1.566757 1.016829 1.236673 0.954041 0.620207
 496800.000000 2.087619 1.906728 2.579777 1.564382 1.027983 1.242689 0.971788 0.583782
 499200.000000 2.129793 1.919900 2.540070 1.555502 1.020186 1.257985 0.966354 0.604275
 501600.000000 2.039781 1.958117 2.566559 1.552761 1.108228 1.233004 1.010085 0.573471
 504000.000000 2.196772 1.906699 2.634682 1.542058 0.969236 1.241035 1.021893 0.599096
 506400.000000 2.145340 1.816011 2.589446 1.442597 1.054258 1.168560 0.964212 0.602468
 508800.000000 2.128758 1.699742 2.659021 1.571573 1.067364 1.168872 0.930841 0.636196
 511200.000000 2.066994 1.872321 2.675383 1.545020 1.099602 1.361816 0.988549 0.590678
 513600.000000 1.985026 1.946773 2.604211 1.702998 1.044869 1.371103 1.009677 0.588769
 516000.000000 2.262100 1.938482 2.475445 1.796092 0.997058 1.232920 0.985776 0.627837
 518400.000000 2.191889 1.838852 2.532288 1.782158 1.037251 1.260371 1.003734 0.628899
 520800.000000 2.048817 1.894129 2.465243 1.652546 0.999051 1.333358 1.012254 0.656327
 523200.000000 2.111089 1.953576 2.520984 1.573434 1.048362 1.168793 0.915673 0.660359
 525600.000000 2.070055 1.859048 2.379251 1.566704 1.064076 1.226264 0.977836 0.616436
 528000.000000 2.080144 1.888674 2.343901 1.499450 1.100452 1.314678 0.938148 0.636109
 530400.000000 2.185613 1.901360 2.329260 1.501528 1.063027 1.268392 0.977251 0.664496
 532800.000000 1.907628 1.860535 2.529434 1.482884 1.094139 1.115919 0.925729 0.604547
 535200.000000 2.012340 1.786414 2.731667 1.607387 0.953833 1.257036 0.991401 0.617568
 537600.000000 2.079427 1.977257 2.322834 1.549027 1.052253 1.183862 0.956588 0.615163
 540000.000000 2.276874 2.054654 2.455000 1.583661 1.014155 1.367592 0.902294 0.629485
 542400.000000 2.002305 1.860317 2.445743 1.537464 0.923456 1.217291 0.937603 0.633839
 544800.000000 2.329241 2.057702 2.414042 1.528818 1.082289 1.134836 0.983591 0.640884
 547200.000000 2.160779 2.018307 2.564247 1.462619 1.005721 1.285510 0.975617 0.611243
 549600.000000 2.242105 1.940393 2.435328 1.405863 1.084239 1.262648 0.924565 0.658551
 552000.000000 2.123846 1.904763 2.490082 1.464492 1.042275 1.237138 0.949981 0.653148
 554400.000000 2.131964 1.855182 2.460015 1.429082 1.212776 1.193086 0.930765 0.656842
 556800.000000 2.088285 1.965714 2.582348 1.470172 1.175281 1.257164 1.030475 0.607914
 559200.000000 2.188362 1.845154 2.533865 1.581381 1.027074 1.218250 0.947498 0.654905
 561600.000000 2.320816 1.952470 2.572585 1.455198 1.170990 1.262335 0.958603 0.607563
 564000.000000 2.260593 2.118929 2.470895 1.471725 1.079319 1.248844 0.937642 0.613695
 566400.000000 2.166956 2.059119 2.445386 1.557664 0.958544 1.389026 0.923470 0.648063
 568800.000000 2.203877 2.083173 2.492532 1.634954 0.950125 1.240392 0.972376 0.629279
 571200.000000 2.169460 2.027211 2.524055 1.548648 0.950463 1.362254 0.945912 0.637703
 573600.000000 2.029912 2.142269 2.540201 1.514078 0.913991 1.040631 0.955075 0.581346
 576000.000000 2.116065 2.012542 2.574791 1.443077 1.000486 1.282669 0.986152 0.646600
 578400.000000 2.267356 1.993045 2.417504 1.468344 1.141066 1.179011 0.973894 0.602873
 580800.000000 2.301063 2.099422 2.689180 1.549300 0.988474 1.212311 0.973913 0.660289
 583200.000000 2.050021 2.063053 2.561307 1.485474 0.943272 1.165851 0.935736 0.633018
 585600.000000 2.028934 2.064588 2.463066 1.483570 0.978545 1.169830 0.914528 0.627171
 588000.000000 1.953356 1.944100 2.515984 1.436099 0.937525 1.182260 0.946568 0.627660
 590400.000000 2.149529 1.902473 2.476040 1.474328 1.042482 1.177816 0.922429 0.635084
 592800.000000 2.131130 1.962704 2.461550 1.539962 1.090373 1.223593 1.033656 0.617844
 595200.000000 2.096142 1.891651 2.560734 1.494818 0.995793 1.120660 0.936884 0.654622
 597600.000000 2.100121 1.908140 2.511129 1.531465 1.158189 1.205658 0.989783 0.658602
 600000.000000 2.180864 1.887014 2.535205 1.497685 1.103799 1.241978 0.962646 0.604688
 602400.000000 2.151897 1.846470 2.739460 1.511780 1.058881 1.211422 1.001413 0.658146
 604800.000000 2.228279 1.842579 2.370199 1.461183 1.114944 1.085190 0.934707 0.664104
 607200.000000 2.143618 1.931833 2.469611 1.445939 1.074849 1.225382 0.965153 0.648153
 609600.000000 2.116412 1.916838 2.509209 1.525665 1.154457 1.232666 0.908960 0.641537
 612000.000000 2.148802 1.786754 2.492434 1.539357 1.147300 1.229598 0.948951 0.629710
 614400.000000 2.165609 1.804508 2.630718 1.532742 1.002045 1.276881 0.988356 0.604211
 616800.000000 2.078911 1.845347 2.564296 1.556466 0.999625 1.228993 1.013686 0.611211
 619200.000000 2.153073 1.929388 2.518000 1.550693 0.992785 1.291035 1.026824 0.602212
 621600.000000 2.256563 1.940080 2.435198 1.591940 1.068463 1.207636 1.038775 0.597530
 624000.000000 2.156818 1.784353 2.695214 1.546471 1.046981 1.266915 0.998280 0.598321
 626400.000000 2.123741 1.820493 2.760584 1.508996 0.977021 1.346837 0.989098 0.572050
 628800.000000 2.125971 1.631071 2.628426 1.523404 0.981400 1.298263 1.044812 0.618855
 631200.000000 2.244232 1.684077 2.685277 1.513986 1.006092 1.314349 1.136366 0.631812
 633600.000000 2.078462 1.648045 2.748306 1.469880 1.176818 1.305393 1.010199 0.606882
 636000.000000 2.097516 1.811165 2.660719 1.603811 1.116867 1.360742 0.995186 0.622151
 638400.000000 2.178131 1.927065 2.605042 1.570177 1.095364 1.309912 1.009275 0.696643
 640800.000000 2.150889 2.234121 2.533581 1.507198 1.104084 1.253835 1.004400 0.661158
 643200.000000 2.159351 2.040316 2.684165 1.498373 1.057627 1.242042 0.982017 0.637813
 645600.000000 2.137674 2.051179 2.893014 1.471790 1.155971 1.292581 0.965710 0.638585
 648000.000000 2.184110 2.345363 2.899498 1.447376 1.101536 1.276162 1.012965 0.675888
 650400.000000 2.319929 2.444830 2.903248 1.506656 0.959994 1.285103 0.968898 0.615670
 652800.000000 2.189533 2.329819 2.949486 1.491873 1.077246 1.326307 0.977529 0.641703
 655200.000000 2.243234 2.300427 2.865213 1.594919 0.969497 1.359186 0.942439 0.620486
 657600.000000 2.212381 1.871860 3.093217 1.705329 1.082014 1.292952 0.918153 0.619551
 660000.000000 2.529411 2.202712 2.919487 1.804283 1.023708 1.295452 1.006431 0.621005
 662400.000000 2.344513 2.060804 2.991854 1.716449 1.021491 1.355685 0.971374 0.618498
 664800.000000 2.287889 2.031637 2.906147 1.543354 1.104695 1.316159 0.937692 0.574221
 667200.000000 2.106596 2.102321 2.856333 1.533394 1.022300 1.280229 0.932219 0.666212
 669600.000000 2.182599 2.330072 2.912489 1.576508 0.986308 1.255999 0.956606 0.621907
 672000.000000 2.245060 2.411691 3.026740 1.564851 0.940022 1.321765 0.974607 0.602231
 674400.000000 2.113625 2.070989 3.030765 1.532221 1.125360 1.332240 1.010605 0.652474
 676800.000000 2.199880 2.053489 2.968337 1.585600 1.033465 1.253318 0.937375 0.669995
 679200.000000 2.229318 2.356277 2.963046 1.537279 1.126782 1.252498 1.012860 0.607515
 681600.000000 2.073788 1.991664 3.136558 1.519012 1.076877 1.168646 1.028970 0.618326
 684000.000000 2.038503 2.179103 3.178361 1.578874 1.008050 1.222458 1.024993 0.661992
 686400.000000 2.190107 2.209396 3.086365 1.523233 1.130806 1.214636 0.961474 0.610265
 688800.000000 2.204758 2.237309 3.141257 1.511664 1.140052 1.284329 1.021317 0.668574
 691200.000000 2.081272 2.300191 3.157125 1.580427 1.098980 1.303360 0.967120 0.631653
 693600.000000 2.016843 2.415386 3.089488 1.584960 0.926160 1.263837 0.975173 0.608341
 696000.000000 2.076951 2.425836 3.152699 1.568251 1.100665 1.317462 1.005631 0.637385
 698400.000000 2.045843 2.305347 2.888565 1.513369 1.130858 1.311046 0.994535 0.641211
 700800.000000 2.206805 2.204385 3.266777 1.551116 1.143399 1.200873 1.005053 0.622058
 703200.000000 1.982510 2.445285 2.978960 1.453964 1.187690 1.306710 0.971931 0.635858
 705600.000000 2.042718 2.412892 3.049512 1.509125 1.149005 1.266842 1.014337 0.633461
 708000.000000 1.950966 2.318604 2.965598 1.502287 1.206703 1.290551 0.974204 0.636855
 710400.000000 2.032214 2.340902 2.827949 1.540385 1.188756 1.364257 0.993478 0.632469
 712800.000000 2.133207 2.216094 3.121357 1.505936 1.100140 1.230186 1.047564 0.614208
 715200.000000 2.123630 2.222958 2.994626 1.517090 1.174050 1.187617 1.024183 0.637629
 717600.000000 2.077273 2.419268 2.840224 1.501225 1.119290 1.254801 1.036039 0.629624
 720000.000000 2.058355 2.170091 3.057742 1.502611 1.144251 1.182613 0.976906 0.636738
 722400.000000 2.055961 2.401353 3.098072 1.553483 1.184825 1.314248 1.038130 0.639015
 724800.000000 2.096082 2.247175 2.954851 1.479173 1.191467 1.299332 1.014346 0.602083
 727200.000000 1.930141 2.440851 2.853883 1.520856 1.079926 1.331912 1.077916 0.633506
 729600.000000 1.791025 2.425156 2.967614 1.678884 1.224742 1.405885 0.983390 0.636149
 732000.000000 1.872988 2.191052 2.823216 1.615298 1.183999 1.253789 0.989931 0.635676
 734400.000000 1.984406 2.161064 2.816091 1.669881 1.157575 1.380715 1.065210 0.656779
 736800.000000 1.972430 2.118162 3.001177 1.591674 1.130736 1.323366 1.080265 0.642379
 739200.000000 1.873838 2.097676 2.893564 1.691654 1.188708 1.305506 1.169115 0.714954
 741600.000000 1.903602 2.155950 2.786936 1.729983 1.081123 1.292967 1.020832 0.599932
 744000.000000 1.906818 2.634981 2.895762 1.670615 1.092709 1.237434 1.048861 0.676569
 746400.000000 1.834473 2.070161 2.816647 1.653569 1.157633 1.266525 1.040304 0.660710
 748800.000000 1.927928 1.871913 2.934415 1.747361 1.089296 1.292171 1.044595 0.599191
 751200.000000 1.874352 2.056815 2.917492 1.466242 1.210016 1.269485 1.044980 0.592880
 753600.000000 1.928874 2.163356 2.804038 1.660234 1.123658 1.225777 1.062603 0.620768
 756000.000000 1.878513 2.514657 2.957007 1.679416 1.049048 1.310200 1.063520 0.601928
 758400.000000 1.944669 2.184205 2.989987 1.623395 1.115587 1.254417 1.115364 0.662351
 760800.000000 1.867685 2.373121 3.133679 1.707758 1.077334 1.355740 1.001941 0.608674
 763200.000000 1.924073 2.236960 2.991054 1.601787 1.093275 1.256173 1.012255 0.654965
 765600.000000 1.939358 2.180347 2.882270 1.688982 1.033393 1.303354 1.091379 0.649579
 768000.000000 2.006849 2.146479 2.726236 1.596279 0.971513 1.216340 1.084401 0.658846
 770400.000000 2.124733 2.241268 2.583611 1.730866 1.003080 1.262794 1.059147 0.654008
 772800.000000 1.914025 2.232762 2.833187 1.664994 1.119772 1.221058 1.062101 0.670707
 775200.000000 1.966142 2.526973 2.930713 1.684110 1.135975 1.304013 1.061925 0.639379
 777600.000000 2.063148 2.192521 2.976943 1.821049 1.032528 1.206816 1.069339 0.650536
 780000.000000 2.048431 2.106760 2.610441 1.838369 0.933544 1.283592 1.128444 0.722453
 782400.000000 2.138584 2.074044 2.327067 1.819517 1.056302 1.319666 1.061378 0.664936
 784800.000000 2.137038 2.076493 2.450074 1.802420 1.062860 1.291818 1.027075 0.595910
 787200.000000 2.043067 1.992790 2.408316 1.791356 1.071090 1.153319 0.992748 0.672848
 789600.000000 1.912608 1.891311 2.372991 1.654771 1.028411 1.327439 1.033144 0.581482
 792000.000000 1.943406 1.972600 2.332954 1.683492 1.054380 1.347734 1.123634 0.639104
 794400.000000 2.080776 1.932902 2.270097 1.537331 1.080151 1.250400 1.086940 0.608369
 796800.000000 2.038247 2.004413 2.315936 1.523762 0.996534 1.214307 1.076115 0.676610
 799200.000000 2.120026 2.083174 2.485129 1.591738 0.981319 1.151747 1.096915 0.662811
 801600.000000 2.249427 1.887194 2.569335 1.687931 1.033575 1.234716 1.074233 0.606961
 804000.000000 2.166212 2.162709 2.484515 1.460546 1.059250 1.257131 0.993388 0.619709
 806400.000000 2.061411 2.127331 2.466631 1.527965 1.024612 1.254950 0.987433 0.643851
 808800.000000 1.863301 1.984846 2.355604 1.557110 1.033523 1.261037 0.966311 0.634415
 811200.000000 2.139079 1.977819 2.346936 1.491203 1.110573 1.230793 0.955632 0.627855
 813600.000000 2.132263 2.130930 2.315798 1.543608 1.048001 1.348226 0.936007 0.602722
 816000.000000 2.057515 2.155908 2.383874 1.521289 1.054898 1.296528 0.968849 0.599374
 818400.000000 2.247151 2.102083 2.361789 1.567447 1.049085 1.085962 0.990734 0.649433
 820800.000000 2.177168 2.030776 2.467104 1.431119 1.133426 1.282141 1.018942 0.655290
 823200.000000 2.188053 1.935015 2.418228 1.506813 1.077763 1.186682 1.020385 0.605630
 825600.000000 2.150470 1.886300 2.513750 1.595146 1.140571 1.304220 1.045598 0.662921
 828000.000000 2.042140 1.951552 2.593480 1.687978 1.048277 1.355425 1.142132 0.621792
 830400.000000 1.951404 1.916433 2.481135 1.756472 1.187208 1.238706 1.164898 0.670521
 832800.000000 2.079105 1.860899 2.494054 1.729912 1.155880 1.276176 1.195761 0.682426
 835200.000000 1.909284 1.936104 2.580932 1.817027 1.148375 1.259205 1.217600 0.724885
 837600.000000 2.038332 2.117495 2.426069 1.754131 1.114071 1.291806 1.032197 0.663728
 840000.000000 2.032817 2.033014 2.889037 1.694291 1.105530 1.240188 1.002283 0.637177
 842400.000000 1.981867 2.231542 2.740699 1.777892 1.013893 1.264676 0.965731 0.628774
 844800.000000 2.111765 2.525588 2.873638 1.825677 0.951750 1.293161 1.024475 0.633168
 847200.000000 2.131704 2.218862 2.905377 1.828902 1.137865 1.270003 0.997471 0.604092
 849600.000000 2.045077 2.316509 2.194485 1.728570 1.040337 1.233441 0.986390 0.612082
 852000.000000 2.119302 2.115381 2.231456 1.733534 1.134688 1.273787 0.943811 0.606810
 854400.000000 1.934997 2.249156 2.382827 1.669945 1.151386 1.272535 0.962348 0.643419
 856800.000000 1.764536 2.214225 2.310729 1.446990 1.117113 1.321044 0.907679 0.632526
 859200.000000 1.995126 2.153902 2.574453 1.665514 1.135495 1.286848 0.996928 0.620784
 861600.000000 1.871987 2.245854 2.119452 1.675595 1.115152 1.284235 1.078635 0.635400
 864000.000000 2.015646 2.442669 1.965964 1.885094 1.032322 1.332400 0.972242 0.645669
 866400.000000 1.882063 2.537114 2.087225 1.592039 1.214855 1.197571 0.940575 0.632987
 868800.000000 1.877683 2.234218 2.096289 1.483824 1.063878 1.222550 0.982886 0.681088
 871200.000000 1.958671 2.313255 2.294284 1.623211 1.206299 1.162093 0.975995 0.617357
 873600.000000 1.987818 2.439415 2.111699 1.669196 1.189374 1.345490 0.938066 0.612580
 876000.000000 2.051127 2.466226 2.112003 1.670296 1.105144 1.230670 1.003783 0.634984
 878400.000000 2.021830 2.423882 2.344148 1.715424 1.163819 1.216672 1.037212 0.604680
 880800.000000 2.035808 2.493385 2.277155 1.616865 1.175399 1.291344 0.980177 0.631310
 883200.000000 2.084610 2.421968 2.281963 1.704078 1.070154 1.311598 0.967608 0.629274
 885600.000000 2.026046 2.437100 2.259502 1.667004 1.095969 1.377821 0.972032 0.648370
 888000.000000 2.104493 2.381516 2.185614 1.730194 1.177720 1.200251 0.954710 0.609857
 890400.000000 1.955147 2.356324 2.188488 1.817311 1.008281 1.292020 0.986268 0.628282
 892800.000000 2.173386 2.243344 2.348174 1.780669 1.003249 1.215955 1.002777 0.639039
 895200.000000 2.119470 2.274304 2.335273 1.774818 1.048536 1.225274 1.031066 0.632112
 897600.000000 2.141022 2.477089 2.342012 1.748687 1.046481 1.348417 1.051672 0.611615
 900000.000000 1.888216 2.123493 2.376894 1.760038 1.049557 1.305409 1.050733 0.668399
 902400.000000 1.865080 2.239087 2.449347 1.760357 0.983901 1.132105 1.060439 0.617345
 904800.000000 2.033596 2.014913 2.392174 1.827015 0.943834 1.234205 0.976137 0.658964
 907200.000000 2.043156 2.098603 2.683183 1.690171 1.045731 1.237379 1.015533 0.628257
 909600.000000 2.021922 2.147494 2.336236 1.694929 0.957515 1.342418 1.009134 0.619630
 912000.000000 2.134602 2.295645 2.283812 1.833790 0.960951 1.253068 1.078809 0.633653
 914400.000000 1.896783 2.181494 2.391252 1.865945 0.979439 1.274184 0.993394 0.615605
 916800.000000 1.985990 2.132697 2.371529 1.797888 1.065537 1.302988 1.037985 0.635735
 919200.000000 1.850195 2.081875 2.295441 1.694634 1.055057 1.278672 1.078384 0.627157
 921600.000000 1.994986 2.355424 2.453911 1.781513 1.159018 1.291886 1.188070 0.638159
 924000.000000 1.870745 2.038492 2.342451 1.720699 1.161899 1.272754 1.151601 0.636397
 926400.000000 1.945401 2.224603 2.432117 1.745068 1.132830 1.152404 1.008997 0.577436
 928800.000000 1.941177 2.168621 2.429683 1.824147 1.124926 1.223648 1.027590 0.619055
 931200.000000 1.847128 2.094594 2.416563 1.697376 1.048115 1.322638 1.001845 0.630611
 933600.000000 1.842132 2.347648 2.332595 1.715058 1.140609 1.344752 1.004068 0.600371
 936000.000000 1.935754 2.194453 2.357194 1.666324 1.073895 1.276708 1.065872 0.541614
 938400.000000 1.959851 2.413024 2.319118 1.781258 1.020643 1.378223 1.058114 0.655865
 940800.000000 1.950154 2.252413 2.409710 1.696237 1.036265 1.246174 1.024754 0.583251
 943200.000000 2.084589 2.320687 2.373614 1.841123 1.050103 1.321106 1.006008 0.574630
 945600.000000 2.011972 2.293474 2.317546 1.823183 1.068697 1.320960 1.082930 0.612567
 948000.000000 2.000651 2.213928 2.432156 1.793710 1.071235 1.281225 0.955477 0.566826
 950400.000000 2.077906 2.207150 2.078036 1.938464 1.086014 1.278109 1.032066 0.629618
 952800.000000 1.923150 2.050562 2.177078 1.887836 1.018943 1.275996 1.021208 0.595060
 955200.000000 1.941269 2.161218 2.458635 1.775627 1.096092 1.201047 0.992586 0.609510
 957600.000000 2.022514 2.221967 2.334578 1.806385 1.069628 1.310367 1.070056 0.676716
 960000.000000 2.016799 2.173810 2.389169 1.808876 1.166143 1.202589 1.134259 0.669993
 962400.000000 1.772043 2.226056 2.339113 1.785525 1.067311 1.235170 1.092493 0.676472
 964800.000000 1.933877 2.125961 2.489957 1.815703 0.945132 1.330163 1.119306 0.663576
 967200.000000 1.891620 2.218656 2.323369 1.843851 1.059589 1.280549 1.121269 0.642755
 969600.000000 2.029569 2.094047 2.511540 1.783590 1.049651 1.281798 1.152665 0.645084
 972000.000000 1.992203 2.175860 2.518704 1.851491 0.948137 1.210057 1.126918 0.641278
 974400.000000 1.805733 2.190485 2.379930 1.650221 1.191458 1.155376 1.128667 0.665100
 976800.000000 1.896915 2.151986 2.417230 1.772312 1.026768 1.184207 1.120768 0.655411
 979200.000000 2.011478 2.160987 2.438408 1.882867 1.070023 1.256813 1.123546 0.624041
 981600.000000 2.001027 2.270087 2.399894 1.804010 1.106324 1.247008 1.072160 0.624505
 984000.000000 2.081393 2.193430 2.414999 1.741100 1.078589 1.270749 1.091991 0.625293
 986400.000000 2.029887 2.137211 2.345050 1.791776 1.154577 1.194852 1.031336 0.661700
 988800.000000 2.059952 2.066738 2.356857 1.841763 1.038416 1.264249 1.164115 0.753975
 991200.000000 1.989031 2.135262 2.584456 1.824554 1.167687 1.310574 1.060850 0.635250
 993600.000000 2.048400 1.996664 2.464443 1.829702 1.134854 1.225978 1.089363 0.612029
 996000.000000 2.051251 1.948202 2.333634 1.839371 1.123196 1.293871 1.094317 0.591833
 998400.000000 1.928137 1.987132 2.418855 1.810587 1.083653 1.184995 1.136660 0.626638
 1000800.000000 2.037660 2.272449 2.191294 1.861088 1.214296 1.248554 1.244149 0.583751
 1003200.000000 2.147671 2.358574 2.225810 1.935296 1.176256 1.243687 1.171366 0.661178
 1005600.000000 2.028003 2.225876 2.052434 1.818862 1.197672 1.211106 1.147304 0.614323
 1008000.000000 2.077147 2.459818 2.152614 1.866994 1.224318 1.224828 1.158808 0.673459
 1010400.000000 1.960979 2.498800 2.142698 1.744346 1.158280 1.199338 1.087565 0.607014
 1012800.000000 2.018512 2.364158 1.912876 1.864030 1.066200 1.263018 1.064728 0.647813
 1015200.000000 2.010963 2.374942 1.964709 1.931400 1.128026 1.240042 1.101089 0.631098
 1017600.000000 1.923862 2.381757 1.831024 1.957725 1.044699 1.349342 1.117293 0.636767
 1020000.000000 2.069478 2.665561 1.943084 1.833944 1.083398 1.454072 1.081344 0.565528
 1022400.000000 2.104900 2.380213 1.903095 1.967160 0.945823 1.392113 1.038968 0.615038
 1024800.000000 1.917018 2.310604 1.879262 1.769744 1.050742 1.565435 0.968346 0.648577
 1027200.000000 1.877838 2.258968 1.942624 1.722235 0.991471 1.638084 1.055953 0.604132
 1029600.000000 2.037561 2.413923 1.919611 1.767445 1.157636 1.546201 1.039013 0.609089
 1032000.000000 2.061391 2.322010 1.988645 1.843147 1.140245 1.471839 1.062222 0.608246
 1034400.000000 2.160845 2.413901 1.907274 1.896123 1.103512 1.592822 1.046330 0.620761
 1036800.000000 2.014234 2.361744 1.981052 1.883164 1.149573 1.532444 1.057887 0.653468
 1039200.000000 2.145642 2.300317 1.932706 1.781361 1.201537 1.579104 1.047264 0.615559
 1041600.000000 2.002443 2.329258 1.909950 1.833771 1.131734 1.489843 1.112475 0.664811
 1044000.000000 2.052116 2.251774 1.920866 1.877866 1.092179 1.593882 1.076206 0.648528
 1046400.000000 2.186545 2.351904 1.868783 1.904628 1.087258 1.501578 1.093064 0.592431
 1048800.000000 2.038382 2.281945 2.018036 1.846806 1.121334 1.578215 1.026777 0.605924
 1051200.000000 1.913680 2.281348 1.965902 1.732214 1.126591 1.534090 1.141167 0.637333
 1053600.000000 1.872354 2.250794 2.005635 1.768706 1.078054 1.596398 1.006399 0.596461
 1056000.000000 1.850408 2.337636 1.886574 1.901152 1.092775 1.391222 1.182546 0.657024
 1058400.000000 1.769500 2.476199 1.866000 1.862302 1.061336 1.303643 1.070625 0.588660
 1060800.000000 1.891554 2.398247 1.836078 1.873102 1.055879 1.318670 1.007250 0.653222
 1063200.000000 1.766478 2.365938 1.930852 1.873146 0.968726 1.498562 1.059251 0.613785
 1065600.000000 1.982025 2.462160 1.763180 1.785956 1.146753 1.287039 1.121916 0.602879
 1068000.000000 1.899378 2.347800 1.958082 1.831095 1.122508 1.216515 1.132423 0.578442
 1070400.000000 1.885045 2.385391 1.892122 1.841520 1.047825 1.262319 1.110167 0.623890
 1072800.000000 1.916853 2.481492 2.039934 1.786491 1.011325 1.366476 1.102461 0.583110
 1075200.000000 1.930728 2.371946 2.186532 1.801441 1.058327 1.290150 1.021487 0.570724
 1077600.000000 1.839263 2.431795 2.081509 1.817907 0.975367 1.329573 1.063604 0.580685
 1080000.000000 1.837310 2.326872 2.157343 1.802321 1.212444 1.234043 1.180374 0.600890
 1082400.000000 1.781547 2.181024 2.370336 1.776712 1.125031 1.168892 1.081594 0.564197
 1084800.000000 1.704476 2.121539 2.185807 1.662698 1.200396 1.250191 1.099556 0.589319
 1087200.000000 1.723018 2.052715 2.131185 1.664851 1.240217 1.081591 1.170937 0.592944
 1089600.000000 1.770156 1.968898 2.480048 1.690354 1.180587 1.269427 1.096428 0.617057
 1092000.000000 1.741360 2.004444 2.424674 1.707193 1.246619 1.234696 1.099098 0.565415
 1094400.000000 1.850982 2.046132 2.769649 1.794492 1.243757 1.249644 1.071909 0.591060
 1096800.000000 1.737621 2.192488 2.803309 1.824357 1.251411 1.317278 1.083619 0.562767
 1099200.000000 1.857511 2.125362 2.571545 1.746650 1.187334 1.185180 1.069871 0.593441
 1101600.000000 1.908239 2.429510 2.438969 1.889894 1.206924 1.206550 1.122155 0.581060
 1104000.000000 1.806292 2.194177 2.724237 1.753883 1.171318 1.186067 1.051813 0.577875
 1106400.000000 1.953420 1.935600 2.551123 1.856338 1.110251 1.130471 1.077323 0.576261
 1108800.000000 1.868554 2.285575 2.575274 1.851927 1.103182 1.161613 1.081471 0.566877
 1111200.000000 1.991641 2.180397 2.430232 1.814972 1.075135 1.273485 1.058185 0.613405
 1113600.000000 1.866060 2.190595 2.227812 1.638539 1.027239 1.260488 1.092953 0.613601
 1116000.000000 1.708183 2.156364 2.458767 1.703181 0.991656 1.156510 1.122509 0.614280
 1118400.000000 1.730965 2.121140 2.421678 1.755159 1.092961 1.249937 1.096574 0.577026
 1120800.000000 1.837297 2.069356 2.349750 1.763711 1.122861 1.251145 1.056534 0.585488
 1123200.000000 1.888298 2.522618 2.232975 1.808528 1.091979 1.283943 1.115150 0.588198
 1125600.000000 1.782475 2.442923 2.339213 1.797570 1.100333 1.156960 1.089391 0.592600
 1128000.000000 1.782114 2.342656 2.245134 1.787538 1.077151 1.291602 1.055433 0.569807
 1130400.000000 1.784708 2.227487 2.282420 1.791756 1.100511 1.260016 1.080831 0.574716
 1132800.000000 1.951439 2.157603 2.137759 1.836497 0.951670 1.220697 1.099184 0.576952
 1135200.000000 1.896868 1.985020 2.189984 1.807242 1.079421 1.171431 1.099813 0.563691
 1137600.000000 1.860628 1.946915 2.212633 1.721509 1.111940 1.197365 1.067376 0.575678
 1140000.000000 1.915826 2.251551 2.206148 1.863170 1.071588 1.242963 1.067512 0.603540
 1142400.000000 1.823712 2.127146 2.255318 1.856863 1.133789 1.188708 1.047928 0.600418
 1144800.000000 1.849769 2.112190 2.363853 1.699793 1.198867 1.221308 1.076293 0.609173
 1147200.000000 1.884215 2.209750 2.565017 1.818274 1.127380 1.188258 1.058332 0.611918
 1149600.000000 1.945158 2.304889 2.421682 1.706690 1.203954 1.151711 1.071242 0.591790
 1152000.000000 1.947972 2.157575 2.305635 1.716259 1.111808 1.294776 1.082980 0.602852
 1154400.000000 1.818689 2.100319 2.480421 1.747880 1.236902 1.201514 1.067975 0.579239
 1156800.000000 1.822832 2.055399 2.239977 1.688666 1.207295 1.207671 1.134796 0.593457
 1159200.000000 1.886366 2.199803 2.441150 1.697324 1.179053 1.221374 1.092205 0.609573
 1161600.000000 2.040002 2.143536 2.416664 1.734877 1.230828 1.220068 0.991594 0.564596
 1164000.000000 1.854599 2.198551 2.422519 1.827956 1.224992 1.105097 1.096454 0.577253
 1166400.000000 1.921690 2.284420 2.457398 1.764480 1.227834 1.163301 1.058821 0.532170
 1168800.000000 1.923154 2.257093 2.451364 1.749706 1.029672 1.258002 1.165375 0.579386
 1171200.000000 1.905492 2.163174 2.314177 1.747285 1.115115 1.203552 1.106778 0.547350
 1173600.000000 1.817887 2.153211 2.382477 1.703782 1.074018 1.277930 1.060702 0.625602
 1176000.000000 1.980050 2.025578 2.186829 1.722356 1.121699 1.282501 1.192319 0.581477
 1178400.000000 1.932280 2.104739 2.254951 1.756666 1.077486 1.210123 1.114443 0.604968
 1180800.000000 2.049317 2.056514 2.241422 1.771628 1.081374 1.213360 1.097981 0.607395
 1183200.000000 2.160947 2.078612 2.322016 1.746502 1.130392 1.311660 1.081325 0.580593
 1185600.000000 2.063084 2.000100 2.294890 1.765161 1.038932 1.236031 1.017152 0.592633
 1188000.000000 2.091083 2.082864 2.316715 1.819939 1.012548 1.296783 1.046379 0.595922
 1190400.000000 2.013473 2.247668 2.361784 1.866371 1.072989 1.336450 1.019070 0.610862
 1192800.000000 2.069571 2.080537 2.465669 1.800203 0.991035 1.273660 1.070530 0.610696
 1195200.000000 1.894475 2.259395 2.325384 1.821205 1.150089 1.284231 1.076597 0.549970
 1197600.000000 2.006649 2.217578 2.323845 1.872799 0.996260 1.144402 0.988802 0.620011
 1200000.000000 2.044876 2.444255 2.253106 1.724553 1.119138 1.300433 1.081257 0.611699
 1202400.000000 2.024493 2.167661 2.212708 1.764795 1.230913 1.304533 1.017364 0.623590
 1204800.000000 2.124159 2.336436 2.241574 1.691812 1.188210 1.231748 0.988127 0.558780
 1207200.000000 2.033806 2.049439 2.268037 1.767377 0.982220 1.231155 1.069643 0.533598
 1209600.000000 2.126075 2.355856 2.328156 1.789684 1.158332 1.245753 1.014785 0.604095
 1212000.000000 1.947359 2.029938 2.311380 1.837427 1.001887 1.273795 0.978023 0.632206
 1214400.000000 2.107999 2.153069 2.274234 1.734815 1.056298 1.200649 1.017596 0.585155
 1216800.000000 2.044862 2.182160 2.257235 1.769449 1.100001 1.283587 0.974210 0.628083
 1219200.000000 2.086581 2.108823 2.196705 1.774657 1.102180 1.363468 1.067624 0.599479
 1221600.000000 2.026196 2.073983 2.217900 1.747650 1.123095 1.323868 1.063945 0.604526
 1224000.000000 1.929303 2.127639 2.210923 1.797945 1.125763 1.247363 1.001874 0.577219
 1226400.000000 1.970122 1.958136 2.285261 1.773604 1.217636 1.245502 1.049205 0.584664
 1228800.000000 2.213447 2.341356 2.271967 1.786545 1.295034 1.336712 0.949211 0.540212
 1231200.000000 2.156635 2.395076 2.293921 1.741467 1.135227 1.317559 1.009374 0.581565
 1233600.000000 2.093280 2.416261 2.149514 1.706579 1.098924 1.419883 1.078554 0.572712
 1236000.000000 2.082356 2.511531 2.335296 1.689855 0.987468 1.256012 1.051941 0.581235
 1238400.000000 2.048541 2.535727 2.196750 1.755413 1.085088 1.266832 0.961165 0.588115
 1240800.000000 2.049430 2.460734 2.184929 1.763913 0.971387 1.291747 1.105304 0.577886
 1243200.000000 2.197793 2.476551 2.409902 1.763472 0.998191 1.386113 0.999285 0.592466
 1245600.000000 2.081828 2.442885 2.217011 1.833985 1.151808 1.449006 0.993806 0.617840
 1248000.000000 1.964840 2.386699 2.197650 1.789602 0.944505 1.385497 0.950471 0.588972
 1250400.000000 2.044381 2.414035 2.222056 1.733194 1.086415 1.290237 1.071382 0.585457
 1252800.000000 2.169037 2.359231 2.288157 1.786862 1.189331 1.368325 1.062382 0.560846
 1255200.000000 1.927284 2.581626 1.974800 1.719523 1.150936 1.529759 1.111066 0.554565
 1257600.000000 2.005475 2.646233 2.168859 1.802721 1.193785 1.302776 1.049717 0.650079
 1260000.000000 1.895307 2.567677 2.042021 1.726802 1.059695 1.243574 0.979571 0.559363
 1262400.000000 1.981937 2.494991 2.123586 1.736008 1.230298 1.206596 0.977326 0.607301
 1264800.000000 1.853719 2.535063 2.000576 1.686358 1.159249 1.221342 1.022167 0.597880
 1267200.000000 1.916007 2.620212 2.201675 1.703406 1.213228 1.308570 0.979060 0.589199
 1269600.000000 1.746567 2.499016 2.024544 1.698772 1.197192 1.203676 1.009640 0.573301
 1272000.000000 1.854075 2.581538 2.074090 1.593741 1.250569 1.222688 1.050933 0.591108
 1274400.000000 1.821499 2.527104 2.022960 1.688366 1.204395 1.166500 1.120892 0.555199
 1276800.000000 1.755158 2.536054 2.207392 1.781564 1.191910 1.262283 1.083272 0.583557
 1279200.000000 1.850551 2.531398 2.237467 1.954358 1.041757 1.267239 1.160432 0.576891
 1281600.000000 1.935152 2.557112 2.378191 1.863232 1.052569 1.200804 1.061345 0.606530
 1284000.000000 1.966648 2.464739 2.436017 1.836663 0.968488 1.226223 1.094091 0.621914
 1286400.000000 1.905211 2.657191 2.657432 1.670512 1.253686 1.260331 1.164289 0.562616
 1288800.000000 2.003681 2.650541 2.560513 1.833496 1.108179 1.270558 1.079030 0.627528
 1291200.000000 1.892330 2.448908 2.527586 1.823559 0.966555 1.325489 1.087491 0.574689
 1293600.000000 1.883655 2.394180 2.592134 1.901571 1.039040 1.362077 1.128584 0.588201
 1296000.000000 1.897694 2.532344 2.515318 2.063736 1.071564 1.230632 1.105034 0.607196
 1298400.000000 1.852522 2.411573 2.723908 1.899613 1.176450 1.265898 1.117786 0.594418
 1300800.000000 1.941501 2.589735 2.586021 1.843524 1.094925 1.244362 1.120564 0.643315
 1303200.000000 1.913440 2.430509 2.831574 1.912428 0.962639 1.296532 1.122469 0.607956
 1305600.000000 1.819187 2.436893 2.645335 1.835771 1.010226 1.223430 1.121287 0.589436
 1308000.000000 1.775017 2.553249 2.372934 1.967180 0.995489 1.162413 1.087504 0.594304
 1310400.000000 1.775118 2.604780 2.369380 2.154505 1.001905 1.245106 1.070330 0.603342
 1312800.000000 1.736505 2.648078 2.265063 1.806197 1.315852 1.166359 1.058536 0.608710
 1315200.000000 1.842442 2.490468 2.561657 1.909661 1.256376 1.302716 1.028198 0.582221
 1317600.000000 1.887738 2.466147 2.473730 2.024954 1.169749 1.317012 1.051388 0.586857
 1320000.000000 2.002220 2.475539 2.420336 1.921304 1.076328 1.282567 1.149147 0.635229
 1322400.000000 1.902096 2.433211 2.167762 1.775197 1.149232 1.226772 1.082232 0.623498
 1324800.000000 1.829061 2.512024 2.264026 1.999329 1.001486 1.290367 1.029670 0.652447
 1327200.000000 1.920132 2.510533 2.320801 1.899595 1.051356 1.264609 1.051733 0.596945
 1329600.000000 1.934250 2.505986 2.305302 1.879973 1.094192 1.219251 1.108509 0.586857
 1332000.000000 1.932680 2.484953 2.158802 1.831358 1.027123 1.330297 1.080297 0.558084
 1334400.000000 1.914245 2.450266 2.259353 1.813576 1.001613 1.280239 1.122210 0.589479
 1336800.000000 2.039351 2.484580 2.148063 1.930287 0.992810 1.320613 1.074853 0.591345
 1339200.000000 2.070174 2.367813 2.253936 1.791547 1.067201 1.284532 1.053286 0.620585
 1341600.000000 2.036823 2.657508 2.105497 1.836345 1.020702 1.317724 1.045604 0.589956
 1344000.000000 2.024314 2.449244 2.167877 1.792217 0.997711 1.241583 0.934079 0.657446
 1346400.000000 1.938324 2.582897 2.145555 1.815762 1.113126 1.318882 1.003615 0.623169
 1348800.000000 2.143617 2.711258 2.031411 1.836140 1.045163 1.487765 0.955108 0.637189
 1351200.000000 2.017806 2.684298 1.831621 1.827382 1.063588 1.558023 0.972820 0.620579
 1353600.000000 2.028808 2.440064 1.881198 1.802041 1.020529 1.489000 1.016171 0.654593
 1356000.000000 2.016627 2.894777 2.013937 1.851429 1.071262 1.905892 1.034457 0.600058
 1358400.000000 2.003343 2.689821 1.960757 1.844200 1.086570 1.893975 1.033718 0.641542
 1360800.000000 2.036670 2.663163 1.866441 1.793964 1.070143 1.873652 0.967387 0.598502
 1363200.000000 2.074890 2.646005 1.854581 1.788294 1.197885 1.923339 1.090667 0.631523
 1365600.000000 2.045059 2.721960 1.896771 1.841333 1.053169 1.877886 0.990240 0.623552
 1368000.000000 1.986401 2.742884 2.020665 1.822115 1.013454 2.054387 0.968564 0.627741
 1370400.000000 2.055541 2.665950 2.030689 1.832080 1.084557 1.828156 0.977919 0.627963
 1372800.000000 2.033354 2.631778 1.942595 1.850769 1.113845 1.794009 1.000372 0.629546
 1375200.000000 2.083255 2.739260 2.089939 1.841126 1.075917 1.614493 1.097398 0.658031
 1377600.000000 2.094656 2.594676 2.227423 1.840079 0.974259 1.746733 1.086648 0.634602
 1380000.000000 2.155819 2.606601 2.222961 1.844361 1.047425 1.882021 1.068586 0.587330
 1382400.000000 2.276664 2.626646 2.154135 2.125187 1.036487 2.061393 1.201272 0.627859
 1384800.000000 2.292016 2.556990 2.142268 1.870222 1.074298 1.949159 1.065456 0.601443
 1387200.000000 2.136319 2.545763 2.232940 1.745700 1.058009 2.012502 1.190821 0.599002
 1389600.000000 2.151279 2.418701 2.253359 1.853858 1.033845 1.858085 1.110898 0.593966
 1392000.000000 2.001394 2.387791 2.188454 1.641824 1.061065 1.727712 1.203320 0.586026
 1394400.000000 2.089242 2.307080 2.186116 1.876579 1.054648 1.905274 1.161294 0.584574
 1396800.000000 2.013621 2.232642 2.251607 1.984889 0.907013 2.235172 1.236621 0.620205
 1399200.000000 2.068182 2.281067 2.373588 2.005578 1.037151 1.968388 1.164810 0.644537
 1401600.000000 2.056053 2.278631 2.119106 2.002234 0.973703 1.970192 1.156815 0.590662
 1404000.000000 2.187243 2.677074 2.135726 1.987374 1.049558 2.084857 1.252618 0.600587
 1406400.000000 2.014236 2.318657 2.013154 1.754889 1.061771 1.923949 1.180115 0.622187
 1408800.000000 1.902766 2.278050 2.161533 1.802402 1.078633 1.864141 1.097070 0.647297
 1411200.000000 2.028874 2.321398 2.183979 1.913815 1.072005 1.925080 1.037731 0.717041
 1413600.000000 2.185456 2.122291 2.333751 1.976730 0.980744 2.129544 1.088352 0.587654
 1416000.000000 2.164134 2.443159 2.191387 1.721251 0.968893 2.137411 1.179195 0.580684
 1418400.000000 2.152316 2.705144 2.011701 1.928015 0.945310 1.837102 1.091394 0.614789
 1420800.000000 2.006421 2.491464 2.081073 1.715328 1.092682 1.831442 1.105415 0.558078
 1423200.000000 2.088441 2.483592 1.998893 1.685727 1.049033 1.960061 1.086660 0.609290
 1425600.000000 2.092970 2.661572 2.139997 1.773129 0.822886 2.028959 1.174510 0.613559
 1428000.000000 2.080095 2.271446 2.509597 1.923855 0.825625 2.068781 1.157538 0.600143
 1430400.000000 2.295876 2.485680 2.426125 1.811905 0.921467 2.156941 1.106203 0.643910
 1432800.000000 2.067482 2.344076 2.188504 1.861673 0.862671 2.226859 1.117986 0.624218
 1435200.000000 2.136695 2.370310 2.073475 1.922937 0.843494 2.134912 1.082334 0.625090
 1437600.000000 2.175055 2.506776 2.329842 1.950601 0.907877 2.214388 1.150907 0.627111
 1440000.000000 2.135578 2.376758 2.146697 1.925850 0.862667 1.920478 1.125018 0.636918
 1442400.000000 1.953089 2.426138 2.425434 1.743019 1.035020 2.115148 1.120175 0.608165
 1444800.000000 2.013276 2.554934 2.168386 1.943758 0.992281 2.170899 1.077877 0.631569
 1447200.000000 2.021037 2.517148 2.358210 1.624014 1.041051 1.998713 1.091454 0.639854
 1449600.000000 2.088625 2.445661 2.227275 1.654743 0.951740 2.102582 1.093907 0.676804
 1452000.000000 1.990377 2.539514 2.218535 1.737356 0.910618 2.090812 1.126280 0.601259
 1454400.000000 2.044463 2.594929 2.176914 1.668813 0.996113 2.097774 1.126281 0.664261
 1456800.000000 2.053044 2.470092 2.147659 1.676571 1.012637 1.989797 1.088273 0.622186
 1459200.000000 2.070929 2.538642 2.281644 1.724350 1.033685 2.004483 1.065572 0.614467
 1461600.000000 2.134679 2.558536 2.145664 1.686283 1.079573 2.189756 1.094975 0.606162
 1464000.000000 2.042224 2.498426 2.253625 1.645618 0.962407 2.149004 1.064433 0.623118
 1466400.000000 2.065343 2.525571 2.220336 1.717008 1.019073 2.234890 1.110530 0.620223
 1468800.000000 1.990384 2.475304 2.197613 1.608391 0.995163 2.241768 1.084454 0.598372
 1471200.000000 2.150696 2.398551 2.253038 1.757489 0.899806 2.072000 1.219433 0.605010
 1473600.000000 2.082854 2.282003 2.347268 1.695833 0.973609 1.999300 1.168785 0.616535
 1476000.000000 1.979210 2.453418 2.290935 1.672484 0.950858 2.025742 1.123776 0.615990
 1478400.000000 1.981813 2.235062 2.188136 1.593263 1.008890 1.889374 1.094984 0.641509
 1480800.000000 2.061013 2.287328 2.317597 1.655985 1.059997 2.131650 1.069364 0.636353
 1483200.000000 2.008171 2.122374 2.150055 1.685720 1.048092 2.105326 1.115891 0.654393
 1485600.000000 2.209872 2.304804 2.127176 1.867069 0.805820 2.297966 1.111681 0.641580
 1488000.000000 1.954660 2.186134 2.265289 1.669320 1.031668 2.063714 1.249077 0.636900
 1490400.000000 1.993502 2.334298 2.234376 1.847703 0.886075 2.012647 1.175585 0.620735
 1492800.000000 2.116712 2.192370 2.159532 2.045562 0.993210 1.900528 1.198479 0.669395
 1495200.000000 1.900005 2.394195 2.202470 1.879973 0.952728 1.941908 1.174971 0.626459
 1497600.000000 1.553772 2.207769 2.117576 1.736913 0.953217 2.085092 1.098716 0.591095
 1500000.000000 1.852907 2.368796 2.201784 1.896596 1.033000 2.346361 1.115163 0.618598
 1502400.000000 1.774614 2.272479 2.094706 1.856304 0.985701 2.065181 1.139652 0.608054
 1504800.000000 1.836129 2.278985 2.068033 1.916536 0.969303 2.305363 1.129359 0.605837
 1507200.000000 1.734910 2.253645 2.207443 1.844304 1.010015 2.486046 1.126161 0.645935
 1509600.000000 1.856889 2.039126 2.368978 1.779513 0.947382 2.126002 1.155484 0.602029
 1512000.000000 1.877758 2.210362 2.190803 1.906987 1.046616 2.068724 1.120306 0.596732
 1514400.000000 2.170659 2.139734 2.223107 2.088154 1.024892 2.210336 1.110733 0.545628
 1516800.000000 1.947659 2.136467 2.280483 1.938314 1.013294 2.142547 1.092906 0.687349
 1519200.000000 2.235195 2.404863 2.234254 2.123670 0.884490 2.224502 1.139989 0.656493
 1521600.000000 2.191958 2.186295 2.164870 2.036384 0.846891 2.171321 1.098864 0.574487
 1524000.000000 2.217629 2.265915 2.040448 2.232241 0.893753 2.099996 1.174193 0.627731
 1526400.000000 2.366306 2.170870 2.131625 2.181015 0.922370 2.232604 1.168063 0.603799
 1528800.000000 2.159589 2.275350 2.234903 2.049511 0.849187 2.009590 1.132465 0.603474
 1531200.000000 2.016445 2.343675 2.223084 1.942890 0.904419 2.183669 1.139026 0.647491
 1533600.000000 2.182139 2.324805 2.169139 2.076823 0.963498 2.202806 1.089302 0.636930
 1536000.000000 2.020603 2.115358 2.329121 1.957571 0.910085 2.223818 1.123056 0.655990
 1538400.000000 2.064400 2.241923 2.395479 1.870993 0.946346 2.133985 1.070160 0.608273
 1540800.000000 2.066938 2.256920 2.343268 1.946383 0.913876 2.257066 1.088988 0.623804
 1543200.000000 2.157644 2.586323 2.515056 1.835292 1.004854 2.344223 1.024173 0.610200
 1545600.000000 2.094695 2.169961 2.418379 1.846173 1.014184 2.303820 1.120869 0.605173
 1548000.000000 2.174157 2.211894 2.295350 1.852643 1.004048 2.197627 1.106998 0.677669
 1550400.000000 2.037505 2.138522 2.422430 1.733432 0.970641 2.206103 1.041266 0.655011
 1552800.000000 2.178089 2.373056 2.265587 2.037986 0.943950 2.257699 1.159911 0.558516
 1555200.000000 2.284029 2.153710 2.426955 1.861709 1.031716 2.161272 1.078622 0.642065
 1557600.000000 2.202317 2.277633 2.267118 1.823091 0.900305 2.543378 1.121310 0.598114
 1560000.000000 2.247261 2.368490 2.199337 1.815127 0.899314 2.622298 1.126212 0.652463
 1562400.000000 2.058944 2.062365 2.322362 1.869643 0.844990 2.807344 1.125234 0.613959
 1564800.000000 1.929806 2.139564 2.420074 1.860880 1.042861 2.307669 1.067537 0.629711
 1567200.000000 1.915649 2.212990 2.553002 2.113751 0.854430 2.283747 1.113843 0.644568
 1569600.000000 2.138556 2.329216 2.264754 2.083208 0.912483 1.810623 1.140674 0.614577
 1572000.000000 2.093038 2.379445 2.330429 1.909737 0.858569 1.938574 1.116040 0.612089
 1574400.000000 2.100523 2.367795 2.429707 2.124547 0.888854 1.945896 1.104475 0.625390
 1576800.000000 2.194918 2.763207 2.151004 2.265702 0.831838 1.785876 1.164696 0.636732
 1579200.000000 2.106752 2.518896 2.277713 2.216729 0.851161 2.022558 1.043505 0.579216
 1581600.000000 2.119692 2.473202 2.486577 2.218463 0.901508 1.871781 1.125417 0.636859
 1584000.000000 2.291989 2.752491 2.256492 2.429863 0.889949 2.333541 1.046429 0.566952
 1586400.000000 1.990880 2.652773 2.493893 1.994683 0.889753 2.095716 1.119888 0.622253
 1588800.000000 2.192544 2.589169 2.241031 2.272744 0.852269 2.031741 1.149087 0.637209
 1591200.000000 2.322408 2.540211 2.370044 2.391312 0.792730 2.037487 1.087137 0.636313
 1593600.000000 2.026372 2.560653 2.346057 2.123856 0.899438 2.272680 1.142675 0.664628
 1596000.000000 2.020850 2.467925 2.416883 2.160233 0.908056 2.353204 1.089846 0.629795
 1598400.000000 2.059838 2.447635 2.208911 2.355539 0.834166 2.084190 1.209362 0.656144
 1600800.000000 1.914574 2.584945 2.448667 2.129467 1.003511 2.030718 1.051833 0.598663
 1603200.000000 2.200126 2.523465 2.319933 2.247758 0.793474 2.122553 1.069715 0.647530
 1605600.000000 1.981925 2.306257 2.296278 2.390302 0.842108 2.150026 1.141275 0.612496
 1608000.000000 2.116419 2.322276 2.466262 2.145209 0.816036 2.019323 1.124877 0.585268
 1610400.000000 2.157897 2.376136 2.236575 2.208098 0.805518 1.952390 1.128572 0.634311
 1612800.000000 2.217421 2.545507 2.245176 2.229465 0.850285 2.005159 1.223352 0.660431
 1615200.000000 2.111608 2.426700 2.277652 2.261127 0.806078 1.979344 1.165107 0.673208
 1617600.000000 2.109253 2.472805 2.291263 2.324389 0.858822 1.949807 1.212024 0.606073
 1620000.000000 2.213053 2.394962 2.362039 2.433041 0.814931 2.249056 1.197675 0.623083
 1622400.000000 1.956346 2.319239 2.425465 2.260590 0.830124 2.142056 1.138727 0.623683
 1624800.000000 2.134918 2.446146 2.294375 2.183728 0.842875 2.100034 1.077652 0.600866
 1627200.000000 2.234597 2.489712 2.327755 2.405338 0.863378 1.974506 1.123090 0.639290
 1629600.000000 2.144921 2.508727 2.223720 2.291188 0.859263 2.069096 1.131311 0.599873
 1632000.000000 2.280872 2.672685 2.308224 2.422211 0.802720 1.928816 1.171821 0.575506
 1634400.000000 2.283046 2.468704 2.178541 2.332166 1.118669 2.133199 1.115905 0.618859
 1636800.000000 2.140266 2.454226 2.226650 2.234843 1.018034 2.452563 1.126734 0.604100
 1639200.000000 2.085558 2.584961 2.093167 2.244475 1.092255 2.520335 1.118779 0.560278
 1641600.000000 2.076605 2.550475 2.149684 2.028759 0.979989 2.605560 1.107499 0.605468
 1644000.000000 2.303181 2.655430 2.303346 2.294759 1.046325 2.507189 1.133822 0.639849
 1646400.000000 2.334654 2.675344 2.270112 2.252944 1.254884 2.297975 1.138799 0.619501
 1648800.000000 2.045009 2.611039 2.312070 2.002212 1.090413 2.307898 1.172548 0.596345
 1651200.000000 2.133079 2.477532 2.141496 1.897193 1.103680 2.459110 1.133463 0.548706
 1653600.000000 2.306494 2.512169 2.229702 2.172207 1.167603 2.792390 1.060432 0.566396
 1656000.000000 2.383155 2.532126 2.128185 2.141146 1.031588 2.507851 1.080028 0.555491
 1658400.000000 2.169282 2.465344 2.158256 1.967856 1.161421 2.692279 1.057012 0.611247
 1660800.000000 2.007658 2.457018 2.200761 1.940544 1.088722 2.524410 1.060063 0.590822
 1663200.000000 2.210510 2.480235 2.101242 2.101729 1.138119 2.720994 1.053693 0.592293
 1665600.000000 2.288251 2.492699 2.137911 2.030950 0.958656 2.542198 1.090074 0.579138
 1668000.000000 2.568150 2.533953 2.201337 2.132110 1.031388 2.807457 1.075386 0.601245
 1670400.000000 1.791126 2.526500 2.053549 1.978650 0.936501 2.473226 1.172647 0.673162
 1672800.000000 2.065888 2.484091 2.193072 1.821111 0.928940 2.720320 1.066584 0.584819
 1675200.000000 2.072343 2.595478 2.211467 2.043210 0.927880 2.413058 1.017782 0.603208
 1677600.000000 2.282828 2.418351 2.097331 2.110813 0.971754 2.622727 1.107038 0.608842
 1680000.000000 2.200244 2.410882 2.177796 2.059698 0.952439 2.190322 1.104136 0.620115
 1682400.000000 2.324074 2.450042 2.266694 2.150664 0.936284 2.744797 1.101103 0.569038
 1684800.000000 2.500320 2.509679 2.142749 2.389779 0.977887 3.024480 1.115420 0.590216
 1687200.000000 2.448001 2.526751 2.177438 2.155030 0.934252 2.588318 1.009703 0.603770
 1689600.000000 2.056988 2.394354 2.093612 1.923369 1.012345 2.682952 1.022694 0.603046
 1692000.000000 2.276437 2.586669 2.199628 2.080606 0.955588 2.571483 1.021951 0.594751
 1694400.000000 2.230068 2.623331 2.010679 2.093722 0.951654 2.682901 0.980445 0.604802
 1696800.000000 2.176689 2.595457 2.171913 2.213143 0.935035 2.761626 0.995079 0.612798
 1699200.000000 2.164434 2.437790 2.187999 2.160932 0.941505 2.601725 1.071768 0.603558
 1701600.000000 2.196927 2.533938 2.187987 1.996656 0.902038 2.641850 1.012998 0.649111
 1704000.000000 2.053839 2.482443 2.082169 1.609482 1.231536 2.752965 1.114490 0.649517
 1706400.000000 2.056637 2.478442 2.075843 1.919755 1.057496 2.886061 1.056223 0.576453
 1708800.000000 1.949544 2.584092 2.233797 1.871039 1.044254 2.675382 1.054590 0.602270
 1711200.000000 2.273326 2.667543 2.165549 2.269416 1.023692 2.571265 1.042195 0.584419
 1713600.000000 2.249716 2.425979 2.047103 2.350876 0.914044 2.485958 1.109412 0.570182
 1716000.000000 2.321338 2.393896 2.193469 2.176607 0.958072 2.633744 1.015990 0.564642
 1718400.000000 2.508612 2.420857 2.226323 2.583003 0.954983 2.581429 1.056100 0.621080
 1720800.000000 2.340373 2.590353 2.176659 2.340821 1.027149 2.699068 1.015765 0.626144
 1723200.000000 2.512779 2.413099 2.275219 2.496441 0.942148 2.184033 1.063007 0.631836
 1725600.000000 2.313755 2.232994 2.252335 2.422414 0.918628 2.814240 1.109057 0.605113
 1728000.000000 2.401184 2.353200 2.320547 2.330969 0.929607 2.713612 1.065997 0.594940
 1730400.000000 2.140134 2.476645 2.250757 2.231822 0.943844 2.673027 1.075850 0.594452
 1732800.000000 2.277833 2.498865 1.987301 2.323235 0.955789 2.772384 1.064859 0.587128
 1735200.000000 2.404998 2.527314 2.111329 2.514620 0.963938 2.714466 1.092332 0.612704
 1737600.000000 2.095217 2.579708 2.218883 2.248482 0.934360 2.477528 1.061399 0.627148
 1740000.000000 2.324428 2.344732 2.167378 2.444699 0.927092 2.446855 1.099852 0.613937
 1742400.000000 2.099488 2.321829 2.211542 2.294484 0.935455 2.511304 1.057195 0.618217
 1744800.000000 2.324158 2.300003 2.232791 2.317755 0.943605 2.621181 1.047824 0.596390
 1747200.000000 2.416601 2.354023 2.255022 2.355229 0.955723 2.372349 1.076452 0.604591
 1749600.000000 2.225349 2.433853 2.216564 2.241101 0.928653 2.715660 1.016025 0.624873
 1752000.000000 2.210485 2.294833 2.106960 2.218944 0.901848 2.665065 0.986132 0.607424
 1754400.000000 2.097024 2.553118 2.101024 1.981151 0.994345 2.632132 1.029261 0.646412
 1756800.000000 2.211995 2.481643 2.211482 2.424741 0.946419 2.553090 1.093627 0.624056
 1759200.000000 2.179010 2.229250 2.187795 2.352837 0.932176 2.852654 1.024107 0.584854
 1761600.000000 2.290926 2.333777 2.267207 2.318043 0.986624 2.792595 1.060703 0.627047
 1764000.000000 2.164275 2.195642 2.145079 2.400878 0.938116 2.760387 1.069018 0.604377
 1766400.000000 2.371378 2.463967 1.952695 2.387209 0.964909 2.746242 1.081396 0.592008
 1768800.000000 2.350750 2.443904 2.205117 2.350397 1.034086 2.707069 0.976422 0.599245
 1771200.000000 2.078234 2.321212 2.132689 2.174979 1.053642 2.823054 1.063015 0.571822
 1773600.000000 2.045949 2.290501 2.132867 2.077738 1.016430 2.626174 1.144348 0.642116
 1776000.000000 2.222132 2.412286 2.066774 2.241431 0.991454 2.535355 1.110778 0.595849
 1778400.000000 2.243676 2.491584 2.095176 2.261391 1.115427 2.651064 1.084660 0.591162
 1780800.000000 2.097133 2.410339 1.969575 2.295880 0.996483 2.646595 1.139188 0.573793
 1783200.000000 2.118994 2.278599 1.961231 2.259972 1.046513 2.592707 1.106334 0.565093
 1785600.000000 2.061820 2.285437 2.052869 2.281112 1.105903 2.636702 1.021740 0.569398
 1788000.000000 2.089192 2.336963 1.984050 2.170484 1.096696 2.293131 1.118868 0.576012
 1790400.000000 2.133327 2.403216 1.988154 2.044637 1.253033 2.568391 1.069041 0.559292
 1792800.000000 2.214923 2.370134 1.981437 2.153249 1.051948 2.672690 1.077356 0.602696
 1795200.000000 2.142866 2.289839 1.804742 2.083517 1.257851 2.490846 1.050170 0.608299
 1797600.000000 2.189520 2.253327 1.824199 2.065826 1.223273 2.697980 1.108140 0.570906
 1800000.000000 2.238216 2.233364 1.869345 2.222461 1.190503 2.751884 1.024342 0.595775
 1802400.000000 2.244477 2.541654 1.988090 2.206526 1.174198 2.489188 1.012425 0.604633
 1804800.000000 2.401176 2.560167 1.895157 2.266093 1.329221 2.957096 1.166449 0.574914
 1807200.000000 2.423285 2.316540 1.907421 2.316810 1.196064 2.648403 1.031665 0.554252
 1809600.000000 2.179517 2.362382 1.939527 2.137922 1.200937 2.765522 1.052192 0.581754
 1812000.000000 2.295471 2.508331 1.811789 2.158848 1.145048 2.831022 1.079968 0.583447
 1814400.000000 2.203508 2.365755 1.979536 2.152432 1.148013 2.805459 1.086489 0.632503
 1816800.000000 2.110687 2.366988 2.184456 2.363583 1.112548 2.754068 0.988887 0.578830
 1819200.000000 2.200299 2.373349 1.972737 2.134161 1.386097 2.678551 1.074836 0.586574
 1821600.000000 2.131606 2.373786 1.948623 2.209436 1.136740 2.584691 1.061218 0.672676
 1824000.000000 2.222990 2.446531 1.917266 2.143269 1.099346 2.519703 1.086579 0.643880
 1826400.000000 2.073260 2.339610 1.864688 2.103676 1.014955 2.289278 1.037352 0.633270
 1828800.000000 2.074906 2.453389 1.894225 2.308616 0.967145 2.636389 0.992074 0.607198
 1831200.000000 2.193073 2.645764 1.858911 1.943921 1.201986 2.518802 1.036867 0.597842
 1833600.000000 2.002828 2.444818 1.969443 1.729287 1.255421 2.497773 1.028244 0.625542
 1836000.000000 2.262696 2.462857 1.873737 1.768121 1.067058 2.773046 0.965097 0.590530
 1838400.000000 2.349358 2.548844 1.950116 1.887216 1.086949 2.487721 0.997134 0.588510
 1840800.000000 2.106271 2.519270 2.089383 1.867022 1.104124 2.672933 0.947358 0.604839
 1843200.000000 2.149224 2.449487 1.958981 1.922216 1.095149 2.717846 1.007726 0.620978
 1845600.000000 2.134218 2.354595 1.965595 1.927264 1.093024 2.789435 0.985415 0.593008
 1848000.000000 2.127834 2.479670 1.906097 1.983002 1.164496 2.965412 1.002752 0.595255
 1850400.000000 2.155506 2.305806 1.881991 1.994165 1.048318 2.505401 0.945977 0.559711
 1852800.000000 2.098053 2.283881 2.076148 2.008909 1.045107 2.437476 1.034103 0.574420
 1855200.000000 2.134121 2.304042 2.071469 1.778582 0.943891 2.607135 1.063540 0.641162
 1857600.000000 2.135045 2.237510 2.076291 1.763107 0.965092 2.453413 1.064536 0.624530
 1860000.000000 2.221346 2.361395 2.103138 1.826977 1.134836 2.618759 1.051275 0.577279
 1862400.000000 2.214525 2.469230 2.174012 1.938917 1.047521 2.618140 1.116035 0.625100
 1864800.000000 2.223740 2.470398 2.066338 1.761230 1.107951 2.472055 1.058481 0.606573
 1867200.000000 2.324339 2.456813 1.892962 2.015919 1.110013 2.472184 1.015933 0.575129
 1869600.000000 2.220053 2.525004 1.894019 1.955420 1.002836 2.543409 0.973223 0.537454
 1872000.000000 2.365467 2.438592 1.889809 1.907366 1.025020 2.474362 1.141334 0.622704
 1874400.000000 2.351625 2.345789 1.931801 1.914607 1.131711 2.542504 0.988454 0.580138
 1876800.000000 2.366460 2.587299 1.927853 1.825878 1.049587 2.418771 0.941479 0.606748
 1879200.000000 2.205543 2.570234 1.999874 1.727364 0.989258 2.418719 1.010599 0.562093
 1881600.000000 2.170944 2.737009 1.915310 1.919343 0.956292 2.497260 0.940918 0.610847
 1884000.000000 2.264319 2.396377 1.957260 1.763228 0.994858 2.629368 0.998789 0.602667
 1886400.000000 2.396561 2.340907 1.939284 1.768916 1.046404 2.460385 1.030341 0.603455
 1888800.000000 2.337235 2.465032 1.941101 1.928661 0.943212 2.149849 1.022269 0.611783
 1891200.000000 2.205719 2.464939 1.897591 1.940294 0.968589 2.544344 1.066801 0.712985
 1893600.000000 2.191166 2.469622 1.925444 1.792258 0.974535 2.481509 0.963869 0.605417
 1896000.000000 2.124526 2.581482 1.870613 1.601557 1.017281 2.323636 0.993877 0.616324
 1898400.000000 2.295538 2.527084 1.858574 1.861778 0.974338 2.331367 0.953952 0.634174
 1900800.000000 2.357559 2.568672 1.913860 1.855023 1.019212 2.360038 0.969071 0.648560
 1903200.000000 2.279380 2.570923 1.845141 1.806190 1.004968 2.559783 0.932980 0.628715
 1905600.000000 2.238019 2.663408 1.908651 1.882513 0.997162 2.590516 1.023236 0.599284
 1908000.000000 2.410879 2.585263 1.845402 2.036761 1.008878 2.519812 0.915040 0.608616
 1910400.000000 2.354422 2.574023 1.870341 1.955519 0.953447 2.780792 1.062396 0.618379
 1912800.000000 2.295692 2.470863 1.861869 1.973902 1.008675 2.666099 0.966160 0.536562
 1915200.000000 2.282063 2.376776 1.973648 2.009831 1.107373 2.643945 1.039768 0.647956
 1917600.000000 2.266635 2.585946 1.948682 1.906987 0.989906 2.433916 0.872683 0.632099
 1920000.000000 2.153286 2.473531 1.904275 1.833378 1.171215 2.430927 0.951719 0.599697
 1922400.000000 2.291307 2.366466 1.960679 1.907718 1.016436 2.425424 0.934336 0.616914
 1924800.000000 2.344835 2.453742 1.946585 1.929159 1.108149 2.504739 1.055814 0.564495
 1927200.000000 2.325377 2.361543 1.925201 1.804246 1.048728 2.817693 0.986752 0.614541
 1929600.000000 2.291553 2.436086 1.900895 1.909690 1.075243 2.547648 0.945484 0.589095
 1932000.000000 2.181737 2.447189 1.840964 1.743656 1.027144 2.696397 0.982640 0.602193
 1934400.000000 2.298263 2.465020 1.989325 1.837419 0.973084 2.405437 0.919494 0.602673
 1936800.000000 2.148441 2.466559 1.934613 1.842973 0.989886 2.604300 1.019184 0.588087
 1939200.000000 2.366721 2.533452 1.896672 1.832161 1.011258 2.573814 1.027709 0.642430
 1941600.000000 2.416868 2.649959 1.871883 1.845057 1.137253 2.862758 0.926640 0.638659
 1944000.000000 2.278243 2.529409 1.867564 1.832624 1.038763 2.747679 0.993185 0.601107
 1946400.000000 2.339893 2.536704 1.957107 1.822177 0.970363 2.897138 1.038222 0.621621
 1948800.000000 2.289533 2.506354 1.930154 1.852500 1.063690 2.831215 1.075828 0.597430
 1951200.000000 2.203766 2.500894 1.883598 1.725361 1.014710 2.753339 0.972460 0.591270
 1953600.000000 2.181822 2.530767 1.927782 1.755826 1.055288 2.662947 1.055493 0.614045
 1956000.000000 2.180246 2.560736 1.896482 1.911249 1.072557 2.780429 0.913864 0.637189
 1958400.000000 2.302224 2.539471 1.813287 2.192248 0.934080 2.652366 0.960164 0.629888
 1960800.000000 2.354193 2.487077 1.767284 1.921246 1.029103 2.569910 0.962307 0.646200
 1963200.000000 2.340432 2.520650 1.801509 1.967737 1.039460 2.608823 0.907003 0.645266
 1965600.000000 2.423376 2.534381 1.874395 1.989940 1.022562 2.777530 0.895643 0.654311
 1968000.000000 2.305561 2.600285 1.866284 1.886557 1.093351 2.739532 0.903278 0.656595
 1970400.000000 2.332081 2.539727 1.782689 1.881304 1.025098 2.921464 1.006585 0.582623
 1972800.000000 2.493386 2.499027 1.874580 2.041227 1.020652 2.707949 1.013847 0.580376
 1975200.000000 2.337011 2.572536 1.888126 1.942056 1.025798 2.886122 1.025418 0.578298
 1977600.000000 2.301174 2.519920 1.855883 1.846242 0.884096 2.764699 0.962497 0.580791
 1980000.000000 2.224464 2.395318 1.825882 1.804411 0.962266 2.842573 0.911674 0.615095
 1982400.000000 2.313835 2.527666 1.953860 1.890940 0.942941 2.819349 1.000618 0.590991
 1984800.000000 2.267773 2.441740 1.935043 1.851050 1.045841 2.938780 0.996521 0.601100
 1987200.000000 2.320573 2.456240 1.943938 1.813932 0.888178 2.847847 0.971738 0.602923
 1989600.000000 2.251954 2.472476 1.864066 1.876892 0.977992 2.763413 0.964939 0.638189
 1992000.000000 2.364346 2.439203 2.020220 1.959214 1.063954 3.067689 0.976514 0.614753
 1994400.000000 2.279334 2.409640 1.937273 1.826766 1.051279 3.078089 0.957475 0.623925
 1996800.000000 2.278083 2.441355 1.928567 1.872057 1.062398 2.889030 0.920375 0.567244
 1999200.000000 2.263491 2.512623 1.866245 1.943526 0.980586 2.959824 0.975543 0.612765
 2001600.000000 2.368807 2.448511 1.875717 1.947397 1.021182 2.982676 0.999427 0.591910
 2004000.000000 2.296753 2.447748 1.904707 1.915363 1.062558 2.806417 0.910926 0.604186
 2006400.000000 2.216042 2.608600 1.845643 1.922187 0.990932 2.762325 1.011546 0.638173
 2008800.000000 2.374059 2.579394 1.860229 2.016677 0.942377 2.747822 1.074431 0.576611
 2011200.000000 2.365971 2.576256 1.817732 1.837673 1.042742 2.710337 0.939440 0.618411
 2013600.000000 2.405135 2.577438 1.742878 1.968372 0.885904 3.024877 0.960053 0.610316
 2016000.000000 2.345716 2.539485 1.859926 1.837609 1.022575 2.974265 0.985036 0.570783
 2018400.000000 2.499031 2.516667 1.855535 1.945964 1.156855 2.921566 0.900296 0.595449
 2020800.000000 2.534301 2.504798 1.845588 1.937151 1.153841 2.933120 0.933424 0.556605
 2023200.000000 2.367578 2.349283 2.030568 1.805648 1.107326 2.765373 0.960266 0.602662
 2025600.000000 2.418416 2.658739 1.822519 1.876820 0.944273 3.012019 0.956260 0.595248
 2028000.000000 2.445134 2.568156 1.859821 1.958313 0.940437 2.740119 0.923196 0.606803
 2030400.000000 2.339873 2.462910 1.847302 1.886106 0.895880 2.915492 0.872545 0.620327
 2032800.000000 2.385735 2.489689 1.813168 1.863804 1.086011 2.809895 0.960325 0.647275
 2035200.000000 2.327216 2.475860 1.925173 1.812350 1.007169 2.726935 1.021588 0.549840
 2037600.000000 2.496434 2.534469 1.985209 2.073622 0.916272 2.598278 0.921485 0.589253
 2040000.000000 2.298306 2.716270 1.877363 1.772183 1.094238 2.763209 0.941852 0.610815
 2042400.000000 2.389914 2.583500 1.875388 1.875198 1.040618 2.834671 0.959875 0.595909
 2044800.000000 2.199717 2.497016 1.811147 1.866824 1.055130 2.670460 0.929854 0.601649
 2047200.000000 2.101527 2.428452 1.752991 1.858141 1.072433 2.876235 0.991566 0.607489
 2049600.000000 2.316690 2.552714 1.772670 1.903209 1.141883 2.812798 1.010268 0.636510
 2052000.000000 2.369838 2.535434 1.777055 1.918213 1.286900 2.839522 0.930206 0.594874
 2054400.000000 2.278573 2.585100 1.821884 2.035390 1.005351 2.599817 0.969684 0.578488
 2056800.000000 2.280115 2.571721 1.828469 1.968069 1.091655 2.749099 0.960990 0.579353
 2059200.000000 2.369673 2.449912 1.858103 1.984513 1.196350 2.752735 0.974013 0.591552
 2061600.000000 2.223243 2.393731 1.851175 1.926474 1.218885 2.705939 0.981970 0.594712
 2064000.000000 2.286710 2.498532 1.886525 1.868694 1.217894 2.750682 1.023609 0.551938
 2066400.000000 2.296820 2.348748 1.850895 1.956963 1.188206 2.652747 0.998669 0.548950
 2068800.000000 2.460539 2.324974 1.751289 2.164426 1.051841 2.510604 0.947900 0.645417
 2071200.000000 2.244073 2.486258 1.815858 1.913349 1.132034 2.500339 1.002463 0.665435
 2073600.000000 2.391662 2.423980 1.823418 1.987172 1.053031 2.573837 1.004886 0.610118
 2076000.000000 2.259526 2.374412 1.860247 1.885164 1.111361 2.679782 1.023744 0.662040
 2078400.000000 2.228999 2.467512 1.824284 1.938918 1.061688 2.534101 0.984982 0.687648
 2080800.000000 2.412262 2.625126 1.763101 1.917890 1.099298 2.785545 0.969405 0.596133
 2083200.000000 2.326354 2.506515 1.819031 1.947699 1.077778 2.615677 1.068826 0.647489
 2085600.000000 2.233979 2.564533 1.776129 1.890652 1.037025 2.622946 0.965811 0.605391
 2088000.000000 2.145950 2.410683 1.838828 1.792824 1.081034 2.578861 0.965576 0.645184
 2090400.000000 2.320084 2.397493 1.868920 1.859121 1.077697 2.811363 0.983866 0.723129
 2092800.000000 2.380146 2.579520 1.792086 1.888912 1.078520 2.794405 1.016113 0.687066
 2095200.000000 2.455878 2.534011 1.825977 1.947500 1.167865 2.811986 1.013264 0.618496
 2097600.000000 2.304207 2.603967 1.821708 1.925739 0.999739 2.765540 0.918990 0.649243
 2100000.000000 2.516821 2.487040 1.840451 1.953609 1.072732 2.710566 1.014083 0.622330
 2102400.000000 2.410993 2.484670 1.866920 1.924965 1.116162 2.612216 0.983211 0.635225
 2104800.000000 2.366908 2.553092 1.785462 1.827451 1.085815 2.718188 1.018652 0.656278
 2107200.000000 2.392954 2.600837 1.854925 1.925166 1.089079 2.813899 0.886923 0.580856
 2109600.000000 2.400131 2.649088 1.790741 1.927952 0.991988 2.796035 1.042378 0.637427
 2112000.000000 2.295220 2.427093 1.893046 1.803680 1.110165 2.769394 1.045286 0.609772
 2114400.000000 2.415295 2.709583 1.754225 1.911660 1.077718 2.961497 0.951832 0.663589
 2116800.000000 2.391195 2.505059 1.713380 1.886666 1.026643 2.818793 1.030277 0.662657
 2119200.000000 2.221285 2.595103 1.713975 1.835381 1.105397 2.847534 1.010653 0.658081
 2121600.000000 2.424745 2.502016 1.831076 1.930650 1.029416 2.751990 0.947925 0.661915
 2124000.000000 2.346736 2.563545 1.881264 1.883068 1.113710 2.817979 0.972448 0.660923
 2126400.000000 2.282912 2.509158 1.813843 1.677116 1.044007 2.738518 0.951502 0.590065
 2128800.000000 2.314337 2.407693 1.849009 1.665779 1.273449 2.740161 0.972392 0.632362
 2131200.000000 2.389170 2.521638 1.859941 1.939301 1.212676 2.702198 1.008717 0.633315
 2133600.000000 2.349639 2.592545 1.854254 1.909789 1.219675 2.832187 1.003352 0.637248
 2136000.000000 2.251344 2.510134 1.793396 2.018664 1.193765 2.894436 1.026681 0.644595
 2138400.000000 2.408719 2.455636 1.801106 1.938405 1.089114 2.861156 0.990422 0.615080
 2140800.000000 2.283739 2.476184 1.898935 1.941308 1.066565 2.700309 1.023291 0.657266
 2143200.000000 2.361419 2.581954 1.801533 2.014814 1.161187 2.819760 0.981538 0.657633
 2145600.000000 2.277499 2.507932 1.870722 1.896800 1.091636 2.616745 1.055112 0.704672
 2148000.000000 2.299413 2.604257 1.828729 1.892415 1.160104 2.675433 0.965654 0.658354
 2150400.000000 2.400964 2.396413 1.905741 2.044764 1.135491 2.553143 0.995562 0.674383
 2152800.000000 2.397003 2.390111 1.849230 1.924283 1.135002 2.681377 1.000084 0.643993
 2155200.000000 2.381957 2.503081 1.815726 1.913181 1.132859 2.664481 0.943319 0.600955
 2157600.000000 2.209079 2.611014 1.840436 1.911257 1.076039 2.643997 0.980117 0.645399
 2160000.000000 2.332574 2.516394 1.866211 1.881225 1.120103 2.835174 1.003029 0.647722
 2162400.000000 2.198987 2.569280 1.868158 1.985962 1.158377 2.509029 1.002374 0.651085
 2164800.000000 2.122992 2.488587 1.804535 1.865237 1.234119 2.763206 0.932391 0.622771
 2167200.000000 2.133415 2.722996 1.796621 1.891189 1.192368 2.635862 0.963460 0.636993
 2169600.000000 2.242738 2.686284 1.824737 1.946814 1.036668 2.661420 0.950226 0.609839
 2172000.000000 2.282645 2.497858 1.842555 1.956530 1.135677 2.786161 0.973437 0.637981
 2174400.000000 2.177508 2.605085 1.814314 1.915443 1.012044 2.875571 0.937889 0.669898
 2176800.000000 2.110043 2.635193 1.818988 1.855532 1.099186 2.683840 1.003506 0.613763
 2179200.000000 2.077717 2.664413 1.760683 1.842622 1.083294 2.650184 1.009992 0.618890
 2181600.000000 2.036821 2.668474 1.821918 1.909526 1.065991 2.860645 1.011398 0.624528
 2184000.000000 2.101853 2.567351 1.884492 2.149286 1.007735 2.644195 1.009951 0.632493
 2186400.000000 1.984251 2.480502 1.864848 1.974122 1.045983 2.628383 0.949957 0.618320
 2188800.000000 2.072123 2.569398 1.820950 1.874739 0.985262 2.904595 0.944480 0.610866
 2191200.000000 2.074019 2.509479 1.918010 1.910275 1.087996 2.826332 1.029566 0.644879
 2193600.000000 2.312045 2.666967 1.798669 1.911667 0.978504 2.813207 0.863665 0.597474
 2196000.000000 2.165281 2.599660 1.824774 1.941911 1.105053 2.599397 0.947033 0.630503
 2198400.000000 2.359620 2.498954 1.908274 1.953195 1.123358 2.566224 0.991231 0.641813
 2200800.000000 2.093904 2.560089 1.898242 1.882631 1.114469 2.650566 0.936955 0.626006
 2203200.000000 2.325678 2.336591 1.958788 1.973168 1.112669 2.734993 1.028514 0.619269
 2205600.000000 2.174851 2.511262 1.924580 1.912769 1.101577 2.737953 0.975294 0.645071
 2208000.000000 2.137900 2.525403 1.843669 1.908763 1.287431 2.684462 0.952053 0.620146
 2210400.000000 2.209222 2.444190 1.971863 2.006843 1.089530 2.716372 0.954263 0.611971
 2212800.000000 2.140229 2.483552 2.009413 2.038198 1.093456 2.514606 0.964970 0.660271
 2215200.000000 2.140704 2.697739 1.884649 1.960844 1.136710 2.622720 0.909310 0.654508
 2217600.000000 2.274841 2.572462 1.977698 1.878405 1.113450 2.648698 0.952279 0.671894
 2220000.000000 2.096368 2.633472 1.929808 1.851921 1.061179 2.675801 0.938489 0.587306
 2222400.000000 2.221541 2.606246 1.833841 1.947968 1.007955 2.657461 0.997307 0.647783
 2224800.000000 2.181802 2.495879 1.818616 1.953254 1.079412 2.715372 0.967375 0.625181
 2227200.000000 2.293419 2.619149 1.964295 1.964929 1.145204 2.619301 0.924898 0.619881
 2229600.000000 2.378726 2.532379 1.871200 1.959471 1.106664 2.789578 0.920256 0.701138
 2232000.000000 2.219931 2.536869 1.881870 1.884999 1.099302 2.643640 0.917035 0.653740
 2234400.000000 2.345673 2.778776 1.831397 1.894836 1.091995 2.692538 0.985363 0.622957
 2236800.000000 2.323958 2.456825 1.943309 1.931842 1.066487 2.565300 0.956149 0.647817
 2239200.000000 2.345574 2.599672 1.849198 1.962740 1.067112 2.842688 0.982100 0.636339
 2241600.000000 2.274284 2.542843 1.884858 1.920043 1.046943 2.798872 0.978798 0.611981
 2244000.000000 2.283496 2.429423 1.856723 1.935311 1.062720 2.705208 0.927526 0.681982
 2246400.000000 2.287228 2.522284 1.970189 1.898241 1.055542 2.681542 0.973188 0.679480
 2248800.000000 2.208500 2.535419 1.918152 1.752296 1.087056 2.821708 0.968450 0.658557
 2251200.000000 2.169116 2.477980 1.939917 1.730530 1.126383 2.697994 1.068893 0.623858
 2253600.000000 2.293929 2.652774 1.877727 1.901886 1.050368 2.785888 0.989624 0.620334
 2256000.000000 2.365510 2.445531 1.938951 1.928865 1.156207 2.662738 0.973926 0.645350
 2258400.000000 2.248736 2.462901 1.930364 1.976325 1.096358 2.575489 1.002253 0.592713
 2260800.000000 2.286372 2.416565 1.926647 2.078250 1.101818 2.765254 1.007015 0.634917
 2263200.000000 2.188662 2.556671 1.929399 2.054985 1.084954 2.812200 0.930044 0.639252
 2265600.000000 2.078587 2.669280 1.983836 1.846380 1.265252 2.689563 1.022927 0.652038
 2268000.000000 2.112755 2.497527 1.959255 2.002601 1.166217 2.674803 1.022968 0.623039
 2270400.000000 2.173053 2.515558 1.905379 1.905483 1.062078 2.817216 0.944027 0.636645
 2272800.000000 2.129269 2.592840 1.842233 2.003122 1.104368 2.793804 0.948505 0.689118
 2275200.000000 2.185147 2.556300 1.839773 1.977575 1.062213 2.825209 0.963937 0.715316
 2277600.000000 2.275994 2.403789 1.889921 2.055726 1.141701 2.730967 0.941624 0.667845
 2280000.000000 2.303789 2.484156 1.856563 1.984616 1.093877 2.737171 0.979607 0.636898
 2282400.000000 2.224455 2.441668 1.933316 1.892061 1.194484 2.760766 0.989205 0.653293
 2284800.000000 2.217578 2.467181 2.030806 1.959145 1.043673 2.846165 0.972347 0.619551
 2287200.000000 2.235482 2.431149 1.963247 1.919840 1.095400 2.783441 0.930735 0.676033
 2289600.000000 2.075451 2.556364 1.895880 1.889945 1.001679 2.721845 0.978538 0.664621
 2292000.000000 2.266627 2.524385 1.798590 2.028202 1.091277 2.614940 1.028899 0.621775
 2294400.000000 2.287493 2.614028 1.828510 2.057215 1.053733 2.741306 0.961395 0.658801
 2296800.000000 2.288855 2.476661 1.988823 2.064896 1.116111 2.768665 0.995243 0.657228
 2299200.000000 2.230681 2.277546 1.954771 2.013084 1.245586 2.578837 1.040515 0.620103
 2301600.000000 2.128997 2.364849 1.917203 1.972707 1.191693 2.628997 1.012215 0.679858
 2304000.000000 2.106318 2.497903 1.868427 1.917396 1.139712 2.770424 0.994321 0.622833
 2306400.000000 2.151203 2.545080 1.776150 1.973558 1.068931 2.786548 1.041342 0.651950
 2308800.000000 2.153800 2.649960 1.739250 1.901126 1.157770 2.862381 0.997812 0.652344
 2311200.000000 2.116804 2.588060 1.797291 1.894203 1.029871 2.778179 0.952323 0.698811
 2313600.000000 2.154176 2.585794 1.877270 1.959786 1.040417 2.785893 0.986666 0.764394
 2316000.000000 2.079243 2.561069 1.944174 2.052881 1.035954 2.729495 1.001784 0.734012
 2318400.000000 2.196581 2.736160 1.843633 2.012226 1.072133 2.868653 0.977013 0.621237
 2320800.000000 2.211015 2.550047 2.042148 1.914999 1.132983 3.061172 0.997475 0.712724
 2323200.000000 2.179579 2.584372 2.117763 1.950446 1.109499 3.038745 1.034847 0.599324
 2325600.000000 2.147071 2.731141 2.131970 2.027917 1.081573 3.049302 0.972909 0.590249
 2328000.000000 2.034195 2.594687 2.114108 1.961145 1.054659 3.182234 0.982221 0.638071
 2330400.000000 2.068334 2.620581 2.098733 1.902088 1.043689 2.916875 0.971151 0.634494
 2332800.000000 2.102756 2.657367 2.214341 1.939362 1.081612 3.002949 1.056196 0.665530
 2335200.000000 2.326294 2.573847 2.220430 2.034474 1.161167 3.145759 1.039575 0.722850
 2337600.000000 2.274242 2.644299 2.122167 1.990067 1.093639 2.993952 0.959234 0.591575
 2340000.000000 2.371074 2.717696 2.195727 2.056896 1.124756 3.132907 1.007288 0.630159
 2342400.000000 2.160680 2.648242 2.269202 2.037749 1.060407 3.036376 0.982920 0.659633
 2344800.000000 2.288165 2.655080 2.209383 2.059500 0.996978 3.075495 1.015582 0.648954
 2347200.000000 2.256385 2.616461 2.215667 1.945585 1.204003 3.025342 0.993536 0.607756
 2349600.000000 2.145784 2.631628 2.202724 2.033421 1.036331 3.224610 0.971845 0.677695
 2352000.000000 2.217417 2.624879 2.023101 1.853464 1.062456 2.953474 1.031770 0.652578
 2354400.000000 2.116405 2.735022 2.114967 1.937497 0.988936 3.041666 0.975732 0.650068
 2356800.000000 2.173875 2.513140 2.066029 1.940102 1.047569 3.038852 0.982671 0.654783
 2359200.000000 2.129674 2.587877 2.100012 1.931378 1.032326 2.968101 0.981063 0.657060
 2361600.000000 2.167422 2.558970 2.118284 1.936687 1.028836 2.962621 0.970081 0.660413
 2364000.000000 2.040619 2.617202 2.126990 1.923901 1.097660 3.027805 0.978815 0.645396
 2366400.000000 2.025692 2.516598 2.191194 1.895235 1.186225 2.636734 0.964661 0.617845
 2368800.000000 2.063482 2.447599 2.215266 1.931185 1.207881 2.959362 1.071831 0.627089
 2371200.000000 2.082459 2.551664 2.195039 1.857614 1.174170 2.597273 1.097970 0.640715
 2373600.000000 2.195578 2.615949 2.090950 1.979952 1.303913 2.821720 1.048830 0.623668
 2376000.000000 2.097960 2.481372 2.285952 2.004743 1.248179 2.859735 1.039572 0.659026
 2378400.000000 2.089314 2.538557 2.212549 2.024045 1.186165 2.837931 1.002387 0.633682
 2380800.000000 2.260141 2.580848 2.104974 1.924056 1.240968 2.750460 1.014989 0.641755
 2383200.000000 2.155675 2.571153 2.223767 1.987145 1.256514 2.715061 1.064498 0.631336
 2385600.000000 2.054123 2.708170 2.081936 1.925471 1.254302 3.047052 1.059663 0.624471
 2388000.000000 2.188461 2.377192 2.117573 1.960088 1.223131 2.974932 0.973980 0.643108
 2390400.000000 2.185817 2.464286 2.071569 1.933391 1.198391 2.849439 1.019366 0.667741
 2392800.000000 2.109955 2.497157 2.306525 1.890340 1.209305 3.119870 1.045149 0.646299
 2395200.000000 2.134360 2.575482 2.212191 1.964216 1.143161 2.879006 1.072517 0.648278
 2397600.000000 2.001940 2.499144 2.259893 1.969000 1.151247 2.797901 0.957577 0.594684
 2400000.000000 2.168310 2.644478 2.270054 1.885870 1.268281 3.010005 1.053282 0.648492
 2402400.000000 2.376170 2.566128 2.215735 1.937349 1.229830 2.981179 1.054621 0.609509
 2404800.000000 2.512490 2.633609 2.365879 1.828171 1.269508 3.122883 0.991742 0.633081
 2407200.000000 2.339513 2.385521 1.931357 1.968489 1.151804 3.072546 0.975724 0.633371
 2409600.000000 2.231859 2.488039 2.213766 1.964945 1.113716 2.538918 0.981021 0.622763
 2412000.000000 2.300597 2.380780 2.138074 1.955292 1.089464 2.604854 0.991370 0.634853
 2414400.000000 2.131781 2.510502 2.345978 1.954283 1.235350 2.590533 1.024768 0.632741
 2416800.000000 2.080617 2.516044 2.282400 1.966495 1.260993 2.832116 1.038892 0.627965
 2419200.000000 2.202302 2.521309 2.264665 2.007081 1.291031 3.062006 0.941136 0.666868
 2421600.000000 2.261002 2.509462 2.395290 2.006790 1.255517 3.020815 1.008677 0.635035
 2424000.000000 2.152668 2.507871 2.263198 2.011450 1.098172 2.629066 0.965994 0.590725
 2426400.000000 2.239127 2.549585 2.133517 1.811724 1.151971 2.900413 0.949881 0.629430
 2428800.000000 2.226205 2.830503 2.297257 1.897473 1.182072 2.929293 0.962463 0.629671
 2431200.000000 2.140498 2.218732 2.173244 1.896687 0.895304 3.231600 1.005756 0.632538
 2433600.000000 2.019128 2.334342 2.202534 1.922735 1.086748 2.884153 0.960731 0.647800
 2436000.000000 2.324894 2.493522 2.350848 2.100807 1.200771 2.757153 1.021030 0.646327
 2438400.000000 2.022145 2.652126 1.896604 1.939473 1.080920 2.745523 1.045003 0.670312
 2440800.000000 2.331810 2.502511 2.013014 2.017436 1.080431 2.823152 1.001491 0.629413
 2443200.000000 2.360405 2.365606 2.053466 1.871958 1.164271 2.720350 0.998996 0.654300
 2445600.000000 2.200543 2.470158 1.774037 1.890729 1.075229 2.775619 0.930868 0.710986
 2448000.000000 2.267057 2.426763 1.748910 2.018206 1.017991 2.920202 0.923898 0.627186
 2450400.000000 2.264397 2.492476 1.670715 1.877352 1.090932 2.963334 1.008371 0.659178
 2452800.000000 2.163094 2.615481 1.967843 1.808229 0.887295 3.036234 1.020711 0.648828
 2455200.000000 2.065388 2.411977 1.997732 1.679169 1.153638 2.972232 0.951489 0.643297
 2457600.000000 1.906993 2.449679 1.948360 1.601460 1.236235 2.829484 0.984026 0.614682
 2460000.000000 2.214954 2.385842 2.023017 1.991595 1.028959 3.044952 1.012353 0.612536
 2462400.000000 1.973573 2.446315 1.995357 1.900662 0.982239 3.127371 1.036065 0.589589
 2464800.000000 2.424957 2.389308 1.860685 2.151906 0.817599 3.001370 1.022385 0.593954
 2467200.000000 2.470518 2.375294 1.758656 1.968066 1.022451 3.033050 0.964357 0.568662
 2469600.000000 2.181244 2.354314 1.752421 1.995885 0.947805 2.905024 1.039120 0.609242
 2472000.000000 2.235951 2.467623 1.814520 1.890406 1.085513 2.922053 1.086706 0.630233
 2474400.000000 2.262825 2.435169 1.760563 1.930435 0.918161 2.892309 0.966953 0.617153
 2476800.000000 2.275006 2.436238 1.838997 1.904530 0.884132 3.191943 0.954380 0.610157
 2479200.000000 2.207920 2.452454 1.776587 1.670415 0.956529 3.063634 0.961497 0.554537
 2481600.000000 2.314357 2.440205 1.850157 2.046525 0.948517 3.043815 0.955896 0.627601
 2484000.000000 2.508581 2.467115 1.842211 1.943251 0.928690 3.073099 0.925741 0.609473
 2486400.000000 2.327561 2.505508 1.705361 2.088633 1.001859 2.921244 1.006607 0.654590
 2488800.000000 2.467814 2.498624 1.683098 1.974726 0.942036 3.030873 0.923328 0.607960
 2491200.000000 2.398537 2.439843 1.625358 1.953530 0.964563 2.837395 1.098733 0.693475
 2493600.000000 2.257700 2.404074 1.666710 1.868316 1.004126 2.846671 0.978167 0.595729
 2496000.000000 2.297664 2.463086 1.764280 1.989238 1.004731 2.856601 1.012109 0.654125
 2498400.000000 2.354442 2.390741 1.735235 1.851390 1.048046 2.891412 0.971827 0.586887
 2500800.000000 2.426987 2.296158 1.738881 1.938804 1.081356 2.829481 0.932451 0.617212
 2503200.000000 2.373532 2.306324 1.724859 1.929966 1.046393 2.921575 1.093314 0.571800
 2505600.000000 2.201152 2.347496 1.745025 1.844682 1.052210 3.026373 0.996258 0.538829
 2508000.000000 2.200683 2.368748 1.686860 1.910286 1.009289 2.888226 0.997835 0.646464
 2510400.000000 2.187428 2.489917 1.715945 1.928834 1.045617 2.899955 0.952620 0.630546
 2512800.000000 2.294076 2.417918 1.760948 1.848849 0.968427 2.740930 0.962312 0.591602
 2515200.000000 2.416256 2.520576 1.754404 1.944857 1.097680 3.047267 0.943896 0.557061
 2517600.000000 2.477503 2.509986 1.733682 1.939150 0.845994 2.871471 0.943902 0.630460
 2520000.000000 2.369523 2.440596 1.655144 2.007303 0.778669 2.981644 0.982122 0.583940
 2522400.000000 2.272629 2.476579 1.685813 1.938978 0.900083 3.065421 0.959914 0.615114
 2524800.000000 2.260597 2.355390 1.760821 1.901288 0.818378 3.101946 0.951415 0.662824
 2527200.000000 2.370432 2.456144 1.732010 1.960146 0.792331 2.925274 1.045121 0.549418
 2529600.000000 2.264316 2.391821 1.708658 1.886446 0.904117 2.938744 1.029396 0.600038
 2532000.000000 2.384830 2.417178 1.781902 2.002389 0.775878 2.938363 0.960769 0.632485
 2534400.000000 2.163795 2.440463 1.600980 1.880012 1.037162 3.143180 0.963197 0.651202
 2536800.000000 2.389137 2.400680 1.854017 2.003482 1.064882 2.915337 0.939538 0.599947
 2539200.000000 2.342730 2.414462 1.672970 1.952072 1.019234 2.926107 0.952845 0.614113
 2541600.000000 2.409272 2.496279 1.786897 1.950104 0.951338 2.840307 0.940907 0.630443
 2544000.000000 2.218079 2.395885 1.687185 1.924389 0.927356 2.848907 0.887634 0.674166
 2546400.000000 2.064452 2.368366 1.669159 1.832575 0.965427 3.039613 0.926450 0.639005
 2548800.000000 2.262937 2.440457 1.718974 1.873401 1.013405 2.968215 0.860105 0.675815
 2551200.000000 2.302848 2.342650 1.790063 1.913946 0.907560 2.912366 1.033951 0.625868
 2553600.000000 2.312590 2.411120 1.810212 2.009689 0.960163 2.981744 0.956288 0.606380
 2556000.000000 2.265266 2.422237 1.617263 1.907902 0.910879 2.996785 0.902039 0.634405
 2558400.000000 2.289226 2.352036 1.757445 2.051396 0.964520 3.052148 0.988895 0.626795
 2560800.000000 2.217885 2.426780 1.806305 1.804435 0.874198 2.904470 0.939398 0.621614
 2563200.000000 2.278040 2.506507 1.810280 1.968626 0.864647 3.025951 0.936395 0.570223
 2565600.000000 2.314248 2.359512 1.863311 1.829313 1.104816 2.674902 0.990275 0.664579
 2568000.000000 2.311866 2.434925 1.656368 1.837894 0.953349 2.588700 0.956946 0.611701
 2570400.000000 2.214551 2.452017 1.700853 1.828453 1.063525 2.838729 0.989709 0.582649
 2572800.000000 2.444317 2.395147 1.746804 1.825564 0.921162 2.916871 0.957043 0.673157
 2575200.000000 2.474022 2.467686 1.599809 1.960245 0.869292 2.629646 0.984980 0.637026
 2577600.000000 2.387014 2.488378 1.802562 1.903783 0.983388 2.929020 0.933737 0.650212
 2580000.000000 2.168887 2.415360 1.772703 1.823404 1.010977 2.860564 0.956469 0.629450
 2582400.000000 2.326661 2.430875 1.837943 1.942229 1.109635 2.964276 0.914645 0.609304
 2584800.000000 2.254812 2.484943 1.841476 1.889408 1.039339 2.868992 0.947616 0.628747
 2587200.000000 2.228542 2.468821 1.779769 1.880101 0.985375 2.879508 0.925929 0.627336
 2589600.000000 2.217511 2.506618 1.783038 1.817745 1.083864 2.684463 0.931927 0.601828
 2592000.000000 2.214843 2.488666 1.861604 1.908606 1.061855 2.611224 0.904042 0.672141
 2594400.000000 2.297983 2.488070 1.808694 2.005876 0.974654 2.885151 0.937422 0.698049
 2596800.000000 2.330297 2.318364 1.754466 2.000811 0.871490 2.995764 0.843152 0.597445
 2599200.000000 2.381184 2.411836 1.640868 2.119417 1.021921 2.655614 0.946252 0.679505
 2601600.000000 2.433767 2.407563 1.777919 2.157911 0.970427 2.706337 0.846216 0.688943
 2604000.000000 2.394907 2.349257 1.793169 2.075400 0.953609 2.749846 0.845824 0.683116
 2606400.000000 2.134634 2.326952 1.756246 1.796529 1.096691 2.674667 0.987207 0.615260
 2608800.000000 2.189753 2.391901 1.647353 1.743860 0.930239 2.636911 0.952298 0.581078
 2611200.000000 2.102459 2.300430 1.651507 1.902695 0.994645 2.780876 0.980455 0.596360
 2613600.000000 2.312645 2.388587 1.676938 1.723490 1.007316 2.780452 0.949762 0.566627
 2616000.000000 2.281260 2.332383 1.772361 1.974924 0.948625 2.974018 0.908289 0.655020
 2618400.000000 2.403089 2.390875 1.705058 1.920180 0.867452 2.745920 0.948711 0.603950
 2620800.000000 2.237681 2.273649 1.728276 1.921220 0.895007 2.578336 0.951375 0.592630
 2623200.000000 2.286676 2.360787 1.773498 1.924564 0.993022 2.900511 0.950004 0.591337
 2625600.000000 2.131856 2.325119 1.712520 1.926414 0.779939 3.164754 0.930193 0.611915
 2628000.000000 2.229634 2.373151 1.724714 1.828974 0.911080 2.650974 0.901948 0.625218
 2630400.000000 2.168419 2.324127 1.701764 1.767376 1.030199 2.823655 0.858112 0.618009
 2632800.000000 2.223600 2.289564 1.784290 1.840077 0.931928 2.800765 1.028636 0.633795
 2635200.000000 2.404656 2.371112 1.777348 2.043216 0.754624 2.636878 0.999911 0.608908
 2637600.000000 2.282318 2.270860 1.766368 1.910501 0.804968 2.735572 0.967909 0.590640
 2640000.000000 2.335517 2.398103 1.797995 2.145665 0.702926 2.840992 1.025389 0.558103
 2642400.000000 2.184682 2.356565 1.691531 1.954610 0.760624 2.786220 0.984605 0.555610
 2644800.000000 2.233095 2.309822 1.880075 1.944850 0.667579 2.951002 0.898890 0.606653
 2647200.000000 2.314453 2.328486 1.724721 2.071006 0.665842 2.876557 0.988518 0.611603
 2649600.000000 2.285491 2.344267 1.712369 1.897467 0.764140 2.916750 0.968192 0.535830
 2652000.000000 2.287581 2.380389 1.768112 1.960806 0.797027 2.955723 0.977756 0.598076
 2654400.000000 2.232878 2.283885 1.735688 1.963805 0.775351 2.994434 0.952738 0.594759
 2656800.000000 2.269228 2.342060 1.637370 1.905069 0.792148 2.919771 1.032617 0.622752
 2659200.000000 2.307530 2.307649 1.595234 1.996114 0.713142 2.803398 0.981310 0.601761
 2661600.000000 2.313693 2.393597 1.730379 1.986140 0.687309 2.860326 0.948129 0.635404
 2664000.000000 2.324578 2.379514 1.612196 1.876946 0.734505 2.797182 0.942661 0.609521
 2666400.000000 2.244306 2.292996 1.652946 1.898277 0.743816 3.074214 0.978430 0.657641
 2668800.000000 2.332985 2.443459 1.744427 1.864196 0.806777 2.819795 0.967893 0.626030
 2671200.000000 2.217869 2.361086 1.778402 1.821509 0.714214 2.759871 0.980853 0.623477
 2673600.000000 2.324962 2.434164 1.744148 1.891130 0.763192 2.953390 1.022658 0.611686
 2676000.000000 2.191128 2.250624 1.769192 1.882703 0.729851 2.770585 0.896509 0.562308
 2678400.000000 2.375227 2.326569 1.708682 1.950400 0.756975 2.779638 0.967646 0.597462
 2680800.000000 2.202390 2.201336 1.804522 1.844038 0.753006 2.859526 0.928751 0.613605
 2683200.000000 2.324361 2.381006 1.736148 1.932075 0.732385 3.035132 0.958176 0.599896
 2685600.000000 2.064273 2.220096 1.740915 1.935128 0.722970 2.796345 1.022894 0.583186
 2688000.000000 2.197694 2.349325 1.758664 1.936357 0.776774 2.998756 0.929537 0.657579
 2690400.000000 2.328824 2.439719 1.890784 1.943785 0.673636 2.784367 0.984448 0.573528
 2692800.000000 2.227080 2.461597 1.953033 1.875461 0.840223 2.492594 0.972101 0.586880
 2695200.000000 2.213456 2.395060 1.925285 1.801709 0.917839 2.770518 1.024972 0.594594
 2697600.000000 2.354883 2.403739 1.883084 1.982760 0.892608 2.724422 0.971987 0.593765
 2700000.000000 2.332036 2.460538 1.900333 1.961956 0.958133 2.918927 0.960887 0.607121
 2702400.000000 2.387922 2.374635 2.034917 1.915354 0.937732 2.846104 0.961002 0.696857
 2704800.000000 2.210199 2.439022 1.861202 1.904661 0.821076 3.084003 0.978051 0.639511
 2707200.000000 2.239186 2.396279 1.882908 1.811116 0.839782 3.027415 0.978275 0.617596
 2709600.000000 2.249689 2.523894 1.892164 1.861740 0.875446 2.893521 0.981763 0.622175
 2712000.000000 2.323031 2.414061 2.006247 1.945210 1.008766 2.803140 0.959112 0.620790
 2714400.000000 2.410006 2.425779 1.924860 1.929921 0.843001 2.908617 0.964661 0.587727
 2716800.000000 2.368067 2.424764 1.719385 1.933156 1.003289 2.905832 0.938753 0.595694
 2719200.000000 2.338286 2.499329 1.738809 2.003821 0.970710 2.949665 0.926790 0.657820
 2721600.000000 2.453366 2.483424 1.855558 2.056470 0.895189 2.896017 0.954443 0.605559
 2724000.000000 2.348663 2.458381 1.882440 1.907466 1.017363 2.925446 1.010994 0.691367
 2726400.000000 2.211746 2.371257 1.989195 1.899123 0.921455 2.793415 0.988379 0.602551
 2728800.000000 2.267766 2.430134 1.925786 1.919778 0.982155 2.979523 0.998695 0.590582
 2731200.000000 2.176746 2.474607 2.008150 1.809629 0.968509 2.927447 0.961382 0.608625
 2733600.000000 2.268070 2.380833 2.089447 1.871550 0.950522 2.982774 0.969554 0.621566
 2736000.000000 2.429692 2.508572 2.160367 1.859150 0.872928 2.716681 0.958404 0.589181
 2738400.000000 2.298731 2.480468 2.041974 1.817359 0.878521 2.939100 0.964153 0.613326
 2740800.000000 2.266305 2.441262 1.972190 1.705277 1.133639 2.487654 0.991462 0.612365
 2743200.000000 2.268788 2.373193 2.008253 1.793061 0.831280 3.156976 0.991243 0.628388
 2745600.000000 2.165894 2.058083 2.034879 1.735729 0.892115 2.822273 0.987354 0.599404
 2748000.000000 2.185977 2.296809 1.947863 1.792710 0.948888 2.553970 0.981529 0.605553
 2750400.000000 2.167289 2.276656 1.870355 1.821411 0.815930 2.756457 1.002895 0.563890
 2752800.000000 2.207084 2.362737 1.956443 1.748347 0.969883 2.678837 0.934930 0.578208
 2755200.000000 2.102814 2.391202 1.981190 1.690692 0.988798 2.860522 0.965021 0.598078
 2757600.000000 2.199956 2.399697 2.087391 1.848492 0.881041 2.597596 0.890268 0.582974
 2760000.000000 2.094785 2.342335 2.182557 1.798086 0.930270 2.699703 1.030345 0.616548
 2762400.000000 2.104768 2.282630 1.617832 1.852498 0.876729 2.517579 0.935973 0.601951
 2764800.000000 2.265792 2.544711 2.138893 1.863874 0.900481 2.806238 0.980134 0.608874
 2767200.000000 2.260572 2.455712 1.887029 1.947229 0.828503 2.736126 0.927705 0.653226
 2769600.000000 2.248490 2.208641 1.997383 1.870441 0.812634 2.654040 0.971159 0.628434
 2772000.000000 2.138241 2.193230 2.051814 1.752005 0.893322 2.510380 1.002274 0.608480
 2774400.000000 2.196877 2.359727 1.831046 1.819815 0.921504 2.680661 0.952017 0.593740
 2776800.000000 2.039730 2.448255 2.101262 1.760543 0.846558 2.719519 0.988383 0.594714
 2779200.000000 2.225930 2.472244 2.206243 1.869749 0.849693 2.753721 0.967609 0.629615
 2781600.000000 2.396822 2.473041 1.924777 1.944072 0.705105 2.870199 0.968328 0.593984
 2784000.000000 2.516017 2.419134 2.032582 1.811443 0.805497 2.532835 0.912483 0.565827
 2786400.000000 2.149560 2.236753 1.981106 1.843743 0.903054 2.925238 0.954619 0.647383
 2788800.000000 2.255804 2.522996 2.129052 2.001890 0.944401 2.688801 1.033272 0.577437
 2791200.000000 2.113447 2.505493 2.245590 1.785091 0.884211 2.996134 0.961337 0.604395
 2793600.000000 2.036286 2.257952 2.222599 1.721887 0.872338 2.790883 0.956998 0.598433
 2796000.000000 2.014634 2.504490 2.233089 1.745924 0.932239 2.673292 1.008605 0.584249
 2798400.000000 2.211694 2.555049 2.339924 1.951739 0.895155 2.696046 0.976536 0.610337
 2800800.000000 2.323231 2.519212 2.188980 1.966610 0.863968 2.506405 0.994759 0.604742
 2803200.000000 2.287567 2.072502 2.345189 1.966109 0.739359 2.888847 0.961314 0.611405
 2805600.000000 2.133535 2.115186 2.186157 1.878803 0.744835 2.738840 1.045344 0.587466
 2808000.000000 2.072484 2.194567 2.490262 1.923956 0.742176 2.800645 0.939470 0.600604
 2810400.000000 2.183314 2.179052 2.174819 1.832320 0.880448 2.683833 1.059958 0.580767
 2812800.000000 2.031008 2.068688 2.373117 1.911095 0.705270 2.748154 0.936630 0.611390
 2815200.000000 1.974092 1.621763 2.912878 1.868174 0.701633 3.082774 0.913405 0.611245
 2817600.000000 2.189242 1.961466 2.734366 1.833908 0.775869 2.501338 0.938654 0.551819
 2820000.000000 2.292823 1.872144 2.721726 1.916122 0.873482 2.602707 0.912751 0.643074
 2822400.000000 2.131734 1.867017 2.630161 1.881391 0.769515 2.851178 0.891461 0.602215
 2824800.000000 2.084851 1.837431 2.541530 1.775223 0.730789 3.083655 0.838106 0.623977
 2827200.000000 2.292574 1.616530 2.752831 1.928845 0.831725 2.793182 0.966768 0.633286
 2829600.000000 2.215903 2.069886 2.691573 1.938897 0.804215 2.625055 1.034564 0.582227
 2832000.000000 2.122147 1.847717 2.623861 1.704050 0.801208 2.958034 0.988308 0.617236
 2834400.000000 2.215027 1.952704 2.506761 1.929916 0.754484 2.489683 0.961637 0.640448
 2836800.000000 2.149957 1.722794 2.590592 1.960934 0.805781 2.675652 0.972626 0.574757
 2839200.000000 2.147950 1.871287 2.679873 1.816571 0.742793 2.940714 1.017309 0.575343
 2841600.000000 2.028423 1.766218 2.687128 1.838991 0.779748 2.716641 0.976778 0.581066
 2844000.000000 2.015307 1.698016 2.550443 1.836487 0.756187 2.916910 0.982081 0.578585
 2846400.000000 2.145954 1.744188 2.620826 1.826599 0.797833 2.970962 0.900331 0.584514
 2848800.000000 2.122491 1.716091 2.692728 1.975239 0.745081 2.593657 0.999224 0.572166
 2851200.000000 2.151999 2.119126 2.482063 1.783746 0.882508 2.875940 1.046477 0.586661
 2853600.000000 2.167730 2.014895 2.651510 1.842910 0.802896 2.948578 0.949249 0.568746
 2856000.000000 2.129109 2.045600 2.677039 1.877021 0.718887 2.529952 0.985273 0.592180
 2858400.000000 2.112585 1.820594 2.609024 1.791290 0.867255 2.876742 0.974108 0.585745
 2860800.000000 2.080534 1.743982 2.695061 1.854714 0.749630 2.880348 0.990092 0.575926
 2863200.000000 2.038896 1.927793 2.690937 1.736945 0.789347 2.777056 0.926489 0.623841
 2865600.000000 2.095697 1.679073 2.680946 1.947347 0.781845 2.872096 0.951672 0.589496
 2868000.000000 2.026119 1.722246 2.704772 1.951694 0.795367 2.954138 0.989837 0.584443
 2870400.000000 2.079666 1.734457 2.561441 1.838197 0.849582 2.897608 0.905862 0.551889
 2872800.000000 2.020345 1.764571 2.590195 1.717351 0.751208 2.913893 1.001890 0.601223
 2875200.000000 2.133841 1.840464 2.555141 1.882064 0.750473 3.145972 0.880776 0.572434
 2877600.000000 2.122195 1.901409 2.611328 1.710223 0.914149 3.015238 0.920061 0.586933
 2880000.000000 2.139141 1.878783 2.822120 1.715307 0.794769 2.902808 0.931303 0.576395
 2882400.000000 2.206124 2.212822 2.691671 1.874962 0.777461 3.107942 0.887462 0.644241
 2884800.000000 2.136128 2.570491 2.267040 1.848394 0.893775 2.638951 0.909487 0.668585
 2887200.000000 2.146051 2.398583 2.339452 1.690735 0.797742 2.931862 0.969990 0.571815
 2889600.000000 2.190856 2.286665 2.530811 2.046622 0.873218 2.878003 0.922842 0.568792
 2892000.000000 2.244637 2.506170 2.217528 1.894272 0.846400 2.857406 0.929226 0.606643
 2894400.000000 2.164092 2.364509 2.418182 1.670277 1.037904 2.920891 0.932073 0.576683
 2896800.000000 2.066868 2.095574 2.871415 1.701565 0.907507 2.762129 0.931161 0.590781
 2899200.000000 2.056555 2.325112 2.265929 1.734822 0.786057 2.691137 0.975258 0.596805
 2901600.000000 2.172746 2.260913 2.269273 1.797504 1.081224 2.891601 0.959133 0.618393
 2904000.000000 2.263797 2.593980 2.051313 1.849763 0.768538 2.900940 0.838814 0.596241
 2906400.000000 2.302835 2.032880 2.595057 1.948073 0.782980 2.795018 0.878022 0.587459
 2908800.000000 2.187123 2.360164 2.397105 1.899360 0.796378 2.901618 0.944840 0.601633
 2911200.000000 2.542296 2.214584 2.288214 1.949360 0.777763 2.618408 0.901075 0.602023
 2913600.000000 2.359106 1.937212 2.304935 1.960871 0.838383 2.634230 0.932260 0.616212
 2916000.000000 2.267562 2.231285 2.248992 1.956873 0.741724 2.731659 0.889223 0.595503
 2918400.000000 2.044989 2.281402 2.402198 2.025887 0.821768 2.912301 0.922316 0.595868
 2920800.000000 2.133936 2.317369 2.417969 1.873437 0.812355 2.849628 0.929646 0.582183
 2923200.000000 2.271146 2.334744 2.299447 1.922580 0.801956 3.102076 0.948786 0.595246
 2925600.000000 2.104924 2.153501 2.509223 1.875362 0.759402 2.891406 0.915161 0.585307
 2928000.000000 2.130528 2.372981 2.325651 1.910832 0.796635 2.868610 1.032624 0.547800
 2930400.000000 2.159667 2.445087 2.237927 1.921828 0.773795 2.733888 0.927048 0.577023
 2932800.000000 1.976072 2.195531 2.367946 1.748287 0.804714 2.962814 0.929133 0.577002
 2935200.000000 2.025372 2.335633 2.434058 1.829103 0.956820 2.658728 0.991683 0.621581
 2937600.000000 2.250008 2.570595 2.059626 1.799962 0.956998 2.883890 0.889956 0.598581
 2940000.000000 2.229310 2.410780 2.195975 1.877031 0.914456 2.794632 0.909465 0.594136
 2942400.000000 2.125120 2.347945 2.036272 1.781970 0.935577 2.864560 0.904460 0.602292
 2944800.000000 2.147833 2.496527 2.064129 1.729845 0.862280 2.926880 0.887750 0.601399
 2947200.000000 2.145093 2.507602 1.957993 1.819185 0.862279 2.939419 0.888572 0.594962
 2949600.000000 2.056699 2.475061 1.914077 1.782920 0.789336 3.037368 0.868366 0.578772
 2952000.000000 2.110179 2.491859 1.999057 1.716023 0.876960 3.031794 0.873674 0.578312
 2954400.000000 2.056833 2.401810 2.014590 1.815488 0.918489 2.986402 0.925411 0.595408
 2956800.000000 2.053346 2.524102 1.939727 1.741455 0.872280 2.935652 0.858157 0.593377
 2959200.000000 2.066019 2.402137 2.084587 1.813544 0.838979 3.019519 0.899519 0.630286
 2961600.000000 2.066875 2.464078 1.833767 1.877121 0.885633 2.896367 0.971821 0.616096
 2964000.000000 2.083577 2.507908 1.828360 1.791036 0.951578 2.879947 0.936308 0.638389
 2966400.000000 2.043265 2.511469 1.833716 1.898526 1.027514 2.729564 0.941194 0.610577
 2968800.000000 2.085923 2.499381 1.829244 1.737425 1.125890 2.734802 0.947952 0.738996
 2971200.000000 2.157928 2.426555 1.983154 1.902840 0.963304 2.667485 0.968189 0.650045
 2973600.000000 2.186557 2.503215 1.928407 1.800512 1.101093 2.688510 0.856563 0.626542
 2976000.000000 2.097321 2.472893 1.791437 1.824932 1.015313 2.704579 0.935657 0.633037
 2978400.000000 2.257765 2.405643 1.835219 1.792789 1.087501 2.800021 0.887991 0.604746
 2980800.000000 2.280990 2.470124 1.905190 1.719644 1.103759 2.624807 0.936815 0.599428
 2983200.000000 2.147501 2.434908 1.933175 1.779065 1.099842 2.794663 0.871435 0.596909
 2985600.000000 2.271474 2.450043 1.837041 1.880759 1.116577 2.673594 0.924171 0.568907
 2988000.000000 2.195686 2.442090 1.805556 1.766444 1.088486 2.773218 0.886306 0.608649
 2990400.000000 2.210046 2.415978 1.907217 1.815570 0.895587 2.702086 0.960846 0.580205
 2992800.000000 2.200470 2.532747 2.133910 1.839326 1.003970 2.759656 0.959725 0.605153
 2995200.000000 2.141800 2.457363 1.822195 1.812427 0.914193 2.783538 0.944682 0.575494
 2997600.000000 2.133307 2.517774 1.671735 1.753446 1.061001 2.688401 0.960020 0.587115
 3000000.000000 2.153052 2.422955 1.854234 1.973188 0.929015 2.651331 0.954400 0.614229
 3002400.000000 2.309845 2.585128 1.888102 1.891641 0.987256 2.775828 0.942115 0.618053
 3004800.000000 2.229049 2.438664 1.992567 1.837934 0.932678 2.696844 0.927421 0.571697
 3007200.000000 2.210183 2.610601 1.975716 1.789169 0.885969 2.402798 0.965096 0.624339
 3009600.000000 2.208211 2.438941 2.012797 1.791894 0.895057 2.943164 0.930354 0.592048
 3012000.000000 2.167805 2.437431 1.991937 1.794661 0.864884 2.542629 0.917848 0.581551
 3014400.000000 2.152147 2.461763 2.022427 1.849889 0.872036 2.796013 0.944573 0.623387
 3016800.000000 2.176827 2.425627 2.083821 1.738509 0.856240 2.874025 0.905577 0.613228
 3019200.000000 2.357651 2.465702 2.034907 2.028658 0.854387 2.752502 0.889218 0.579035
 3021600.000000 2.341137 2.484632 1.965453 1.832354 0.871691 3.042662 0.881239 0.593271
 3024000.000000 2.213484 2.460434 1.996423 1.818581 0.850601 2.896407 0.921884 0.650048
 3026400.000000 2.348706 2.383142 1.907774 1.870868 0.885229 2.878113 0.916145 0.608045
 3028800.000000 2.305303 2.382616 1.942394 2.024814 0.915652 3.104317 0.994049 0.613643
 3031200.000000 2.172722 2.304924 1.871700 1.754961 0.940853 2.745395 0.996305 0.584371
 3033600.000000 2.377289 2.347307 1.916178 1.959047 1.004125 2.647355 0.974632 0.607636
 3036000.000000 2.235159 2.334967 1.956547 1.852487 0.946561 2.847621 0.977259 0.621015
 3038400.000000 2.152246 2.344467 1.955320 1.774466 0.966736 2.780683 0.993511 0.579888
 3040800.000000 2.297728 2.437720 1.973203 1.885424 0.903202 2.795543 0.998938 0.586957
 3043200.000000 2.344676 2.318125 1.984745 1.883571 0.949567 2.817335 0.998765 0.594338
 3045600.000000 2.426583 2.423270 2.058150 1.935982 0.930922 2.950779 0.984246 0.626505
 3048000.000000 2.254186 2.386499 2.074107 1.942313 0.962499 2.819917 1.014817 0.584357
 3050400.000000 2.373009 2.320073 2.021287 1.933093 0.974874 2.756618 1.037355 0.528825
 3052800.000000 2.294003 2.466062 2.005651 1.913051 0.967658 2.859123 0.995262 0.581616
 3055200.000000 2.407809 2.529896 2.053214 1.947831 0.937572 3.014273 0.991727 0.622157
 3057600.000000 2.375149 2.443049 2.081856 1.876963 0.967590 2.689353 1.016693 0.608837
 3060000.000000 2.373028 2.369966 2.169295 1.724510 0.989321 2.974829 0.954427 0.596572
 3062400.000000 2.193444 2.450683 2.213199 1.720608 0.949634 2.775614 0.978652 0.654975
 3064800.000000 2.295992 2.370061 2.118295 1.889502 0.981956 2.843254 1.037042 0.597320
 3067200.000000 2.198261 2.497165 1.991112 1.761695 0.984488 3.045788 1.013283 0.652769
 3069600.000000 2.264885 2.411045 2.055053 1.834517 0.915870 2.940896 0.973875 0.650981
 3072000.000000 2.127422 2.408430 1.992685 1.777582 0.924908 2.912853 0.950125 0.596904
 3074400.000000 2.211442 2.412509 2.085846 1.740837 0.943796 2.940102 0.954468 0.583206
 3076800.000000 2.087401 2.386528 1.962688 1.741166 0.970099 2.831249 0.983619 0.621328
 3079200.000000 2.178254 2.382200 2.115545 1.770967 0.955720 2.621829 0.921564 0.571982
 3081600.000000 2.271614 2.438781 2.001328 1.927315 0.952014 2.703319 0.988696 0.617967
 3084000.000000 2.228333 2.663992 1.950773 1.778915 0.998728 2.790007 0.989919 0.573327
 3086400.000000 2.237912 2.536246 1.887509 1.757105 0.957412 3.072732 0.913671 0.611875
 3088800.000000 2.250758 2.484748 2.005132 1.789201 0.916752 2.512071 0.984826 0.648521
 3091200.000000 2.249514 2.471220 2.053890 1.794867 0.938139 2.488144 0.967698 0.616697
 3093600.000000 2.300903 2.447883 2.131483 1.952876 0.954081 2.600686 0.961769 0.594107
 3096000.000000 2.182273 2.282349 1.893764 1.779917 0.971771 2.777273 0.997674 0.582508
 3098400.000000 2.153851 2.446169 1.849871 1.758826 0.956578 2.773127 0.980991 0.670265
 3100800.000000 2.421291 2.438835 2.096903 1.935917 0.981824 2.957731 0.963435 0.619785
 3103200.000000 2.139737 2.562719 1.826780 1.807512 0.962535 2.578983 0.960423 0.694074
 3105600.000000 2.267448 2.448444 1.959609 1.758987 1.014062 2.763707 1.001107 0.639561
 3108000.000000 2.165727 2.251836 2.110337 1.751719 0.977356 2.780901 0.919751 0.575930
 3110400.000000 2.176555 2.433166 2.086320 1.730028 0.931000 2.888556 0.982792 0.640043
 3112800.000000 2.211439 2.469656 2.023463 1.734761 0.960026 3.019691 0.955379 0.586465
 3115200.000000 2.225278 2.509454 2.096461 1.770810 0.966853 2.971093 1.023451 0.601873
 3117600.000000 2.181414 2.327432 2.061375 1.849896 0.981197 2.847259 0.974621 0.626335
 3120000.000000 2.156997 2.441036 2.022883 1.762109 0.943082 2.743365 0.912728 0.642189
 3122400.000000 2.244229 2.573594 1.895733 1.753340 0.929335 2.615512 1.026525 0.598452
 3124800.000000 2.064873 2.359293 2.067028 1.788750 0.903651 2.728975 0.967760 0.605862
 3127200.000000 2.311125 2.314328 2.063742 2.021934 0.934774 2.805219 1.036358 0.639941
 3129600.000000 2.339789 2.441206 2.062874 1.861890 0.983692 2.917950 0.961546 0.693503
 3132000.000000 2.306867 2.451097 2.176747 1.906875 0.952507 2.549583 0.976908 0.642931
 3134400.000000 2.291613 2.378434 2.089398 1.845539 0.952851 2.513116 0.999856 0.640537
 3136800.000000 2.259021 2.431402 2.098861 1.738399 0.942499 2.344380 0.954612 0.677296
 3139200.000000 2.301460 2.486544 2.002679 1.784301 0.997389 2.731245 0.863381 0.666017
 3141600.000000 2.099493 2.397588 2.210464 1.696793 0.925440 2.860376 1.008438 0.617512
 3144000.000000 2.178662 2.402115 1.986773 1.742224 0.970021 2.714476 0.979712 0.607393
 3146400.000000 2.142054 2.484814 1.990474 1.839449 0.938953 2.644432 0.925253 0.680159
 3148800.000000 2.253805 2.478864 2.091310 1.905699 1.000513 2.675223 0.930146 0.609922
 3151200.000000 2.244932 2.424794 1.965246 1.787646 0.953784 3.001286 0.982356 0.603934
 3153600.000000 2.236590 2.262889 2.051750 1.780978 0.963165 2.992377 0.965333 0.626389
 3156000.000000 2.067009 2.297089 1.995514 1.749060 0.967858 3.050272 0.954474 0.612179
 3158400.000000 2.227479 2.520858 1.968135 1.795030 0.902442 3.067132 0.993793 0.652845
 3160800.000000 2.253177 2.349639 2.007741 1.728529 0.965933 2.662739 0.983598 0.631389
 3163200.000000 2.345013 2.419855 2.015878 1.898533 0.955693 2.607576 0.954782 0.652832
 3165600.000000 2.155146 2.445817 1.883202 1.742847 0.995098 2.638661 1.053913 0.612437
 3168000.000000 2.284121 2.571307 1.973342 1.829796 0.966434 2.967047 0.981160 0.579553
 3170400.000000 2.216219 2.357017 2.097793 1.922124 0.889587 3.069344 1.007036 0.617929
 3172800.000000 2.302505 2.633735 1.853939 1.838759 0.997369 2.724729 0.983697 0.619791
 3175200.000000 2.488538 2.494596 1.946285 2.030164 0.974107 2.757855 0.999343 0.647298
 3177600.000000 2.286848 2.463537 1.957632 1.864830 0.924658 2.965051 1.010886 0.615504
 3180000.000000 2.323601 2.381024 1.970759 1.771520 0.908478 2.840785 0.970923 0.647993
 3182400.000000 2.272635 2.309113 2.000184 1.908274 0.942334 2.801322 1.037835 0.582008
 3184800.000000 2.211997 2.285616 2.084641 1.902934 0.926572 2.791924 0.965321 0.600071
 3187200.000000 2.373370 2.347183 2.042183 1.864364 0.882907 3.032577 0.968367 0.578497
 3189600.000000 2.209589 2.271784 2.098646 1.803646 0.940736 3.049966 0.923902 0.619379
 3192000.000000 2.157479 2.457068 2.036257 1.711870 0.878355 2.911168 0.950667 0.628271
 3194400.000000 2.210559 2.473862 1.945910 1.648878 0.931895 2.864108 0.924986 0.602847
 3196800.000000 2.265228 2.322373 1.955091 1.807921 0.923970 3.042006 0.953260 0.584900
 3199200.000000 2.292952 2.441388 1.876670 1.712126 0.925589 2.914490 0.945502 0.576594
 3201600.000000 2.373933 2.511730 1.838813 1.967389 0.952388 2.902650 1.027246 0.542482
 3204000.000000 2.337212 2.391783 1.938130 2.044392 0.948363 2.858090 0.981254 0.577090
 3206400.000000 2.305921 2.508114 2.047560 2.031182 0.926809 2.761365 0.989930 0.552892
 3208800.000000 2.146221 2.358139 1.921198 2.006108 0.943047 3.047967 0.967736 0.567068
 3211200.000000 2.320034 2.412787 1.996956 2.003730 0.874072 2.862261 0.982242 0.640074
 3213600.000000 2.222424 2.402639 2.084265 1.901159 0.958429 2.796208 1.006851 0.600662
 3216000.000000 2.256132 2.404792 2.023192 1.889281 0.937159 2.953725 1.017929 0.618232
 3218400.000000 2.215750 2.434968 1.839001 1.872475 0.968230 3.015979 0.964188 0.630584
 3220800.000000 2.230068 2.478316 1.886200 1.803864 0.972117 2.779391 1.043840 0.575432
 3223200.000000 2.272631 2.440471 1.923353 1.776430 0.906782 2.969610 0.986851 0.558280
 3225600.000000 2.298384 2.528515 1.953849 1.836705 0.975722 2.815812 0.933180 0.555274
 3228000.000000 2.131980 2.382265 1.872087 1.771072 0.925653 2.891980 0.929614 0.575484
 3230400.000000 2.273202 2.340568 1.875485 1.908756 0.961466 2.932382 0.975191 0.587395
 3232800.000000 2.361040 2.393784 2.048563 1.970069 0.900411 2.971126 0.960914 0.574416
 3235200.000000 2.201725 2.349646 1.949821 1.790777 0.963122 2.744560 1.016559 0.637235
 3237600.000000 2.146717 2.522247 1.884206 1.761725 0.983728 2.687625 1.013796 0.624777
 3240000.000000 2.253629 2.506175 1.893302 1.847837 0.941908 2.725937 0.986586 0.608047
 3242400.000000 2.140078 2.441007 1.888965 1.935765 0.945814 2.759788 1.021279 0.579864
 3244800.000000 2.232974 2.497733 1.923022 1.802295 0.953281 2.805754 0.980158 0.583378
 3247200.000000 2.112327 2.446755 1.985271 1.796442 0.933909 2.648156 0.938255 0.583866
 3249600.000000 2.258659 2.527605 2.003629 1.798887 0.944300 2.666303 0.952364 0.634345
 3252000.000000 2.120712 2.396882 1.956885 1.754698 0.950159 2.988863 0.958265 0.590922
 3254400.000000 2.193579 2.513194 1.889969 1.781146 0.973969 2.866523 0.981490 0.574303
 3256800.000000 2.131649 2.547038 1.943653 1.746443 0.966124 2.548303 0.945884 0.617610
 3259200.000000 2.145173 2.512635 1.909296 1.769893 0.971573 2.820698 1.033374 0.586225
 3261600.000000 2.133942 2.683267 1.988757 1.740781 0.962107 2.783251 1.075133 0.692369
 3264000.000000 2.057971 2.653585 1.940449 1.777759 0.948132 2.772418 0.996271 0.636168
 3266400.000000 2.121406 2.355386 2.045257 1.824705 0.921063 2.708323 1.054358 0.687193
 3268800.000000 2.201673 2.591291 1.929755 1.755007 0.930988 2.695704 1.008128 0.643880
 3271200.000000 2.197673 2.448378 2.131526 1.853933 0.958393 2.735802 1.053421 0.625734
 3273600.000000 2.256057 2.482783 1.997043 1.758012 0.991902 2.386467 1.025060 0.581853
 3276000.000000 2.311998 2.544841 2.066029 1.771031 0.940945 2.571619 1.062539 0.597065
 3278400.000000 2.146008 2.414424 2.155777 1.881920 1.015521 2.582263 1.233947 0.592697
 3280800.000000 2.315153 2.562546 2.086121 1.899249 0.960501 2.527735 1.056450 0.620677
 3283200.000000 2.156399 2.383789 2.004502 1.805343 0.986078 2.436499 1.028337 0.584572
 3285600.000000 2.281099 2.553647 2.010305 1.820939 1.000605 2.742369 0.934926 0.636518
 3288000.000000 2.258829 2.564797 1.995805 1.879546 0.946254 2.274218 0.992472 0.601027
 3290400.000000 2.289062 2.409344 1.700786 1.864109 0.958994 2.494773 0.964067 0.612025
 3292800.000000 2.529456 2.463322 1.881439 1.977123 0.976503 2.458841 1.024574 0.613100
 3295200.000000 2.265628 2.320171 2.039536 1.836750 0.933727 2.605595 0.988697 0.638489
 3297600.000000 2.394141 2.592043 2.012200 2.019773 0.956499 2.587914 1.006897 0.649704
 3300000.000000 2.323109 2.578940 2.096109 1.794209 0.914078 2.663916 0.965995 0.612553
 3302400.000000 2.235913 2.479540 1.995619 1.893822 0.971314 2.773685 0.983288 0.597597
 3304800.000000 2.546638 2.618186 1.882127 1.986814 0.940605 3.007767 0.959348 0.606818
 3307200.000000 2.241104 2.531453 1.962523 1.819291 0.960806 2.498715 0.976897 0.607110
 3309600.000000 2.398935 2.565922 2.090947 1.938177 0.957388 2.863258 0.983318 0.568851
 3312000.000000 2.488343 2.515490 2.008078 1.961781 0.981096 2.883288 0.961217 0.563118
 3314400.000000 2.485531 2.409228 1.855331 1.904096 0.974543 2.707847 0.932896 0.589941
 3316800.000000 2.409163 2.357370 1.904784 1.881105 0.980132 2.748705 0.940875 0.624663
 3319200.000000 2.293149 2.319373 1.861551 1.803392 0.980239 2.869455 0.990294 0.665559
 3321600.000000 2.369272 2.457895 2.043522 1.899716 1.023224 3.027227 0.973502 0.602539
 3324000.000000 2.291961 2.445269 1.897388 1.987726 1.015863 2.890065 0.925121 0.585237
 3326400.000000 2.190332 2.518670 1.814755 1.817018 0.954369 2.725326 0.911673 0.592288
 3328800.000000 2.280304 2.408215 2.075642 1.881267 0.902820 2.726775 0.964476 0.676758
 3331200.000000 2.212061 2.368385 2.065999 1.875924 0.942659 3.019007 0.989739 0.583924
 3333600.000000 2.307727 2.569049 1.938206 1.927500 0.905429 2.890138 0.974984 0.593315
 3336000.000000 2.280754 2.480653 2.158968 1.779111 0.930387 2.675366 0.949104 0.576782
 3338400.000000 2.266963 2.507004 1.977332 1.793425 0.952486 2.758761 0.983353 0.612661
 3340800.000000 2.325728 2.431709 2.202606 1.767335 0.968981 2.850944 0.997015 0.604802
 3343200.000000 2.259275 2.548897 1.902412 1.833908 0.915000 2.963057 0.987598 0.641090
 3345600.000000 2.241156 2.420283 2.027942 1.802070 0.973277 2.776201 0.959123 0.656601
 3348000.000000 2.259002 2.442713 1.854610 1.869869 0.917576 2.865865 0.936824 0.623975
 3350400.000000 2.316910 2.428991 2.173379 1.883917 0.945171 2.846102 0.972191 0.616304
 3352800.000000 2.182182 2.381985 2.053446 1.786022 0.998796 2.819402 0.991987 0.616738
 3355200.000000 2.173017 2.372882 2.018499 1.699516 0.946916 2.633919 0.981195 0.642537
 3357600.000000 2.213662 2.409781 1.996006 1.900311 0.892092 2.912536 1.047980 0.637535
 3360000.000000 2.246142 2.298176 1.879030 1.899445 1.004157 2.587665 0.927058 0.671419
 3362400.000000 2.539261 2.495106 1.837349 1.911291 1.020544 2.596199 0.960437 0.583507
 3364800.000000 2.422497 2.510643 1.864697 2.013097 1.057024 2.826674 0.936486 0.604932
 3367200.000000 2.347728 2.620439 1.903406 1.919237 0.942530 2.743051 0.966034 0.640277
 3369600.000000 2.234427 2.389372 1.899313 1.869701 1.004094 2.488770 0.989772 0.631402
 3372000.000000 2.293684 2.389671 1.927054 1.873753 0.956942 2.855263 0.921233 0.640421
 3374400.000000 2.275871 2.475515 1.809837 1.940339 0.969708 2.494931 1.006009 0.616884
 3376800.000000 2.234793 2.385936 1.937059 1.909938 0.963083 2.802688 0.946385 0.607537
 3379200.000000 2.309903 2.582505 1.955594 1.849987 0.910484 2.526408 0.976118 0.615628
 3381600.000000 2.271374 2.544363 2.055826 1.720984 0.977357 2.538619 0.959667 0.616441
 3384000.000000 2.260979 2.449773 2.133282 1.911393 0.925018 2.832602 0.914071 0.617545
 3386400.000000 2.314645 2.426458 1.966470 1.923261 0.965632 2.532759 0.927255 0.614685
 3388800.000000 2.274785 2.430498 2.117668 1.809583 0.972317 2.647446 0.977947 0.621284
 3391200.000000 2.274875 2.479320 1.938797 1.841279 0.915149 2.646912 0.983995 0.597194
 3393600.000000 2.121559 2.447181 1.928828 1.802216 0.902365 2.757254 0.945753 0.636595
 3396000.000000 2.249117 2.524669 1.980421 1.764525 0.887582 2.922755 0.922697 0.625998
 3398400.000000 2.278074 2.439717 2.058103 1.781351 0.931281 3.001495 1.025064 0.624925
 3400800.000000 2.264262 2.483470 2.009827 1.756846 0.922177 2.650482 1.001181 0.567898
 3403200.000000 2.270070 2.465089 2.007388 1.796845 0.985609 2.769611 0.950430 0.599756
 3405600.000000 2.273522 2.403237 1.976839 1.869716 0.940630 2.703598 0.997290 0.577251
 3408000.000000 2.328408 2.445561 2.064327 1.770086 0.975773 2.629528 0.919465 0.576214
 3410400.000000 2.169912 2.538798 1.980581 1.842224 0.942837 2.742565 0.981514 0.633102
 3412800.000000 2.185508 2.433394 1.934921 1.820961 0.978023 2.810034 1.011782 0.629840
 3415200.000000 2.244901 2.333795 2.039303 1.744282 0.985908 2.661515 0.964565 0.605958
 3417600.000000 2.132985 2.356967 2.101601 1.827097 0.944434 2.628697 0.911601 0.624073
 3420000.000000 2.133186 2.340667 2.042196 1.911722 0.931697 2.637272 0.975916 0.627109
 3422400.000000 2.207262 2.418748 1.969669 1.874465 0.951809 2.642748 0.957466 0.650796
 3424800.000000 2.355934 2.393634 2.075057 1.940928 0.895532 2.590470 1.064922 0.640473
 3427200.000000 2.189581 2.457451 1.992870 1.886528 0.978424 2.760620 0.972065 0.611716
 3429600.000000 2.260388 2.416633 1.985689 1.864533 0.997736 2.620180 0.962081 0.624069
 3432000.000000 2.280424 2.551612 2.029618 1.850356 0.904503 2.588623 0.948704 0.601715
 3434400.000000 2.258638 2.426775 2.062606 1.882504 0.960609 2.640686 1.022370 0.623115
 3436800.000000 1.978904 2.246942 2.077761 1.784097 0.953774 2.593078 1.049006 0.601790
 3439200.000000 2.211997 2.406910 2.124861 1.754807 0.942569 2.579033 0.994508 0.622828
 3441600.000000 2.273120 2.549175 1.969698 1.935538 0.981829 2.588821 0.986712 0.578315
 3444000.000000 2.072611 2.347500 1.959063 1.754779 0.957052 2.652386 0.989377 0.608698
 3446400.000000 2.231902 2.325687 2.042126 1.785398 0.917502 2.617693 1.021522 0.655259
 3448800.000000 2.129021 2.478557 2.067765 1.761707 0.960934 2.491352 0.994272 0.621161
 3451200.000000 2.201543 2.435354 2.020305 1.932599 0.929880 2.549065 1.024442 0.650983
 3453600.000000 2.165631 2.373692 2.030985 1.843867 1.028633 2.559111 1.057582 0.623312
 3456000.000000 2.187534 2.299932 1.910657 1.891600 0.962876 2.674961 1.059259 0.634251
 3458400.000000 2.123602 2.410106 2.126680 1.870524 0.920856 2.772423 1.005938 0.576978
 3460800.000000 2.120355 2.329601 2.020289 1.897825 0.948617 2.736990 1.013657 0.612695
 3463200.000000 2.252422 2.418028 2.010368 1.864707 0.966734 2.667678 0.961811 0.603548
 3465600.000000 2.086131 2.410152 2.024313 1.808890 0.946907 2.493296 1.015733 0.579166
 3468000.000000 2.204117 2.519744 1.991543 1.850802 0.985026 2.451656 1.037866 0.549841
 3470400.000000 2.088261 2.531946 2.037491 1.805646 0.952689 2.571764 1.047085 0.595934
 3472800.000000 2.187468 2.315341 2.111038 1.846804 1.005919 2.445404 1.006945 0.588192
 3475200.000000 2.280514 2.445309 2.032000 1.761980 0.965293 2.529499 1.094558 0.627577
 3477600.000000 2.343958 2.544937 2.077999 1.942111 0.982823 2.591404 1.011753 0.616936
 3480000.000000 2.306397 2.493679 2.020193 1.982587 0.928440 2.554392 1.097675 0.604982
 3482400.000000 2.298861 2.475179 1.985686 1.901986 0.922662 2.408052 1.030840 0.576613
 3484800.000000 2.184380 2.396635 2.115363 1.886753 0.946772 2.613150 1.040633 0.617568
 3487200.000000 2.139485 2.316312 1.946927 1.875854 0.993433 2.625701 1.045906 0.612545
 3489600.000000 2.223976 2.482996 2.005606 1.942330 0.968110 2.378783 1.140984 0.574614
 3492000.000000 2.229548 2.531098 1.982781 1.865811 0.959001 2.838149 1.073969 0.590352
 3494400.000000 2.196281 2.351104 1.920892 1.804084 0.970669 2.552553 1.057164 0.570097
 3496800.000000 2.255727 2.370568 1.984988 1.913177 0.927348 2.926847 1.074956 0.598791
 3499200.000000 2.193302 2.494694 1.903670 1.815622 0.952357 2.475399 0.971838 0.606253
 3501600.000000 2.308143 2.405924 1.920436 1.979201 0.945613 2.332226 1.043803 0.624663
 3504000.000000 2.110893 2.415387 1.868738 1.954820 0.951646 2.625119 0.976527 0.585504
 3506400.000000 2.290009 2.489948 1.994956 1.952894 0.922929 2.689378 1.018042 0.653795
 3508800.000000 2.103453 2.404211 1.926733 1.915674 0.977325 2.640644 1.012632 0.651774
 3511200.000000 2.174261 2.381876 1.951810 1.854745 0.919829 2.727124 1.056369 0.581961
 3513600.000000 2.318021 2.498309 2.000753 2.003860 0.914885 2.800966 1.060784 0.640354
 3516000.000000 2.280103 2.481500 2.040285 2.001067 0.930758 2.666682 0.969995 0.629049
 3518400.000000 2.240447 2.578145 1.963418 1.765364 0.970298 2.399010 0.996083 0.617654
 3520800.000000 2.263490 2.634806 1.865650 1.881209 0.957083 2.452373 1.023297 0.633638
 3523200.000000 2.162616 2.423425 1.925451 1.873710 0.948476 2.716391 1.041599 0.586389
 3525600.000000 2.192514 2.530158 1.826589 1.809965 0.919275 2.568279 1.021237 0.555203
 3528000.000000 2.329779 2.567899 2.018141 1.909587 0.949940 2.515058 0.995769 0.599998
 3530400.000000 2.300344 2.499677 2.022777 1.955511 0.892411 2.405528 1.000868 0.623665
 3532800.000000 2.180037 2.598675 1.866446 1.856716 0.980391 2.726671 0.991139 0.604389
 3535200.000000 2.195145 2.516876 1.907615 1.929812 0.922760 2.588044 1.032800 0.577533
 3537600.000000 2.241779 2.603085 1.903296 1.809986 0.940357 2.694964 0.988726 0.568198
 3540000.000000 2.206560 2.485947 1.913954 1.844066 0.939298 2.660376 1.054143 0.589888
 3542400.000000 2.115587 2.507697 1.891072 1.807693 0.943507 2.703598 1.101756 0.567076
 3544800.000000 2.198685 2.500155 1.957099 1.735044 0.929850 2.546993 1.123880 0.603206
 3547200.000000 2.181818 2.506108 1.877250 1.929663 0.960611 2.835328 1.027730 0.579378
 3549600.000000 2.271232 2.566285 2.015443 1.995235 1.016538 2.474451 0.979698 0.590721
 3552000.000000 2.135403 2.548018 2.033951 1.850834 0.920424 2.597849 1.078533 0.623715
 3554400.000000 2.119092 2.489247 1.939384 1.766004 1.028979 2.545510 1.069816 0.610132
 3556800.000000 2.207757 2.452344 2.101625 1.850201 0.908221 2.466896 1.069806 0.581970
 3559200.000000 2.217404 2.509886 2.032586 1.840469 1.001612 2.613449 0.965410 0.605441
 3561600.000000 2.173361 2.512474 2.069638 1.910152 0.941990 2.714472 1.043768 0.603715
 3564000.000000 2.246492 2.558452 1.919343 1.818026 0.968976 2.745970 1.100274 0.614268
 3566400.000000 2.205073 2.615942 1.783207 1.859564 0.955168 2.641110 1.025704 0.598317
 3568800.000000 2.216805 2.503468 2.033468 1.908546 0.947382 2.631121 0.954376 0.595896
 3571200.000000 2.211569 2.458280 1.923183 1.889861 0.920849 2.806531 1.048610 0.570634
 3573600.000000 2.129727 2.648876 1.972336 1.927961 0.919233 2.773241 0.977094 0.573911
 3576000.000000 2.168907 2.473734 2.026063 1.796521 0.930972 2.827572 1.186304 0.601267
 3578400.000000 2.224285 2.571446 1.998817 1.853017 0.951343 2.711751 0.942713 0.552385
 3580800.000000 2.273390 2.537910 1.992708 1.948313 0.953684 2.780899 0.992180 0.625357
 3583200.000000 2.286295 2.498445 2.015202 1.965745 0.944447 2.566333 0.995411 0.602761
 3585600.000000 2.225653 2.457645 2.005894 1.843382 0.967547 2.352507 1.007425 0.671484
 3588000.000000 2.206386 2.424717 2.048700 1.938882 0.895441 2.729664 1.016471 0.622910
 3590400.000000 2.150589 2.375421 2.011499 1.942159 0.978458 2.752057 1.041643 0.595348
 3592800.000000 2.115205 2.509500 1.988110 1.861377 0.950814 2.649747 1.053939 0.600349
 3595200.000000 2.149684 2.471069 2.040895 1.868675 0.952322 2.631007 1.022101 0.629705
 3597600.000000 2.212302 2.543082 2.030090 1.834368 0.937314 2.690329 1.037534 0.560294
 3600000.000000 2.080584 2.408979 1.927041 1.892749 0.923827 2.405611 1.001541 0.692185
 3602400.000000 1.998129 2.505418 2.030532 1.895134 0.999037 2.503069 1.046374 0.606512
 3604800.000000 2.100676 2.499203 2.009932 1.896496 0.938108 2.571668 0.965333 0.583752
 3607200.000000 1.986834 2.510833 2.041561 1.893138 0.922359 2.598721 0.978932 0.631781
 3609600.000000 2.229779 2.403505 2.047073 1.824471 0.991951 2.680402 0.977335 0.572032
 3612000.000000 2.123244 2.504336 1.984021 1.878065 0.962722 2.589206 0.940744 0.603819
 3614400.000000 2.325851 2.526809 1.835068 1.964088 0.997296 2.592753 0.987029 0.577249
 3616800.000000 2.407506 2.449146 1.887198 1.937672 0.956014 2.661160 0.914101 0.547449
 3619200.000000 2.231722 2.461700 2.047383 1.871597 0.970716 2.584296 0.919789 0.590005
 3621600.000000 2.257845 2.395873 1.994916 1.908536 0.942657 2.780591 0.956380 0.631914
 3624000.000000 2.267471 2.539527 1.944877 1.830719 0.967985 2.940770 0.925119 0.615448
 3626400.000000 2.118002 2.381542 2.134822 2.065883 0.952624 2.877796 1.042259 0.608983
 3628800.000000 2.247020 2.502573 1.964418 1.963723 0.950886 2.632072 1.045940 0.575734
 3631200.000000 2.226854 2.420270 1.963814 1.897488 0.932947 2.596946 0.924562 0.600005
 3633600.000000 2.498102 2.616753 2.088371 2.008612 0.958012 2.644607 0.929137 0.600735
 3636000.000000 2.256025 2.621361 2.036993 1.917802 0.960146 2.576188 0.835978 0.593986
 3638400.000000 2.402564 2.344815 1.916970 1.993904 0.920256 2.435006 0.893540 0.662635
 3640800.000000 2.177388 2.469631 1.985912 1.832956 0.967661 2.815313 0.939952 0.601110
 3643200.000000 2.221183 2.465266 2.034289 1.696870 0.950432 2.702643 0.961648 0.572243
 3645600.000000 2.165294 2.563666 1.888599 1.890012 0.940214 2.767668 0.915297 0.689733
 3648000.000000 2.277987 2.532322 1.970122 1.943113 0.945102 2.574578 0.918845 0.646472
 3650400.000000 2.125037 2.609130 1.978873 1.942366 0.937939 2.863922 0.910332 0.617590
 3652800.000000 2.194397 2.520273 2.045993 1.885280 0.928169 2.928653 0.890887 0.583209
 3655200.000000 2.058965 2.522905 2.027886 1.942980 0.948712 2.744440 0.892626 0.601386
 3657600.000000 2.120595 2.448388 2.090143 1.910963 0.937151 2.749678 0.925957 0.649497
 3660000.000000 2.038293 2.502401 1.991306 1.877633 0.950283 2.805201 0.873030 0.719838
 3662400.000000 2.109833 2.623842 2.019738 1.921341 0.942767 3.004350 0.946824 0.650028
 3664800.000000 2.354515 2.377027 1.982645 1.917654 0.938506 2.854368 0.990584 0.681543
 3667200.000000 2.213912 2.490058 2.064202 1.898256 0.929194 2.847593 0.955421 0.560534
 3669600.000000 2.278184 2.512816 2.171233 1.894782 0.995935 2.746107 0.961527 0.607201
 3672000.000000 2.230050 2.585177 1.923908 1.892809 1.081735 2.620923 0.965196 0.631246
 3674400.000000 2.261016 2.479437 2.002657 1.856802 1.075966 2.666300 0.970441 0.630042
 3676800.000000 2.358612 2.475605 1.932890 1.922778 1.018758 2.797633 1.056699 0.571491
 3679200.000000 2.064561 2.483479 1.911828 1.918204 1.059805 3.049501 0.922446 0.693275
 3681600.000000 2.301141 2.486280 2.043485 1.956682 1.016944 2.908083 0.977819 0.584536
 3684000.000000 2.286155 2.344404 1.915218 2.022764 0.975662 2.918340 0.944086 0.586359
 3686400.000000 2.250935 2.470955 2.083529 1.890151 0.980955 3.021760 1.061773 0.702348
 3688800.000000 2.146216 2.461566 1.933583 1.935510 0.986870 2.827043 0.926749 0.594268
 3691200.000000 2.339997 2.400927 2.052905 2.008533 0.958955 2.901075 0.917459 0.601144
 3693600.000000 2.287424 2.500139 2.139679 1.835127 0.966480 2.962271 0.940540 0.565855
 3696000.000000 2.119641 2.557019 1.837921 1.881372 0.998645 2.855696 0.933495 0.584908
 3698400.000000 2.217249 2.438475 1.856917 1.948722 0.954889 2.990528 0.963296 0.593861
 3700800.000000 2.290183 2.662241 1.757256 1.893459 0.928473 2.989883 0.988205 0.593269
 3703200.000000 2.258915 2.616948 1.949349 1.903605 0.962917 3.015493 0.982157 0.579056
 3705600.000000 2.179577 2.500705 1.883238 1.879101 0.920268 3.067883 0.903411 0.573906
 3708000.000000 2.161981 2.358815 1.935316 1.883660 0.969223 2.888062 0.976239 0.634186
 3710400.000000 2.252523 2.460477 1.913318 1.885635 0.936176 2.889306 1.055784 0.624362
 3712800.000000 2.373305 2.564391 2.059753 1.900333 0.925463 3.018329 1.029883 0.603335
 3715200.000000 2.409201 2.528539 1.935806 2.044723 0.943899 2.992827 1.012297 0.578580
 3717600.000000 2.182473 2.608285 1.898443 1.959272 0.970564 3.167196 0.933129 0.601177
 3720000.000000 2.221378 2.544616 1.800476 1.961979 0.942107 3.082598 1.010093 0.583490
 3722400.000000 2.185699 2.425732 1.956830 1.983243 0.968714 3.095628 1.018725 0.608834
 3724800.000000 2.217330 2.450368 1.960402 1.931275 0.978102 3.300810 0.921308 0.597018
 3727200.000000 2.282026 2.453450 1.907248 1.905373 0.927252 3.180330 0.989978 0.591487
 3729600.000000 2.260683 2.562996 1.851656 1.969700 0.915221 3.056988 0.956145 0.588146
 3732000.000000 2.186371 2.466353 1.887429 1.951106 0.950325 3.034285 0.977385 0.608385
 3734400.000000 2.322335 2.509535 1.890063 2.072499 0.960459 3.179802 0.993076 0.594402
 3736800.000000 2.276305 2.558300 1.921295 1.828109 0.891650 3.021823 1.033087 0.592753
 3739200.000000 2.283861 2.491302 1.892832 1.881427 0.947494 2.946213 0.999752 0.683194
 3741600.000000 2.150159 2.510427 1.936623 1.869220 0.933315 2.697823 1.005945 0.565427
 3744000.000000 2.207717 2.413977 1.973062 2.038844 0.941055 3.277599 1.026214 0.584574
 3746400.000000 2.164387 2.603189 1.906101 2.033557 0.922841 3.267400 1.008390 0.628732
 3748800.000000 2.140457 2.406248 1.941424 1.847156 0.949249 2.896598 1.082776 0.597283
 3751200.000000 2.248447 2.372052 1.934792 1.877501 0.935446 3.105488 0.926285 0.673021
 3753600.000000 2.224284 2.389719 2.058898 1.841865 0.942796 2.927691 1.023488 0.606697
 3756000.000000 1.989540 2.344391 1.941616 2.001477 0.947857 2.905042 0.965270 0.659016
 3758400.000000 2.147520 2.445635 1.925901 1.929714 0.996236 3.073917 0.913701 0.638775
 3760800.000000 2.176293 2.419536 1.935252 1.943873 1.002224 2.933490 0.905649 0.599830
 3763200.000000 2.095326 2.322782 2.094131 1.953686 0.949899 2.939405 1.045252 0.663453
 3765600.000000 2.031272 2.431802 2.010023 1.948689 0.923053 2.775837 1.004763 0.659325
 3768000.000000 2.237658 2.463340 1.974139 1.859231 0.987565 3.072636 0.945675 0.600943
 3770400.000000 2.227957 2.387847 2.001679 2.184235 0.919559 3.081388 1.073712 0.657294
 3772800.000000 2.251673 2.166788 2.092773 1.879872 0.960338 2.927469 0.988231 0.610434
 3775200.000000 2.161148 2.320377 1.958810 2.033768 0.999352 2.881994 0.942430 0.620409
 3777600.000000 2.268401 2.399156 1.972207 1.987169 1.000944 3.034692 1.015270 0.632607
 3780000.000000 2.313602 2.239325 1.922512 1.977066 0.973845 2.932958 0.978848 0.559714
 3782400.000000 1.962539 2.229760 1.863580 1.915119 0.936409 2.982805 0.995770 0.602597
 3784800.000000 2.162654 2.243832 1.922699 1.977485 0.961871 3.031551 0.979595 0.604577
 3787200.000000 2.055093 2.121470 1.796441 1.899786 0.960671 2.881301 1.017914 0.602667
 3789600.000000 2.262995 2.087522 1.941469 2.177217 0.943408 2.849206 1.039568 0.570202
 3792000.000000 2.248077 2.367271 1.875135 2.089849 0.943380 2.810878 1.052102 0.573041
 3794400.000000 2.112225 2.240889 1.867185 2.140994 0.991941 2.796708 0.988296 0.612028
 3796800.000000 2.436140 2.357354 1.808428 2.104162 0.952108 2.779578 1.008010 0.569891
 3799200.000000 2.292073 2.341485 1.945820 1.957232 0.864118 2.848195 1.000841 0.646230
 3801600.000000 2.278594 2.218869 2.010087 2.050364 0.982464 2.847984 0.983688 0.637170
 3804000.000000 2.260825 2.337572 2.074089 1.905997 0.918206 2.863777 0.992016 0.641674
 3806400.000000 2.327099 2.238720 2.096553 1.981961 0.922866 2.868348 0.951918 0.620922
 3808800.000000 2.292735 2.254745 2.011020 2.033898 0.945343 2.884713 0.983705 0.644944
 3811200.000000 2.154039 2.112158 2.249390 1.818219 0.922094 2.698714 1.039113 0.652408
 3813600.000000 2.147460 2.225513 2.314306 2.055203 0.941106 2.662010 0.967671 0.590921
 3816000.000000 2.289681 2.277341 1.967091 2.022390 0.949148 2.797024 0.956268 0.636313
 3818400.000000 2.252189 2.290841 2.075140 2.123036 0.944998 3.152244 0.959331 0.589401
 3820800.000000 2.228245 2.233966 2.011374 2.015231 0.935907 2.800486 1.014312 0.607432
 3823200.000000 2.394159 2.330726 1.937769 2.258525 0.966779 2.729204 0.961550 0.588781
 3825600.000000 2.136579 2.191537 1.952368 2.178872 0.993725 3.208092 1.034217 0.587828
 3828000.000000 2.225659 2.240297 1.978989 1.828941 0.908815 3.236320 0.973868 0.621640
 3830400.000000 2.444621 2.266102 2.060518 2.145065 0.997021 3.243243 1.059947 0.631828
 3832800.000000 2.091217 2.235752 1.960436 1.954667 0.936686 3.016043 0.970238 0.601777
 3835200.000000 2.159617 2.370603 1.779427 1.924670 0.927508 3.058392 0.992411 0.573424
 3837600.000000 2.225139 2.297202 1.935392 1.990587 0.943230 3.110412 1.030021 0.592802
 3840000.000000 2.105322 2.236695 1.764506 1.879663 0.920707 3.174172 1.009958 0.589656
 3842400.000000 2.416634 2.217622 1.950708 2.053406 0.958092 2.938755 1.026878 0.594679
 3844800.000000 2.296177 2.160485 2.125441 2.120284 0.903762 2.953801 0.912401 0.638948
 3847200.000000 2.103429 2.187632 2.033456 1.914632 0.836340 3.014541 0.931801 0.682810
 3849600.000000 2.142940 2.253715 1.847049 2.053363 0.873115 3.043442 1.006063 0.592454
 3852000.000000 2.213993 2.367854 2.136139 2.135453 0.933857 3.011210 0.957235 0.587760
 3854400.000000 2.250879 2.474676 2.419324 2.013113 0.798227 3.044114 0.925769 0.583267
 3856800.000000 2.256571 2.419398 2.239093 2.049311 0.873076 2.986224 0.929440 0.611085
 3859200.000000 2.244709 2.185667 2.083494 2.059061 0.962979 3.198172 0.943760 0.633937
 3861600.000000 2.247085 2.270141 2.265371 2.043342 0.917785 3.044677 1.018919 0.620822
 3864000.000000 2.249763 2.561517 2.208494 1.940736 0.879699 2.886641 0.975935 0.657594
 3866400.000000 2.429212 2.355489 2.294934 2.126466 0.816170 2.913848 0.983932 0.601172
 3868800.000000 2.359141 2.462371 2.142421 1.981814 0.924755 3.091779 0.950318 0.556482
 3871200.000000 2.190172 2.333461 2.243914 1.926067 0.962029 2.652272 1.041486 0.598941
 3873600.000000 2.162891 2.303641 2.129198 2.006999 0.829277 2.905906 0.961995 0.645556
 3876000.000000 2.383242 2.492896 2.091052 2.034245 0.871455 2.896948 0.991719 0.613463
 3878400.000000 2.316006 2.357534 2.133463 1.963909 0.782095 2.827194 0.951405 0.573870
 3880800.000000 2.249133 2.396709 2.294235 2.064518 0.765674 3.179138 1.058006 0.588412
 3883200.000000 2.313530 2.249561 2.456096 1.946494 0.802135 2.953482 0.999245 0.623933
 3885600.000000 2.053246 2.315519 2.249166 1.956770 0.804629 3.119201 0.940718 0.663999
 3888000.000000 2.166565 2.327688 2.277495 1.971440 0.759580 2.970407 1.081301 0.606438
 3890400.000000 2.232609 2.267210 2.375494 1.940376 0.795987 3.103267 0.967998 0.611162
 3892800.000000 2.205276 2.412040 2.138213 1.914249 0.790684 3.061896 0.946872 0.671426
 3895200.000000 2.282150 2.447148 2.052493 1.844388 0.782946 2.991466 1.006788 0.606406
 3897600.000000 2.245865 2.473609 2.052553 2.111357 0.791511 3.012106 1.036253 0.593856
 3900000.000000 2.110734 2.408632 2.251936 1.997573 0.806428 2.807749 1.126641 0.589158
 3902400.000000 1.893221 2.200987 2.258792 2.130516 0.749825 2.948254 1.120257 0.564754
 3904800.000000 2.170761 2.394659 2.197032 1.923373 0.943261 2.959620 1.016579 0.561138
 3907200.000000 2.144506 2.454689 1.997072 2.205677 0.928065 2.836559 1.085682 0.591741
 3909600.000000 2.052723 2.113148 2.370844 2.083061 0.944053 2.999491 1.146515 0.568172
 3912000.000000 2.267336 2.186968 2.243696 2.118921 0.975858 2.928103 0.981341 0.563958
 3914400.000000 2.241373 2.244517 2.051215 1.974446 0.959382 2.888767 1.000390 0.591085
 3916800.000000 2.211517 2.325262 2.203879 1.928864 0.967070 3.030470 0.986279 0.613915
 3919200.000000 2.117086 2.132629 1.973326 1.912916 0.905217 3.016526 1.029824 0.575788
 3921600.000000 2.151219 2.321452 2.181008 1.903317 0.883602 2.894158 1.039446 0.581270
 3924000.000000 2.213876 2.034890 2.066773 1.959035 0.910978 2.948242 1.033718 0.631793
 3926400.000000 2.293878 2.328511 2.170619 1.922358 0.961700 2.983865 0.962139 0.615619
 3928800.000000 2.202724 2.346085 2.181462 1.867915 0.943781 2.801655 1.119997 0.587973
 3931200.000000 2.332904 2.347561 2.035984 1.851655 0.896650 3.197645 0.924966 0.649240
 3933600.000000 2.207538 2.391669 2.090570 2.002226 0.881341 2.983746 0.985898 0.599943
 3936000.000000 2.310330 2.368325 2.038219 2.046814 0.949135 3.054152 0.995655 0.593353
 3938400.000000 2.271044 2.341401 2.043604 2.007962 0.932490 3.111902 1.057676 0.606233
 3940800.000000 2.225914 2.216075 2.199636 1.755001 0.913276 2.951744 0.929432 0.594851
 3943200.000000 2.234293 2.124103 2.321297 1.937493 0.843171 2.645311 1.025193 0.660128
 3945600.000000 2.348054 2.321412 2.236258 1.787698 0.962194 2.778848 1.023981 0.600368
 3948000.000000 2.324411 2.385345 2.114086 2.015278 0.909267 2.906092 0.993060 0.581310
 3950400.000000 2.093832 2.291616 2.201892 1.917302 0.979574 2.903700 1.017773 0.593850
 3952800.000000 2.196784 2.139808 2.218397 2.010214 0.951326 2.928250 1.015293 0.538762
 3955200.000000 2.201926 2.404612 2.092574 1.732375 0.872902 2.838104 1.085310 0.584725
 3957600.000000 2.316615 2.216339 2.104451 1.745843 0.943064 3.039224 1.045053 0.586136
 3960000.000000 2.204135 2.243768 2.169989 1.712016 0.991997 2.884763 1.077143 0.570734
 3962400.000000 2.167710 2.382174 1.974483 1.719389 0.947801 2.849696 1.058712 0.567041
 3964800.000000 2.134033 2.371962 2.150479 1.778758 0.959077 3.104507 1.084899 0.572981
 3967200.000000 2.350677 2.454725 2.143182 1.793817 0.991441 3.091644 1.020388 0.566525
 3969600.000000 2.183669 2.105423 2.213069 1.733757 0.949660 2.864669 0.972576 0.594253
 3972000.000000 2.245796 2.444170 2.061802 1.841776 0.907446 2.931393 1.075411 0.564815
 3974400.000000 2.464554 2.351126 2.105279 1.811032 0.910867 2.928629 1.098166 0.592529
 3976800.000000 2.336189 2.389188 2.299783 1.694565 0.946704 2.946009 1.116523 0.660194
 3979200.000000 2.307824 2.524933 2.132283 1.727839 0.942370 2.638887 1.099488 0.662357
 3981600.000000 2.201659 2.284605 2.088917 1.893299 0.960178 3.009381 1.102205 0.621882
 3984000.000000 2.210764 2.233017 2.042768 1.762644 0.951122 2.840275 1.019391 0.618473
 3986400.000000 2.198571 2.316405 2.020992 2.091241 0.932520 3.026370 1.018494 0.612425
 3988800.000000 2.301577 2.651881 1.971081 1.892466 0.905427 3.116299 1.039174 0.600845
 3991200.000000 2.302827 2.493517 2.102811 1.728921 0.908991 3.130297 1.133514 0.666344
 3993600.000000 2.338022 2.431320 1.837327 1.778777 0.964166 3.055968 1.095755 0.660211
 3996000.000000 2.334343 2.428829 1.984433 1.764485 0.957069 3.143461 1.072262 0.596079
 3998400.000000 2.406727 2.431256 1.984963 1.689295 0.967507 3.284697 1.132750 0.593386
 4000800.000000 2.360123 2.526012 2.086001 1.959158 0.974571 3.168449 1.022239 0.634212
 4003200.000000 2.328307 2.255154 2.223669 1.816245 0.942327 3.169568 1.030373 0.589110
 4005600.000000 2.354020 2.362437 1.958159 1.693590 0.944790 3.274327 0.996946 0.611961
 4008000.000000 2.284609 2.652570 2.129309 1.887974 0.947343 3.120533 1.082058 0.628879
 4010400.000000 2.275348 2.286091 2.171696 1.783289 0.895847 3.098536 1.009458 0.645249
 4012800.000000 2.316749 2.544511 2.080028 1.763525 0.936635 3.128817 1.114047 0.622209
 4015200.000000 2.251012 2.329812 1.866022 1.775659 0.966911 3.062753 1.190023 0.616630
 4017600.000000 2.277981 2.366856 2.100608 1.939637 0.950394 3.012336 1.098861 0.589361
 4020000.000000 2.166243 2.272011 2.088332 1.738126 0.961731 3.024979 0.902330 0.573411
 4022400.000000 2.076075 2.482974 1.919798 1.825777 0.929676 3.032785 0.976131 0.618215
 4024800.000000 2.214508 2.369272 2.222621 1.826813 0.977758 3.017121 0.999540 0.568640
 4027200.000000 2.194907 2.329938 2.112624 1.889815 0.942117 3.308889 1.132208 0.667057
 4029600.000000 2.269120 2.210320 2.246750 1.817213 0.959933 2.982920 1.146289 0.610681
 4032000.000000 2.230060 2.008973 2.257476 2.136851 0.923249 3.096393 1.152562 0.580742
 4034400.000000 2.193503 2.453865 2.016723 1.846276 0.947203 3.024629 1.055794 0.617451
 4036800.000000 2.148884 2.467825 1.863733 1.843395 0.968474 3.068451 1.121687 0.613647
 4039200.000000 2.160309 2.464323 2.043493 2.006371 0.960612 2.897074 1.026813 0.587726
 4041600.000000 2.205703 2.265993 2.096178 1.994651 0.995010 3.097522 1.148640 0.598836
 4044000.000000 2.293548 2.302614 2.191393 1.860146 0.932788 3.053871 0.966135 0.616098
 4046400.000000 2.247223 2.402519 2.053510 1.909066 0.989400 3.173319 1.013435 0.605579
 4048800.000000 2.245519 2.403987 2.023559 1.900915 0.902440 3.289960 1.026608 0.581830
 4051200.000000 2.248356 2.346214 2.168233 1.824126 0.922288 3.133794 1.032477 0.590065
 4053600.000000 2.059055 2.366551 2.117663 1.939321 0.948544 3.257400 1.025682 0.623003
 4056000.000000 2.212293 2.358096 2.064127 1.951595 0.992144 2.997993 1.033049 0.664196
 4058400.000000 2.128418 2.448183 2.099622 2.031412 0.978722 3.010351 0.990792 0.646784
 4060800.000000 2.072051 2.316386 2.164935 1.904286 0.904385 2.870748 1.153906 0.592043
 4063200.000000 2.295467 2.642148 1.988472 1.971793 0.930644 3.050836 0.967929 0.628436
 4065600.000000 2.338161 2.371660 1.903217 1.880676 1.022073 3.101136 1.073412 0.556839
 4068000.000000 2.458410 2.432196 1.988719 2.056204 0.952241 3.099889 1.020411 0.631517
 4070400.000000 2.300712 2.565798 2.144385 1.938667 0.946831 3.120040 1.071450 0.651014
 4072800.000000 2.278556 2.500814 2.217059 2.080131 0.932974 3.338391 0.974701 0.631169
 4075200.000000 2.332211 2.456708 2.105092 2.012778 0.945612 3.040304 1.026940 0.668931
 4077600.000000 2.375372 2.514536 1.983179 1.968044 0.947894 3.043657 0.944004 0.636508
 4080000.000000 2.230651 2.382143 2.091133 2.000523 0.975888 3.177692 0.996089 0.610571
 4082400.000000 2.175657 2.327892 2.092467 2.034736 0.993755 3.072903 1.071601 0.603884
 4084800.000000 2.229216 2.493226 2.093591 1.879788 0.947492 3.248243 0.984879 0.605615
 4087200.000000 2.434129 2.495392 2.142699 2.052844 0.958079 3.112272 0.987060 0.637832
 4089600.000000 2.299419 2.521462 1.981303 1.975165 0.962875 2.785460 0.997890 0.663446
 4092000.000000 2.256658 2.468096 2.036669 1.876497 0.959269 3.092153 0.983651 0.591075
 4094400.000000 2.280340 2.695916 2.063765 1.975011 0.915450 3.117371 1.051662 0.622995
 4096800.000000 2.451469 2.521874 2.038389 1.978904 0.992634 3.138613 1.117645 0.605662
 4099200.000000 2.302814 2.556940 2.019339 2.011115 1.004767 2.973493 1.090853 0.615750
 4101600.000000 2.261562 2.334596 2.035534 2.032351 0.949917 3.237737 1.035033 0.588721
 4104000.000000 2.385693 2.537256 2.167636 1.972036 0.992728 3.024543 1.111057 0.582809
 4106400.000000 2.316715 2.406579 2.144976 1.893139 0.973839 2.857727 1.084160 0.559636
 4108800.000000 2.205954 2.368321 1.981184 1.913288 0.994710 3.068680 1.140632 0.586741
 4111200.000000 2.175795 2.265471 2.255127 1.947972 0.962033 3.000379 1.079496 0.583175
 4113600.000000 2.195625 2.416713 2.019083 1.950124 0.937956 3.215855 1.087486 0.592303
 4116000.000000 2.105588 2.459599 2.103016 1.977231 0.942937 3.075547 1.105317 0.586997
 4118400.000000 2.168269 2.545908 2.012619 1.935169 0.981388 2.841954 1.098069 0.592074
 4120800.000000 2.229914 2.390010 1.848526 1.902427 0.970044 3.121662 1.070964 0.603619
 4123200.000000 2.417604 2.509035 2.081763 2.087899 1.000069 2.931398 1.028279 0.587736
 4125600.000000 2.237570 2.430001 2.053906 1.868277 0.956746 3.228272 1.050337 0.636490
 4128000.000000 2.273341 2.437077 2.134074 2.060915 1.013474 3.274388 1.142269 0.573414
 4130400.000000 2.286306 2.577155 2.028740 2.131747 0.917517 2.927042 1.095171 0.588162
 4132800.000000 2.230757 2.481935 2.215169 2.052006 0.929886 2.890326 1.040770 0.594898
 4135200.000000 2.353817 2.451883 2.137959 2.001961 1.046393 2.728647 0.998242 0.599115
 4137600.000000 2.251494 2.450607 2.079551 2.001549 0.977815 3.297937 1.014692 0.588553
 4140000.000000 2.114062 2.400487 2.188068 1.856877 0.968113 3.173388 1.022890 0.582302
 4142400.000000 2.470685 2.583174 1.996311 1.967263 0.936283 3.200679 1.042732 0.612615
 4144800.000000 2.328056 2.676482 2.185446 2.033406 0.949466 2.975999 1.151243 0.597924
 4147200.000000 2.262014 2.579932 2.111541 1.898978 0.989665 3.032128 1.218848 0.621964
 4149600.000000 2.286232 2.707899 2.177541 1.990853 0.964339 2.974221 1.192131 0.583464
 4152000.000000 2.308227 2.429418 2.096165 1.952848 0.974869 3.092372 1.101310 0.586433
 4154400.000000 2.235794 2.201276 2.435426 1.953791 0.964401 2.989346 1.022551 0.571966
 4156800.000000 2.276522 2.343355 2.498969 2.014661 0.935004 3.294527 1.082820 0.605916
 4159200.000000 2.221155 2.437867 2.648430 1.911655 0.942773 3.147907 1.111046 0.589351
 4161600.000000 2.155677 2.520123 2.207614 1.969257 1.002256 3.231599 1.046272 0.612501
 4164000.000000 1.855350 2.268561 2.346637 1.854850 0.971533 2.725714 1.107404 0.636569
 4166400.000000 1.870827 2.423170 2.403688 1.846938 0.932926 3.125686 1.187442 0.589704
 4168800.000000 1.907261 2.456636 2.218707 2.057111 0.919518 3.119404 1.135659 0.592192
 4171200.000000 1.881630 2.220377 1.969210 1.933922 0.964237 3.264771 1.130494 0.594894
 4173600.000000 1.866974 2.433493 2.247658 1.967082 0.941943 3.221358 1.087354 0.580125
 4176000.000000 1.819170 2.441268 2.137209 1.966386 0.931426 2.670615 1.212675 0.580380
 4178400.000000 2.000483 2.277816 2.293894 2.028154 0.999024 2.983037 1.152376 0.555693
 4180800.000000 2.076012 2.124036 2.195928 1.957667 0.929892 3.248554 1.132867 0.542429
 4183200.000000 2.004177 2.350608 2.209202 1.897045 0.951927 3.271530 1.047379 0.582222
 4185600.000000 1.940343 2.545466 2.270420 1.963113 1.000797 3.368762 1.106352 0.559269
 4188000.000000 1.918638 2.361477 2.272105 1.944859 0.980592 2.978327 1.154442 0.581959
 4190400.000000 1.846886 2.361308 2.170339 1.996500 0.935640 2.980461 1.097793 0.582488
 4192800.000000 1.935748 2.404555 2.188963 1.925238 0.993229 3.059130 1.164270 0.578329
 4195200.000000 1.871156 2.336782 2.251546 1.965639 0.950745 3.042811 1.157715 0.583012
 4197600.000000 1.811422 2.288567 2.201571 2.015890 0.962666 3.131055 1.072309 0.566531
 4200000.000000 1.809970 2.320407 2.227150 1.958478 0.943297 3.145084 1.194433 0.596452
 4202400.000000 1.834865 2.396878 2.318863 1.904577 0.950277 3.057601 1.098383 0.591833
 4204800.000000 1.918119 2.421858 2.418133 1.968505 0.932989 2.892843 1.188064 0.600088
 4207200.000000 1.955043 2.549934 2.343021 1.950726 1.010217 2.913988 1.161917 0.582104
 4209600.000000 1.890333 2.400367 2.246819 1.891880 0.963152 3.077395 1.049722 0.560651
 4212000.000000 2.146397 2.598269 2.309789 2.019499 0.922242 2.991675 1.101780 0.585145
 4214400.000000 2.046458 2.234156 2.214860 1.903633 0.971466 3.022937 1.082057 0.562830
 4216800.000000 1.949366 2.269489 2.214722 1.980562 0.957278 3.146637 1.045788 0.560975
 4219200.000000 1.919014 2.328744 2.023428 1.911356 0.956628 3.190631 1.147353 0.610383
 4221600.000000 2.115051 2.281625 2.199256 1.962706 0.986431 2.871873 1.082318 0.584231
 4224000.000000 1.868800 2.277991 2.216369 1.840156 0.931810 3.222859 1.084538 0.591870
 4226400.000000 1.832947 2.320899 2.374721 1.882395 0.952756 3.038336 1.055507 0.579881
 4228800.000000 1.909086 2.328955 2.243188 1.903080 0.933512 3.061626 1.118507 0.554700
 4231200.000000 1.704772 2.397928 2.292185 1.958462 0.965472 3.028243 1.110091 0.622891
 4233600.000000 2.073087 2.315285 2.324156 1.951706 0.976207 2.954152 1.044111 0.554639
 4236000.000000 1.913452 2.291593 2.316241 1.942115 0.963775 3.156094 1.061658 0.586354
 4238400.000000 1.653221 2.359274 2.373843 1.956302 0.978453 3.003585 1.065339 0.598386
 4240800.000000 1.777606 2.334699 2.355608 1.942905 0.974475 3.026481 1.086502 0.576031
 4243200.000000 1.606463 2.347655 2.290710 1.949118 0.979107 3.172136 1.000606 0.591661
 4245600.000000 1.733007 2.406799 2.289680 2.021731 0.919472 3.114597 1.108214 0.637211
 4248000.000000 1.922899 2.273629 2.128604 1.971737 0.955375 3.099071 1.053710 0.582762
 4250400.000000 1.782849 2.368053 2.386464 2.083577 0.969814 2.957116 1.097985 0.568306
 4252800.000000 1.768911 2.348861 2.450487 2.035652 0.964111 2.931448 1.128732 0.613527
 4255200.000000 1.756339 2.432166 2.544171 1.945126 0.977020 2.997736 1.091752 0.584722
 4257600.000000 1.759731 2.412683 2.290797 1.935112 0.943165 2.836804 1.028989 0.602399
 4260000.000000 1.758784 2.454334 2.357759 2.238839 0.921623 2.898383 1.105439 0.569120
 4262400.000000 1.941382 2.386237 2.359783 2.007362 0.943530 3.018486 1.135877 0.596678
 4264800.000000 1.831293 2.371689 2.439576 2.006265 0.990939 3.108837 1.155981 0.647392
 4267200.000000 1.912791 2.373652 2.353385 1.899570 0.975909 3.106320 1.118522 0.621765
 4269600.000000 1.813325 2.356467 2.279106 1.891699 0.930186 2.913882 1.119115 0.568421
 4272000.000000 1.862732 2.344336 2.398505 1.955010 0.997210 3.057378 1.143729 0.657398
 4274400.000000 1.819171 2.370928 2.483407 1.959787 0.954807 2.950047 1.024953 0.638981
 4276800.000000 1.941833 2.313152 2.331815 2.039589 0.945612 3.013144 1.055633 0.585231
 4279200.000000 1.972776 2.401728 2.341486 1.940415 0.941763 2.989347 1.130235 0.618568
 4281600.000000 1.799752 2.244236 2.200186 2.013527 0.981767 2.862513 1.151164 0.593239
 4284000.000000 1.813408 2.263160 2.374750 1.990251 0.939943 2.901760 1.093820 0.555218
 4286400.000000 1.926499 2.410360 2.411311 1.988631 0.942381 2.976136 1.107069 0.612869
 4288800.000000 1.727207 2.465682 2.327411 2.014329 0.950535 2.911808 1.151081 0.605866
 4291200.000000 1.819123 2.249020 2.318170 2.026879 0.973795 2.826482 1.056920 0.568639
 4293600.000000 1.927537 2.340113 2.261757 2.037990 0.967249 2.814344 1.041927 0.605628
 4296000.000000 1.775571 2.206821 2.198117 2.098677 0.907997 2.777205 1.163181 0.570822
 4298400.000000 1.832313 2.309569 2.327806 2.155098 0.893694 2.812960 1.046812 0.587195
 4300800.000000 1.774829 2.230951 2.319203 1.993272 0.998330 3.076744 1.105491 0.587929
 4303200.000000 1.790301 2.248208 2.395377 2.072975 0.944540 3.095639 1.042928 0.582677
 4305600.000000 1.813388 2.275296 2.311116 2.110529 0.996427 2.890665 1.131893 0.568008
 4308000.000000 1.768998 2.295322 2.376784 2.107931 0.967548 2.787175 1.163291 0.647804
 4310400.000000 1.707168 2.303922 2.428203 2.195519 0.949649 3.001841 1.112525 0.602044
 4312800.000000 1.757264 2.368956 2.371827 2.047814 0.969136 3.021978 1.153984 0.631580
 4315200.000000 1.802555 2.367062 2.231242 2.093908 0.928643 3.009880 1.132973 0.588101
 4317600.000000 1.854843 2.295371 2.303392 2.101077 0.956240 3.077279 1.133680 0.620805
 4320000.000000 1.647673 2.302960 2.296255 1.968865 0.961160 2.935826 1.124347 0.593041
 4322400.000000 1.930354 2.246108 2.325443 2.008328 0.975845 3.153964 1.034451 0.565457
 4324800.000000 1.747334 2.388578 2.353593 2.000576 0.992700 3.289857 1.117965 0.615754
 4327200.000000 1.803824 2.377423 2.314915 2.140972 0.910922 3.042190 1.105258 0.610337
 4329600.000000 1.773366 2.506520 2.398890 2.020807 0.917402 3.032183 1.162915 0.634873
 4332000.000000 1.624140 2.547464 2.282438 2.047433 0.937693 3.062135 1.271205 0.633593
 4334400.000000 1.552820 2.557062 2.240562 1.949626 0.979854 3.163276 1.223991 0.623718
 4336800.000000 1.597863 2.576388 2.231266 2.007130 0.955396 3.100039 1.239302 0.579822
 4339200.000000 1.528483 2.582496 2.300640 1.811913 0.946628 3.252989 1.217780 0.651637
 4341600.000000 1.533512 2.514047 2.333053 1.863186 0.930033 3.157716 1.247489 0.598431
 4344000.000000 1.791534 2.468751 2.232118 1.980698 0.987454 3.325951 1.280023 0.573010
 4346400.000000 1.670993 2.533410 2.217226 1.805241 0.970272 3.431804 1.208959 0.615840
 4348800.000000 1.652748 2.485009 2.271795 1.950968 1.001351 2.971501 1.235694 0.638966
 4351200.000000 1.635497 2.573576 2.284620 1.886562 1.006794 3.227895 1.295614 0.692394
 4353600.000000 1.733784 2.698369 2.206389 1.803703 0.959762 3.009686 1.284719 0.760301
 4356000.000000 1.631798 2.588437 2.268193 2.036788 0.939809 3.194191 1.201651 0.633163
 4358400.000000 1.648790 2.646105 2.347401 1.977792 1.002964 2.891570 1.305205 0.628763
 4360800.000000 1.519463 2.596119 2.393610 1.929079 0.993444 2.854146 1.170907 0.648644
 4363200.000000 1.573871 2.428014 2.190097 1.973327 0.939646 3.057263 1.266066 0.622377
 4365600.000000 1.440889 2.491471 2.385534 1.931977 1.009486 3.189144 1.330239 0.626772
 4368000.000000 1.575764 2.614284 2.322682 1.773040 0.988670 2.890210 1.221347 0.668523
 4370400.000000 1.554133 2.626715 2.311759 2.052706 0.937594 3.063298 1.220046 0.676440
 4372800.000000 1.617628 2.658203 2.300532 2.001603 0.884697 2.862236 1.168342 0.562271
 4375200.000000 1.703733 2.566088 2.305424 1.945598 0.935734 3.051174 1.147197 0.610220
 4377600.000000 1.474439 2.619586 2.290378 2.074864 0.999406 2.913665 1.186810 0.619388
 4380000.000000 1.585472 2.486723 2.236720 1.938456 1.002029 3.018952 1.086233 0.649052
 4382400.000000 1.736106 2.416223 2.242573 2.104006 0.958960 2.721289 1.112749 0.648204
 4384800.000000 1.576686 2.547097 2.152663 2.005021 0.950568 2.785866 1.054990 0.642998
 4387200.000000 1.799957 2.354046 2.145205 2.082424 0.952458 2.863894 1.101307 0.731989
 4389600.000000 1.705439 2.294670 2.190006 2.000986 1.045889 2.911680 1.166745 0.660942
 4392000.000000 1.732088 2.445896 2.253308 2.028093 0.977273 2.844502 1.196799 0.628353
 4394400.000000 1.644584 2.287758 2.109266 2.006375 0.962681 2.772388 1.229089 0.569618
 4396800.000000 1.826264 2.423038 1.929123 2.134314 0.946750 2.946581 1.021126 0.611519
 4399200.000000 1.743754 2.288239 1.956771 2.128865 1.068171 2.642086 1.003470 0.584265
 4401600.000000 1.926691 2.218518 2.023883 1.986042 1.137607 2.836217 1.123691 0.599229
 4404000.000000 1.797243 2.166548 2.064456 2.157889 0.887718 2.697336 1.132425 0.591029
 4406400.000000 1.942892 2.218397 1.881671 2.073538 0.948159 2.767179 1.218584 0.613482
 4408800.000000 1.819565 2.180657 1.941911 1.958382 0.967361 2.732422 1.045638 0.599708
 4411200.000000 1.896082 2.155024 1.878135 2.121084 0.969491 2.878574 1.108462 0.603351
 4413600.000000 1.868371 2.262130 1.916871 2.104282 1.003575 2.756450 1.137082 0.590433
 4416000.000000 1.779317 2.220475 1.955735 2.005278 0.963391 2.875979 1.098605 0.603136
 4418400.000000 1.834374 2.220587 2.068487 2.156014 0.908072 2.702154 1.099296 0.653526
 4420800.000000 1.873488 2.388460 2.200789 2.010220 1.003172 2.827778 0.973716 0.608597
 4423200.000000 1.896182 2.395456 2.210402 2.091817 0.987534 2.888727 1.063839 0.608783
 4425600.000000 2.208765 2.327138 2.359176 1.983777 0.935526 2.768469 1.082443 0.630924
 4428000.000000 1.883897 2.346150 2.221135 2.029788 1.072812 3.143561 1.121902 0.577831
 4430400.000000 2.050535 2.292818 2.310781 2.025148 0.953287 3.023810 1.038294 0.578240
 4432800.000000 1.902182 2.521340 2.185039 2.110927 0.955469 2.940026 1.050753 0.607017
 4435200.000000 1.843086 2.473594 2.336660 2.107624 1.034958 3.042374 1.036954 0.612625
 4437600.000000 2.120813 2.504497 2.409936 2.024472 0.984947 3.044263 1.028075 0.650425
 4440000.000000 2.044573 2.512310 2.150268 1.958878 0.968217 2.977613 1.031349 0.643914
 4442400.000000 1.810067 2.537088 2.278212 1.954752 1.144853 2.798521 1.136564 0.651263
 4444800.000000 2.009064 2.417541 2.253936 1.890873 0.925445 2.879784 1.087628 0.596678
 4447200.000000 1.940520 2.489998 2.023872 1.938939 1.027932 3.193991 1.040191 0.584519
 4449600.000000 2.161671 2.445026 2.018015 1.908916 0.911622 2.928998 1.055517 0.605478
 4452000.000000 2.196799 2.336944 2.053107 1.908652 0.967052 3.069299 1.005645 0.578946
 4454400.000000 2.336489 2.335849 2.935028 1.916094 1.036404 3.065587 1.016992 0.637519
 4456800.000000 2.270112 2.254297 3.248717 1.986646 0.922381 3.098843 0.949933 0.594918
 4459200.000000 2.095720 2.227210 3.233155 1.956709 0.969604 2.981701 0.953841 0.597742
 4461600.000000 2.429452 2.098779 3.155121 1.973420 1.033462 3.117378 1.016324 0.591472
 4464000.000000 2.371823 2.025968 3.216447 2.051176 0.995824 2.924511 0.968016 0.612387
 4466400.000000 2.516534 1.914806 3.348296 1.971955 1.129977 2.966958 1.015834 0.662636
 4468800.000000 2.378912 1.826594 3.038422 1.768626 0.989888 2.968701 1.058485 0.658712
 4471200.000000 2.254461 1.282953 3.016291 1.788729 0.977297 2.979633 1.013609 0.634650
 4473600.000000 2.248477 1.836343 3.101326 1.852752 0.945834 3.063723 1.023412 0.569440
 4476000.000000 2.202353 1.619634 3.111891 1.780266 0.898448 2.955270 1.024108 0.575504
 4478400.000000 2.213926 2.134567 3.121849 1.799575 0.814844 2.979721 0.969331 0.614643
 4480800.000000 2.236763 1.674961 2.943220 1.763452 0.986030 2.927975 0.954861 0.596567
 4483200.000000 2.069309 2.058404 3.284240 1.886735 0.964193 3.154847 0.994210 0.587412
 4485600.000000 2.054184 1.828164 3.120787 1.937279 1.001246 3.032577 0.975035 0.590011
 4488000.000000 2.025076 2.030096 3.104453 1.841760 1.036026 2.897679 0.982217 0.591169
 4490400.000000 2.021802 1.738134 3.232931 2.043712 1.051778 2.657075 1.007107 0.592338
 4492800.000000 2.259159 2.228795 3.174449 2.072268 0.939157 2.927296 1.020159 0.585798
 4495200.000000 2.138259 2.256716 3.164471 1.894566 0.953076 2.874154 0.985282 0.612816
 4497600.000000 2.248958 2.260971 3.087847 1.935896 0.994053 3.034355 1.006784 0.635101
 4500000.000000 2.265036 1.996812 3.241627 1.867594 1.061442 2.994786 1.034375 0.569783
 4502400.000000 2.143820 2.411581 3.038195 1.961699 0.950806 2.889892 1.064396 0.646646
 4504800.000000 2.061698 2.178291 3.145292 1.882382 1.033445 2.946371 1.040219 0.618075
 4507200.000000 2.220808 2.055589 2.854094 1.952936 0.913460 3.024696 1.024752 0.604668
 4509600.000000 2.060185 2.041274 3.356506 1.838421 1.109197 3.040565 1.108624 0.602963
 4512000.000000 2.223832 2.009194 2.982225 1.986624 1.006840 3.180378 1.107484 0.628733
 4514400.000000 2.046235 2.209424 2.928281 1.794207 1.016658 2.655620 1.043937 0.604196
 4516800.000000 2.184678 2.098802 3.335798 1.835707 1.015286 3.091895 1.003198 0.608292
 4519200.000000 1.930275 2.047951 3.217548 1.823539 1.003233 2.858215 1.041450 0.606155
 4521600.000000 1.908498 1.911593 3.126253 1.965711 0.959362 3.005362 0.996365 0.575880
 4524000.000000 2.130055 1.968430 3.169866 1.816569 1.060093 2.964376 0.981709 0.608088
 4526400.000000 2.109983 1.643060 2.923718 1.921428 1.045591 2.914282 1.046121 0.622481
 4528800.000000 1.925418 1.924149 3.048843 1.888565 1.054473 3.026246 1.060858 0.570144
 4531200.000000 1.992577 2.045978 3.155496 2.005111 1.020589 2.990622 1.045597 0.586678
 4533600.000000 2.125297 2.042605 3.031788 1.971962 0.990958 2.866374 1.039267 0.639662
 4536000.000000 2.075798 2.314435 2.913772 2.119681 0.982860 2.880660 0.994907 0.603546
 4538400.000000 2.289570 2.286813 2.905985 2.001598 1.055258 2.478158 1.038768 0.652521
 4540800.000000 1.887062 2.312297 2.807682 2.024622 1.183624 2.153568 0.995342 0.610959
 4543200.000000 2.251534 2.214041 2.900949 2.183743 1.035808 2.165452 0.973471 0.586185
 4545600.000000 2.171353 1.968330 2.636121 2.287982 0.910943 2.207559 1.036970 0.593720
 4548000.000000 2.160596 1.749074 2.778871 2.188069 0.948138 2.146054 1.124101 0.616665
 4550400.000000 1.817654 1.919207 2.497557 2.171675 0.944577 2.328902 1.091683 0.654366
 4552800.000000 2.344911 2.373275 2.070187 2.342049 0.924166 2.690051 1.039014 0.615361
 4555200.000000 2.112552 2.284729 2.125643 2.239603 0.954582 2.531885 0.992180 0.609918
 4557600.000000 2.171426 2.457555 2.110058 1.994750 0.930157 2.427345 0.999795 0.674116
 4560000.000000 2.248226 2.541409 2.051601 2.389201 0.936674 2.551777 1.097321 0.596023
 4562400.000000 2.057923 2.379004 1.991625 2.218793 0.938013 2.511976 1.004479 0.569745
 4564800.000000 2.140294 2.651735 1.945155 2.204153 1.000055 2.518035 1.088012 0.593254
 4567200.000000 2.299296 2.432608 2.050448 2.279637 0.928124 2.377893 1.061669 0.593398
 4569600.000000 2.072518 2.420109 2.095275 2.220413 0.879721 2.243285 1.109367 0.621433
 4572000.000000 2.346203 2.620269 2.096744 2.188673 0.956061 3.115344 1.096847 0.605206
 4574400.000000 2.073550 2.498685 2.073811 2.151535 0.919057 2.955304 1.015567 0.606528
 4576800.000000 1.937462 2.528504 2.350929 2.015235 0.936994 2.455217 1.135992 0.661270
 4579200.000000 1.827529 2.002301 2.281411 2.280734 0.983087 2.699565 1.039488 0.605188
 4581600.000000 2.302337 1.989409 2.426244 2.281033 0.955723 3.039816 0.999355 0.611476
 4584000.000000 2.177915 2.240228 2.136678 1.990575 0.942421 2.835647 1.084404 0.648723
 4586400.000000 2.334284 2.427476 2.187061 2.000245 0.944212 2.742970 1.129962 0.621444
 4588800.000000 2.322202 2.258960 2.149047 2.002304 0.950119 3.043804 1.022894 0.603182
 4591200.000000 1.964073 2.298461 2.131753 1.984934 0.956585 3.075061 1.012817 0.622477
 4593600.000000 1.966388 2.277603 1.985767 2.105913 1.009347 2.813353 1.083327 0.599111
 4596000.000000 1.811189 2.303875 2.251033 2.058132 0.992497 2.672545 1.129801 0.552504
 4598400.000000 1.853777 2.267193 2.078200 2.108499 0.956183 2.564807 1.070156 0.637179
 4600800.000000 1.922394 2.331323 2.137195 2.066865 0.943375 2.395605 1.094184 0.641881
 4603200.000000 1.933397 2.412301 2.129633 2.202922 0.991232 2.629848 1.035632 0.626309
 4605600.000000 2.011904 2.187799 2.305044 2.379831 0.908312 2.398279 1.006858 0.620809
 4608000.000000 1.793509 2.391205 2.158976 2.318935 0.959598 2.620225 1.032303 0.619978
 4610400.000000 1.759015 2.126668 2.308840 2.204439 0.938579 2.218339 1.095155 0.581497
 4612800.000000 1.615206 2.272611 2.276793 2.249482 0.940649 2.482322 1.084947 0.558406
 4615200.000000 1.884461 2.469686 2.305876 2.049046 0.926169 2.793176 1.044271 0.593125
 4617600.000000 1.823532 2.455095 2.225312 2.216747 0.880580 2.765971 1.079326 0.582618
 4620000.000000 1.899242 2.462428 2.084618 1.913126 0.948705 3.067249 1.016419 0.619491
 4622400.000000 1.940045 2.411790 2.057439 2.104024 0.965383 2.989157 1.009491 0.590744
 4624800.000000 2.138263 2.516040 2.089268 2.411767 0.973071 2.841400 1.099879 0.560230
 4627200.000000 2.008904 2.414491 1.974014 2.162222 0.992678 3.093228 1.137603 0.657368
 4629600.000000 2.124384 2.404170 2.097505 2.058287 0.943933 2.940852 1.070605 0.537068
 4632000.000000 2.301265 2.486943 2.054736 2.020837 0.923907 2.705505 1.001513 0.573749
 4634400.000000 2.223478 2.503767 2.122704 2.204092 0.946214 3.250467 1.071780 0.624095
 4636800.000000 2.302228 2.494045 2.024698 2.044472 0.945137 2.996879 0.933549 0.616802
 4639200.000000 2.184563 2.356179 1.944079 1.966557 0.934328 3.126692 1.018897 0.579516
 4641600.000000 2.186537 2.460997 2.030419 1.983061 0.944920 3.284116 0.986718 0.596909
 4644000.000000 2.381362 2.572786 2.032076 2.255014 0.958139 3.132635 1.004679 0.582704
 4646400.000000 2.274781 2.451810 2.096213 2.117352 0.892180 3.015075 0.996055 0.561558
 4648800.000000 2.156762 2.310796 1.922279 2.163876 0.938814 3.189869 0.996906 0.588457
 4651200.000000 2.108403 2.428592 2.016806 2.021015 0.962807 2.986347 0.972187 0.599387
 4653600.000000 2.174534 2.496152 2.044997 2.071687 0.920079 2.869806 1.061321 0.589965
 4656000.000000 2.214134 2.568255 1.983301 2.021308 0.939760 2.994384 0.995073 0.552333
 4658400.000000 2.066734 2.436360 2.041620 2.015881 0.977322 2.961873 1.046667 0.596196
 4660800.000000 2.189729 2.491458 2.142188 2.190094 0.921598 2.966946 0.994488 0.589260
 4663200.000000 2.052971 2.335535 2.057034 2.014681 0.959718 2.852716 1.028142 0.640484
 4665600.000000 2.379268 2.588119 1.938066 2.163622 0.869419 3.024083 1.055113 0.552664
 4668000.000000 2.363656 2.477141 2.059709 2.084283 0.893885 3.132981 0.979426 0.586463
 4670400.000000 2.365383 2.439296 2.051814 2.291231 0.865520 3.000235 1.050287 0.549139
 4672800.000000 2.289450 2.467019 1.988987 1.994458 0.906391 2.903594 1.039453 0.569012
 4675200.000000 2.258358 2.344294 2.137314 2.129147 0.941604 2.996681 1.048137 0.576976
 4677600.000000 2.259764 2.486021 2.072313 2.208995 0.943643 2.977488 1.025750 0.592877
 4680000.000000 2.135570 2.452455 2.071188 2.022081 0.944874 2.929301 1.021563 0.600624
 4682400.000000 2.224714 2.436547 2.306263 2.056018 0.915852 3.089894 1.040889 0.628050
 4684800.000000 2.212287 2.472894 2.126605 2.050478 0.967445 2.988753 1.063764 0.589693
 4687200.000000 2.141734 2.190907 2.266506 1.975520 0.949139 3.102025 1.052822 0.615981
 4689600.000000 2.227044 2.310251 2.323151 1.988364 0.987673 3.184907 1.058675 0.558309
 4692000.000000 2.226176 2.445736 2.538162 2.069593 0.792592 2.992682 1.108806 0.579153
 4694400.000000 2.162127 2.413062 2.233971 2.094164 0.855391 3.049335 1.095952 0.570902
 4696800.000000 2.211962 2.179808 2.281584 2.038683 0.896303 3.146420 1.104951 0.583799
 4699200.000000 2.316258 2.405934 2.704786 2.129867 0.936817 2.865644 1.099561 0.600078
 4701600.000000 2.271456 2.321139 2.286885 2.142737 0.974213 3.074640 1.049076 0.558157
 4704000.000000 2.286190 2.407591 2.240528 1.997183 0.946172 3.133317 1.053542 0.591888
 4706400.000000 2.268789 2.237049 2.366041 2.116168 0.846180 3.148801 0.995164 0.582531
 4708800.000000 2.350713 2.475015 2.085830 2.091189 0.898213 3.073612 1.119990 0.639219
 4711200.000000 2.291976 2.544885 2.128589 2.080667 0.970947 2.847768 0.988897 0.579597
 4713600.000000 2.404056 2.268888 2.115200 2.144858 0.914181 3.092543 1.017406 0.623313
 4716000.000000 2.258333 2.488969 1.933677 2.068972 0.847718 3.290128 1.078983 0.557685
 4718400.000000 2.223496 2.530581 1.877162 2.173871 0.943427 3.150815 1.127588 0.575326
 4720800.000000 2.196931 2.367107 1.965192 2.184978 0.946825 3.058151 1.061246 0.545184
 4723200.000000 2.152616 2.338200 2.085000 1.960955 0.967368 3.122876 1.039972 0.587013
 4725600.000000 2.300006 2.531038 2.181951 2.153936 0.901177 3.425647 1.147398 0.606904
 4728000.000000 2.249713 2.398450 2.199114 2.152118 0.931015 3.293054 1.070181 0.604849
 4730400.000000 2.332502 2.594446 1.995856 2.076903 1.142033 3.373529 1.120120 0.580272
 4732800.000000 2.306716 2.303600 2.378000 2.157260 1.079400 3.036297 1.064641 0.533067
 4735200.000000 2.435398 2.472369 2.041479 2.066481 0.988457 2.972446 1.025987 0.574641
 4737600.000000 1.959184 2.302877 2.039576 2.033631 1.034815 2.846867 1.138049 0.585220
 4740000.000000 2.073904 2.573925 2.001638 1.992101 1.124628 2.936189 1.070455 0.583721
 4742400.000000 2.037619 2.639131 2.340625 2.054588 1.014403 3.026339 1.051939 0.557595
 4744800.000000 2.168435 2.620802 2.148601 2.088348 0.995994 3.106835 1.085747 0.543791
 4747200.000000 2.042480 2.587303 2.038056 2.103974 1.010910 3.217289 1.071086 0.573520
 4749600.000000 1.974782 2.576591 2.327110 2.098063 1.019740 3.071200 1.064649 0.593859
 4752000.000000 2.245932 2.523597 2.368021 1.933987 1.085349 2.924389 1.147734 0.593474
 4754400.000000 1.947064 2.613697 2.412362 2.024027 1.017990 3.100187 1.088736 0.595310
 4756800.000000 2.054179 2.501610 2.393700 2.025006 1.043753 3.083403 1.061164 0.555737
 4759200.000000 2.075701 2.653338 2.339193 2.036972 1.100511 3.021659 1.010357 0.552735
 4761600.000000 1.962854 2.646072 2.325196 2.103153 1.093638 2.970695 1.043873 0.576223
 4764000.000000 2.076987 2.527109 2.292297 2.021897 1.049604 3.140047 1.079050 0.575929
 4766400.000000 1.983824 2.551615 2.344336 1.995277 1.041736 3.134529 1.107908 0.567271
 4768800.000000 2.004943 2.380000 2.203576 2.045100 1.052252 3.065165 1.075326 0.593303
 4771200.000000 1.979536 2.500385 2.433908 2.058336 1.032160 2.984265 1.101798 0.602149
 4773600.000000 2.044875 2.421608 2.788304 2.094992 1.095656 3.139355 1.123597 0.566292
 4776000.000000 1.985395 2.518993 2.387107 2.184008 1.010043 2.999147 1.017410 0.579181
 4778400.000000 1.958288 2.727810 2.230581 2.226203 0.999996 2.817634 1.121437 0.582156
 4780800.000000 2.061263 2.609018 2.477815 2.206252 1.042917 3.133587 1.158682 0.597487
 4783200.000000 2.004019 2.605487 2.208870 2.247416 1.035290 2.951277 1.103872 0.554558
 4785600.000000 2.124958 2.472095 2.349959 2.141731 0.984214 2.994152 1.083481 0.587524
 4788000.000000 2.017248 2.225917 2.078771 2.202590 0.886651 3.218165 1.142781 0.598582
 4790400.000000 2.083564 2.282208 2.398011 2.216038 0.916553 3.203260 1.093877 0.620928
 4792800.000000 1.966017 2.247583 2.038686 2.224995 0.969780 3.095572 1.102090 0.603600
 4795200.000000 2.186656 2.369389 1.661582 2.109090 1.062563 2.981345 1.017948 0.612530
 4797600.000000 2.228846 2.294312 1.562921 2.003517 1.058944 2.879768 1.069125 0.549476
 4800000.000000 2.168826 2.345638 1.645919 2.013545 1.070457 3.146622 0.981850 0.620754
 4802400.000000 2.202742 2.341477 1.610164 2.050583 1.099493 3.060735 1.066081 0.584390
 4804800.000000 2.103507 2.386292 1.652105 2.135723 1.067422 2.948012 1.176952 0.581256
 4807200.000000 2.088122 2.432768 1.597950 2.129499 1.185681 2.547808 1.113161 0.562224
 4809600.000000 1.977795 2.338015 1.702809 2.120199 1.116999 2.736291 1.108698 0.590874
 4812000.000000 2.045273 2.328587 1.495376 2.212634 1.077169 2.961138 1.165068 0.622352
 4814400.000000 1.993664 2.203593 1.792873 2.101499 1.018750 2.971104 1.049772 0.650712
 4816800.000000 2.095522 2.333419 1.808697 2.105870 1.067900 3.014040 1.103824 0.630966
 4819200.000000 1.874359 2.316060 1.789063 2.123449 1.051691 2.981327 1.185069 0.560957
 4821600.000000 1.887060 2.383280 1.823847 2.021978 1.122125 2.751851 1.101403 0.557480
 4824000.000000 1.910778 2.483312 1.663422 2.088222 1.007854 2.802617 1.158250 0.614048
 4826400.000000 1.744675 2.265047 1.729597 2.151218 1.020735 2.767858 1.060649 0.593058
 4828800.000000 1.924635 2.414196 1.511112 2.030946 0.969295 2.824091 1.093513 0.652792
 4831200.000000 1.897224 2.463308 1.650979 2.113804 1.094219 2.915799 1.107844 0.582025
 4833600.000000 1.949882 2.475847 1.645249 2.182801 1.020249 3.107267 1.095780 0.618216
 4836000.000000 1.917835 2.540790 1.614615 2.054130 0.995417 2.734380 1.020056 0.610535
 4838400.000000 1.995916 2.340943 1.721771 2.114852 0.931863 2.902766 1.016978 0.587610
 4840800.000000 2.062283 2.396330 1.585698 2.128947 1.006971 2.968035 1.036034 0.562238
 4843200.000000 2.177204 2.575546 1.884300 2.048583 0.989789 2.977333 0.933012 0.560978
 4845600.000000 2.315936 2.535621 1.642793 1.933366 1.120985 2.827260 0.927695 0.555636
 4848000.000000 1.979724 2.494026 1.645051 1.902449 1.094937 2.668285 1.006959 0.557581
 4850400.000000 2.023108 2.397259 1.782493 2.025384 1.163739 2.727011 0.982238 0.560616
 4852800.000000 2.101205 2.605568 1.636264 2.072765 1.073687 2.903562 0.947856 0.601319
 4855200.000000 2.179414 2.630546 1.694272 2.231644 1.070490 2.846433 0.956394 0.637677
 4857600.000000 2.127144 2.490987 1.764532 2.000327 1.001709 2.780387 0.997862 0.665619
 4860000.000000 2.156396 2.326739 1.728437 2.192554 1.082446 2.787559 1.068958 0.691387
 4862400.000000 2.106395 2.616132 1.644954 2.125135 1.130960 2.899447 1.032178 0.584932
 4864800.000000 2.131316 2.536051 1.720244 2.042124 1.145598 2.864115 0.938803 0.621791
 4867200.000000 2.216199 2.634152 1.760965 2.063381 1.074954 2.905477 0.976917 0.582381
 4869600.000000 2.193583 2.632451 1.684687 2.139839 1.085376 2.828163 1.066478 0.595897
 4872000.000000 2.273372 2.668645 1.519582 2.109368 1.122970 2.646687 1.023788 0.644015
 4874400.000000 2.332585 2.544254 1.605573 2.101763 1.024549 2.781457 1.053377 0.567653
 4876800.000000 2.171045 2.515562 1.580659 2.131104 1.073658 2.931220 1.098014 0.623951
 4879200.000000 2.227731 2.446765 1.621011 1.988405 1.202764 2.949058 1.225147 0.645650
 4881600.000000 2.015978 2.457360 1.737554 2.192854 1.020340 2.793917 1.180747 0.615806
 4884000.000000 2.144304 2.495792 1.779664 2.023074 1.011657 2.932548 1.167182 0.642216
 4886400.000000 2.245360 2.598788 1.651420 1.932238 1.229469 2.934674 1.086117 0.598408
 4888800.000000 1.833521 2.524654 1.760614 2.032623 1.177996 2.955568 1.104444 0.720982
 4891200.000000 1.878180 2.549944 1.536840 2.043782 1.085470 3.061904 1.072526 0.581163
 4893600.000000 1.790040 2.490515 1.550956 2.112516 1.140383 2.783755 1.095785 0.621896
 4896000.000000 1.836947 2.572043 1.604095 2.055901 1.140899 2.860000 1.058384 0.641526
 4898400.000000 1.774477 2.466489 1.614369 2.105434 1.196644 2.982549 1.092010 0.649037
 4900800.000000 1.877550 2.568462 1.617739 2.075390 1.050509 2.929871 1.010150 0.586194
 4903200.000000 2.023710 2.433197 1.775862 1.973489 0.881962 2.907024 1.069144 0.576348
 4905600.000000 1.881186 2.541070 1.691654 1.993887 1.138907 3.156350 0.985566 0.577210
 4908000.000000 1.838490 2.358063 1.737414 2.084372 1.125164 2.832485 0.972121 0.581668
 4910400.000000 1.922699 2.457807 1.594895 1.709193 1.160575 2.771848 0.913107 0.579664
 4912800.000000 1.950024 2.409399 1.625723 1.761231 1.144345 2.785810 0.939990 0.556279
 4915200.000000 1.906269 2.490861 1.640373 2.045751 1.040232 2.994826 0.971758 0.584007
 4917600.000000 2.089337 2.486030 1.737779 1.913939 1.027195 3.076841 0.961133 0.588064
 4920000.000000 2.183418 2.507313 1.717597 1.906546 0.973499 2.984466 0.959438 0.583704
 4922400.000000 2.212097 2.557939 1.573119 1.899527 1.118430 3.089167 0.992676 0.541724
 4924800.000000 2.157808 2.556823 1.658612 1.672126 1.095062 2.765493 1.004041 0.576715
 4927200.000000 2.209354 2.421283 1.482184 1.794228 1.018827 2.847279 1.049731 0.573472
 4929600.000000 2.259979 2.454963 1.655656 1.786331 1.084513 3.015794 0.949929 0.581552
 4932000.000000 2.207028 2.353411 1.771587 1.925504 1.033660 3.084634 0.981069 0.584169
 4934400.000000 2.302321 2.481542 1.681402 1.913997 1.059340 3.033982 1.004403 0.639938
 4936800.000000 2.181640 2.509460 1.627829 1.898859 1.018111 3.067951 1.006938 0.592172
 4939200.000000 1.921211 2.389916 1.538591 1.782550 0.996508 3.039230 1.058949 0.576202
 4941600.000000 2.002757 2.467902 1.702938 1.826003 1.146900 2.922859 1.081771 0.575705
 4944000.000000 2.007041 2.360331 1.648840 1.673610 1.036480 2.987488 1.067247 0.585830
 4946400.000000 2.182984 2.411845 1.517063 1.826134 1.050483 2.920536 1.001486 0.553667
 4948800.000000 2.288452 2.453580 1.537179 2.002515 1.030196 2.795736 0.975057 0.587348
 4951200.000000 2.241730 2.401183 1.482382 2.046839 1.006160 2.742541 0.961636 0.578163
 4953600.000000 2.239389 2.502204 1.494129 1.860978 1.126926 2.917241 1.017287 0.578496
 4956000.000000 2.303830 2.528831 1.654244 2.057339 1.086725 3.060040 1.001497 0.620912
 4958400.000000 2.173978 2.471803 1.552908 1.971329 1.078512 2.875930 0.986713 0.611948
 4960800.000000 2.398035 2.487041 1.687104 1.942729 1.173788 2.844267 0.946785 0.606076
 4963200.000000 2.417093 2.533147 1.738874 2.019199 1.167427 2.630625 1.086309 0.586542
 4965600.000000 2.491923 2.556805 1.652132 2.035653 1.062594 2.729817 0.976340 0.575061
 4968000.000000 2.299946 2.481733 1.615100 1.943100 1.097406 3.129403 0.894895 0.577532
 4970400.000000 2.293704 2.582362 1.595613 2.058195 1.078144 2.828838 1.000146 0.591079
 4972800.000000 2.309172 2.512312 1.728436 2.016890 1.090494 2.808104 1.058570 0.591305
 4975200.000000 2.365241 2.553866 1.670315 1.964673 1.125805 3.058879 0.999770 0.578671
 4977600.000000 2.440726 2.574062 1.796554 1.997220 1.024585 2.998112 0.993816 0.552317
 4980000.000000 2.503168 2.570874 1.759872 2.049311 0.967402 2.989856 0.966251 0.544257
 4982400.000000 2.501930 2.551191 1.692764 1.851877 1.114879 2.813954 1.013096 0.544076
 4984800.000000 2.522206 2.527087 1.696411 1.872421 1.133759 2.813638 1.010495 0.552556
 4987200.000000 2.288833 2.610175 1.576439 1.966961 1.054909 2.501847 1.083676 0.593762
 4989600.000000 2.014210 2.517345 1.745210 2.061913 1.157013 2.863494 0.995476 0.575033
 4992000.000000 2.093422 2.381082 1.856016 2.087116 1.111755 3.058827 1.023966 0.599542
 4994400.000000 2.110254 2.454906 1.676938 2.401665 1.080963 3.163502 1.058120 0.584210
 4996800.000000 2.198881 2.478591 1.706415 2.190842 1.087682 3.072340 0.998354 0.573394
 4999200.000000 2.131793 2.456302 1.642648 2.169548 1.105191 3.192233 0.996250 0.586638
 5001600.000000 2.302687 2.537763 1.657326 2.290342 1.165746 2.882609 0.995137 0.589234
