#! FIELDS time TM1_TM6 TM3_TM6 Npxxy N300_S115 L78_Y297
 0.000000 2.044867 1.134979 1.252880 0.998326 0.644514
 1200.000000 2.123124 1.096506 1.333398 0.978120 0.646283
 2400.000000 2.045394 1.132684 1.287959 1.033502 0.630273
 3600.000000 2.072146 1.098560 1.235753 1.072230 0.652251
 4800.000000 2.087683 1.089521 1.245872 0.959194 0.557939
 6000.000000 2.004176 1.035983 1.239243 1.014870 0.648680
 7200.000000 1.934587 1.000695 1.331491 1.024691 0.629039
 8400.000000 1.803807 1.010030 1.299827 1.013642 0.602814
 9600.000000 1.778356 1.035843 1.243320 0.987645 0.613610
 10800.000000 2.054174 1.110889 1.305663 0.999174 0.642645
 12000.000000 1.950205 1.100411 1.360028 1.045906 0.642995
 13200.000000 1.960078 1.102842 1.331026 0.895822 0.615754
 14400.000000 2.028721 0.996713 1.281251 1.123614 0.657571
 15600.000000 1.947708 0.982533 1.181969 1.024979 0.639316
 16800.000000 2.055522 0.976413 1.301941 0.963954 0.595041
 18000.000000 1.956981 0.915590 1.252815 1.002266 0.621377
 19200.000000 1.978453 0.924914 1.368646 1.026674 0.589238
 20400.000000 2.045448 1.029066 1.237088 1.006361 0.589209
 21600.000000 1.997480 0.933970 1.267043 0.981518 0.631816
 22800.000000 2.034423 0.987588 1.264925 0.990377 0.627509
 24000.000000 2.109343 0.947593 1.261890 1.003423 0.634124
 25200.000000 2.046611 1.004456 1.331884 0.978998 0.602465
 26400.000000 2.104611 1.019308 1.226072 0.996716 0.629798
 27600.000000 1.908748 0.965071 1.279333 1.021772 0.571092
 28800.000000 1.960447 1.015872 1.227385 0.989723 0.600213
 30000.000000 2.043088 0.962333 1.328273 0.980010 0.663482
 31200.000000 1.936433 0.888426 1.307696 0.924360 0.665645
 32400.000000 1.994714 1.051104 1.274906 0.998962 0.587326
 33600.000000 2.110160 0.940962 1.283285 0.993202 0.627502
 34800.000000 2.013791 0.986347 1.378739 0.985846 0.627880
 36000.000000 2.039545 1.015932 1.295707 0.964723 0.625038
 37200.000000 2.092302 1.006294 1.263182 0.964542 0.618708
 38400.000000 1.979748 1.071053 1.322295 0.959072 0.623073
 39600.000000 2.039053 1.038458 1.327888 0.984825 0.657304
 40800.000000 1.967408 1.067332 1.310033 0.967539 0.675165
 42000.000000 2.102910 1.002920 1.271880 0.978081 0.582717
 43200.000000 1.964441 1.029849 1.275594 1.022895 0.625918
 44400.000000 2.156654 1.042648 1.293612 0.953803 0.603680
 45600.000000 2.064795 1.012108 1.299221 0.924066 0.615706
 46800.000000 1.974873 1.168867 1.272537 0.936139 0.591589
 48000.000000 2.024128 1.059545 1.279089 0.990391 0.604547
 49200.000000 1.886044 1.051082 1.182797 0.979720 0.622838
 50400.000000 1.958188 0.952932 1.257917 0.981951 0.650203
 51600.000000 1.911977 0.976440 1.385692 0.986929 0.640376
 52800.000000 1.970194 0.960833 1.295396 0.997831 0.654931
 54000.000000 1.945478 1.049225 1.290459 0.988165 0.638530
 55200.000000 1.961025 0.955759 1.278941 1.025265 0.619311
 56400.000000 1.984317 1.134022 1.316924 1.007439 0.645908
 57600.000000 2.013508 1.015902 1.249831 0.978575 0.651045
 58800.000000 2.092846 1.059688 1.335224 0.969538 0.603434
 60000.000000 1.796668 0.993095 1.221369 1.020440 0.614362
 61200.000000 1.951100 1.015003 1.270385 0.926001 0.643122
 62400.000000 1.762407 1.042452 1.167436 0.978299 0.610731
 63600.000000 1.812369 1.002718 1.152497 0.963570 0.631503
 64800.000000 1.849179 1.026720 1.250632 1.009883 0.619308
 66000.000000 1.845633 0.984017 1.334313 0.975511 0.612148
 67200.000000 1.928993 1.023774 1.381447 0.949274 0.599530
 68400.000000 1.891072 1.043558 1.260110 1.012919 0.627143
 69600.000000 2.025084 1.094790 1.342625 1.040305 0.644637
 70800.000000 1.984547 1.097188 1.196803 0.966097 0.614375
 72000.000000 1.992266 1.006846 1.183112 1.040390 0.610456
 73200.000000 1.859526 1.062496 1.214438 1.040037 0.660550
 74400.000000 1.978712 1.106489 1.301688 1.030058 0.683067
 75600.000000 1.957856 0.994515 1.279386 0.964186 0.646497
 76800.000000 2.087818 0.985110 1.275407 0.946472 0.640744
 78000.000000 2.117802 0.931882 1.288467 0.991405 0.645235
 79200.000000 1.962722 1.171339 1.224364 0.966684 0.645643
 80400.000000 1.953980 1.053015 1.278130 0.985866 0.626152
 81600.000000 1.922274 1.021359 1.254090 0.976032 0.626830
 82800.000000 1.983399 0.999687 1.247568 0.994267 0.654173
 84000.000000 2.030792 0.995443 1.387068 0.968011 0.634007
 85200.000000 1.957602 1.082452 1.245745 0.966152 0.571697
 86400.000000 2.054557 0.965850 1.200582 0.959793 0.594827
 87600.000000 1.927761 0.940226 1.265510 0.986477 0.640252
 88800.000000 2.080869 1.019055 1.283536 1.061753 0.636843
 90000.000000 2.061062 0.993904 1.240826 0.964064 0.612907
 91200.000000 2.220323 1.064039 1.300087 1.088433 0.641227
 92400.000000 2.103967 1.031936 1.404357 1.066583 0.614602
 93600.000000 1.965894 1.070426 1.188632 0.974154 0.666029
 94800.000000 1.929311 1.036056 1.160135 1.018867 0.614054
 96000.000000 2.070227 0.965300 1.272128 1.020562 0.642183
 97200.000000 2.022919 1.022059 1.264860 1.057347 0.661509
 98400.000000 1.969334 1.030043 1.262744 1.032435 0.671803
 99600.000000 2.007341 1.066112 1.266628 1.052491 0.625219
 100800.000000 1.829814 1.115378 1.232153 1.022340 0.595964
 102000.000000 1.946097 1.096260 1.268013 1.025791 0.605510
 103200.000000 1.934530 1.052374 1.192773 1.015358 0.637242
 104400.000000 1.921280 1.100439 1.224730 1.038289 0.668810
 105600.000000 2.039742 1.027777 1.218236 1.066046 0.668760
 106800.000000 1.919342 1.107866 1.253665 0.994765 0.649789
 108000.000000 1.958443 1.042387 1.120074 1.011215 0.607862
 109200.000000 1.994591 0.951199 1.223062 0.988199 0.633690
 110400.000000 1.842610 0.943069 1.258821 1.018044 0.646227
 111600.000000 1.810323 1.014992 1.136258 1.067251 0.636878
 112800.000000 1.927805 0.973690 1.211794 1.060401 0.638206
 114000.000000 1.901744 1.044745 1.263641 1.047202 0.621908
 115200.000000 2.080831 1.048037 1.146661 0.971884 0.650420
 116400.000000 2.142624 1.072767 1.197239 0.968271 0.635197
 117600.000000 1.916241 1.077129 1.285351 0.919471 0.612508
 118800.000000 1.996095 1.021722 1.257269 1.064662 0.638338
 120000.000000 2.243306 1.077045 1.248789 0.940963 0.574884
 121200.000000 1.988350 1.009769 1.217707 1.046538 0.614007
 122400.000000 2.057881 1.043894 1.205097 0.977819 0.647453
 123600.000000 1.915374 1.039355 1.264041 0.951103 0.623236
 124800.000000 2.000019 1.083435 1.329263 1.025820 0.697843
 126000.000000 2.145650 1.074444 1.167655 0.986914 0.630162
 127200.000000 1.878017 1.131493 1.257897 1.014178 0.610070
 128400.000000 2.064626 1.064171 1.322995 0.959718 0.606789
 129600.000000 1.823525 1.027328 1.272458 0.994348 0.609012
 130800.000000 1.928113 0.965369 1.243031 1.017999 0.636091
 132000.000000 2.074879 1.115064 1.204971 0.988822 0.625361
 133200.000000 1.960157 0.981185 1.252963 0.983151 0.664440
 134400.000000 1.864602 0.977406 1.262209 1.029176 0.665817
 135600.000000 2.018251 0.917105 1.262013 1.023746 0.696370
 136800.000000 2.089951 0.986129 1.271265 0.985523 0.672207
 138000.000000 2.193550 0.947315 1.323991 0.941085 0.589807
 139200.000000 2.072339 0.941685 1.274094 1.046845 0.582154
 140400.000000 2.003784 1.113058 1.207430 1.029393 0.611868
 141600.000000 2.011896 1.081034 1.277044 1.013838 0.640444
 142800.000000 2.106058 0.941448 1.204595 1.019643 0.626278
 144000.000000 1.947651 0.954864 1.186253 0.942848 0.590930
 145200.000000 2.138500 0.995401 1.247465 0.990140 0.641258
 146400.000000 1.883649 1.084272 1.164612 0.995456 0.604172
 147600.000000 2.045341 0.977305 1.273484 1.017120 0.632070
 148800.000000 1.908335 0.970576 1.185777 0.997707 0.601816
 150000.000000 1.927034 0.983072 1.273476 0.978351 0.629905
 151200.000000 1.845909 0.971177 1.311261 1.005053 0.614306
 152400.000000 1.890481 1.012863 1.277298 0.973793 0.626383
 153600.000000 1.932992 1.017864 1.336301 0.930291 0.636986
 154800.000000 1.787710 0.957851 1.257414 0.962040 0.623007
 156000.000000 1.971747 1.004831 1.254867 0.970177 0.688434
 157200.000000 2.102578 1.072472 1.174725 0.961292 0.584973
 158400.000000 1.984563 1.014788 1.231172 0.988680 0.699174
 159600.000000 1.989239 1.014699 1.163908 0.934400 0.649617
 160800.000000 1.918375 1.104416 1.173159 0.994021 0.640538
 162000.000000 2.018036 0.962242 1.293753 0.979678 0.603520
 163200.000000 2.063974 1.090487 1.233354 0.986375 0.641555
 164400.000000 2.011837 1.144867 1.312962 0.932470 0.608400
 165600.000000 1.963534 1.087609 1.278013 0.934396 0.653586
 166800.000000 2.061084 1.099277 1.224928 0.930256 0.612616
 168000.000000 1.991099 1.111697 1.154279 0.929444 0.590395
 169200.000000 2.038773 1.157313 1.207389 0.976460 0.628539
 170400.000000 2.120540 1.014029 1.258081 0.878281 0.592884
 171600.000000 1.975719 0.924686 1.231181 0.975469 0.602127
 172800.000000 1.997311 0.959367 1.212200 0.967923 0.619120
 174000.000000 1.934747 0.932638 1.262254 0.977490 0.645341
 175200.000000 1.846686 0.978723 1.124755 0.963270 0.639192
 176400.000000 2.006761 0.979457 1.176778 0.945473 0.642362
 177600.000000 1.899877 1.008878 1.227963 0.912776 0.589675
 178800.000000 1.917573 0.975887 1.190536 0.935911 0.638509
 180000.000000 2.102695 0.949384 1.156271 0.948050 0.604648
 181200.000000 1.920826 0.907879 1.147879 0.904771 0.641023
 182400.000000 1.886920 0.991014 1.304792 0.960647 0.601219
 183600.000000 2.068529 1.020009 1.308039 0.981451 0.622948
 184800.000000 2.003892 1.039966 1.284412 1.040889 0.653593
 186000.000000 2.082136 0.914734 1.187169 1.060575 0.670468
 187200.000000 2.114881 0.945489 1.164878 1.018275 0.636904
 188400.000000 2.128725 0.972327 1.186616 1.008113 0.596070
 189600.000000 2.187338 1.000204 1.129581 1.014258 0.629332
 190800.000000 2.165374 0.945737 1.323041 1.062416 0.648817
 192000.000000 2.027934 0.984221 1.342675 0.953945 0.601666
 193200.000000 2.142711 1.040580 1.208435 0.949693 0.593731
 194400.000000 2.107748 0.968625 1.283751 1.029601 0.603372
 195600.000000 2.101579 0.919240 1.254327 1.004450 0.645108
 196800.000000 2.092250 0.929401 1.307186 1.037517 0.594252
 198000.000000 2.090190 0.939454 1.283602 1.041054 0.632014
 199200.000000 2.020810 0.992851 1.272263 1.000327 0.620861
 200400.000000 2.039211 1.030778 1.274265 0.968624 0.639828
 201600.000000 1.988584 1.005110 1.220306 0.980426 0.617336
 202800.000000 2.048865 0.978125 1.292024 1.049273 0.678674
 204000.000000 2.101493 0.955212 1.243322 0.999254 0.627012
 205200.000000 2.089269 0.849867 1.295560 1.060502 0.685448
 206400.000000 2.164995 0.917608 1.072484 0.994597 0.613584
 207600.000000 2.025604 0.989845 1.259586 0.948897 0.562665
 208800.000000 1.939027 0.922948 1.165078 1.048717 0.652436
 210000.000000 1.989368 1.040650 1.211900 0.958647 0.606752
 211200.000000 2.012057 1.016374 1.287184 0.960666 0.660373
 212400.000000 1.955026 1.141178 1.237447 1.034429 0.643366
 213600.000000 2.049559 1.039882 1.253758 1.010828 0.656251
 214800.000000 1.996866 0.961692 1.232190 0.963653 0.615602
 216000.000000 1.992286 0.913687 1.349440 1.020498 0.605287
 217200.000000 2.149522 1.104451 1.306675 0.964210 0.585852
 218400.000000 2.026705 1.064464 1.305138 1.042622 0.633857
 219600.000000 2.037028 1.060497 1.312861 1.028363 0.593997
 220800.000000 1.948736 1.025453 1.287676 0.939744 0.622489
 222000.000000 2.047901 1.049226 1.286481 0.996361 0.602736
 223200.000000 2.006980 0.983669 1.239822 0.978744 0.595664
 224400.000000 2.002488 1.023924 1.255559 1.000429 0.646476
 225600.000000 2.006745 1.044127 1.239484 1.016206 0.607962
 226800.000000 2.042870 1.124821 1.293475 0.983728 0.638490
 228000.000000 1.930735 1.004082 1.268297 0.908064 0.635764
 229200.000000 2.029042 1.119126 1.253011 0.977940 0.576852
 230400.000000 1.977382 0.967551 1.235730 0.993540 0.626428
 231600.000000 1.916677 1.063294 1.253581 0.977370 0.627506
 232800.000000 1.983068 0.965880 1.125214 0.943122 0.671074
 234000.000000 2.077959 1.009757 1.250255 0.952303 0.668602
 235200.000000 2.052718 1.083802 1.156372 0.981822 0.624915
 236400.000000 2.139899 1.043188 1.328714 0.981653 0.659875
 237600.000000 2.086244 1.008469 1.282523 1.005965 0.628719
 238800.000000 1.910398 0.995636 1.261639 0.975960 0.655770
 240000.000000 2.015217 1.004957 1.265357 0.958661 0.629956
 241200.000000 2.009001 1.014985 1.205505 0.957497 0.640593
 242400.000000 1.851740 1.006649 1.189050 0.986747 0.593525
 243600.000000 2.003969 0.953980 1.260849 0.934572 0.631527
 244800.000000 2.067124 1.001064 1.275866 0.998229 0.590460
 246000.000000 2.040320 1.018268 1.276605 0.942969 0.645563
 247200.000000 2.064266 0.957979 1.226853 1.012153 0.610338
 248400.000000 2.077458 0.970650 1.196965 0.904774 0.636903
 249600.000000 2.083350 0.981742 1.320602 0.997727 0.643486
 250800.000000 2.158754 1.010076 1.238767 1.004052 0.586745
 252000.000000 1.810780 0.994327 1.262690 0.975129 0.638453
 253200.000000 1.979593 1.016757 1.218101 0.929837 0.714923
 254400.000000 1.767736 1.027830 1.276435 0.991266 0.698889
 255600.000000 2.056836 0.914787 1.368747 0.998531 0.633070
 256800.000000 2.017487 0.929588 1.322356 0.999147 0.628331
 258000.000000 1.983163 1.012040 1.219496 0.916012 0.613016
 259200.000000 2.052611 1.124645 1.257947 0.921421 0.616551
 260400.000000 2.031249 1.013214 1.307044 0.919355 0.616795
 261600.000000 1.854153 1.060955 1.305114 0.953513 0.623829
 262800.000000 2.009224 0.926836 1.305864 0.942850 0.642534
 264000.000000 2.065757 0.980405 1.309760 0.967078 0.610163
 265200.000000 1.955315 1.004912 1.146783 0.976953 0.590282
 266400.000000 2.035934 1.067778 1.248149 0.957409 0.616949
 267600.000000 2.028943 1.005134 1.221017 0.999813 0.631461
 268800.000000 2.173672 0.986921 1.249917 0.956366 0.614297
 270000.000000 2.189134 1.070657 1.202075 0.954844 0.652601
 271200.000000 2.164695 0.939619 1.214301 0.958551 0.573129
 272400.000000 2.191002 0.970117 1.186011 0.956969 0.661095
 273600.000000 2.023403 1.055700 1.234709 0.976507 0.652758
 274800.000000 2.104211 1.011650 1.160793 0.931990 0.634339
 276000.000000 2.186158 0.972546 1.202248 0.931807 0.617342
 277200.000000 2.426471 0.960630 1.169884 0.949555 0.637394
 278400.000000 2.355915 0.977303 1.131224 0.986887 0.634831
 279600.000000 2.457144 1.008846 1.256709 0.925579 0.631665
 280800.000000 2.207823 0.952442 1.221870 0.977472 0.618514
 282000.000000 2.324689 1.093822 1.183857 0.949128 0.564059
 283200.000000 2.296405 1.065527 1.233322 1.000078 0.613956
 284400.000000 2.140560 1.013392 1.171824 0.911288 0.619110
 285600.000000 2.256846 1.003377 1.167383 0.986335 0.628703
 286800.000000 2.128824 1.041039 1.191638 0.953688 0.672060
 288000.000000 2.243272 0.983983 1.078457 0.963113 0.588234
 289200.000000 2.089478 0.980737 1.228167 0.922503 0.653890
 290400.000000 2.158355 1.060466 1.238623 1.034587 0.647438
 291600.000000 2.223180 0.968274 1.189642 0.940434 0.628270
 292800.000000 2.190471 1.081548 1.189307 0.975835 0.570048
 294000.000000 2.325190 1.165410 1.193203 0.960845 0.691077
 295200.000000 2.179333 1.045358 1.214750 0.991616 0.631158
 296400.000000 2.181886 1.131023 1.391363 0.946341 0.639756
 297600.000000 2.301682 1.075893 1.375456 0.980765 0.671225
 298800.000000 2.236619 1.064099 1.176046 0.969986 0.604409
 300000.000000 2.225870 1.167363 1.196754 0.968355 0.610038
 301200.000000 2.187903 1.050025 1.205983 0.992232 0.632527
 302400.000000 2.129045 1.068783 1.216364 1.002613 0.621102
 303600.000000 2.016976 1.137919 1.118887 0.982562 0.603363
 304800.000000 2.144751 1.109947 1.108658 1.009898 0.613460
 306000.000000 2.181190 0.985396 1.178355 0.958754 0.636013
 307200.000000 2.205591 1.043656 1.263113 0.960901 0.627210
 308400.000000 2.200484 1.035074 1.087530 0.978986 0.596068
 309600.000000 2.116095 1.102982 1.197854 0.949845 0.598810
 310800.000000 2.027421 1.098527 1.248720 0.941741 0.613711
 312000.000000 2.008000 1.134790 1.188213 0.990068 0.612353
 313200.000000 2.096307 1.042798 1.199077 0.965329 0.633803
 314400.000000 2.039218 1.112398 1.117699 0.961821 0.639493
 315600.000000 2.029842 1.141377 1.239539 0.915068 0.653843
 316800.000000 2.032009 1.153352 1.208677 0.924211 0.652657
 318000.000000 2.009506 1.096644 1.264697 0.958657 0.633715
 319200.000000 2.120131 1.093072 1.189169 0.944112 0.646679
 320400.000000 2.019122 1.115034 1.213706 0.998760 0.617989
 321600.000000 2.014416 1.090709 1.196282 0.928779 0.640293
 322800.000000 2.025359 1.134884 1.184460 0.981724 0.677280
 324000.000000 1.973412 1.142230 1.215583 0.980341 0.632143
 325200.000000 2.032839 1.155674 1.227494 1.001255 0.579770
 326400.000000 2.009710 1.142674 1.339711 1.008360 0.594136
 327600.000000 2.008663 1.118704 1.229669 0.976762 0.608728
 328800.000000 2.016216 1.115587 1.124945 0.956614 0.677405
 330000.000000 2.038498 1.111680 1.174488 0.981360 0.634568
 331200.000000 2.151686 1.145159 1.176012 0.992185 0.665046
 332400.000000 2.236939 1.080880 1.138160 0.919723 0.624042
 333600.000000 2.317754 1.001716 1.210267 0.929270 0.642935
 334800.000000 2.090173 1.098967 1.133240 0.886640 0.653764
 336000.000000 2.006818 1.149057 1.180421 0.933112 0.652095
 337200.000000 2.173381 1.216832 1.266909 0.958187 0.631006
 338400.000000 2.158015 1.090240 1.215978 0.975980 0.595398
 339600.000000 1.939887 1.018768 1.271246 0.982136 0.603775
 340800.000000 2.028337 1.091320 1.207290 0.977044 0.614769
 342000.000000 2.036990 1.128206 1.264230 0.967901 0.636596
 343200.000000 2.005901 1.120047 1.275998 0.924929 0.622824
 344400.000000 1.941074 1.057721 1.239630 0.945232 0.629938
 345600.000000 2.200543 1.044931 1.241473 0.963987 0.638297
 346800.000000 2.161047 1.112141 1.372479 0.897994 0.613439
 348000.000000 2.092544 1.111189 1.212727 0.909471 0.647635
 349200.000000 2.177804 1.121819 1.212301 0.918871 0.610361
 350400.000000 2.091324 1.190609 1.191695 0.924720 0.624843
 351600.000000 2.045706 1.012045 1.255008 0.953634 0.656114
 352800.000000 2.136085 0.957985 1.238937 0.979345 0.611525
 354000.000000 2.261781 0.993560 1.264140 0.911622 0.623687
 355200.000000 2.124888 0.930616 1.268774 0.937517 0.658906
 356400.000000 2.098019 1.011677 1.186581 0.899963 0.613298
 357600.000000 1.960251 1.068005 1.242974 0.958224 0.615411
 358800.000000 1.995666 1.045706 1.297298 0.928858 0.618941
 360000.000000 1.929236 1.093478 1.222820 1.027997 0.597096
 361200.000000 1.989091 1.114485 1.187833 0.950477 0.611886
 362400.000000 1.944747 1.078003 1.256448 0.962145 0.606542
 363600.000000 2.059653 0.995223 1.173550 0.934652 0.607951
 364800.000000 1.906445 0.972438 1.262679 0.909034 0.605597
 366000.000000 2.051498 0.999374 1.305318 0.962960 0.629567
 367200.000000 2.071214 1.033178 1.322442 0.989009 0.605614
 368400.000000 1.994203 0.983890 1.259438 0.997889 0.639359
 369600.000000 2.021256 1.025985 1.274584 0.980456 0.636936
 370800.000000 1.954828 1.049252 1.252837 1.006299 0.601382
 372000.000000 2.003836 1.035756 1.279190 0.990631 0.688933
 373200.000000 2.042518 1.041404 1.232569 0.955097 0.634666
 374400.000000 2.077792 1.057021 1.166376 1.019193 0.670107
 375600.000000 1.994111 1.041174 1.230953 0.911690 0.634231
 376800.000000 2.033781 1.056109 1.237629 0.909711 0.624690
 378000.000000 1.978536 1.040560 1.290261 0.890834 0.622736
 379200.000000 1.959746 1.085753 1.266306 0.870577 0.598711
 380400.000000 2.124978 1.037872 1.163289 0.908605 0.589012
 381600.000000 2.052928 1.007475 1.234919 0.966389 0.637318
 382800.000000 1.875069 1.034789 1.266192 0.939928 0.633933
 384000.000000 1.913355 1.081506 1.248995 0.950827 0.609568
 385200.000000 1.969389 1.173805 1.074798 0.940671 0.623588
 386400.000000 2.040922 1.022052 1.275796 1.007170 0.653791
 387600.000000 2.070766 1.062225 1.119719 0.885068 0.629606
 388800.000000 1.902900 0.963993 1.306762 0.992258 0.604484
 390000.000000 1.918403 1.077252 1.217263 0.989559 0.630674
 391200.000000 2.019135 1.029024 1.140795 0.973809 0.597102
 392400.000000 1.993695 1.055157 1.245290 1.026283 0.635525
 393600.000000 1.949607 1.041270 1.307979 0.967797 0.626282
 394800.000000 2.060090 1.008906 1.275607 1.012802 0.669604
 396000.000000 1.842550 1.011898 1.311449 0.975059 0.654936
 397200.000000 1.929918 0.972220 1.274384 0.937222 0.628517
 398400.000000 1.810157 0.984799 1.211872 0.927700 0.610147
 399600.000000 1.884910 1.016034 1.154546 0.935367 0.611283
 400800.000000 1.853947 1.083628 1.291043 0.985893 0.671954
 402000.000000 2.055442 0.956019 1.177255 0.978024 0.641138
 403200.000000 1.878817 0.975555 1.287861 0.951261 0.628349
 404400.000000 1.862554 1.036767 1.166716 0.995973 0.613450
 405600.000000 2.050255 1.049437 1.291131 0.947032 0.670025
 406800.000000 1.993660 1.093365 1.298031 0.959956 0.645116
 408000.000000 1.986447 1.000564 1.288486 0.981671 0.610721
 409200.000000 1.946373 1.060050 1.228636 0.998505 0.625378
 410400.000000 1.927073 1.028676 1.274428 1.042264 0.666205
 411600.000000 1.889843 1.010062 1.092509 0.946583 0.702569
 412800.000000 1.987816 1.032251 1.123909 0.932270 0.656289
 414000.000000 1.898211 1.061897 1.215821 0.974749 0.621330
 415200.000000 2.040561 1.068075 1.193379 0.925915 0.609076
 416400.000000 1.982133 1.053034 1.236906 0.948534 0.654169
 417600.000000 2.108189 1.077594 1.134346 0.952097 0.629748
 418800.000000 1.996687 1.040274 1.199624 0.938976 0.624120
 420000.000000 2.027545 1.037191 1.290932 0.998021 0.629448
 421200.000000 1.996462 1.081169 1.185680 1.015238 0.686313
 422400.000000 2.018251 1.209275 1.232016 1.035772 0.698145
 423600.000000 2.137094 1.151524 1.265652 0.988312 0.662548
 424800.000000 2.066050 1.109204 1.146663 0.910492 0.628164
 426000.000000 1.912517 1.187424 1.314319 0.945689 0.606181
 427200.000000 1.877296 1.149478 1.061307 0.897015 0.697033
 428400.000000 2.007961 1.181639 1.200316 0.923853 0.641850
 429600.000000 1.976488 1.166198 1.158280 0.944100 0.638267
 430800.000000 1.985523 1.077610 1.229662 0.843844 0.655760
 432000.000000 1.964014 1.087446 1.136858 0.943890 0.609992
 433200.000000 1.928219 1.114505 1.122571 0.931272 0.611661
 434400.000000 1.979720 0.975107 1.239092 0.964252 0.668070
 435600.000000 2.023449 1.099374 1.228621 0.995092 0.639546
 436800.000000 2.047250 0.992615 1.321168 0.966196 0.674782
 438000.000000 2.089110 1.078615 1.261929 0.943077 0.619025
 439200.000000 2.145811 0.988454 1.184310 1.031467 0.643824
 440400.000000 2.287130 1.042714 1.376925 0.924374 0.634178
 441600.000000 2.081535 1.066914 1.338627 0.973924 0.606775
 442800.000000 2.150981 1.100324 1.281687 1.082810 0.667764
 444000.000000 2.054303 1.117276 1.323826 0.945052 0.622821
 445200.000000 2.187582 1.073322 1.349815 1.060920 0.660412
 446400.000000 2.083888 1.007641 1.332614 1.030103 0.623217
 447600.000000 2.087053 1.038419 1.299498 1.017425 0.611402
 448800.000000 2.032096 0.997231 1.262741 1.020791 0.600236
 450000.000000 2.002445 0.949141 1.283528 1.018047 0.645522
 451200.000000 2.018334 1.006138 1.327184 0.996553 0.595391
 452400.000000 1.959177 0.948242 1.287305 0.979515 0.616861
 453600.000000 1.967828 0.979462 1.239270 0.964612 0.619284
 454800.000000 1.960664 1.011162 1.280148 0.987362 0.619640
 456000.000000 2.010020 1.144010 1.213052 0.957229 0.612267
 457200.000000 2.100785 0.965384 1.223592 0.995926 0.630930
 458400.000000 2.107352 1.065127 1.254651 1.015352 0.608544
 459600.000000 2.089684 0.995055 1.348104 0.964488 0.601417
 460800.000000 2.143064 0.978248 1.216778 1.078183 0.615871
 462000.000000 1.904958 0.988787 1.288485 1.103345 0.614184
 463200.000000 1.840047 0.991283 1.168268 1.031742 0.600411
 464400.000000 1.960054 0.961202 1.241138 0.984700 0.702223
 465600.000000 1.956827 1.006591 1.244250 1.043676 0.644125
 466800.000000 2.169791 0.946764 1.252218 1.029911 0.612158
 468000.000000 2.074406 1.009406 1.203476 0.982272 0.626483
 469200.000000 2.096161 0.971212 1.297785 0.990228 0.558460
 470400.000000 2.105146 0.939749 1.302931 0.956183 0.584451
 471600.000000 2.031926 1.029288 1.239167 0.982873 0.620529
 472800.000000 2.153931 0.963636 1.398099 0.949912 0.641227
 474000.000000 2.238172 0.991410 1.307347 1.006517 0.686980
 475200.000000 2.040795 1.007866 1.151552 0.991195 0.668858
 476400.000000 2.072512 1.095934 1.202109 0.990759 0.632934
 477600.000000 1.989768 1.013152 1.299912 0.946718 0.687959
 478800.000000 1.911314 1.096274 1.247592 0.972554 0.615087
 480000.000000 1.886464 1.182599 1.288434 1.014800 0.606951
 481200.000000 1.990628 1.143236 1.262365 0.970240 0.657831
 482400.000000 1.968483 1.235541 1.203055 1.007738 0.609137
 483600.000000 1.931347 1.098308 1.182333 0.962831 0.605729
 484800.000000 1.976112 1.091276 1.305224 0.967562 0.620389
 486000.000000 1.794182 1.071484 1.323375 0.948926 0.636103
 487200.000000 2.023698 1.153626 1.177365 0.953248 0.572293
 488400.000000 1.852619 1.066411 1.059597 1.004327 0.660363
 489600.000000 1.936490 1.152474 1.252564 0.967665 0.626083
 490800.000000 1.883190 1.150599 1.243127 0.951465 0.606520
 492000.000000 1.931749 1.015997 1.224685 0.951426 0.706201
 493200.000000 1.981441 1.030109 1.220634 0.926457 0.658246
 494400.000000 1.920863 1.100413 1.223399 0.908423 0.638202
 495600.000000 1.817727 1.144289 1.303918 1.001006 0.632472
 496800.000000 1.855081 1.103209 1.214554 0.937940 0.638944
 498000.000000 2.055124 1.030718 1.414537 0.975171 0.634580
 499200.000000 1.942412 1.007167 1.332393 0.959617 0.638964
 500400.000000 1.881382 1.035340 1.282735 1.073919 0.623034
 501600.000000 1.928915 0.989507 1.288024 0.875294 0.597414
 502800.000000 1.908230 1.224337 1.216192 0.988728 0.674774
 504000.000000 1.936134 1.037064 1.174653 0.930209 0.665076
 505200.000000 2.042647 1.120598 1.207030 0.982162 0.612364
 506400.000000 1.979812 0.956281 1.304102 0.957707 0.660297
 507600.000000 1.982856 1.146489 1.265767 0.953359 0.614966
 508800.000000 2.021573 1.014711 1.212918 0.916618 0.616677
 510000.000000 2.014607 1.015467 1.216226 0.996097 0.630675
 511200.000000 1.975478 1.005859 1.241050 1.119723 0.688457
 512400.000000 2.120984 1.015412 1.309286 1.091723 0.648695
 513600.000000 2.054020 1.052309 1.294682 1.174723 0.645748
 514800.000000 2.130091 1.036276 1.210625 1.103304 0.622192
 516000.000000 2.102426 1.196497 1.162904 1.074442 0.640833
 517200.000000 1.922699 1.000905 1.248343 1.038597 0.684469
 518400.000000 1.943059 0.889338 1.201436 0.971927 0.588995
 519600.000000 1.981002 1.042618 1.238535 1.027920 0.648438
 520800.000000 2.075743 1.025336 1.309434 0.967763 0.606156
 522000.000000 2.011414 1.017787 1.217519 0.936950 0.649860
 523200.000000 1.960384 0.993753 1.124656 1.013293 0.624234
 524400.000000 2.093065 1.061716 1.187507 1.031722 0.622436
 525600.000000 2.048326 0.982571 1.280763 0.867394 0.677437
 526800.000000 2.136101 1.155548 1.250258 0.943147 0.596799
 528000.000000 1.993824 0.948449 1.295989 1.059046 0.599010
 529200.000000 1.947652 1.033391 1.155822 1.089636 0.650537
 530400.000000 2.028991 0.985733 1.214846 1.080093 0.686907
 531600.000000 2.051865 1.021640 1.189394 1.087281 0.638457
 532800.000000 1.986976 1.060974 1.203319 1.036403 0.668599
 534000.000000 1.934897 1.004638 1.225713 0.942247 0.611697
 535200.000000 1.866797 0.991196 1.228575 1.009881 0.635237
 536400.000000 1.784811 1.075355 1.252604 0.928921 0.607746
 537600.000000 1.972098 1.057794 1.293091 0.980473 0.600773
 538800.000000 1.975541 1.109718 1.333461 0.967655 0.632452
 540000.000000 1.885303 1.037072 1.179555 0.856307 0.627257
 541200.000000 1.863826 1.016782 1.197236 0.984897 0.629637
 542400.000000 2.024981 1.107210 1.346900 0.993763 0.637203
 543600.000000 1.836058 1.079854 1.275491 1.100694 0.570101
 544800.000000 1.925159 1.022417 1.308032 1.025667 0.625036
 546000.000000 1.849626 1.069098 1.279140 0.979708 0.571984
 547200.000000 1.966116 0.938550 1.267687 1.111004 0.608137
 548400.000000 1.770472 1.039303 1.243010 1.038536 0.613062
 549600.000000 1.725504 1.106252 1.269896 0.909726 0.594348
 550800.000000 1.794950 0.946331 1.199462 0.975531 0.572849
 552000.000000 1.757223 1.016152 1.258847 1.001576 0.597233
 553200.000000 1.893500 1.001076 1.318376 0.994715 0.624640
 554400.000000 1.904113 1.052111 1.180037 1.086214 0.609603
 555600.000000 1.841609 1.088618 1.169941 1.112684 0.652331
 556800.000000 1.858615 1.045479 1.231288 1.054327 0.624249
 558000.000000 1.948691 1.105943 1.253524 1.159575 0.603685
 559200.000000 1.932712 1.123220 1.224391 1.057817 0.625782
 560400.000000 1.992412 1.079940 1.231782 1.040512 0.641238
 561600.000000 1.848862 1.105403 1.248010 1.103313 0.670661
 562800.000000 1.834585 1.074647 1.237309 1.085852 0.646911
 564000.000000 1.882830 1.064003 1.225993 1.124404 0.694186
 565200.000000 1.857518 1.090805 1.264220 1.141014 0.700396
 566400.000000 1.816425 1.112839 1.212062 1.070103 0.595887
 567600.000000 1.743188 1.116620 1.222289 1.136529 0.583485
 568800.000000 1.717517 1.110208 1.317035 1.237920 0.625739
 570000.000000 1.761370 1.118197 1.231342 1.116737 0.620284
 571200.000000 1.791069 1.183450 1.322821 1.200369 0.626121
 572400.000000 1.772697 1.198638 1.242952 1.175068 0.623755
 573600.000000 1.885772 1.189291 1.254287 1.218828 0.661424
 574800.000000 1.904300 1.118284 1.288982 1.176929 0.644296
 576000.000000 1.913847 1.155381 1.341924 1.116303 0.697977
 577200.000000 1.982451 1.171535 1.309440 1.181658 0.681389
 578400.000000 1.838885 1.107408 1.299211 1.125928 0.623508
 579600.000000 1.941289 1.013103 1.226082 1.129354 0.650856
 580800.000000 1.923689 1.020264 1.257428 1.124691 0.653382
 582000.000000 2.033739 1.121704 1.262189 1.016590 0.631146
 583200.000000 1.997280 1.084200 1.320317 0.987703 0.640470
 584400.000000 1.821093 1.022747 1.282330 1.096207 0.611540
 585600.000000 1.896529 1.069502 1.239249 1.117566 0.655664
 586800.000000 1.831922 0.952400 1.217321 1.089446 0.643088
 588000.000000 1.886592 1.017940 1.296732 1.119064 0.630235
 589200.000000 1.893734 0.925694 1.194797 1.054801 0.654690
 590400.000000 1.971031 1.033056 1.263885 1.084217 0.652968
 591600.000000 1.942235 0.953782 1.308092 1.084594 0.721913
 592800.000000 1.921607 1.075278 1.295277 1.092487 0.631636
 594000.000000 1.984944 0.986544 1.268170 1.114858 0.591024
 595200.000000 1.948280 1.058193 1.269191 1.049642 0.582631
 596400.000000 1.952633 0.966926 1.273975 1.091856 0.626917
 597600.000000 1.946867 1.041653 1.292044 1.071555 0.612385
 598800.000000 1.923108 0.999670 1.277050 1.035386 0.645610
 600000.000000 1.868212 0.948377 1.224465 0.983269 0.608944
 601200.000000 1.895197 0.979517 1.253394 1.021460 0.592899
 602400.000000 1.834393 0.968575 1.219057 0.917895 0.619391
 603600.000000 1.956809 1.033789 1.243920 1.011921 0.651500
 604800.000000 1.895563 0.968621 1.264849 1.026310 0.621673
 606000.000000 1.894267 0.996021 1.241808 0.990957 0.641369
 607200.000000 1.933766 1.041216 1.219726 0.970515 0.659575
 608400.000000 2.002184 1.020370 1.269654 1.119719 0.629916
 609600.000000 1.997421 1.013347 1.171489 1.049086 0.616147
 610800.000000 1.920016 0.949832 1.274078 1.138265 0.709146
 612000.000000 1.917743 0.971676 1.269041 1.025769 0.643842
 613200.000000 2.004348 0.951796 1.325975 0.987820 0.638122
 614400.000000 2.045411 0.927088 1.272713 1.042634 0.633973
 615600.000000 2.012607 0.933941 1.234726 0.995621 0.619324
 616800.000000 2.138923 1.078091 1.215156 1.016297 0.608115
 618000.000000 2.040467 1.018323 1.251451 1.056771 0.655912
 619200.000000 2.077553 0.997295 1.273607 1.029249 0.643549
 620400.000000 1.977128 1.036306 1.259589 1.055580 0.603230
 621600.000000 1.945344 0.985083 1.226418 1.037964 0.658664
 622800.000000 1.899087 0.942021 1.359928 0.994403 0.662606
 624000.000000 1.953312 1.045999 1.313013 1.085949 0.649645
 625200.000000 1.863716 0.921363 1.202997 0.996749 0.660050
 626400.000000 1.901757 1.137451 1.208254 0.990321 0.597714
 627600.000000 1.946721 1.155970 1.185943 0.977039 0.588912
 628800.000000 1.868465 1.116011 1.304852 0.972953 0.653157
 630000.000000 2.037459 1.104142 1.354826 1.020902 0.605468
 631200.000000 2.007471 1.182797 1.238188 1.080390 0.650776
 632400.000000 2.042634 1.114406 1.255600 1.012324 0.621223
 633600.000000 1.895799 1.087494 1.168508 0.998386 0.663847
 634800.000000 1.927005 1.045937 1.143837 1.002885 0.636303
 636000.000000 2.061848 0.991438 1.202437 1.065714 0.664785
 637200.000000 1.922668 0.955307 1.164373 1.031992 0.696486
 638400.000000 1.986332 0.991863 1.227630 1.077695 0.697985
 639600.000000 2.006335 0.970865 1.176482 1.036191 0.677543
 640800.000000 2.045806 0.980338 1.254463 0.983921 0.644308
 642000.000000 2.023536 0.979572 1.314049 1.045762 0.598344
 643200.000000 2.110269 1.010447 1.151676 1.116317 0.592687
 644400.000000 2.011933 0.987496 1.278252 1.051560 0.615615
 645600.000000 2.100554 1.014466 1.250280 1.093282 0.652057
 646800.000000 1.841145 1.034321 1.183265 1.034945 0.649052
 648000.000000 2.033875 0.959970 1.203030 0.990879 0.620686
 649200.000000 1.906897 1.043502 1.164053 1.126471 0.651557
 650400.000000 1.938738 1.017527 1.173406 1.142877 0.753726
 651600.000000 1.975776 1.027746 1.136452 1.135852 0.675125
 652800.000000 1.877143 0.991008 1.192839 1.108601 0.591347
 654000.000000 2.036100 1.005488 1.225194 1.067556 0.627804
 655200.000000 1.946962 0.987920 1.250882 1.170450 0.644095
 656400.000000 1.925824 1.001040 1.239657 1.119704 0.652750
 657600.000000 1.866145 0.979732 1.268224 1.146398 0.738440
 658800.000000 1.933077 0.987997 1.147158 1.115861 0.721324
 660000.000000 1.963973 1.014466 1.211146 1.082568 0.659716
 661200.000000 1.874353 0.995407 1.317936 1.051297 0.667340
 662400.000000 1.857805 1.115294 1.225891 1.064787 0.658873
 663600.000000 1.817832 1.176101 1.228162 1.053778 0.634199
 664800.000000 1.876432 1.184731 1.221759 0.975385 0.644827
 666000.000000 1.903315 1.108933 1.277386 0.998674 0.632758
 667200.000000 1.880606 1.123191 1.157779 0.893554 0.618797
 668400.000000 1.980954 1.166525 1.238430 0.923604 0.599834
 669600.000000 1.920684 1.197712 1.239536 1.015871 0.640972
 670800.000000 1.929824 1.212241 1.315047 0.997491 0.654930
 672000.000000 1.884981 1.151408 1.294670 1.047100 0.669458
 673200.000000 1.852003 1.039437 1.179716 0.907284 0.665957
 674400.000000 1.870408 1.005659 1.391026 1.002936 0.592027
 675600.000000 1.918104 0.992247 1.218138 0.962641 0.630299
 676800.000000 1.892477 0.981015 1.233243 0.937081 0.643895
 678000.000000 1.861411 1.052732 1.275744 0.977755 0.652315
 679200.000000 1.892878 1.068507 1.231085 0.960658 0.658805
 680400.000000 1.864007 1.087707 1.163179 0.957130 0.652024
 681600.000000 1.730270 1.206167 1.206978 0.915457 0.608710
 682800.000000 1.760991 1.068148 1.178543 1.062986 0.644574
 684000.000000 1.835488 1.035685 1.245532 1.053010 0.601467
 685200.000000 1.800718 1.014875 1.299496 0.984361 0.647419
 686400.000000 1.935860 1.051907 1.245004 1.013995 0.685051
 687600.000000 1.883547 0.946519 1.313128 0.931735 0.629135
 688800.000000 1.868608 0.995245 1.248199 0.947915 0.593379
 690000.000000 1.797499 1.028437 1.192049 0.982536 0.606554
 691200.000000 1.942130 1.045602 1.259527 1.014997 0.630293
 692400.000000 1.797187 1.052850 1.291546 0.999916 0.615199
 693600.000000 1.842881 1.021429 1.245642 1.078649 0.602918
 694800.000000 1.866481 1.001924 1.216923 1.066415 0.628164
 696000.000000 1.827091 1.018169 1.201543 1.092586 0.605272
 697200.000000 1.781250 1.084306 1.286711 1.002915 0.599434
 698400.000000 1.833930 1.077647 1.274902 1.113061 0.673525
 699600.000000 1.700290 1.005915 1.248424 1.066905 0.729213
 700800.000000 1.792708 1.075064 1.304609 1.144812 0.654975
 702000.000000 1.835748 0.970959 1.223188 1.156830 0.749896
 703200.000000 1.686247 1.041976 1.193260 1.107438 0.709635
 704400.000000 1.735065 1.172370 1.282256 1.004981 0.645206
 705600.000000 1.828044 1.057535 1.233030 1.034213 0.647501
 706800.000000 1.743288 0.978487 1.259802 0.990163 0.683915
 708000.000000 1.852177 0.933729 1.215501 1.067192 0.646814
 709200.000000 1.707090 0.965518 1.211018 1.025658 0.674649
 710400.000000 1.731894 1.051660 1.225284 0.992970 0.672819
 711600.000000 1.777228 1.012598 1.143829 1.034369 0.675086
 712800.000000 1.771030 0.988562 1.296316 0.976469 0.624719
 714000.000000 1.772057 0.993433 1.266408 1.001346 0.602787
 715200.000000 1.932872 1.008889 1.293440 1.007596 0.625151
 716400.000000 1.853269 0.950502 1.255059 1.018888 0.630045
 717600.000000 1.787572 0.945823 1.306382 1.000115 0.674368
 718800.000000 1.785687 1.021034 1.262399 1.048519 0.616200
 720000.000000 1.766051 0.987378 1.302707 1.070279 0.594108
 721200.000000 1.926436 0.980813 1.249048 1.032618 0.578133
 722400.000000 1.833389 0.992672 1.282164 1.028202 0.601780
 723600.000000 1.902037 1.003439 1.225992 1.067935 0.654632
 724800.000000 1.754689 0.984468 1.268263 1.004708 0.614303
 726000.000000 1.800905 0.957967 1.232250 1.091802 0.622906
 727200.000000 1.791967 0.926607 1.252903 1.014063 0.618938
 728400.000000 1.940666 1.014010 1.233005 1.041765 0.611853
 729600.000000 1.845840 0.935857 1.226154 1.031012 0.622213
 730800.000000 1.911009 1.089885 1.217648 1.090047 0.565320
 732000.000000 1.901373 1.001555 1.291230 1.064146 0.650525
 733200.000000 1.969159 0.971314 1.239905 1.012762 0.658470
 734400.000000 1.954030 1.007112 1.191491 1.048235 0.621885
 735600.000000 1.847631 0.969951 1.267929 1.048710 0.644733
 736800.000000 1.913698 0.990196 1.231687 1.044272 0.644148
 738000.000000 1.906996 1.021306 1.309286 1.051854 0.619267
 739200.000000 1.924651 1.113292 1.225666 1.029571 0.590954
 740400.000000 1.913086 0.996903 1.224654 1.045379 0.622500
 741600.000000 2.023078 0.997664 1.238002 1.010328 0.596359
 742800.000000 2.070616 1.097538 1.304523 1.073772 0.597684
 744000.000000 2.020201 0.934422 1.344786 1.036991 0.606725
 745200.000000 2.013992 1.073991 1.215558 1.041863 0.659840
 746400.000000 2.053066 0.985914 1.234791 0.999181 0.601358
 747600.000000 2.178556 0.934429 1.369939 1.012916 0.644438
 748800.000000 1.872911 1.152969 1.221349 1.022177 0.609054
 750000.000000 1.956253 1.054695 1.308351 1.061615 0.624669
 751200.000000 1.866958 1.106688 1.200678 1.012591 0.611107
 752400.000000 1.963909 1.007271 1.214888 1.023434 0.586707
 753600.000000 1.813722 1.141639 1.164296 1.036359 0.616865
 754800.000000 1.874419 1.019585 1.228981 0.979407 0.655519
 756000.000000 1.813462 1.153404 1.255647 1.053511 0.619947
 757200.000000 1.822952 1.115343 1.227252 1.003940 0.620718
 758400.000000 1.977491 0.961552 1.279719 0.967912 0.658515
 759600.000000 1.925152 1.130473 1.143942 1.003259 0.645807
 760800.000000 1.892966 1.006881 1.247451 0.998192 0.610610
 762000.000000 1.988369 1.073303 1.237939 1.080510 0.656939
 763200.000000 1.857825 1.005701 1.274420 1.100466 0.608255
 764400.000000 1.800979 1.160776 1.273462 1.221198 0.621661
 765600.000000 1.805703 1.117235 1.280559 1.046054 0.622486
 766800.000000 1.978719 1.024532 1.336574 1.041716 0.619174
 768000.000000 1.980285 1.115482 1.243827 1.070918 0.601958
 769200.000000 1.991903 1.038409 1.215428 1.018780 0.618492
 770400.000000 2.141897 1.084063 1.298788 1.126749 0.725929
 771600.000000 1.958633 1.180292 1.143800 1.036337 0.593130
 772800.000000 1.908711 1.165968 1.211653 1.085652 0.655498
 774000.000000 1.891956 1.175408 1.206382 0.979150 0.651338
 775200.000000 1.903840 1.138256 1.256429 1.087312 0.665502
 776400.000000 1.896001 1.100815 1.222673 0.997663 0.629384
 777600.000000 1.903142 1.083504 1.189853 0.962463 0.647944
 778800.000000 1.903635 1.053757 1.204519 1.156786 0.705648
 780000.000000 1.880260 1.066920 1.278360 1.059532 0.634837
 781200.000000 1.833335 1.117412 1.212715 1.032283 0.660373
 782400.000000 1.787994 1.163848 1.318744 1.109079 0.598183
 783600.000000 1.844665 1.090511 1.278569 1.027769 0.606903
 784800.000000 1.674871 1.076720 1.238466 1.103351 0.712797
 786000.000000 1.819518 1.180693 1.263681 1.063660 0.622420
 787200.000000 1.827726 1.087813 1.231536 1.044385 0.632574
 788400.000000 1.883931 1.147567 1.181939 1.054306 0.678312
 789600.000000 1.906773 1.177288 1.241843 1.058780 0.630851
 790800.000000 1.843112 1.099332 1.273636 1.001446 0.676892
 792000.000000 1.819324 1.013062 1.222639 1.010096 0.607585
 793200.000000 1.811369 1.116830 1.213272 0.982407 0.591941
 794400.000000 1.688300 1.106478 1.264818 0.999270 0.589837
 795600.000000 1.708349 1.067000 1.101984 1.104062 0.639944
 796800.000000 1.877409 1.138815 1.232088 1.128393 0.554016
 798000.000000 1.844400 1.033408 1.154008 1.049254 0.682560
 799200.000000 1.913299 1.097873 1.227434 1.122152 0.653618
 800400.000000 1.881971 1.187826 1.207946 1.065307 0.579424
 801600.000000 1.788363 1.156121 1.347290 1.154035 0.618808
 802800.000000 1.757633 1.136754 1.213697 1.046792 0.587973
 804000.000000 1.742187 1.098731 1.262247 1.001051 0.583315
 805200.000000 1.798772 1.154187 1.233904 1.157719 0.660675
 806400.000000 1.847993 1.049295 1.282215 1.159811 0.643498
 807600.000000 1.805261 0.996814 1.267116 1.059188 0.650759
 808800.000000 1.763150 1.025441 1.257065 1.112666 0.634527
 810000.000000 1.806021 1.107171 1.253897 1.133977 0.630242
 811200.000000 1.807832 1.089962 1.366908 1.122937 0.655791
 812400.000000 1.753679 1.077082 1.325948 1.079921 0.660664
 813600.000000 1.817479 0.971297 1.272274 1.076985 0.710997
 814800.000000 1.833356 0.976795 1.227317 1.143886 0.677188
 816000.000000 1.751976 0.965251 1.335876 1.068817 0.599233
 817200.000000 1.833059 0.961733 1.222732 1.039049 0.617550
 818400.000000 1.849806 0.977853 1.212634 1.109235 0.673595
 819600.000000 1.928326 0.985504 1.265609 1.070041 0.581517
 820800.000000 1.729684 1.095619 1.163639 1.084315 0.654927
 822000.000000 1.822758 1.139818 1.248271 1.093160 0.672235
 823200.000000 1.756010 1.093584 1.197473 1.033285 0.606309
 824400.000000 1.752918 1.129328 1.242763 1.047978 0.663893
 825600.000000 1.768769 1.061227 1.150397 1.016522 0.635868
 826800.000000 1.752988 1.082513 1.246425 0.962768 0.645048
 828000.000000 1.769093 1.155062 1.230852 1.052131 0.630163
 829200.000000 1.687847 1.089555 1.177909 1.045037 0.604693
 830400.000000 1.730129 1.079641 1.191049 1.077338 0.610113
 831600.000000 1.887886 1.091999 1.303737 1.012746 0.577824
 832800.000000 1.872373 1.135234 1.223988 1.084956 0.578938
 834000.000000 1.712176 1.202210 1.233855 1.086365 0.600163
 835200.000000 1.781985 1.015042 1.177818 1.056801 0.571025
 836400.000000 1.631891 1.040932 1.299338 1.064326 0.597374
 837600.000000 1.627354 1.005715 1.290330 1.013196 0.713665
 838800.000000 1.732801 1.067699 1.199206 1.036537 0.643513
 840000.000000 1.912589 1.031235 1.243303 1.050752 0.642773
 841200.000000 1.723983 1.061499 1.241380 1.057125 0.629033
 842400.000000 1.679641 1.118639 1.283723 1.119204 0.656890
 843600.000000 1.716000 1.006973 1.252906 1.041325 0.681567
 844800.000000 1.816365 1.082781 1.226756 1.035050 0.648763
 846000.000000 1.704701 1.154595 1.200117 1.000534 0.699720
 847200.000000 1.762456 1.123135 1.258579 1.147351 0.583237
 848400.000000 1.803782 1.182872 1.250323 1.125061 0.589198
 849600.000000 1.677067 1.096426 1.203844 1.144124 0.613389
 850800.000000 1.752415 1.016532 1.286058 1.127048 0.639293
 852000.000000 1.868797 1.013778 1.241813 1.028483 0.685389
 853200.000000 1.838067 0.977242 1.162450 1.181616 0.696797
 854400.000000 1.847644 1.069395 1.216159 1.083031 0.685042
 855600.000000 1.823689 1.122099 1.342413 1.090786 0.598770
 856800.000000 1.675598 1.115171 1.238842 1.094651 0.655055
 858000.000000 1.689576 1.049375 1.257307 1.215446 0.708134
 859200.000000 1.795129 1.058074 1.160626 1.091314 0.680634
 860400.000000 1.809522 1.047322 1.298182 1.145668 0.618075
 861600.000000 1.871853 1.064472 1.180229 1.160498 0.653142
 862800.000000 1.787404 1.057677 1.248719 1.195825 0.630594
 864000.000000 1.844318 0.955766 1.191476 1.196756 0.655847
 865200.000000 1.928328 0.977943 1.288269 1.184285 0.625334
 866400.000000 1.947406 0.988946 1.151254 1.141416 0.659243
 867600.000000 1.922392 0.981376 1.191608 1.098297 0.633778
 868800.000000 1.876965 0.991665 1.148488 1.057388 0.625784
 870000.000000 1.844198 1.129243 1.197477 1.132659 0.638338
 871200.000000 1.924302 1.132220 1.162951 1.077009 0.601473
 872400.000000 1.974215 0.979442 1.143326 1.100557 0.611312
 873600.000000 1.963358 1.009570 1.211988 1.097319 0.631921
 874800.000000 1.906957 1.004249 1.244558 1.067377 0.631787
 876000.000000 1.940683 1.042691 1.115776 1.113946 0.652992
 877200.000000 1.948446 1.043219 1.196579 1.080218 0.623923
 878400.000000 1.956850 1.039068 1.196496 1.096144 0.619123
 879600.000000 1.942564 1.023030 1.231733 1.106553 0.579502
 880800.000000 1.904144 0.995555 1.190618 1.159808 0.635138
 882000.000000 1.850850 1.060617 1.210196 1.151862 0.615234
 883200.000000 1.870712 1.042292 1.180785 1.097521 0.591783
 884400.000000 2.025361 1.005395 1.243668 1.118365 0.632936
 885600.000000 1.947721 0.969518 1.325725 1.074120 0.569428
 886800.000000 1.934792 1.023082 1.290188 1.060554 0.644642
 888000.000000 1.965556 0.974168 1.201210 1.123883 0.667286
 889200.000000 1.979224 1.068690 1.334881 1.001716 0.593885
 890400.000000 2.072087 1.089534 1.233824 1.057486 0.631712
 891600.000000 1.915639 1.020512 1.246886 1.067475 0.659733
 892800.000000 1.934029 1.191216 1.294235 1.097162 0.666015
 894000.000000 1.958966 1.084055 1.223422 1.038190 0.618354
 895200.000000 1.882428 0.963747 1.231767 0.990750 0.624143
 896400.000000 1.873539 1.060808 1.186637 1.013079 0.643637
 897600.000000 1.889824 1.024740 1.181098 0.963138 0.613978
 898800.000000 1.824931 1.072430 1.158521 1.136624 0.645525
 900000.000000 1.924866 1.057626 1.290384 1.046195 0.616562
 901200.000000 2.006074 1.106870 1.330148 1.050293 0.600782
 902400.000000 1.840396 1.061982 1.208692 1.076839 0.616251
 903600.000000 1.940549 1.123978 1.242962 1.136439 0.615260
 904800.000000 1.906712 1.111942 1.244920 1.032571 0.646268
 906000.000000 1.941624 1.142998 1.257457 1.027041 0.691206
 907200.000000 1.834480 1.036807 1.252807 1.106607 0.631973
 908400.000000 1.781329 1.125508 1.247515 1.182875 0.724734
 909600.000000 1.859921 1.030958 1.229254 1.092734 0.635567
 910800.000000 1.792609 0.986066 1.227904 1.124641 0.664197
 912000.000000 1.917847 1.079612 1.293709 1.037535 0.622474
 913200.000000 1.854263 1.111946 1.201636 1.135846 0.697887
 914400.000000 1.937027 1.056567 1.230691 1.097415 0.621244
 915600.000000 1.932503 1.111635 1.360068 1.197782 0.625557
 916800.000000 1.904278 1.019504 1.325006 1.116840 0.668235
 918000.000000 2.000046 0.999213 1.236032 1.021759 0.633092
 919200.000000 1.938495 1.016345 1.235331 1.070600 0.633119
 920400.000000 1.886062 1.005739 1.409571 1.197950 0.635008
 921600.000000 1.793144 0.980325 1.243697 1.086728 0.593954
 922800.000000 1.782758 1.016207 1.256445 1.029281 0.635862
 924000.000000 2.023935 1.010387 1.249567 1.104389 0.673067
 925200.000000 1.865813 0.983169 1.204475 1.081997 0.675109
 926400.000000 1.929112 0.990736 1.258646 1.056419 0.672369
 927600.000000 1.898550 1.028067 1.319185 1.014771 0.685103
 928800.000000 1.939626 1.040604 1.341732 1.010312 0.643299
 930000.000000 1.961462 1.008491 1.260619 1.015477 0.620410
 931200.000000 1.869698 1.004499 1.285366 0.997430 0.582363
 932400.000000 1.943227 1.083565 1.170969 0.913073 0.617466
 933600.000000 1.942978 1.056273 1.140237 0.873557 0.675338
 934800.000000 1.912804 1.088804 1.148534 0.866220 0.587807
 936000.000000 1.844495 1.069767 1.201183 0.948918 0.591049
 937200.000000 1.903487 1.049546 1.217860 0.983112 0.567248
 938400.000000 1.925639 1.037542 1.205412 1.089976 0.615339
 939600.000000 1.938280 1.020857 1.119126 1.094065 0.637933
 940800.000000 2.131578 1.043297 1.216980 1.142269 0.598491
 942000.000000 2.037495 1.103628 1.263838 1.187594 0.619866
 943200.000000 2.041235 1.109671 1.237233 1.106743 0.660716
 944400.000000 1.914773 1.021135 1.182819 1.104954 0.612788
 945600.000000 2.000168 1.005925 1.223241 1.182720 0.659047
 946800.000000 1.938259 1.019830 1.238542 1.110172 0.630894
 948000.000000 1.921210 0.938167 1.178281 1.156966 0.667936
 949200.000000 2.014824 0.991211 1.108432 1.135748 0.618482
 950400.000000 2.002506 0.943662 1.282042 1.144416 0.604355
 951600.000000 1.975995 1.003185 1.229064 1.224022 0.660422
 952800.000000 2.017015 0.984233 1.173884 1.132847 0.644162
 954000.000000 1.871536 1.001290 1.193187 1.090692 0.630680
 955200.000000 1.921168 0.953505 1.235646 1.100957 0.616627
 956400.000000 1.897386 0.979252 1.302230 1.067910 0.626303
 957600.000000 1.976595 1.042595 1.189723 1.104735 0.600913
 958800.000000 1.946762 1.033658 1.191805 1.069411 0.579899
 960000.000000 1.891339 1.038033 1.245967 1.041272 0.620157
 961200.000000 1.971666 0.974299 1.265886 0.994522 0.651711
 962400.000000 1.929986 0.981763 1.262082 1.056240 0.581363
 963600.000000 1.930950 1.062038 1.175194 1.015998 0.604914
 964800.000000 1.973542 1.024329 1.276580 1.056219 0.542756
 966000.000000 1.823790 0.994801 1.196015 1.117099 0.623625
 967200.000000 1.944025 0.938319 1.237791 1.085704 0.619657
 968400.000000 1.839851 0.993708 1.270067 1.104123 0.568538
 969600.000000 1.958169 1.083576 1.176799 1.048604 0.576818
 970800.000000 1.932918 1.051075 1.248240 1.102881 0.636607
 972000.000000 1.890795 0.945710 1.171695 1.033778 0.624424
 973200.000000 1.866636 1.009753 1.274519 1.186254 0.666807
 974400.000000 1.894986 0.955515 1.303184 1.073081 0.625073
 975600.000000 1.973340 0.948508 1.302426 1.102282 0.567518
 976800.000000 2.039772 1.013743 1.289582 1.054413 0.580483
 978000.000000 1.961937 0.995748 1.223580 1.056805 0.569681
 979200.000000 1.991198 0.996292 1.308915 1.059822 0.610011
 980400.000000 1.945685 1.014646 1.297523 1.059292 0.606614
 981600.000000 2.139713 0.970201 1.252247 1.027909 0.580528
 982800.000000 2.082607 1.030246 1.181469 1.097827 0.611694
 984000.000000 2.098593 1.001649 1.224140 0.988277 0.599731
 985200.000000 2.023505 0.986706 1.181276 1.097455 0.652621
 986400.000000 2.067782 1.048405 1.216185 1.047574 0.563414
 987600.000000 2.008634 0.961764 1.337413 1.121891 0.603612
 988800.000000 2.074335 1.046561 1.187122 1.126801 0.575684
 990000.000000 2.146656 0.935623 1.246188 1.051329 0.602362
 991200.000000 2.030388 0.979242 1.279313 0.969964 0.573350
 992400.000000 2.087420 1.053031 1.279691 1.022699 0.597080
 993600.000000 1.920424 1.052662 1.273059 1.101995 0.571140
 994800.000000 1.912166 1.042130 1.236088 1.008852 0.633258
 996000.000000 1.991936 1.155669 1.214539 1.066973 0.585045
 997200.000000 1.939950 1.138310 1.228678 0.981076 0.663750
 998400.000000 1.929365 1.112742 1.175719 0.980561 0.594248
 999600.000000 1.951506 1.034494 1.243777 1.047975 0.608507
 1000800.000000 1.923942 1.074955 1.069083 1.115253 0.640325
 1002000.000000 1.852696 1.064168 1.259668 1.041117 0.620386
 1003200.000000 2.030296 1.031454 1.225793 1.048588 0.602853
 1004400.000000 1.990558 1.025699 1.170094 1.093290 0.587887
 1005600.000000 2.003751 1.027923 1.214434 1.140412 0.595015
 1006800.000000 2.129972 0.989556 1.292208 0.992735 0.618847
 1008000.000000 2.104953 0.997663 1.143421 1.020241 0.593374
 1009200.000000 2.000534 0.872051 1.222776 1.064926 0.610646
 1010400.000000 2.013710 0.957340 1.095104 1.032589 0.606412
 1011600.000000 1.958089 0.989102 1.275146 1.068713 0.604721
 1012800.000000 1.988565 1.027512 1.173573 1.015125 0.599447
 1014000.000000 2.059086 0.978760 1.276226 1.066444 0.588904
 1015200.000000 1.941786 0.995792 1.377806 1.066040 0.580727
 1016400.000000 1.837776 0.953457 1.213720 1.040652 0.614040
 1017600.000000 1.929311 0.998227 1.233489 1.053911 0.617746
 1018800.000000 2.037874 1.009278 1.377681 1.091205 0.626082
 1020000.000000 1.979418 1.026557 1.275991 1.043684 0.659585
 1021200.000000 1.907482 0.960944 1.149867 1.106595 0.635535
 1022400.000000 1.812210 1.002247 1.193294 1.004140 0.611513
 1023600.000000 1.935390 1.061211 1.207868 1.024208 0.653072
 1024800.000000 1.841724 1.131101 1.375838 0.997489 0.654308
 1026000.000000 1.816005 1.083177 1.233067 0.979150 0.646613
 1027200.000000 1.817503 1.039698 1.274835 1.021940 0.689573
 1028400.000000 1.846409 1.038504 1.242420 1.117435 0.620276
 1029600.000000 1.862326 0.981609 1.216737 1.011950 0.640016
 1030800.000000 1.750068 1.109060 1.259252 1.116045 0.642849
 1032000.000000 1.731548 1.182217 1.295402 1.041939 0.623661
 1033200.000000 1.947369 1.064033 1.210063 1.034167 0.673598
 1034400.000000 1.736033 1.116357 1.229781 1.035400 0.640371
 1035600.000000 1.795491 1.179412 1.286319 1.052920 0.639799
 1036800.000000 1.728905 1.099179 1.240203 1.060100 0.633464
 1038000.000000 1.892861 1.135772 1.164300 0.964112 0.620225
 1039200.000000 1.914513 1.056111 1.245464 1.026899 0.593167
 1040400.000000 1.908312 1.124718 1.209760 0.976049 0.622171
 1041600.000000 1.739014 1.055540 1.244577 0.994116 0.595552
 1042800.000000 1.871069 1.143911 1.192875 0.998403 0.608965
 1044000.000000 1.757278 1.119663 1.211477 1.035638 0.615617
 1045200.000000 1.891017 1.159094 1.173372 1.072836 0.655968
 1046400.000000 1.817170 1.124673 1.180937 1.023315 0.677719
 1047600.000000 1.864241 1.178617 1.202769 1.052118 0.612744
 1048800.000000 1.959900 1.117589 1.175810 1.014269 0.581294
 1050000.000000 2.002659 1.099886 1.260464 0.946673 0.648619
 1051200.000000 1.842821 1.131389 1.305832 1.098778 0.637505
 1052400.000000 1.794927 1.184699 1.205529 0.960042 0.646495
 1053600.000000 1.863728 1.186542 1.330449 0.931967 0.650131
 1054800.000000 1.802443 1.088778 1.213600 0.951471 0.648341
 1056000.000000 1.796132 1.113543 1.242228 0.968885 0.662974
 1057200.000000 1.845919 1.073348 1.152806 1.021409 0.638033
 1058400.000000 1.932778 0.993099 1.265721 0.998976 0.613586
 1059600.000000 1.893073 1.052184 1.242566 0.994417 0.660030
 1060800.000000 1.910268 1.060289 1.196753 1.043174 0.667823
 1062000.000000 1.970514 1.016538 1.154394 1.041696 0.614394
 1063200.000000 1.917757 1.135414 1.178556 1.079944 0.617359
 1064400.000000 1.908782 1.072290 1.196415 1.068799 0.604177
 1065600.000000 1.964790 1.045245 1.229238 1.086507 0.622747
 1066800.000000 2.088589 0.903341 1.189074 1.006593 0.565840
 1068000.000000 1.997978 0.982407 1.328725 1.063622 0.659599
 1069200.000000 2.018725 1.016881 1.264460 1.042632 0.692797
 1070400.000000 1.893908 1.031510 1.294849 1.181849 0.664109
 1071600.000000 1.920267 1.089809 1.119246 1.032823 0.619372
 1072800.000000 1.848847 1.037365 1.244821 1.011845 0.703360
 1074000.000000 2.089250 0.993697 1.266803 1.047939 0.612974
 1075200.000000 2.088978 0.987284 1.301934 1.013172 0.610414
 1076400.000000 1.956351 1.096296 1.226784 1.055979 0.584247
 1077600.000000 2.032178 1.000400 1.204235 1.046471 0.595122
 1078800.000000 1.949633 1.019131 1.213630 1.027541 0.675172
 1080000.000000 1.882730 1.045186 1.284933 1.026052 0.572673
 1081200.000000 1.845917 1.144795 1.238283 1.033760 0.615108
 1082400.000000 2.035326 1.036613 1.249839 1.014713 0.580204
 1083600.000000 1.836809 1.144717 1.271657 0.999697 0.599250
 1084800.000000 1.845698 1.119295 1.185830 1.040693 0.653070
 1086000.000000 1.810842 1.095430 1.147342 1.024862 0.609794
 1087200.000000 1.939382 1.064149 1.230108 1.028227 0.563242
 1088400.000000 1.955986 1.039641 1.187404 1.049319 0.581332
 1089600.000000 1.944993 1.025162 1.248035 1.012789 0.601853
 1090800.000000 1.898372 1.016076 1.119801 1.056852 0.636415
 1092000.000000 1.823433 1.015190 1.132089 1.046695 0.578993
 1093200.000000 1.861066 1.092996 1.098361 1.054314 0.571694
 1094400.000000 1.951924 1.085737 1.263717 1.043939 0.590761
 1095600.000000 1.778810 1.188956 1.172018 1.059217 0.613142
 1096800.000000 1.926806 1.111903 1.155091 1.017983 0.582973
 1098000.000000 2.010431 1.096697 1.169618 0.973594 0.639714
 1099200.000000 1.909238 1.128189 1.125923 0.994626 0.619150
 1100400.000000 1.786817 1.129668 1.158759 1.016735 0.577555
 1101600.000000 1.817349 1.155842 1.172700 0.986250 0.576251
 1102800.000000 1.845092 1.112442 1.202611 1.066011 0.599353
 1104000.000000 1.801100 1.160352 1.242681 1.040256 0.583661
 1105200.000000 1.832169 1.139316 1.242658 1.057101 0.583102
 1106400.000000 1.782959 1.109743 1.276434 1.065815 0.596219
 1107600.000000 1.953614 1.149094 1.152635 1.005885 0.610172
 1108800.000000 1.933359 1.095922 1.252245 1.058451 0.625975
 1110000.000000 2.140653 1.089252 1.162581 1.080569 0.582649
 1111200.000000 2.035812 1.091067 1.224214 1.132985 0.681625
 1112400.000000 1.965180 1.097341 1.239098 1.055016 0.602149
 1113600.000000 1.913870 1.107854 1.221023 0.964174 0.597060
 1114800.000000 1.919512 1.109392 1.248302 1.022847 0.604096
 1116000.000000 2.127972 1.119179 1.264688 1.090355 0.619935
 1117200.000000 1.845255 1.085814 1.185066 1.084881 0.600468
 1118400.000000 1.928938 1.177021 1.309868 0.997532 0.606316
 1119600.000000 1.971265 1.038473 1.261178 1.103038 0.625794
 1120800.000000 2.054088 1.007620 1.281426 1.048645 0.601112
 1122000.000000 1.936984 1.156355 1.305896 1.056298 0.641765
 1123200.000000 1.828894 1.095820 1.207838 1.028926 0.601922
 1124400.000000 2.003844 1.205976 1.334449 1.075766 0.691125
 1125600.000000 1.783286 1.139133 1.224037 1.104823 0.587974
 1126800.000000 1.977870 1.175360 1.155486 1.109580 0.628838
 1128000.000000 1.876171 1.131605 1.248028 1.039331 0.682390
 1129200.000000 1.825216 1.091397 1.252138 1.025204 0.605485
 1130400.000000 2.063080 1.065152 1.272979 1.020124 0.606799
 1131600.000000 2.002655 1.073190 1.153439 1.032459 0.561752
 1132800.000000 2.077714 1.045603 1.214029 0.951985 0.715756
 1134000.000000 1.917499 1.149707 1.250562 0.939978 0.598436
 1135200.000000 2.023445 1.032660 1.104713 1.078655 0.598205
 1136400.000000 2.017313 1.077906 1.200521 1.086328 0.605058
 1137600.000000 1.928071 1.124510 1.225040 1.074422 0.623718
 1138800.000000 2.067771 1.073394 1.202978 0.979925 0.582669
 1140000.000000 1.955758 1.155846 1.201190 1.017261 0.584582
 1141200.000000 2.058717 1.025142 1.221403 1.061103 0.598162
 1142400.000000 2.064073 1.038580 1.194791 1.050032 0.571401
 1143600.000000 1.997783 1.022032 1.156208 1.051165 0.588411
 1144800.000000 1.963204 1.023766 1.234444 1.031469 0.538291
 1146000.000000 1.893912 1.254605 1.259350 1.124452 0.612426
 1147200.000000 2.019059 1.006293 1.223785 1.042669 0.607110
 1148400.000000 2.021596 1.017121 1.234069 1.044556 0.581069
 1149600.000000 1.999656 1.015650 1.225872 1.085406 0.598656
 1150800.000000 2.028588 0.978654 1.195137 1.068812 0.579250
 1152000.000000 1.910636 1.078357 1.218666 1.048821 0.595958
 1153200.000000 1.977784 1.121365 1.160313 1.028748 0.608526
 1154400.000000 1.845688 0.987892 1.272605 1.099693 0.587713
 1155600.000000 1.975785 1.069116 1.229223 1.030731 0.618300
 1156800.000000 2.031670 0.963562 1.222809 1.033529 0.652777
 1158000.000000 2.042630 1.050875 1.204318 1.021002 0.589420
 1159200.000000 1.924853 1.204207 1.183121 1.034907 0.592890
 1160400.000000 2.086283 0.964038 1.275198 1.118077 0.638814
 1161600.000000 2.071038 1.021077 1.233299 1.010054 0.596229
 1162800.000000 2.200636 1.091722 1.195656 1.031294 0.581169
 1164000.000000 2.075299 1.131181 1.139526 1.014615 0.604410
 1165200.000000 2.087127 1.060046 1.274132 1.105789 0.617592
 1166400.000000 2.121584 0.992325 1.155418 1.101614 0.644898
 1167600.000000 2.045857 0.987348 1.160727 1.042781 0.612919
 1168800.000000 2.139858 1.044493 1.176344 1.029250 0.597906
 1170000.000000 2.030083 1.025199 1.216743 1.088166 0.558924
 1171200.000000 1.996745 0.997230 1.248712 1.024516 0.547314
 1172400.000000 1.919565 1.031811 1.144631 1.084543 0.591830
 1173600.000000 1.979453 1.011821 1.189601 1.050344 0.577933
 1174800.000000 1.978119 1.012904 1.149014 1.039052 0.582556
 1176000.000000 1.988237 1.082576 1.245265 1.093336 0.590098
 1177200.000000 1.891645 1.019910 1.208818 1.072953 0.587598
 1178400.000000 2.004847 1.051615 1.259875 1.050923 0.635015
 1179600.000000 1.957410 1.059852 1.255023 1.087930 0.580970
 1180800.000000 1.943132 1.011772 1.274470 1.077132 0.611720
 1182000.000000 2.023774 1.002015 1.220576 1.080559 0.568819
 1183200.000000 2.024746 1.041659 1.325663 1.058814 0.582931
 1184400.000000 1.995108 0.992110 1.259396 1.116582 0.582238
 1185600.000000 2.052528 1.072693 1.223530 1.037965 0.594023
 1186800.000000 1.955195 1.025711 1.275060 1.073069 0.600830
 1188000.000000 1.909929 1.120291 1.311003 1.050644 0.598973
 1189200.000000 1.904483 1.089412 1.269265 0.977591 0.572002
 1190400.000000 2.021944 1.062270 1.246385 1.056751 0.616666
 1191600.000000 1.869425 1.069601 1.241748 1.044040 0.596570
 1192800.000000 1.957002 1.093556 1.341874 1.107198 0.610202
 1194000.000000 2.056306 1.009917 1.330826 1.041822 0.601975
 1195200.000000 1.940019 1.087405 1.251272 0.998958 0.629349
 1196400.000000 1.894787 1.029070 1.202779 1.067649 0.609594
 1197600.000000 1.869942 1.094834 1.310921 1.035314 0.627633
 1198800.000000 1.964475 0.985262 1.306447 0.966561 0.636044
 1200000.000000 2.100172 1.089002 1.251221 1.046484 0.595637
 1201200.000000 1.858169 1.020626 1.201462 0.979461 0.592356
 1202400.000000 1.964492 1.018401 1.313064 1.014193 0.617624
 1203600.000000 1.897672 1.093754 1.255060 0.980484 0.608061
 1204800.000000 1.990234 1.024670 1.300606 1.031447 0.579493
 1206000.000000 2.058823 1.006644 1.299174 0.999997 0.573684
 1207200.000000 1.923184 1.050060 1.162120 0.990193 0.618838
 1208400.000000 2.069137 1.003511 1.296664 1.035279 0.621633
 1209600.000000 1.986025 1.026218 1.175154 0.991315 0.597050
 1210800.000000 1.984962 1.028196 1.180685 1.069579 0.625731
 1212000.000000 1.952419 1.026523 1.273976 1.067469 0.645515
 1213200.000000 1.995950 1.013739 1.176941 1.020027 0.582976
 1214400.000000 1.950724 0.997535 1.166729 1.054977 0.608169
 1215600.000000 1.958569 1.029301 1.201490 1.080259 0.587341
 1216800.000000 1.968970 1.139910 1.197471 1.055628 0.625161
 1218000.000000 2.086015 0.983070 1.209226 0.989863 0.617101
 1219200.000000 2.011809 0.976024 1.239299 1.046074 0.625676
 1220400.000000 2.027716 1.082757 1.231781 1.010847 0.729314
 1221600.000000 1.925075 1.044847 1.254018 1.003093 0.657735
 1222800.000000 1.990791 1.065785 1.283587 0.993755 0.646601
 1224000.000000 2.043560 1.089454 1.325639 1.045958 0.592650
 1225200.000000 2.096631 1.088509 1.292177 1.045417 0.630553
 1226400.000000 1.974594 1.130049 1.254391 1.042153 0.593379
 1227600.000000 2.018716 1.035669 1.311570 1.070349 0.638862
 1228800.000000 2.051422 0.983574 1.209697 1.039898 0.592999
 1230000.000000 1.974630 1.083270 1.265472 1.022151 0.610280
 1231200.000000 1.968046 1.058135 1.250239 1.045671 0.620452
 1232400.000000 1.979761 1.093595 1.237986 1.039104 0.645652
 1233600.000000 1.929144 0.996278 1.237128 1.118531 0.625758
 1234800.000000 2.025893 1.020735 1.291020 1.019963 0.647897
 1236000.000000 1.884166 1.020796 1.141359 0.987465 0.590796
 1237200.000000 2.067960 1.021766 1.209915 0.948561 0.575164
 1238400.000000 2.042717 1.021697 1.349030 0.973589 0.557214
 1239600.000000 2.057413 1.086040 1.348179 1.035748 0.572644
 1240800.000000 2.114423 1.011933 1.188660 1.014354 0.613711
 1242000.000000 2.091959 0.967039 1.196994 0.953379 0.598584
 1243200.000000 1.998844 1.020367 1.251709 1.000300 0.566343
 1244400.000000 2.012197 0.990596 1.229323 1.044599 0.615994
 1245600.000000 2.174773 1.086387 1.282350 1.025929 0.569472
 1246800.000000 2.127375 1.103772 1.349954 1.056314 0.593251
 1248000.000000 2.151451 0.993663 1.405328 1.024063 0.598716
 1249200.000000 2.072721 1.016384 1.341455 1.039798 0.597670
 1250400.000000 2.025541 1.124425 1.272878 1.039770 0.591812
 1251600.000000 2.116550 1.101760 1.319232 0.980123 0.595879
 1252800.000000 2.102394 1.015503 1.256585 1.008297 0.602308
 1254000.000000 2.088159 1.019675 1.258361 0.961039 0.561291
 1255200.000000 2.192338 0.940748 1.221557 0.996818 0.594803
 1256400.000000 2.102774 1.022484 1.235799 1.054639 0.594079
 1257600.000000 1.978718 0.972944 1.220207 1.048068 0.659776
 1258800.000000 2.053452 1.003317 1.162938 0.994370 0.569840
 1260000.000000 2.024451 1.093849 1.263919 0.997331 0.569964
 1261200.000000 2.027103 1.043673 1.316385 0.946817 0.580962
 1262400.000000 2.103841 1.009960 1.277208 1.107710 0.599478
 1263600.000000 2.048973 1.137974 1.236208 1.000832 0.584827
 1264800.000000 2.025787 0.977179 1.259169 1.036385 0.592470
 1266000.000000 2.022401 1.134766 1.306991 1.047385 0.582110
 1267200.000000 2.028349 1.075539 1.320277 1.074571 0.617096
 1268400.000000 1.998261 1.061830 1.252081 1.000215 0.592681
 1269600.000000 2.095686 1.004922 1.323492 1.020987 0.606015
 1270800.000000 1.940477 1.033934 1.224625 0.970569 0.611717
 1272000.000000 2.024003 1.015042 1.231547 0.957650 0.579719
 1273200.000000 2.087498 0.964522 1.297304 0.963410 0.645084
 1274400.000000 2.146926 0.998725 1.355896 0.963186 0.649952
 1275600.000000 2.000392 0.956507 1.308358 1.025294 0.650352
 1276800.000000 2.045172 0.954833 1.308744 1.059964 0.549829
 1278000.000000 2.098169 1.036381 1.256259 1.042960 0.616307
 1279200.000000 2.166439 1.079120 1.234462 0.982916 0.605080
 1280400.000000 2.069451 0.999430 1.207825 0.936940 0.553252
 1281600.000000 2.063455 0.948528 1.263580 1.042012 0.590326
 1282800.000000 2.247272 1.013598 1.302277 0.983475 0.624570
 1284000.000000 2.052281 1.034088 1.281135 1.031940 0.599960
 1285200.000000 2.033646 0.954203 1.258506 1.031039 0.581425
 1286400.000000 2.046564 1.027808 1.219218 0.966277 0.568278
 1287600.000000 1.972299 1.040318 1.264479 1.122956 0.600257
 1288800.000000 1.942071 1.032611 1.198149 0.962611 0.598951
 1290000.000000 1.950157 1.015612 1.234604 1.023473 0.596522
 1291200.000000 1.854573 0.984109 1.298781 0.944534 0.612302
 1292400.000000 1.899277 0.981122 1.266089 0.994703 0.628803
 1293600.000000 1.932724 1.010859 1.157249 0.957117 0.605710
 1294800.000000 2.083476 1.074388 1.177771 0.974799 0.657135
 1296000.000000 1.935823 1.048398 1.218605 0.955753 0.592110
 1297200.000000 2.020483 1.061170 1.265554 0.972787 0.596794
 1298400.000000 2.094762 1.135508 1.193838 0.986941 0.638591
 1299600.000000 2.064191 1.025859 1.182220 0.904771 0.679753
 1300800.000000 2.111915 1.041539 1.220015 0.921043 0.679313
 1302000.000000 2.007440 1.062829 1.261717 0.944577 0.673423
 1303200.000000 2.006395 1.083436 1.148600 0.970354 0.645065
 1304400.000000 1.974837 1.155443 1.188041 0.954789 0.646112
 1305600.000000 2.132163 1.236122 1.174356 1.027270 0.668101
 1306800.000000 2.174731 0.999612 1.128082 1.022061 0.649658
 1308000.000000 2.014280 1.061611 1.185148 0.939794 0.685221
 1309200.000000 1.998635 1.106212 1.233770 0.958151 0.626620
 1310400.000000 2.008445 1.099710 1.252417 0.937218 0.659794
 1311600.000000 2.024078 1.132267 1.182880 0.950079 0.665785
 1312800.000000 2.123769 1.095218 1.238997 0.908473 0.588842
 1314000.000000 2.095373 0.981499 1.229033 0.943435 0.619414
 1315200.000000 2.135726 0.974145 1.166858 0.886162 0.671820
 1316400.000000 2.067721 1.126670 1.235710 0.946086 0.691463
 1317600.000000 2.033569 1.128165 1.267819 0.969702 0.644822
 1318800.000000 1.966747 1.083654 1.259182 0.954361 0.624570
 1320000.000000 2.027514 1.019004 1.214711 1.013402 0.647111
 1321200.000000 2.133770 1.085754 1.262209 0.924773 0.669463
 1322400.000000 2.080312 1.154246 1.238607 0.903373 0.646312
 1323600.000000 1.987833 0.967720 1.222501 0.970691 0.690529
 1324800.000000 1.961454 1.073275 1.166287 0.919900 0.632297
 1326000.000000 2.052369 1.001525 1.253919 0.915591 0.622374
 1327200.000000 2.074524 1.010854 1.244049 0.891799 0.623395
 1328400.000000 2.047451 1.160419 1.261462 0.920529 0.636158
 1329600.000000 1.915120 1.064941 1.254758 0.950046 0.635363
 1330800.000000 1.916481 1.051188 1.214945 0.932532 0.647326
 1332000.000000 1.996408 1.012479 1.281600 0.880450 0.640271
 1333200.000000 2.019623 0.998630 1.307485 0.879024 0.621992
 1334400.000000 1.939871 0.983184 1.316258 0.882025 0.658389
 1335600.000000 2.067905 1.020201 1.205681 0.945218 0.646933
 1336800.000000 2.067095 1.043308 1.271463 0.928366 0.602650
 1338000.000000 2.041283 1.027067 1.270676 0.936614 0.680816
 1339200.000000 2.066447 0.979537 1.266732 0.892589 0.606518
 1340400.000000 2.114221 1.049200 1.255051 0.887693 0.637585
 1341600.000000 2.074524 1.010854 1.244049 0.891799 0.623395
 1342800.000000 2.047451 1.160419 1.261462 0.920529 0.636158
 1344000.000000 1.915120 1.064941 1.254758 0.950046 0.635363
 1345200.000000 1.916481 1.051188 1.214945 0.932532 0.647326
 1346400.000000 1.996408 1.012479 1.281600 0.880450 0.640271
 1347600.000000 2.019623 0.998630 1.307485 0.879024 0.621992
 1348800.000000 1.939871 0.983184 1.316258 0.882025 0.658389
 1350000.000000 2.067905 1.020201 1.205681 0.945218 0.646933
 1351200.000000 2.067095 1.043308 1.271463 0.928366 0.602650
 1352400.000000 2.041283 1.027067 1.270676 0.936614 0.680816
 1353600.000000 2.066447 0.979537 1.266732 0.892589 0.606518
 1354800.000000 2.114221 1.049200 1.255051 0.887693 0.637585
 1356000.000000 1.976535 1.073808 1.170122 0.879554 0.631995
 1357200.000000 2.048196 1.154291 1.164106 0.909983 0.628292
 1358400.000000 1.999337 1.108370 1.167004 0.968146 0.621672
 1359600.000000 2.164362 1.221131 1.216705 0.962650 0.642624
 1360800.000000 2.128508 1.177216 1.252086 0.894470 0.636403
 1362000.000000 2.048402 1.258460 1.280067 0.961352 0.659209
 1363200.000000 2.034654 1.294927 1.302080 0.931348 0.610352
 1364400.000000 2.123094 1.126203 1.249242 0.875565 0.644371
 1365600.000000 2.116335 1.224857 1.332657 0.917010 0.645031
 1366800.000000 2.114079 1.165142 1.303913 0.878662 0.675946
 1368000.000000 2.041890 1.153630 1.223119 0.889290 0.627492
 1369200.000000 1.951193 1.103225 1.326512 0.929459 0.658783
 1370400.000000 2.013173 1.104096 1.297226 0.898959 0.673875
 1371600.000000 2.019049 1.101849 1.248685 0.847450 0.648815
 1372800.000000 2.087958 0.987043 1.282670 0.881643 0.658020
 1374000.000000 2.131964 0.998521 1.284955 0.858469 0.655578
 1375200.000000 2.088311 1.058475 1.268699 0.889780 0.628893
 1376400.000000 2.118639 1.094708 1.305919 0.849810 0.648929
 1377600.000000 2.106545 1.020705 1.333059 0.863972 0.623441
 1378800.000000 1.941870 1.164889 1.314393 0.909694 0.642421
 1380000.000000 2.053778 1.134370 1.235973 0.921493 0.627634
 1381200.000000 1.940926 1.134838 1.264731 0.889986 0.672176
 1382400.000000 2.018967 1.038858 1.241251 0.941274 0.608924
 1383600.000000 2.070303 1.025135 1.320765 0.951396 0.585760
 1384800.000000 2.222797 1.098646 1.284346 0.975302 0.657759
 1386000.000000 2.065988 1.084763 1.243292 0.939207 0.680384
 1387200.000000 2.041692 1.182216 1.251404 0.944045 0.650078
 1388400.000000 2.028557 1.121626 1.277242 0.994076 0.666419
 1389600.000000 1.985364 1.142062 1.242624 0.936155 0.667031
 1390800.000000 1.913587 1.153631 1.263757 0.973152 0.674356
 1392000.000000 2.031636 1.019465 1.252189 0.923390 0.610464
 1393200.000000 2.100226 1.054200 1.123988 0.910199 0.599807
 1394400.000000 2.064482 1.022740 1.203492 1.005223 0.616794
 1395600.000000 2.127502 1.059728 1.209599 0.881601 0.626366
 1396800.000000 2.044479 0.998577 1.186296 0.885653 0.682254
 1398000.000000 2.178488 1.005856 1.201001 0.913097 0.655159
 1399200.000000 2.085188 0.994638 1.193315 0.924480 0.700524
 1400400.000000 2.277847 0.938900 1.194948 0.967611 0.649355
 1401600.000000 2.229943 1.023431 1.285516 0.880085 0.673135
 1402800.000000 2.041671 1.009716 1.165421 0.882911 0.621495
 1404000.000000 2.112297 0.976612 1.230488 0.971741 0.643587
 1405200.000000 2.034068 0.958104 1.239294 0.855272 0.608813
 1406400.000000 2.100418 1.011912 1.190575 0.827796 0.650957
 1407600.000000 2.092118 1.037725 1.267281 0.903359 0.661504
 1408800.000000 2.187791 1.026163 1.229627 0.938696 0.672955
 1410000.000000 2.148269 1.013948 1.249653 0.914007 0.678793
 1411200.000000 1.989876 1.022803 1.323681 0.900846 0.715043
 1412400.000000 2.151980 1.097244 1.239281 0.872957 0.663415
 1413600.000000 2.208620 0.949605 1.236616 0.900712 0.619304
 1414800.000000 2.127874 0.991117 1.100213 0.927635 0.624338
 1416000.000000 2.078347 0.956688 1.154460 0.964535 0.670794
 1417200.000000 2.006694 1.019235 1.240828 0.914696 0.618712
 1418400.000000 2.055974 0.943769 1.174047 0.934799 0.641869
 1419600.000000 2.099199 0.992552 1.195289 0.944803 0.641760
 1420800.000000 2.096865 1.050397 1.170473 0.917131 0.693329
 1422000.000000 2.163332 0.991428 1.192070 0.873416 0.608409
 1423200.000000 2.004846 1.010416 1.233635 0.902161 0.618502
 1424400.000000 1.992663 0.990069 1.249189 0.884655 0.599108
 1425600.000000 2.001852 1.024823 1.300434 0.877981 0.620321
 1426800.000000 2.026385 0.970325 1.296096 0.960196 0.624902
 1428000.000000 2.049578 0.951256 1.290586 0.911677 0.626526
 1429200.000000 1.954962 1.149056 1.188492 0.884580 0.656677
 1430400.000000 2.054884 1.108342 1.230732 0.958986 0.650694
 1431600.000000 2.059494 0.997115 1.198510 0.880092 0.671748
 1432800.000000 2.019966 0.965015 1.258082 0.920161 0.699444
 1434000.000000 2.050981 0.916703 1.307210 0.892850 0.658683
 1435200.000000 1.987809 0.986159 1.293686 0.879192 0.628927
 1436400.000000 1.931625 1.046511 1.245071 0.870717 0.668262
 1437600.000000 2.048134 1.041229 1.224216 0.920442 0.613778
 1438800.000000 1.831135 1.099159 1.196230 0.893472 0.620455
 1440000.000000 2.079854 0.952273 1.234682 0.895681 0.640371
 1441200.000000 1.959297 1.006361 1.336014 0.900564 0.665384
 1442400.000000 2.033493 0.988721 1.277581 0.969165 0.628287
 1443600.000000 1.977397 0.924108 1.337983 0.915683 0.623798
 1444800.000000 1.989134 0.971041 1.302323 0.877404 0.664602
 1446000.000000 1.945384 0.988515 1.295428 0.985266 0.700968
 1447200.000000 1.988192 1.002558 1.232390 0.994141 0.653449
 1448400.000000 1.927960 1.046863 1.358884 0.943635 0.686796
 1449600.000000 2.113487 1.009794 1.233033 0.932300 0.638669
 1450800.000000 1.983781 0.991355 1.220324 0.885600 0.628394
 1452000.000000 1.803019 0.987731 1.248487 0.903206 0.670601
 1453200.000000 1.928303 0.949211 1.217665 0.907676 0.652672
 1454400.000000 2.004871 1.070194 1.264309 0.945573 0.658016
 1455600.000000 2.097487 0.980981 1.262665 0.926705 0.632433
 1456800.000000 2.083550 1.156993 1.212026 0.933590 0.657667
 1458000.000000 2.033985 1.049443 1.215410 0.877439 0.677542
 1459200.000000 2.090874 1.093461 1.201484 0.875477 0.638515
 1460400.000000 1.920689 0.999489 1.211546 0.889378 0.666955
 1461600.000000 2.027205 1.067377 1.203845 0.918185 0.601058
 1462800.000000 2.027380 1.003184 1.266878 0.946824 0.656191
 1464000.000000 2.189890 1.001827 1.177479 0.882281 0.661529
 1465200.000000 2.178163 0.976282 1.231885 0.930514 0.653405
 1466400.000000 2.014695 0.965189 1.273850 0.908169 0.683786
 1467600.000000 2.170708 1.123403 1.165219 0.882190 0.668848
 1468800.000000 2.045968 1.101116 1.222259 0.984426 0.607959
 1470000.000000 2.073147 0.987954 1.258678 1.011355 0.588621
 1471200.000000 2.104925 1.076859 1.390007 0.934479 0.542349
 1472400.000000 2.093866 0.968112 1.160849 0.938877 0.570462
 1473600.000000 1.992593 1.113582 1.284530 0.939104 0.583263
 1474800.000000 2.159202 1.004129 1.213832 0.893850 0.563503
 1476000.000000 2.080732 0.982353 1.191168 0.916074 0.611481
 1477200.000000 2.014450 1.031502 1.279067 0.936443 0.619578
 1478400.000000 2.157175 0.944179 1.234837 0.872447 0.634279
 1479600.000000 2.101749 0.915525 1.259964 0.870328 0.620320
 1480800.000000 2.166643 0.948467 1.255755 0.898113 0.603266
 1482000.000000 2.188681 1.078237 1.200257 0.933823 0.631922
 1483200.000000 2.038546 1.147690 1.241358 0.933084 0.634728
 1484400.000000 2.080443 1.079842 1.124366 0.960968 0.607845
 1485600.000000 2.048491 1.147248 1.202989 0.980143 0.633580
 1486800.000000 2.084010 1.053457 1.191302 0.944262 0.638140
 1488000.000000 2.221708 1.000914 1.188923 0.941188 0.685630
 1489200.000000 2.057216 1.020188 1.128141 0.904918 0.654356
 1490400.000000 2.071063 0.988450 1.195764 0.989765 0.668900
 1491600.000000 2.083829 1.123417 1.187952 0.974713 0.621994
 1492800.000000 1.931601 1.088758 1.192953 1.002710 0.664369
 1494000.000000 2.094505 1.004073 1.264169 0.982614 0.651557
 1495200.000000 2.017647 0.973873 1.196904 0.967615 0.557301
 1496400.000000 2.172987 1.117045 1.233112 1.006935 0.571991
 1497600.000000 2.116287 1.053680 1.249436 0.946121 0.598905
 1498800.000000 2.023902 1.054735 1.189868 0.918755 0.604459
 1500000.000000 2.143154 1.007737 1.189022 0.928369 0.574914
 1501200.000000 2.088179 1.099995 1.228572 0.923623 0.617836
 1502400.000000 2.077805 0.974873 1.217607 0.899937 0.645511
 1503600.000000 2.191743 0.955215 1.267914 0.927359 0.590260
 1504800.000000 2.135271 0.943370 1.283425 0.887480 0.604183
 1506000.000000 2.184980 0.952874 1.158592 0.943654 0.610744
 1507200.000000 2.209508 0.910023 1.347260 0.944281 0.636753
 1508400.000000 2.233681 0.882722 1.312647 0.897137 0.638329
 1509600.000000 2.111516 0.910438 1.257032 0.894603 0.661446
 1510800.000000 2.175987 1.007170 1.246757 0.924773 0.669286
 1512000.000000 2.181140 1.029206 1.325696 0.873624 0.560300
 1513200.000000 2.109921 1.039839 1.246019 0.952059 0.578462
 1514400.000000 2.081706 1.050829 1.201724 0.975204 0.600631
 1515600.000000 2.124671 0.998221 1.195012 0.959721 0.613830
 1516800.000000 2.150326 0.970787 1.183933 0.964212 0.615113
 1518000.000000 2.097084 1.062255 1.133294 0.916987 0.625836
 1519200.000000 2.204911 0.981552 1.401735 0.961784 0.609091
 1520400.000000 2.207400 0.990663 1.267372 0.983229 0.615154
 1521600.000000 2.090836 0.998503 1.241250 1.001331 0.595890
 1522800.000000 2.187254 0.950691 1.399702 0.977381 0.607746
 1524000.000000 2.122582 0.960113 1.185918 0.932728 0.582610
 1525200.000000 2.205192 0.978772 1.270264 0.897395 0.629504
 1526400.000000 2.207572 1.032606 1.269908 0.916823 0.651503
 1527600.000000 2.111718 1.025050 1.250658 0.888543 0.639973
 1528800.000000 2.317661 0.897748 1.248876 0.902750 0.596669
 1530000.000000 2.094991 0.980715 1.282562 0.878306 0.592133
 1531200.000000 2.111637 1.020520 1.231632 0.876174 0.560692
 1532400.000000 2.185964 0.931252 1.214131 0.877387 0.644810
 1533600.000000 2.176215 1.041057 1.282646 0.906909 0.580836
 1534800.000000 2.153120 0.970265 1.172263 0.902972 0.575621
 1536000.000000 2.055767 0.976994 1.139008 0.907484 0.616393
 1537200.000000 2.076847 0.982211 1.210589 0.876044 0.583169
 1538400.000000 2.128595 1.065036 1.205604 0.865091 0.578847
 1539600.000000 2.297828 1.035010 1.239585 0.952502 0.641577
 1540800.000000 2.354061 0.968377 1.141064 0.923974 0.681171
 1542000.000000 2.112645 1.073666 1.197047 1.050829 0.690344
 1543200.000000 2.369209 0.797287 1.196703 0.915964 0.657506
 1544400.000000 2.344518 1.010417 1.228857 0.881613 0.617028
 1545600.000000 2.282032 1.114525 1.186786 0.903296 0.599777
 1546800.000000 2.226332 1.023410 1.231986 0.912673 0.615861
 1548000.000000 2.196419 0.972433 1.207984 0.874767 0.630166
 1549200.000000 2.078291 1.084422 1.309798 0.927807 0.590387
 1550400.000000 2.159357 1.090726 1.234652 0.971107 0.585728
 1551600.000000 2.014156 0.995166 1.256730 0.964727 0.582092
 1552800.000000 2.082247 1.083944 1.195368 0.914558 0.641843
 1554000.000000 2.129961 0.974479 1.214428 0.873970 0.590746
 1555200.000000 2.169980 1.041026 1.062210 0.897276 0.617934
 1556400.000000 2.072224 0.996271 1.162852 0.884358 0.646025
 1557600.000000 2.211102 0.978312 1.153356 0.814001 0.638643
 1558800.000000 2.142123 1.011022 1.304764 0.911962 0.634435
 1560000.000000 2.108441 0.919987 1.227693 0.925705 0.634909
 1561200.000000 2.195151 0.979436 1.250367 0.901158 0.602949
 1562400.000000 2.045515 0.966281 1.205827 0.881903 0.619719
 1563600.000000 2.032174 0.996181 1.195993 0.879240 0.576213
 1564800.000000 2.227415 0.956713 1.244689 0.895703 0.606622
 1566000.000000 2.106131 1.001550 1.188422 0.872181 0.606542
 1567200.000000 2.268646 0.956501 1.239868 0.931009 0.634816
 1568400.000000 2.221662 1.007026 1.192922 0.879929 0.596451
 1569600.000000 2.193265 1.033082 1.226723 0.947693 0.572319
 1570800.000000 2.067106 1.096314 1.174695 0.929210 0.567355
 1572000.000000 2.123212 1.085537 1.279720 0.907854 0.611782
 1573200.000000 2.067490 1.025308 1.100583 0.877056 0.582229
 1574400.000000 2.169316 1.024985 1.141759 0.866027 0.558754
 1575600.000000 2.147593 1.038735 1.100321 0.869830 0.567866
 1576800.000000 2.042204 0.999719 1.095618 0.902953 0.571466
 1578000.000000 2.231687 0.990358 1.127453 0.881648 0.611139
 1579200.000000 2.266288 0.997307 1.231449 1.015991 0.591969
 1580400.000000 2.353170 0.967189 1.105794 0.928905 0.562502
 1581600.000000 2.133353 0.979730 1.205952 0.983024 0.632101
 1582800.000000 2.220950 1.055889 1.086725 0.884770 0.567032
 1584000.000000 2.087536 0.984530 1.161406 0.943408 0.593840
 1585200.000000 2.177343 1.030589 1.225962 0.919884 0.574880
 1586400.000000 2.321197 1.059835 1.133927 0.910095 0.625225
 1587600.000000 2.226291 0.933487 1.264024 0.920437 0.559051
 1588800.000000 2.125191 1.024332 1.270900 1.004620 0.577240
 1590000.000000 2.167041 0.938700 1.036260 0.951899 0.573638
 1591200.000000 2.145146 1.072704 1.184698 0.924303 0.651128
 1592400.000000 2.123544 1.050756 1.176596 0.923793 0.608446
 1593600.000000 2.247026 1.006413 1.316156 0.940309 0.573884
 1594800.000000 2.242460 0.951074 1.214568 0.945804 0.563105
 1596000.000000 2.064394 0.960410 1.181535 1.000195 0.577113
 1597200.000000 2.109919 1.003662 1.166831 0.965557 0.605624
 1598400.000000 2.017348 0.936429 1.286530 0.992111 0.596951
 1599600.000000 2.219293 0.978974 1.260070 0.937663 0.561358
 1600800.000000 2.158138 0.984012 1.233595 0.965826 0.665739
 1602000.000000 2.101846 0.940592 1.271781 1.020152 0.599977
 1603200.000000 2.142455 0.994401 1.307781 1.005625 0.597000
 1604400.000000 2.084835 1.014607 1.226537 1.017688 0.607247
 1605600.000000 2.100827 1.199928 1.163781 1.011410 0.591614
 1606800.000000 2.155154 1.077515 1.137213 1.028123 0.593806
 1608000.000000 2.070465 0.985239 1.245823 0.970574 0.605853
 1609200.000000 2.134633 1.037457 1.154363 1.052426 0.632419
 1610400.000000 1.942818 1.050387 1.228890 1.023374 0.594828
 1611600.000000 2.080384 1.124855 1.293745 1.067747 0.600641
 1612800.000000 2.071898 1.183654 1.219700 0.989004 0.622675
 1614000.000000 2.014834 1.093820 1.345875 0.976273 0.567735
 1615200.000000 2.054620 1.096313 1.290670 0.955656 0.594200
 1616400.000000 2.069801 1.074004 1.340509 0.959732 0.581660
 1617600.000000 2.014286 0.968445 1.255726 1.088437 0.663782
 1618800.000000 1.944544 1.137444 1.262666 1.013139 0.595255
 1620000.000000 2.087156 1.055002 1.131274 0.925935 0.625362
 1621200.000000 2.025370 1.039649 1.213930 0.973568 0.574352
 1622400.000000 1.885304 1.056470 1.252234 0.979880 0.575276
 1623600.000000 2.090866 1.017445 1.221301 1.011929 0.577203
 1624800.000000 2.063914 1.064743 1.118389 0.948597 0.604895
 1626000.000000 2.150311 0.988618 1.192915 0.930673 0.606462
 1627200.000000 2.035840 1.019970 1.230369 0.962470 0.612921
 1628400.000000 1.975509 0.990761 1.234182 1.066227 0.698114
 1629600.000000 2.002396 1.140721 1.091618 0.938846 0.579380
 1630800.000000 2.033692 1.146957 1.109886 0.919092 0.561127
 1632000.000000 2.041806 1.195604 1.225288 0.879643 0.586269
 1633200.000000 1.910168 1.143962 1.195039 0.961599 0.585087
 1634400.000000 2.047695 1.132925 1.333760 0.963797 0.586745
 1635600.000000 2.036207 1.089944 1.165871 0.997333 0.578255
 1636800.000000 2.043839 1.035169 1.262895 0.943448 0.590634
 1638000.000000 1.961058 1.107332 1.176941 0.907182 0.587354
 1639200.000000 2.043277 1.073102 1.186196 0.991210 0.557233
 1640400.000000 1.983954 1.281833 1.212632 0.951597 0.592818
 1641600.000000 2.107155 1.082024 1.268379 0.945653 0.555209
 1642800.000000 2.006116 1.121872 1.238741 0.950596 0.566537
 1644000.000000 2.109295 1.081997 1.142719 0.966966 0.568549
 1645200.000000 2.084076 1.120659 1.170619 0.867214 0.597439
 1646400.000000 2.040059 1.132386 1.216155 0.990426 0.594529
 1647600.000000 2.054398 1.124479 1.266116 0.974506 0.583168
 1648800.000000 2.030599 1.068228 1.279082 0.970077 0.601212
 1650000.000000 2.168687 1.097671 1.210842 0.977698 0.609026
 1651200.000000 2.142918 1.139423 1.231899 1.021190 0.651109
 1652400.000000 2.171511 1.155402 1.258182 0.912157 0.621581
 1653600.000000 2.197520 1.111450 1.207500 1.005824 0.571360
 1654800.000000 2.215666 1.071588 1.255518 0.909177 0.609324
 1656000.000000 2.139002 1.076042 1.266653 0.890082 0.636719
 1657200.000000 2.092449 1.095787 1.198206 0.996914 0.575087
 1658400.000000 2.095029 1.158733 1.232526 0.972623 0.663953
 1659600.000000 2.078646 1.150789 1.247608 0.940825 0.579686
 1660800.000000 1.994871 1.201022 1.270896 0.964846 0.651635
 1662000.000000 2.027055 1.133795 1.209547 0.983108 0.618178
 1663200.000000 2.130471 1.134101 1.203163 0.950386 0.612354
 1664400.000000 2.114689 1.148623 1.242244 0.951128 0.607166
 1665600.000000 2.184309 1.137338 1.246256 0.972448 0.643973
 1666800.000000 2.155509 1.048161 1.230888 0.953075 0.628179
 1668000.000000 2.181800 1.091592 1.282358 0.983735 0.597675
 1669200.000000 2.164751 1.109482 1.167497 0.939794 0.598782
 1670400.000000 1.983194 1.118469 1.190223 0.970826 0.641302
 1671600.000000 2.080798 1.046838 1.241808 0.950116 0.580938
 1672800.000000 2.000465 1.050762 1.240651 0.977379 0.572680
 1674000.000000 1.959180 1.129539 1.221992 0.946742 0.623902
 1675200.000000 1.976188 1.126075 1.257191 0.966856 0.575189
 1676400.000000 1.972482 1.163099 1.170947 0.996815 0.630490
 1677600.000000 2.052032 1.105335 1.208376 0.952082 0.635005
 1678800.000000 1.986036 1.011356 1.198850 0.950109 0.623733
 1680000.000000 2.037629 1.136120 1.302448 1.008686 0.607240
 1681200.000000 2.004350 1.051567 1.262369 1.027688 0.624401
 1682400.000000 2.044965 1.035896 1.234830 1.034830 0.682181
 1683600.000000 2.068231 1.172436 1.203197 0.951702 0.645759
 1684800.000000 1.959755 1.075222 1.275988 0.970810 0.641008
 1686000.000000 1.999318 1.115816 1.264320 1.011414 0.628139
 1687200.000000 1.977705 1.150047 1.277726 0.968378 0.618721
 1688400.000000 2.001626 1.065282 1.343112 1.010952 0.593196
 1689600.000000 1.902069 1.147293 1.206908 0.985096 0.576575
 1690800.000000 1.913115 1.181093 1.257020 1.025055 0.608518
 1692000.000000 1.905708 1.020442 1.248754 1.054891 0.644487
 1693200.000000 1.972746 0.938063 1.236379 1.052762 0.588473
 1694400.000000 1.864947 0.992208 1.311674 1.040688 0.584983
 1695600.000000 2.028944 1.136765 1.274365 0.958147 0.632038
 1696800.000000 2.041763 1.143317 1.252635 1.020291 0.621508
 1698000.000000 2.038155 1.044036 1.223831 1.141295 0.585455
 1699200.000000 2.049163 1.055805 1.368748 1.034166 0.564972
 1700400.000000 1.831789 0.946516 1.268653 1.056510 0.593205
 1701600.000000 2.026015 1.034913 1.285838 1.029340 0.611062
 1702800.000000 1.852429 1.040974 1.288789 1.038669 0.674948
 1704000.000000 2.036268 1.027837 1.268534 1.054653 0.599121
 1705200.000000 1.993727 1.008502 1.288566 1.017368 0.630827
 1706400.000000 2.032753 0.935439 1.218797 0.994981 0.684386
 1707600.000000 1.971114 0.986471 1.241339 1.019593 0.624615
 1708800.000000 1.995992 1.022253 1.241765 1.020209 0.673933
 1710000.000000 1.899597 1.074967 1.269885 1.038843 0.614929
 1711200.000000 1.954139 0.972623 1.364454 1.025551 0.674111
 1712400.000000 2.042187 1.006695 1.220579 0.988514 0.638200
 1713600.000000 1.971571 1.022275 1.292951 1.022133 0.649688
 1714800.000000 1.827250 1.003136 1.334334 0.994672 0.583818
 1716000.000000 1.877357 1.134350 1.250594 0.965054 0.603901
 1717200.000000 2.005978 0.968825 1.331110 0.978914 0.657639
 1718400.000000 2.004831 0.997106 1.268970 0.906891 0.652730
 1719600.000000 1.974925 1.123997 1.234459 0.957669 0.640767
 1720800.000000 2.087677 0.881833 1.223169 1.011761 0.625803
 1722000.000000 1.961825 1.127924 1.311884 0.956910 0.645367
 1723200.000000 2.023671 0.980074 1.260991 1.040496 0.611045
 1724400.000000 1.815946 1.072520 1.295091 1.094225 0.662166
 1725600.000000 1.967225 1.006810 1.331086 0.993722 0.643415
 1726800.000000 1.897631 1.050780 1.297885 1.012715 0.607419
 1728000.000000 1.712357 1.058473 1.271768 1.077399 0.652104
 1729200.000000 1.820336 1.002073 1.273699 0.957684 0.615373
 1730400.000000 1.919698 1.000842 1.296840 1.028158 0.640930
 1731600.000000 1.883429 0.979043 1.213682 0.974626 0.611148
 1732800.000000 1.897688 1.027105 1.244798 1.023603 0.664878
 1734000.000000 2.000594 1.069322 1.297143 1.005506 0.595531
 1735200.000000 2.091339 1.053837 1.366790 1.000556 0.576740
 1736400.000000 1.882299 0.973994 1.255618 1.117080 0.586023
 1737600.000000 1.907156 1.072606 1.282843 0.957912 0.606352
 1738800.000000 1.889803 1.046048 1.216590 1.057646 0.623887
 1740000.000000 1.772933 1.151403 1.301893 1.011607 0.681920
 1741200.000000 1.745574 1.103554 1.290916 1.054981 0.662931
 1742400.000000 1.860753 0.978382 1.281236 1.038906 0.613221
 1743600.000000 1.864894 1.104850 1.204496 1.067433 0.607511
 1744800.000000 1.788631 0.950828 1.285840 1.066311 0.637252
 1746000.000000 1.903196 1.103001 1.220633 1.066224 0.637822
 1747200.000000 1.919518 1.019717 1.293113 1.053897 0.665579
 1748400.000000 1.848555 1.003008 1.299269 1.091539 0.631056
 1749600.000000 2.031778 1.004644 1.182430 1.033413 0.631048
 1750800.000000 1.894343 1.044581 1.319651 1.029790 0.653379
 1752000.000000 1.887175 1.125923 1.288381 1.099862 0.702850
 1753200.000000 1.881058 1.049217 1.179146 0.958569 0.632311
 1754400.000000 1.842832 1.067723 1.182501 0.970671 0.555807
 1755600.000000 1.961642 1.085754 1.208302 1.085565 0.627697
 1756800.000000 2.028877 1.042649 1.249607 1.024550 0.666975
 1758000.000000 1.945691 1.033217 1.239875 1.101761 0.714138
 1759200.000000 1.833016 1.119857 1.245801 1.049137 0.601821
 1760400.000000 1.865078 1.099173 1.274170 1.046242 0.651963
 1761600.000000 1.870347 1.184278 1.300960 1.016878 0.602906
 1762800.000000 1.885761 1.075088 1.303491 1.013813 0.597640
 1764000.000000 1.986639 0.988543 1.252646 0.975025 0.570778
 1765200.000000 1.916302 1.071152 1.245006 0.979975 0.625507
 1766400.000000 1.796704 1.176199 1.332515 1.078681 0.585376
 1767600.000000 1.848098 0.984674 1.198686 0.969455 0.592796
 1768800.000000 1.979216 1.067143 1.254204 1.060326 0.647531
 1770000.000000 1.922675 1.172548 1.179055 1.028425 0.595510
 1771200.000000 1.981961 1.146422 1.321161 1.050039 0.592085
 1772400.000000 1.918014 1.105632 1.126740 1.076188 0.589191
 1773600.000000 1.919835 1.022241 1.277591 1.086033 0.647438
 1774800.000000 1.776184 1.125630 1.132791 1.039444 0.671199
 1776000.000000 1.880240 1.039128 1.246283 1.072715 0.669541
 1777200.000000 1.918488 1.064061 1.263225 1.055601 0.626482
 1778400.000000 1.877610 1.105592 1.235724 1.071725 0.682327
 1779600.000000 1.802295 1.155230 1.173410 1.049524 0.594268
 1780800.000000 1.719571 1.123002 1.192658 1.199678 0.651644
 1782000.000000 1.833003 1.172283 1.155653 0.997193 0.623046
 1783200.000000 1.861244 1.154259 1.100432 1.076730 0.654371
 1784400.000000 1.661540 1.161159 1.212168 0.976646 0.644192
 1785600.000000 1.942067 1.138822 1.164799 1.004740 0.602722
 1786800.000000 1.965762 1.204507 1.182635 1.016822 0.621228
 1788000.000000 2.000023 1.089408 1.167193 1.002058 0.629598
 1789200.000000 1.944463 1.124501 1.133464 0.949469 0.641162
 1790400.000000 2.025752 0.997967 1.259256 1.026899 0.619728
 1791600.000000 2.018501 1.069608 1.257781 1.001567 0.575763
 1792800.000000 1.955336 1.098724 1.170443 1.006344 0.544139
 1794000.000000 1.986804 1.104256 1.184402 1.030714 0.574269
 1795200.000000 2.066381 0.989580 1.202401 0.993402 0.572669
 1796400.000000 2.010358 1.149973 1.267462 1.088912 0.605180
 1797600.000000 1.954426 0.988603 1.170836 1.029677 0.595333
 1798800.000000 1.993989 1.003116 1.192060 0.944327 0.595067
 1800000.000000 1.962065 0.972751 1.261035 0.950739 0.598055
 1801200.000000 1.958926 0.992821 1.221427 1.120648 0.614741
 1802400.000000 1.856924 1.015833 1.251898 1.113065 0.581473
 1803600.000000 1.947691 1.148744 1.199512 1.108567 0.545761
 1804800.000000 1.819071 1.105652 1.337424 1.125568 0.652253
 1806000.000000 1.869344 1.110179 1.278317 1.154003 0.649660
 1807200.000000 1.974695 1.105402 1.237548 1.233015 0.621641
 1808400.000000 2.005683 1.085757 1.227018 1.128472 0.644925
 1809600.000000 1.904513 0.953252 1.275167 1.183689 0.616437
 1810800.000000 1.801794 0.997467 1.263958 0.973210 0.585314
 1812000.000000 1.774496 1.063561 1.298050 1.188196 0.605270
 1813200.000000 1.995580 1.023854 1.309313 1.115190 0.575232
 1814400.000000 1.938504 1.146669 1.221000 1.099618 0.604044
 1815600.000000 1.814114 1.146575 1.159284 1.071132 0.646018
 1816800.000000 1.874928 1.112674 1.258649 1.113362 0.632494
 1818000.000000 1.900879 1.109070 1.206395 0.994243 0.644912
 1819200.000000 1.838915 1.096675 1.170652 1.073017 0.643874
 1820400.000000 2.002472 1.053185 1.191313 1.087768 0.643133
 1821600.000000 1.838397 1.115864 1.193740 1.056568 0.606779
 1822800.000000 2.028326 1.018761 1.192913 1.014982 0.625993
 1824000.000000 2.052019 1.036632 1.254002 1.008957 0.601352
 1825200.000000 2.015009 1.100624 1.228963 1.027204 0.613046
 1826400.000000 1.902932 1.041689 1.223905 1.091532 0.634409
 1827600.000000 1.965385 1.067878 1.201184 1.006462 0.631512
 1828800.000000 1.909656 1.024375 1.231676 1.030895 0.602079
 1830000.000000 1.885898 1.083563 1.238368 1.012838 0.580966
 1831200.000000 1.885102 1.043105 1.220594 0.983166 0.593776
 1832400.000000 1.891913 1.085491 1.198000 1.028484 0.705636
 1833600.000000 2.148833 1.088341 1.227401 1.041332 0.637715
 1834800.000000 1.943774 1.129964 1.269451 1.053879 0.648218
 1836000.000000 1.874637 1.074699 1.245468 1.076592 0.616002
 1837200.000000 1.923183 1.041189 1.225541 1.062662 0.658687
 1838400.000000 1.924599 1.061571 1.272840 1.026464 0.612448
 1839600.000000 1.810616 1.042759 1.276046 1.011175 0.633098
 1840800.000000 1.844816 1.164507 1.259579 1.023451 0.616571
 1842000.000000 2.062661 1.054220 1.260747 1.075284 0.608436
 1843200.000000 1.919086 1.122713 1.224050 1.132613 0.613366
 1844400.000000 1.930653 1.111524 1.223731 0.978346 0.628818
 1845600.000000 1.867435 1.122355 1.234017 1.014931 0.653336
 1846800.000000 1.876854 1.038253 1.207092 1.028691 0.627778
 1848000.000000 1.946475 1.130021 1.137839 0.984721 0.650908
 1849200.000000 1.877078 1.134420 1.295836 1.073095 0.654003
 1850400.000000 1.833468 1.116232 1.201223 1.028663 0.649151
 1851600.000000 1.832092 1.053943 1.249207 1.056346 0.623743
 1852800.000000 1.882095 1.051232 1.269772 0.986338 0.622184
 1854000.000000 1.991446 1.045398 1.220056 1.001593 0.658017
 1855200.000000 1.932132 1.063778 1.235434 1.155209 0.674250
 1856400.000000 2.009427 1.006007 1.274594 1.086043 0.582188
 1857600.000000 1.968153 1.038906 1.291985 1.024808 0.597851
 1858800.000000 1.906044 1.056326 1.326084 1.045604 0.603852
 1860000.000000 1.952231 1.094083 1.273237 1.016093 0.677546
 1861200.000000 2.035574 1.058589 1.318852 1.020287 0.614862
 1862400.000000 1.975436 1.031282 1.319273 1.063771 0.656164
 1863600.000000 1.899585 1.005343 1.297695 1.021522 0.682846
 1864800.000000 1.986441 1.035670 1.318713 1.040715 0.648250
 1866000.000000 1.958686 1.052622 1.237392 1.069244 0.668914
 1867200.000000 2.009249 1.019566 1.272300 1.022020 0.664747
 1868400.000000 1.955416 1.093816 1.256563 1.045901 0.637827
 1869600.000000 1.985747 1.136888 1.202704 1.025513 0.628409
 1870800.000000 1.922609 1.013211 1.224945 1.055072 0.652360
 1872000.000000 1.995165 1.108483 1.297239 1.019607 0.582643
 1873200.000000 2.048217 1.126025 1.245427 0.967857 0.646654
 1874400.000000 1.953386 1.177110 1.247641 1.016918 0.610909
 1875600.000000 1.917515 1.123082 1.183122 0.995492 0.672194
 1876800.000000 1.839453 1.146821 1.322180 1.079419 0.623014
 1878000.000000 1.861293 1.139143 1.136765 1.057797 0.619409
 1879200.000000 1.899634 1.074998 1.244498 1.112010 0.597591
 1880400.000000 1.748443 1.122811 1.210886 1.045352 0.636959
 1881600.000000 1.941175 1.052177 1.267001 0.884465 0.668651
 1882800.000000 1.804697 1.103062 1.167814 0.935601 0.671050
 1884000.000000 1.894168 1.202435 1.223411 1.010669 0.630923
 1885200.000000 1.793721 0.994821 1.330393 1.062497 0.666264
 1886400.000000 1.937099 1.165366 1.257287 0.993353 0.698271
 1887600.000000 1.903748 1.037591 1.230261 1.025830 0.646929
 1888800.000000 1.720461 1.087925 1.145250 1.045907 0.682453
 1890000.000000 1.980379 1.039051 1.181955 1.112198 0.655427
 1891200.000000 1.795412 1.091676 1.195820 1.018813 0.623959
 1892400.000000 1.879439 1.081537 1.250745 1.069531 0.666924
 1893600.000000 1.803842 1.211139 1.259164 1.051027 0.634586
 1894800.000000 1.969408 1.133051 1.232229 1.047502 0.649279
 1896000.000000 1.938114 1.093904 1.298033 0.949267 0.646903
 1897200.000000 1.955824 1.041956 1.293074 1.105502 0.624813
 1898400.000000 1.948836 1.128174 1.211011 0.969596 0.656867
 1899600.000000 1.942316 1.133956 1.252399 0.911082 0.648814
 1900800.000000 1.988741 1.032498 1.189795 1.024142 0.633514
 1902000.000000 1.781634 1.163163 1.163634 0.996715 0.645959
 1903200.000000 1.903824 1.171858 1.260606 1.057436 0.641531
 1904400.000000 1.791622 1.045767 1.250827 0.997703 0.639101
 1905600.000000 1.855481 1.135072 1.217482 1.018718 0.665813
 1906800.000000 1.868937 1.167841 1.233825 1.006047 0.599587
 1908000.000000 1.976351 1.135949 1.153142 0.972802 0.610246
 1909200.000000 1.912591 1.122320 1.181694 1.011942 0.615248
 1910400.000000 1.968470 1.157419 1.349380 0.995090 0.629305
 1911600.000000 1.929023 1.069412 1.191049 0.987340 0.577438
 1912800.000000 1.848864 1.102265 1.190896 0.978470 0.604886
 1914000.000000 1.917162 1.135729 1.219074 0.989388 0.599156
 1915200.000000 1.850216 1.180939 1.226958 1.032490 0.633335
 1916400.000000 1.985348 1.086093 1.260265 1.054594 0.590322
 1917600.000000 1.923527 1.086975 1.238125 0.923624 0.600069
 1918800.000000 1.927093 1.123812 1.226363 0.969862 0.587865
 1920000.000000 1.915497 1.023915 1.203926 0.913509 0.604883
 1921200.000000 1.960542 1.138264 1.180716 0.917118 0.574568
 1922400.000000 2.010723 1.021883 1.196342 0.925436 0.617985
 1923600.000000 2.041113 1.093862 1.215903 0.961386 0.555470
 1924800.000000 1.909296 0.975100 1.194357 0.883167 0.599815
 1926000.000000 2.047671 1.091237 1.194890 0.926723 0.701104
 1927200.000000 1.930232 1.005382 1.292406 0.997701 0.633072
 1928400.000000 1.755915 1.110588 1.190901 0.969794 0.627439
 1929600.000000 1.880206 1.045456 1.296247 0.988253 0.593486
 1930800.000000 2.018882 1.063391 1.224804 0.977329 0.606968
 1932000.000000 1.947584 1.143557 1.232473 0.961656 0.602962
 1933200.000000 1.850529 1.135552 1.212631 0.985066 0.586295
 1934400.000000 1.851479 1.005886 1.226577 0.999515 0.590178
 1935600.000000 1.914851 1.020083 1.203932 0.943873 0.647072
 1936800.000000 1.836167 1.080436 1.243806 0.887512 0.587674
 1938000.000000 1.789786 1.033461 1.236447 0.969621 0.612278
 1939200.000000 1.870060 1.074425 1.198775 0.975362 0.615087
 1940400.000000 1.801311 1.041944 1.271752 0.975516 0.613145
 1941600.000000 1.905779 1.176596 1.211330 0.979523 0.591049
 1942800.000000 1.887943 1.029208 1.279638 1.030064 0.615936
 1944000.000000 2.061878 0.982490 1.260296 1.018859 0.598769
 1945200.000000 1.885559 0.976716 1.218507 0.975661 0.618020
 1946400.000000 1.953726 1.102130 1.157607 0.996567 0.621317
 1947600.000000 1.913924 0.978587 1.271070 1.003879 0.618840
 1948800.000000 1.848616 1.129536 1.198056 1.026207 0.657369
 1950000.000000 1.908742 1.081087 1.189673 1.024131 0.692425
 1951200.000000 1.837943 1.068461 1.197064 0.968653 0.661393
 1952400.000000 1.868089 1.021893 1.209177 0.958198 0.657827
 1953600.000000 1.862176 1.085024 1.225023 1.104168 0.633802
 1954800.000000 1.919042 1.049432 1.217051 0.964088 0.633440
 1956000.000000 1.892641 1.093767 1.192748 0.998497 0.641754
 1957200.000000 1.870168 1.030618 1.244929 1.016633 0.645045
 1958400.000000 1.879022 1.163562 1.188609 1.024590 0.706805
 1959600.000000 1.946510 1.102848 1.255458 1.020065 0.582255
 1960800.000000 1.975079 1.046359 1.187511 0.978465 0.593420
 1962000.000000 2.013052 1.072795 1.137583 1.005425 0.562036
 1963200.000000 1.903940 1.036808 1.100839 0.962486 0.620435
 1964400.000000 1.767603 1.026164 1.147288 1.005727 0.588073
 1965600.000000 1.920026 1.081881 1.143413 1.018036 0.606400
 1966800.000000 1.904086 1.110651 1.296152 0.960546 0.615063
 1968000.000000 1.902528 1.102920 1.311419 0.986570 0.616050
 1969200.000000 1.911876 1.075064 1.196903 0.960584 0.590869
 1970400.000000 1.924804 1.096362 1.278651 0.970752 0.604319
 1971600.000000 1.954261 1.038216 1.222896 0.971177 0.623704
 1972800.000000 1.981878 1.045902 1.286979 0.954466 0.604245
 1974000.000000 2.049106 1.007383 1.225692 0.957372 0.607589
 1975200.000000 1.939308 1.081745 1.141277 0.969846 0.582632
 1976400.000000 1.879118 1.130653 1.223187 1.015786 0.618107
 1977600.000000 1.878095 1.090920 1.216435 0.984716 0.601167
 1978800.000000 2.098396 1.215518 1.169674 0.998789 0.597706
 1980000.000000 2.129452 1.161177 1.209774 0.983483 0.606174
 1981200.000000 2.102290 1.107463 1.300823 0.981055 0.608384
 1982400.000000 2.056175 0.967767 1.213806 1.061747 0.631135
 1983600.000000 2.128284 0.996280 1.195230 1.030366 0.600360
 1984800.000000 1.960018 1.132451 1.246661 1.179859 0.590628
 1986000.000000 2.056403 1.182978 1.224620 1.050477 0.585212
 1987200.000000 1.975784 1.065364 1.144067 1.091652 0.674060
 1988400.000000 2.124073 1.078763 1.280348 1.140434 0.588270
 1989600.000000 2.051267 1.022391 1.191929 1.090558 0.617275
 1990800.000000 2.033591 0.973640 1.250966 1.104498 0.621066
 1992000.000000 1.985947 0.991186 1.246077 1.101951 0.613163
 1993200.000000 2.047707 0.944928 1.225525 1.085584 0.615307
 1994400.000000 2.056925 1.087340 1.208034 0.985925 0.615273
 1995600.000000 1.900041 1.024954 1.176127 1.063338 0.598862
 1996800.000000 2.036334 0.950281 1.246486 1.133098 0.584054
 1998000.000000 2.069099 1.021944 1.202732 1.051930 0.624747
 1999200.000000 2.099080 0.984492 1.171296 0.980208 0.614871
 2000400.000000 2.084972 1.005907 1.393683 1.127304 0.651232
 2001600.000000 2.148667 0.991509 1.314877 1.157414 0.573597
 2002800.000000 2.080127 0.969458 1.249836 1.109519 0.605015
 2004000.000000 2.066473 0.937069 1.244839 1.115126 0.594912
 2005200.000000 1.885448 1.005347 1.246550 1.094821 0.606135
 2006400.000000 2.204544 0.965984 1.426518 1.013227 0.627879
 2007600.000000 2.128643 0.949893 1.691796 1.002243 0.636099
 2008800.000000 2.060659 0.943464 1.256953 1.042920 0.596708
 2010000.000000 1.980798 1.004243 1.277251 1.103935 0.629518
 2011200.000000 2.105915 0.918965 1.409588 1.019033 0.648804
 2012400.000000 1.897446 1.023960 1.173416 1.066765 0.643823
 2013600.000000 1.991329 0.924417 1.230926 1.034886 0.676115
 2014800.000000 1.992022 1.002482 1.328058 1.030101 0.584643
 2016000.000000 1.881408 0.999393 1.262206 1.066319 0.594710
 2017200.000000 2.162797 1.069789 1.260811 1.109776 0.594701
 2018400.000000 2.088185 0.948530 1.376405 1.026206 0.617650
 2019600.000000 2.110383 0.983747 1.257024 1.060376 0.626491
 2020800.000000 1.913999 0.977079 1.215135 0.995852 0.576903
 2022000.000000 2.112576 0.993773 1.248735 0.996478 0.600872
 2023200.000000 1.964570 0.952426 1.258568 1.101442 0.611850
 2024400.000000 1.875827 1.114963 1.152402 1.056033 0.621200
 2025600.000000 1.991531 1.008404 1.212219 1.138864 0.594826
 2026800.000000 2.002354 0.953923 1.281341 1.016007 0.594551
 2028000.000000 1.946650 1.002687 1.246604 1.074312 0.589714
 2029200.000000 2.057669 0.963944 1.226763 1.104777 0.618443
 2030400.000000 1.924067 1.008395 1.217772 1.070206 0.579465
 2031600.000000 2.094941 0.965463 1.293718 1.165345 0.614312
 2032800.000000 1.970818 0.992082 1.221201 1.091512 0.580090
 2034000.000000 1.964540 1.003030 1.219497 1.145006 0.584501
 2035200.000000 1.957349 0.962467 1.225249 1.074535 0.616020
 2036400.000000 1.994045 0.949716 1.296945 1.146144 0.576544
 2037600.000000 2.102525 0.984757 1.223305 1.164883 0.626011
 2038800.000000 1.892991 0.990677 1.245588 1.102298 0.596547
 2040000.000000 1.971894 0.958843 1.251369 1.032190 0.631456
 2041200.000000 2.017527 1.030430 1.225149 1.113799 0.642443
 2042400.000000 2.024756 0.978674 1.367835 1.144684 0.721894
 2043600.000000 1.744128 0.978033 1.233805 1.067331 0.605314
 2044800.000000 1.905870 1.028073 1.258359 1.177476 0.582492
 2046000.000000 1.892242 1.012188 1.155807 1.104210 0.604497
 2047200.000000 1.789008 1.022511 1.142237 1.133364 0.618324
 2048400.000000 1.850062 1.069186 1.223191 1.138466 0.627162
 2049600.000000 1.907985 0.921935 1.298748 1.120015 0.614202
 2050800.000000 1.923796 1.043071 1.247351 1.129017 0.617448
 2052000.000000 1.859446 1.098535 1.163421 1.106661 0.634898
 2053200.000000 1.891199 1.013834 1.270668 1.087076 0.690942
 2054400.000000 1.860620 1.009481 1.272282 1.075199 0.623358
 2055600.000000 1.880594 1.034475 1.255449 1.076328 0.584402
 2056800.000000 1.983555 1.032410 1.189138 1.073661 0.578672
 2058000.000000 2.009498 1.078112 1.317820 1.078955 0.572346
 2059200.000000 1.867191 0.952925 1.275756 1.043265 0.581510
 2060400.000000 1.975022 0.939196 1.222410 1.062307 0.606468
 2061600.000000 2.060053 0.984399 1.229805 1.141305 0.592834
 2062800.000000 2.138792 1.113742 1.289702 1.070330 0.638683
 2064000.000000 2.185202 0.984066 1.266628 1.097322 0.654291
 2065200.000000 2.088096 0.976683 1.281502 1.131417 0.621211
 2066400.000000 1.936246 1.183784 1.233028 1.078390 0.621398
 2067600.000000 2.082657 0.908351 1.329346 1.080088 0.635034
 2068800.000000 2.094374 0.963807 1.260875 1.120978 0.574966
 2070000.000000 1.932765 1.000372 1.397353 1.107280 0.573702
 2071200.000000 1.958904 1.021191 1.314942 1.063157 0.607950
 2072400.000000 1.992605 0.967771 1.267657 1.096152 0.668003
 2073600.000000 2.027698 0.967489 1.292040 1.119176 0.632476
 2074800.000000 2.032638 1.022175 1.272037 1.237852 0.592095
 2076000.000000 1.918639 0.963629 1.271967 1.080153 0.540335
 2077200.000000 1.815492 0.984646 1.277883 1.121998 0.609625
 2078400.000000 2.102433 0.943751 1.389956 1.163679 0.635854
 2079600.000000 2.060575 1.003024 1.343465 1.133802 0.599808
 2080800.000000 2.030693 0.949840 1.252397 1.042457 0.604131
 2082000.000000 1.948841 0.960339 1.329158 1.120525 0.625158
 2083200.000000 2.044039 1.005983 1.253590 1.207464 0.662015
 2084400.000000 2.237217 0.987910 1.322076 1.134429 0.576011
 2085600.000000 2.177980 0.946694 1.271759 1.027927 0.609142
 2086800.000000 1.983610 0.956684 1.301644 1.167870 0.633404
 2088000.000000 2.074382 1.038413 1.289178 1.143417 0.557485
 2089200.000000 2.067895 0.937830 1.246983 1.114372 0.612793
 2090400.000000 1.952514 0.906290 1.349113 1.089454 0.613783
 2091600.000000 2.096569 0.907807 1.272468 1.096813 0.573990
 2092800.000000 2.050667 0.943872 1.260169 1.059407 0.583685
 2094000.000000 1.954353 0.951400 1.241453 1.069910 0.630155
 2095200.000000 1.918403 0.938787 1.301214 1.064298 0.628590
 2096400.000000 2.100259 0.953542 1.304534 1.172641 0.590046
 2097600.000000 1.964022 0.917951 1.236030 1.080683 0.566421
 2098800.000000 2.022953 0.917751 1.243736 1.113770 0.606023
 2100000.000000 2.011824 0.985934 1.293564 1.072980 0.611231
 2101200.000000 1.839883 1.009904 1.310232 1.046422 0.616663
 2102400.000000 1.847440 0.984205 1.292460 1.101154 0.623065
 2103600.000000 1.919579 1.006178 1.286211 1.127334 0.624685
 2104800.000000 1.929646 0.956099 1.386918 1.134023 0.624496
 2106000.000000 1.913317 0.956933 1.226328 1.113454 0.592504
 2107200.000000 1.993853 0.996704 1.259937 1.127966 0.658509
 2108400.000000 1.898339 1.036395 1.260010 1.114785 0.596079
 2109600.000000 1.961585 0.949220 1.361782 1.110227 0.536277
 2110800.000000 1.963040 0.946129 1.326594 1.103586 0.591649
 2112000.000000 1.947355 1.022766 1.366773 1.111030 0.576240
 2113200.000000 1.927724 0.982868 1.237333 1.139946 0.655613
 2114400.000000 1.785083 1.007634 1.371263 1.126957 0.566952
 2115600.000000 1.843712 1.019039 1.319062 1.111265 0.683123
 2116800.000000 1.878528 0.983364 1.300122 1.083910 0.576213
 2118000.000000 1.960192 0.981422 1.251588 1.099606 0.594585
 2119200.000000 1.888497 1.081614 1.303033 1.101542 0.593866
 2120400.000000 1.856327 1.087541 1.324587 1.112655 0.578311
 2121600.000000 1.892956 1.073448 1.475025 1.125283 0.617442
 2122800.000000 1.835841 1.159812 1.293310 1.115610 0.621954
 2124000.000000 1.849936 1.025485 1.340341 1.100853 0.578241
 2125200.000000 1.830956 1.121261 1.272885 1.087804 0.579774
 2126400.000000 1.785310 1.023055 1.198923 1.108758 0.640131
 2127600.000000 1.756520 1.040039 1.229341 1.080995 0.606062
 2128800.000000 1.863862 1.165980 1.261148 1.178878 0.599489
 2130000.000000 1.818089 1.074488 1.264925 1.099622 0.580937
 2131200.000000 1.835542 1.059483 1.314720 1.108658 0.579308
 2132400.000000 1.864736 1.170594 1.310869 1.103413 0.566615
 2133600.000000 1.862150 1.037812 1.274608 1.117767 0.596059
 2134800.000000 1.753357 0.996786 1.217637 1.107483 0.587386
 2136000.000000 1.860644 1.008514 1.343790 1.075254 0.550954
 2137200.000000 1.891376 0.983025 1.348289 1.102692 0.612138
 2138400.000000 2.011231 0.987902 1.366322 1.106962 0.581417
 2139600.000000 1.954371 1.082245 1.337097 1.164275 0.586491
 2140800.000000 1.763972 1.018410 1.275485 1.111352 0.591710
 2142000.000000 1.954349 0.984616 1.266270 1.022745 0.572604
 2143200.000000 1.887465 0.993074 1.301625 1.155692 0.565603
 2144400.000000 1.940730 0.985258 1.277276 1.116901 0.573457
 2145600.000000 1.961662 1.027117 1.240065 1.131286 0.571068
 2146800.000000 1.745857 1.080836 1.202096 1.095755 0.589950
 2148000.000000 1.854574 1.132585 1.244467 1.110179 0.631112
 2149200.000000 1.780236 1.043136 1.276578 1.131083 0.577255
 2150400.000000 1.806804 0.986863 1.335962 1.053114 0.580066
 2151600.000000 1.754668 1.007343 1.300623 1.097886 0.553008
 2152800.000000 1.784757 1.139317 1.319091 1.103158 0.586296
 2154000.000000 1.837866 1.136460 1.177007 1.104267 0.600717
 2155200.000000 1.803857 1.136719 1.314725 1.158305 0.582091
 2156400.000000 1.914944 1.002442 1.337205 1.107750 0.604841
 2157600.000000 1.773029 1.045748 1.263858 0.998425 0.579233
 2158800.000000 1.795563 1.115161 1.232370 1.085867 0.607066
 2160000.000000 1.881736 1.002878 1.287573 1.098248 0.630780
 2161200.000000 1.893457 0.966490 1.322659 1.083017 0.550773
 2162400.000000 1.834521 1.079656 1.313911 1.153105 0.543295
 2163600.000000 1.685067 1.136429 1.318357 1.138467 0.568547
 2164800.000000 1.849191 1.110217 1.298514 1.148123 0.541479
 2166000.000000 1.970081 1.196911 1.263412 1.063722 0.547920
 2167200.000000 1.836796 1.117694 1.341161 1.049676 0.589156
 2168400.000000 1.839659 1.199312 1.231564 1.108544 0.558899
 2169600.000000 1.857423 1.166875 1.155850 1.066016 0.625065
 2170800.000000 1.820475 1.185201 1.373747 1.053904 0.592507
 2172000.000000 1.822270 1.080410 1.286426 1.092291 0.591315
 2173200.000000 1.909723 1.184735 1.315819 1.089847 0.557816
 2174400.000000 1.897762 1.266904 1.199995 1.037979 0.571495
 2175600.000000 1.935651 1.016849 1.273883 1.027133 0.590400
 2176800.000000 1.877001 0.965437 1.260415 1.059885 0.591844
 2178000.000000 2.116601 1.039701 1.324165 1.127226 0.592220
 2179200.000000 1.910364 1.009279 1.250597 1.086206 0.562178
 2180400.000000 2.090141 1.007024 1.270139 1.096522 0.583839
 2181600.000000 2.219564 1.072642 1.191965 1.095502 0.574871
 2182800.000000 1.946089 1.032220 1.263117 1.088634 0.544671
 2184000.000000 1.907765 1.069351 1.280482 1.066819 0.592505
 2185200.000000 2.021592 0.999000 1.229823 1.046725 0.585023
 2186400.000000 1.892716 1.009398 1.248768 1.074778 0.584921
 2187600.000000 2.011588 1.013253 1.338098 1.129462 0.560873
 2188800.000000 1.988533 1.071464 1.418256 1.152595 0.577153
 2190000.000000 2.066071 1.034722 1.269837 1.112563 0.553989
 2191200.000000 2.044335 0.982805 1.363591 1.106701 0.566254
 2192400.000000 2.099723 0.929676 1.315493 1.069683 0.584345
 2193600.000000 2.204900 0.974090 1.499621 1.060492 0.573093
 2194800.000000 2.010271 1.020589 1.272672 1.082571 0.570434
 2196000.000000 2.228458 1.024135 1.298584 1.089551 0.564636
 2197200.000000 2.299746 0.981261 1.471850 1.064972 0.597998
 2198400.000000 2.276526 0.990873 1.349543 1.106347 0.613014
 2199600.000000 2.138552 0.984590 1.393201 1.097585 0.619458
 2200800.000000 1.970576 1.032973 1.299477 1.121371 0.567019
 2202000.000000 1.934513 1.014504 1.284969 1.100001 0.635269
 2203200.000000 1.958047 0.957834 1.356304 1.091702 0.597087
 2204400.000000 1.990345 0.960994 1.380691 1.104477 0.567066
 2205600.000000 2.063630 0.977959 1.300391 1.090432 0.623868
 2206800.000000 2.044722 1.040521 1.283563 1.115956 0.599341
 2208000.000000 2.029042 0.989401 1.248486 1.095395 0.591492
 2209200.000000 1.980204 1.003869 1.347732 1.061047 0.577798
 2210400.000000 2.009841 0.993047 1.340196 1.034688 0.575863
 2211600.000000 1.940075 1.047907 1.218442 1.076751 0.567524
 2212800.000000 1.963092 0.950934 1.306497 1.111942 0.548658
 2214000.000000 2.070372 0.960774 1.277377 1.051708 0.575817
 2215200.000000 2.207488 0.936379 1.394307 1.062195 0.558574
 2216400.000000 2.101004 1.018191 1.314908 1.070167 0.603353
 2217600.000000 1.993306 1.004921 1.320965 1.108501 0.628030
 2218800.000000 1.937209 1.046920 1.285455 1.112988 0.596579
 2220000.000000 1.950971 0.995978 1.334077 1.096873 0.576525
 2221200.000000 1.981110 1.006954 1.269815 1.005344 0.601790
 2222400.000000 1.892941 0.989746 1.356482 1.125755 0.563040
 2223600.000000 1.897794 1.018906 1.203350 1.032040 0.624125
 2224800.000000 2.008686 1.001961 1.285702 1.059176 0.619909
 2226000.000000 2.066521 0.994386 1.321403 1.119391 0.578617
 2227200.000000 2.079674 1.002111 1.259229 1.049844 0.588325
 2228400.000000 1.918798 0.988030 1.324387 1.100089 0.632414
 2229600.000000 2.043967 0.931589 1.345460 1.030077 0.623603
 2230800.000000 1.977949 1.077691 1.319417 1.088673 0.613242
 2232000.000000 1.810858 1.026786 1.305368 1.136337 0.605368
 2233200.000000 1.839545 1.019407 1.367707 1.112899 0.629962
 2234400.000000 1.820587 0.978645 1.370241 1.092702 0.577277
 2235600.000000 1.762067 1.059106 1.353627 1.082457 0.586041
 2236800.000000 1.834148 1.105243 1.342250 1.118148 0.599785
 2238000.000000 1.823135 1.034240 1.269093 1.099185 0.625318
 2239200.000000 1.860386 0.995627 1.268929 1.084148 0.624422
 2240400.000000 1.959981 1.175782 1.335282 1.171634 0.654968
 2241600.000000 1.839223 1.046417 1.259181 1.083304 0.663810
 2242800.000000 1.804510 1.045152 1.285464 1.092363 0.566409
 2244000.000000 1.837222 0.912584 1.372177 1.101642 0.620308
 2245200.000000 1.943373 0.943315 1.413033 1.091311 0.580156
 2246400.000000 1.839244 0.967890 1.276433 1.133030 0.630587
 2247600.000000 1.711947 0.995511 1.336662 1.112773 0.610300
 2248800.000000 1.954756 0.988876 1.386078 1.100408 0.623250
 2250000.000000 1.860868 1.035837 1.320551 1.135150 0.602748
 2251200.000000 1.962859 0.943416 1.307864 1.169675 0.606908
 2252400.000000 1.939990 0.949255 1.246186 1.073853 0.600186
 2253600.000000 1.908867 1.015841 1.326424 1.086326 0.625920
 2254800.000000 1.987427 1.019620 1.266754 1.133162 0.636623
 2256000.000000 2.109602 1.005571 1.363949 1.127321 0.591872
 2257200.000000 1.972587 1.006591 1.300919 1.099913 0.570032
 2258400.000000 2.103389 1.077700 1.302669 1.090572 0.637766
 2259600.000000 2.114333 1.009307 1.327603 1.075285 0.606308
 2260800.000000 2.090100 0.906482 1.275294 1.041194 0.588492
 2262000.000000 2.120945 0.967890 1.294886 1.041961 0.592220
 2263200.000000 2.010518 0.976749 1.389383 1.120319 0.580339
 2264400.000000 2.068550 0.963131 1.310243 1.103841 0.612312
 2265600.000000 1.925750 1.016663 1.355000 1.122565 0.668567
 2266800.000000 1.997363 0.950599 1.343028 1.038789 0.620350
 2268000.000000 2.097685 0.931877 1.339379 1.079872 0.619508
 2269200.000000 1.944947 0.930061 1.483375 1.112452 0.594231
 2270400.000000 1.940504 0.942117 1.398155 1.042782 0.606078
 2271600.000000 1.993768 0.956834 1.369068 1.173036 0.660228
 2272800.000000 2.052749 1.032370 1.253114 1.162232 0.614521
 2274000.000000 1.958220 0.914196 1.380041 1.127116 0.556989
 2275200.000000 2.044539 0.924436 1.310751 1.168122 0.588186
 2276400.000000 1.980198 0.948714 1.359698 1.089435 0.632832
 2277600.000000 2.163289 0.915489 1.368981 1.081835 0.571243
 2278800.000000 2.061855 0.926188 1.404459 1.139510 0.588919
 2280000.000000 2.001410 0.968489 1.445709 1.124239 0.622853
 2281200.000000 1.978897 0.943609 1.382861 1.094802 0.621815
 2282400.000000 2.070741 0.926926 1.391021 1.091833 0.614478
 2283600.000000 1.897055 0.956488 1.402233 1.070157 0.608640
 2284800.000000 2.018093 0.985963 1.291216 1.100391 0.611977
 2286000.000000 2.073840 0.975156 1.330460 1.126710 0.577930
 2287200.000000 2.043347 0.921375 1.306766 1.109963 0.585928
 2288400.000000 1.930317 0.966067 1.346470 1.083703 0.585767
 2289600.000000 1.966361 0.954734 1.570318 1.088047 0.568520
 2290800.000000 2.191427 0.935736 1.510008 1.070425 0.665248
 2292000.000000 1.941829 0.980219 1.424933 1.090714 0.574695
 2293200.000000 2.046575 0.931327 1.355520 1.101568 0.591415
 2294400.000000 1.981597 0.962217 1.393573 1.092932 0.569413
 2295600.000000 1.965533 0.942015 1.334384 1.107246 0.612319
 2296800.000000 1.951839 0.964755 1.268177 0.994242 0.604868
 2298000.000000 1.845270 0.948699 1.335894 1.116911 0.615518
 2299200.000000 2.223883 0.900308 1.309148 1.034581 0.561422
 2300400.000000 1.988409 0.983606 1.358836 1.003982 0.617385
 2301600.000000 1.981850 0.949200 1.333078 1.125480 0.554291
 2302800.000000 1.910578 1.058795 1.346182 1.074300 0.596137
 2304000.000000 2.047261 0.921078 1.268419 1.078517 0.592942
 2305200.000000 1.940422 0.953383 1.340448 1.115677 0.594152
 2306400.000000 1.901377 0.911751 1.273694 1.122073 0.574654
 2307600.000000 1.967204 0.918713 1.303760 1.113975 0.564357
 2308800.000000 2.097264 0.975815 1.423096 1.091010 0.589835
 2310000.000000 2.038998 0.951441 1.291048 1.068541 0.590232
 2311200.000000 1.933864 1.106089 1.277777 1.081243 0.596928
 2312400.000000 2.037741 0.951102 1.296039 1.138124 0.630029
 2313600.000000 1.973037 1.006408 1.396721 1.108068 0.590255
 2314800.000000 1.975032 1.055751 1.355818 1.152852 0.576638
 2316000.000000 1.899744 0.926199 1.284658 1.144547 0.631640
 2317200.000000 1.859137 0.958489 1.215281 1.119801 0.633530
 2318400.000000 1.865693 1.060861 1.351288 1.097535 0.586271
 2319600.000000 2.038327 0.977762 1.366270 1.105568 0.592566
 2320800.000000 1.938643 0.934278 1.246520 1.134142 0.603248
 2322000.000000 1.957016 0.928277 1.318237 1.119271 0.600186
 2323200.000000 2.072954 0.956736 1.326120 1.073587 0.596621
 2324400.000000 1.951788 0.965754 1.265104 1.144981 0.552821
 2325600.000000 1.939562 0.954783 1.402020 1.061043 0.591446
 2326800.000000 2.056880 0.953444 1.241838 1.116097 0.614339
 2328000.000000 2.071677 0.958082 1.275188 1.088709 0.597103
 2329200.000000 2.083167 0.971126 1.231515 1.123331 0.577141
 2330400.000000 1.989791 0.957549 1.175596 1.067104 0.680416
 2331600.000000 1.886838 0.954605 1.229787 1.100480 0.606665
 2332800.000000 1.995927 0.949600 1.325157 1.113193 0.604121
 2334000.000000 2.085701 0.950306 1.333493 1.140145 0.571152
 2335200.000000 1.917408 0.948647 1.376840 1.127838 0.586932
 2336400.000000 1.972666 0.955131 1.285953 1.140225 0.587242
 2337600.000000 1.922946 0.967625 1.370195 1.134384 0.601394
 2338800.000000 2.112945 0.958334 1.309915 1.081382 0.630625
 2340000.000000 2.001744 0.977663 1.227157 1.111791 0.667627
 2341200.000000 2.101312 0.983686 1.255342 1.122915 0.650431
 2342400.000000 1.926614 1.037061 1.271521 1.080022 0.590924
 2343600.000000 1.889444 0.974196 1.312045 1.140397 0.643361
 2344800.000000 2.019572 0.993572 1.225952 1.032133 0.612426
 2346000.000000 1.866052 0.986702 1.170331 1.067632 0.604555
 2347200.000000 2.114881 0.957907 1.374617 1.118097 0.575947
 2348400.000000 2.099643 1.041136 1.280338 1.165080 0.598537
 2349600.000000 2.076036 1.002289 1.290777 1.084045 0.586519
 2350800.000000 1.863963 1.021609 1.289596 1.224889 0.651434
 2352000.000000 1.912034 0.945047 1.269806 1.139189 0.597358
 2353200.000000 2.031908 1.038809 1.315549 1.149034 0.566703
 2354400.000000 2.048043 1.016111 1.298453 1.112511 0.603682
 2355600.000000 2.337184 0.986134 1.262961 1.126359 0.562366
 2356800.000000 1.979342 0.966601 1.267694 1.094813 0.623109
 2358000.000000 2.091891 1.050831 1.310053 1.107494 0.598763
 2359200.000000 1.895951 0.999130 1.319060 1.098855 0.589938
 2360400.000000 1.985275 0.997310 1.309387 1.093377 0.636986
 2361600.000000 2.029646 0.987058 1.317310 1.123176 0.658188
 2362800.000000 2.153271 0.973193 1.259506 1.145670 0.586322
 2364000.000000 2.067987 1.025987 1.326076 1.114800 0.603754
 2365200.000000 2.040824 1.001306 1.322074 1.186142 0.578279
 2366400.000000 1.966392 0.978090 1.265465 1.098349 0.585393
 2367600.000000 2.104457 1.006971 1.292036 1.127051 0.611510
 2368800.000000 1.939431 0.979217 1.282674 1.111759 0.602350
 2370000.000000 1.995250 1.003380 1.260510 1.176226 0.605571
 2371200.000000 1.991086 1.008088 1.331961 1.161858 0.579456
 2372400.000000 2.067835 0.986159 1.363630 1.162234 0.624647
 2373600.000000 2.101210 0.983641 1.385185 1.084336 0.583592
 2374800.000000 1.979474 1.000471 1.218081 1.130303 0.590617
 2376000.000000 2.077625 0.994900 1.357053 1.151485 0.570650
 2377200.000000 1.989490 0.955776 1.268591 1.108740 0.550667
 2378400.000000 1.915196 0.996183 1.369536 1.132310 0.564264
 2379600.000000 1.926063 0.994035 1.305359 1.099406 0.577012
 2380800.000000 2.031261 1.010274 1.308800 1.124677 0.591620
 2382000.000000 1.969027 1.023458 1.321936 1.176101 0.637290
 2383200.000000 1.945550 1.001840 1.227353 1.076703 0.622203
 2384400.000000 2.001655 0.936133 1.259266 1.108192 0.600406
 2385600.000000 1.921958 0.970201 1.329816 1.064749 0.613273
 2386800.000000 1.919700 0.993365 1.232622 1.140990 0.570040
 2388000.000000 1.920128 0.967013 1.305729 1.113315 0.569996
 2389200.000000 1.993725 1.016859 1.319246 1.134609 0.631650
 2390400.000000 2.016354 0.976435 1.287625 1.084648 0.550553
 2391600.000000 2.049873 0.975905 1.290078 1.118803 0.591232
 2392800.000000 1.949978 0.991404 1.348147 1.117978 0.594203
 2394000.000000 2.050423 1.030345 1.352246 1.087195 0.548368
 2395200.000000 2.077190 1.023513 1.261204 1.149206 0.601541
 2396400.000000 2.102668 1.007747 1.350821 1.063993 0.557347
 2397600.000000 1.961203 1.019381 1.243534 1.116606 0.547773
 2398800.000000 2.007751 1.014870 1.284742 1.139265 0.567811
 2400000.000000 1.978527 1.022085 1.273509 1.143809 0.574306
 2401200.000000 1.926715 1.082202 1.191074 1.131114 0.596478
 2402400.000000 2.003093 0.949303 1.308896 1.128979 0.564105
 2403600.000000 1.964953 1.032640 1.341242 1.191717 0.582959
 2404800.000000 1.914873 1.033302 1.223136 1.167456 0.617499
 2406000.000000 1.975712 1.010588 1.302362 1.133630 0.604395
 2407200.000000 2.013513 0.967643 1.362479 1.219842 0.587958
 2408400.000000 1.908611 1.009767 1.385466 1.164903 0.587605
 2409600.000000 1.931447 1.016096 1.250932 1.072830 0.596751
 2410800.000000 1.926650 1.089266 1.288063 1.104642 0.597164
 2412000.000000 1.912742 1.011583 1.258786 1.084586 0.615546
 2413200.000000 1.916270 1.024542 1.254077 1.054806 0.558280
 2414400.000000 1.915264 0.960040 1.314745 1.160613 0.577005
 2415600.000000 1.878239 0.972158 1.279480 1.141491 0.564091
 2416800.000000 2.008863 0.952712 1.251025 1.118954 0.606490
 2418000.000000 2.053027 0.989197 1.369645 1.119522 0.584670
 2419200.000000 1.979124 0.948839 1.179073 1.097018 0.582623
 2420400.000000 1.888922 0.951061 1.269080 1.092806 0.581152
 2421600.000000 1.831378 1.014939 1.215310 1.107937 0.585022
 2422800.000000 1.942546 0.902646 1.327894 1.058031 0.590359
 2424000.000000 1.960273 0.957431 1.302971 1.049935 0.599590
 2425200.000000 2.015399 0.929923 1.180180 1.114140 0.568798
 2426400.000000 2.020417 0.977086 1.187590 1.109106 0.628706
 2427600.000000 2.070163 0.973788 1.218296 1.114014 0.616766
 2428800.000000 1.931389 0.961925 1.097773 1.114337 0.602609
 2430000.000000 1.927814 0.972835 1.357579 1.082870 0.641735
 2431200.000000 2.084639 0.977181 1.285486 1.058483 0.590763
 2432400.000000 2.055409 0.912306 1.248835 1.144722 0.599231
 2433600.000000 2.013662 1.033144 1.257639 1.120235 0.567597
 2434800.000000 1.914133 1.011538 1.126017 1.128693 0.602270
 2436000.000000 1.978744 1.023477 1.244914 1.065820 0.589531
 2437200.000000 1.990973 0.983868 1.249133 1.174019 0.615813
 2438400.000000 1.949563 1.027387 1.300442 1.127086 0.562141
 2439600.000000 2.028552 0.971931 1.282925 1.136208 0.577024
 2440800.000000 2.040279 0.957654 1.257734 1.096257 0.577452
 2442000.000000 1.868615 1.025195 1.248415 1.095031 0.582238
 2443200.000000 2.003930 0.990941 1.387901 1.046555 0.570130
 2444400.000000 1.912796 1.012369 1.348502 1.087712 0.594783
 2445600.000000 1.961244 0.987473 1.245124 1.200782 0.633954
 2446800.000000 2.029574 1.005082 1.321947 1.123573 0.565579
 2448000.000000 2.133567 1.050493 1.241181 1.091716 0.598598
 2449200.000000 2.075122 1.030006 1.283815 1.091710 0.601131
 2450400.000000 2.111101 0.977216 1.348976 1.106617 0.617765
 2451600.000000 2.328197 1.025987 1.226764 1.065865 0.563271
 2452800.000000 2.086668 1.009495 1.270381 1.093478 0.592057
 2454000.000000 2.264425 0.899030 1.222749 1.080487 0.563149
 2455200.000000 2.111817 0.923816 1.338026 1.042187 0.597457
 2456400.000000 2.074988 0.997726 1.305099 1.094932 0.587105
 2457600.000000 1.983616 1.019634 1.194172 1.173911 0.650884
 2458800.000000 2.047435 1.025284 1.329788 1.098240 0.566005
 2460000.000000 2.000982 1.035002 1.315667 1.074942 0.568186
 2461200.000000 2.060394 0.933361 1.262864 1.121519 0.630978
 2462400.000000 2.001821 0.998332 1.198704 1.132670 0.582793
 2463600.000000 2.082714 1.084635 1.325426 1.127475 0.588928
 2464800.000000 1.899911 1.018640 1.235011 1.126853 0.579512
 2466000.000000 1.938214 1.008483 1.228692 1.113600 0.549822
 2467200.000000 2.020453 1.035348 1.173785 1.182999 0.611059
 2468400.000000 1.857914 1.021321 1.269074 1.133247 0.589089
 2469600.000000 1.910683 1.046939 1.100332 1.146603 0.589911
 2470800.000000 1.928678 1.034496 1.246914 1.152572 0.613221
 2472000.000000 2.048674 0.993785 1.248750 1.128184 0.602473
 2473200.000000 2.196837 0.969305 1.274112 1.086087 0.609864
 2474400.000000 2.107996 0.932970 1.263108 1.124057 0.644306
 2475600.000000 2.115323 0.804379 1.264544 1.081516 0.592425
 2476800.000000 2.090256 0.869927 1.355452 1.124059 0.636369
 2478000.000000 1.943196 0.993349 1.467848 1.119955 0.593241
 2479200.000000 1.764018 0.992273 1.603915 1.181232 0.627883
 2480400.000000 1.856607 0.889082 1.262085 1.103873 0.615164
 2481600.000000 1.938674 0.940853 1.270510 1.102486 0.577815
 2482800.000000 1.938181 0.862164 1.203671 1.081185 0.615119
 2484000.000000 1.923342 0.934684 1.212280 1.154758 0.668676
 2485200.000000 1.802608 0.894430 1.225164 1.139607 0.644132
 2486400.000000 1.935846 0.951273 1.284590 1.129486 0.650859
 2487600.000000 1.857167 0.953388 1.223081 1.184498 0.675481
 2488800.000000 2.045120 0.961205 1.225116 1.154755 0.593296
 2490000.000000 1.921498 0.940139 1.237708 1.184590 0.657896
 2491200.000000 1.977119 0.970848 1.291623 1.147835 0.629570
 2492400.000000 1.960685 0.971859 1.235812 1.198274 0.631603
 2493600.000000 1.822022 0.994209 1.234046 1.127455 0.565564
 2494800.000000 1.939552 0.969033 1.273471 1.115100 0.616142
 2496000.000000 1.954186 0.960893 1.299431 1.058132 0.578067
 2497200.000000 1.988410 0.921561 1.336815 1.099213 0.568534
 2498400.000000 1.840875 0.990696 1.358715 1.117421 0.573707
 2499600.000000 1.870869 0.976621 1.387645 1.141828 0.594675
 2500800.000000 1.747659 0.917669 1.326661 1.115624 0.555252
 2502000.000000 1.862377 0.958112 1.244706 1.129357 0.615849
 2503200.000000 1.720415 0.971530 1.300830 1.077399 0.541430
 2504400.000000 1.760024 0.980401 1.313899 1.063648 0.596100
 2505600.000000 1.847312 0.966983 1.252414 1.130959 0.672064
 2506800.000000 1.878738 0.992453 1.270017 1.030417 0.627691
 2508000.000000 1.724105 1.055961 1.365321 1.099410 0.630880
 2509200.000000 1.900908 0.954322 1.295417 1.030928 0.615599
 2510400.000000 1.581431 0.986051 1.284221 1.092486 0.592820
 2511600.000000 1.852604 1.006774 1.400365 1.100156 0.644167
 2512800.000000 1.772193 0.934351 1.232672 1.071063 0.616328
 2514000.000000 1.821969 0.955865 1.305483 1.078477 0.590883
 2515200.000000 1.852088 0.943238 1.331196 1.131324 0.651886
 2516400.000000 1.941942 0.985388 1.229278 1.062961 0.583449
 2517600.000000 1.915891 0.965179 1.257142 1.107233 0.567060
 2518800.000000 1.957413 0.975501 1.275553 1.103093 0.592448
 2520000.000000 1.901561 0.952758 1.252669 1.099720 0.645532
 2521200.000000 1.789481 1.001495 1.453328 1.145064 0.568864
 2522400.000000 2.001232 0.973482 1.307323 1.148728 0.567409
 2523600.000000 1.947134 0.966875 1.331070 1.121953 0.598798
 2524800.000000 2.193349 0.921393 1.374398 1.135829 0.574745
 2526000.000000 1.939035 0.889487 1.274383 1.115890 0.607578
 2527200.000000 1.893497 0.925396 1.281226 1.128427 0.578927
 2528400.000000 2.005941 0.953787 1.360307 1.106519 0.582267
 2529600.000000 1.947510 0.911099 1.228442 1.082349 0.639209
 2530800.000000 1.845042 1.032236 1.219871 1.087441 0.595121
 2532000.000000 1.814459 0.889609 1.283895 1.121056 0.605031
 2533200.000000 1.949650 0.978112 1.225490 1.135353 0.593109
 2534400.000000 1.763884 1.040876 1.297292 1.171420 0.613363
 2535600.000000 1.825081 0.924022 1.294500 1.105826 0.565916
 2536800.000000 1.846658 0.958053 1.260275 1.127949 0.580339
 2538000.000000 1.893825 0.931229 1.263952 1.108043 0.604504
 2539200.000000 1.956498 0.895533 1.278421 1.127023 0.564360
 2540400.000000 1.778896 0.965901 1.393784 1.129661 0.588637
 2541600.000000 1.843200 0.946535 1.277102 1.072970 0.550861
 2542800.000000 1.829120 1.055052 1.326809 1.103818 0.547943
 2544000.000000 1.839772 0.936148 1.309958 1.130849 0.615899
 2545200.000000 1.752505 0.992162 1.292041 1.121974 0.601840
 2546400.000000 1.979841 0.967530 1.328641 1.077707 0.543698
 2547600.000000 1.842410 0.937545 1.268648 1.042254 0.558287
 2548800.000000 1.824087 0.916286 1.344037 1.049993 0.594977
 2550000.000000 1.819978 0.992872 1.257608 1.082756 0.561823
 2551200.000000 1.987566 1.056944 1.247064 1.084313 0.576151
 2552400.000000 1.957725 0.967499 1.267941 1.090929 0.558582
 2553600.000000 1.779724 0.975183 1.228689 1.086709 0.573169
 2554800.000000 1.826699 0.974728 1.297194 1.119809 0.591107
 2556000.000000 1.870971 0.949522 1.189038 1.089300 0.572886
 2557200.000000 1.924662 0.973268 1.321762 1.122042 0.597381
 2558400.000000 1.951226 0.929627 1.283057 1.139019 0.550849
 2559600.000000 1.930446 0.932336 1.256848 1.134410 0.550604
 2560800.000000 1.866659 0.939622 1.265004 1.087751 0.570997
 2562000.000000 1.835518 0.896457 1.328390 1.144174 0.625400
 2563200.000000 1.825863 0.977438 1.342093 1.205242 0.646744
 2564400.000000 1.828564 1.011323 1.287855 1.096132 0.581327
 2565600.000000 1.697711 1.035746 1.290093 1.132908 0.540894
 2566800.000000 1.813260 1.032274 1.324422 1.081380 0.634044
 2568000.000000 1.833612 0.967422 1.302807 1.105274 0.590564
 2569200.000000 1.783412 0.964378 1.281008 1.097869 0.605434
 2570400.000000 1.676025 1.003985 1.214826 1.136824 0.590956
 2571600.000000 1.827804 0.961612 1.302525 1.131187 0.597705
 2572800.000000 1.796454 0.922510 1.286785 1.071243 0.568724
 2574000.000000 1.855648 0.991789 1.258025 1.067805 0.580652
 2575200.000000 1.851783 1.007986 1.276696 1.013270 0.587146
 2576400.000000 1.723957 0.935403 1.328317 1.093507 0.593555
 2577600.000000 1.872984 0.955178 1.236261 1.019224 0.596072
 2578800.000000 1.759689 0.987196 1.338443 1.023087 0.581513
 2580000.000000 1.789771 0.911483 1.264742 1.134332 0.588133
 2581200.000000 1.796291 0.946510 1.253251 1.110267 0.596815
 2582400.000000 1.822402 1.010927 1.427782 1.081441 0.608800
 2583600.000000 1.769819 0.956487 1.236871 1.031062 0.587302
 2584800.000000 1.805333 0.981748 1.265794 1.117198 0.594091
 2586000.000000 1.810294 0.970713 1.379142 1.114726 0.592161
 2587200.000000 1.861450 0.961109 1.350913 1.119028 0.563287
 2588400.000000 1.662900 1.003256 1.255478 1.113939 0.564883
 2589600.000000 1.730077 0.958531 1.239821 1.110521 0.593204
 2590800.000000 1.783379 0.947353 1.247672 1.122076 0.574677
 2592000.000000 1.712464 0.922957 1.330561 1.128947 0.591355
 2593200.000000 1.812264 0.960091 1.214585 1.078133 0.582419
 2594400.000000 1.599693 1.068441 1.245571 1.145647 0.625614
 2595600.000000 1.687252 1.002450 1.270894 1.079422 0.668393
 2596800.000000 1.707395 0.913920 1.331260 1.100559 0.584758
 2598000.000000 1.712774 0.928797 1.223464 0.997220 0.634328
 2599200.000000 1.616680 0.970883 1.282435 1.116541 0.678706
 2600400.000000 1.730373 0.997686 1.221402 0.992900 0.632301
 2601600.000000 1.904917 0.962850 1.295871 1.052088 0.629387
 2602800.000000 1.666875 1.067936 1.260992 1.062205 0.652584
 2604000.000000 1.765122 0.987458 1.237736 1.096887 0.600977
 2605200.000000 1.787600 0.953821 1.295692 1.082039 0.598161
 2606400.000000 1.806518 0.959722 1.284090 1.073254 0.641949
 2607600.000000 1.853242 0.963235 1.315314 1.033005 0.668075
 2608800.000000 1.805982 1.014294 1.280136 1.087903 0.595419
 2610000.000000 1.801087 0.949793 1.306277 1.079549 0.575087
 2611200.000000 1.857077 0.999270 1.336794 1.059420 0.584417
 2612400.000000 1.787408 0.936011 1.318700 1.048731 0.659667
 2613600.000000 1.888391 1.118814 1.285910 1.090834 0.600241
 2614800.000000 1.861562 1.003714 1.278192 1.155289 0.546049
 2616000.000000 1.825408 0.996466 1.315856 1.071607 0.578674
 2617200.000000 1.706606 1.023932 1.347067 1.115350 0.604925
 2618400.000000 1.781288 0.997189 1.260497 1.023278 0.585246
 2619600.000000 1.874049 0.966297 1.320196 1.142854 0.553572
 2620800.000000 1.787406 1.010933 1.380706 1.113401 0.581610
 2622000.000000 1.810173 0.949909 1.237640 1.047918 0.587123
 2623200.000000 1.784647 0.921247 1.372506 1.075264 0.567648
 2624400.000000 1.869199 0.918676 1.355164 1.083752 0.569676
 2625600.000000 1.911283 0.981885 1.326836 1.045211 0.580991
 2626800.000000 1.701262 0.949126 1.274423 1.100675 0.590332
 2628000.000000 1.899431 0.951866 1.397687 1.078277 0.587539
 2629200.000000 1.938631 0.955311 1.459014 1.062051 0.568790
 2630400.000000 1.979705 0.946515 1.174757 1.078391 0.554050
 2631600.000000 1.852739 0.995513 1.253740 1.075485 0.559482
 2632800.000000 1.786913 0.958654 1.297603 1.072538 0.572416
 2634000.000000 1.722597 0.921736 1.310062 1.049797 0.546238
 2635200.000000 1.834363 1.001572 1.291248 1.092713 0.590819
 2636400.000000 1.762038 0.985690 1.239386 1.169796 0.563698
 2637600.000000 1.882180 1.001943 1.352566 1.116953 0.614345
 2638800.000000 1.771425 0.976325 1.319101 1.061129 0.574788
 2640000.000000 1.884056 0.957207 1.302558 1.188084 0.620303
 2641200.000000 1.951398 0.970530 1.400509 1.210640 0.636927
 2642400.000000 1.890653 0.956478 1.277748 1.191085 0.659656
 2643600.000000 1.866223 0.924131 1.283382 1.202739 0.619306
 2644800.000000 1.892574 0.924194 1.311317 1.076227 0.573281
 2646000.000000 1.852249 1.004235 1.264615 1.109724 0.569810
 2647200.000000 1.932383 0.950788 1.294272 1.111901 0.564260
 2648400.000000 1.846649 1.007768 1.260515 1.098366 0.592667
 2649600.000000 1.896203 0.928775 1.321049 1.096686 0.580737
 2650800.000000 1.865314 0.989477 1.398016 1.046484 0.581811
 2652000.000000 1.921126 0.944257 1.385644 1.071645 0.564617
 2653200.000000 2.030462 0.963502 1.269703 1.084377 0.577401
 2654400.000000 1.947498 1.024885 1.304575 1.101497 0.548708
 2655600.000000 1.937529 0.990859 1.372916 1.074294 0.553224
 2656800.000000 1.686918 1.005707 1.289196 1.052518 0.531413
 2658000.000000 1.748164 0.997747 1.297669 1.077245 0.610220
 2659200.000000 1.702052 1.012965 1.351843 1.088596 0.551165
 2660400.000000 1.803975 0.916856 1.309869 1.087346 0.564698
 2661600.000000 1.939822 0.953306 1.285562 1.175131 0.586141
 2662800.000000 1.902160 0.950605 1.311973 1.158569 0.559518
 2664000.000000 1.774253 0.971606 1.333850 1.247787 0.573860
 2665200.000000 1.819577 1.009097 1.287618 1.127949 0.556674
 2666400.000000 2.012151 0.987683 1.311426 1.147753 0.568025
 2667600.000000 1.943145 0.968583 1.379832 1.097596 0.577893
 2668800.000000 1.870260 1.005026 1.350875 1.064247 0.557722
 2670000.000000 1.952500 0.979917 1.339839 1.128950 0.547552
 2671200.000000 1.945627 0.976199 1.236450 1.111894 0.562327
 2672400.000000 1.924766 0.987590 1.240609 1.151180 0.549091
 2673600.000000 1.884853 1.046262 1.337560 1.094133 0.572603
 2674800.000000 1.969257 1.000972 1.245327 1.108144 0.586611
 2676000.000000 1.919671 0.974670 1.269650 1.081659 0.569635
 2677200.000000 1.985893 1.008742 1.302072 1.160428 0.545444
 2678400.000000 1.789927 0.971610 1.233503 1.098749 0.569569
 2679600.000000 1.909630 0.965077 1.263244 1.056173 0.586620
 2680800.000000 1.923673 0.959030 1.213005 1.077055 0.594841
 2682000.000000 1.907823 0.991429 1.227629 1.221775 0.641630
 2683200.000000 1.941765 0.985207 1.351848 1.069305 0.665993
 2684400.000000 1.963620 0.973730 1.232526 1.062180 0.572658
 2685600.000000 1.925817 0.983718 1.248151 1.119556 0.606734
 2686800.000000 1.838514 0.946543 1.358271 1.110023 0.617568
 2688000.000000 1.906432 0.962053 1.363103 1.085949 0.628018
 2689200.000000 1.807645 0.995900 1.323884 1.054501 0.575764
 2690400.000000 1.925099 0.968778 1.315753 1.056450 0.633697
 2691600.000000 1.969058 0.985161 1.291310 1.060065 0.593254
 2692800.000000 1.825200 0.994208 1.324874 1.114051 0.613449
 2694000.000000 1.849723 0.985456 1.351193 1.037886 0.566164
 2695200.000000 1.876111 0.956703 1.283741 1.084577 0.594172
 2696400.000000 1.887382 0.991463 1.315056 1.168722 0.589759
 2697600.000000 1.813941 1.109627 1.334936 1.091785 0.608748
 2698800.000000 1.769088 1.082422 1.308416 1.112820 0.583317
 2700000.000000 1.860442 0.986885 1.313140 1.056062 0.591811
 2701200.000000 1.696468 1.045016 1.304604 1.109392 0.602683
 2702400.000000 1.782295 0.987387 1.382095 1.095748 0.582270
 2703600.000000 1.953468 0.989409 1.287302 1.142796 0.563134
 2704800.000000 1.896282 1.024657 1.393836 1.122142 0.592693
 2706000.000000 1.937333 0.943334 1.403409 1.144378 0.570267
 2707200.000000 1.884215 1.036342 1.365768 1.144430 0.551772
 2708400.000000 1.870885 0.969254 1.391703 1.182726 0.620499
 2709600.000000 1.785206 1.029352 1.387408 1.159859 0.604805
 2710800.000000 1.861918 1.048120 1.391791 1.262586 0.598785
 2712000.000000 1.836662 1.026675 1.414630 1.136065 0.574245
 2713200.000000 1.910026 0.934981 1.339399 1.125731 0.550475
 2714400.000000 1.967898 0.960628 1.330174 1.175022 0.564169
 2715600.000000 1.926981 0.940925 1.411862 1.176978 0.605630
 2716800.000000 1.807354 1.009883 1.305927 1.149985 0.587763
 2718000.000000 1.961700 0.972416 1.365266 1.159613 0.574580
 2719200.000000 1.865244 0.991024 1.403688 1.176393 0.570807
 2720400.000000 1.854277 0.983427 1.392039 1.091026 0.550589
 2721600.000000 1.951563 0.939783 1.434186 1.183003 0.627010
 2722800.000000 2.015756 0.981925 1.521392 1.110825 0.586486
 2724000.000000 2.047689 0.960046 1.427390 1.131310 0.581618
 2725200.000000 1.929635 0.983098 1.329769 1.092921 0.615842
 2726400.000000 1.811250 0.984205 1.307582 1.094759 0.623061
 2727600.000000 1.893817 0.987165 1.367840 1.142765 0.536091
 2728800.000000 1.873586 0.993763 1.401956 1.056016 0.570758
 2730000.000000 1.914846 1.001468 1.264037 1.175995 0.617414
 2731200.000000 1.777587 0.984155 1.380966 1.111943 0.580206
 2732400.000000 1.713285 0.970389 1.196360 1.178123 0.608414
 2733600.000000 1.787299 1.034260 1.315537 1.272974 0.578343
 2734800.000000 1.720369 1.030670 1.410840 1.141767 0.581473
 2736000.000000 1.910256 0.956348 1.324832 1.153311 0.640426
 2737200.000000 1.819018 0.986194 1.237576 1.162649 0.651226
 2738400.000000 1.713080 1.033966 1.321935 1.158153 0.571230
 2739600.000000 1.904693 0.993318 1.274694 1.111758 0.619166
 2740800.000000 2.010729 1.026400 1.241379 1.080289 0.586500
 2742000.000000 1.942059 1.049540 1.353330 1.168448 0.584259
 2743200.000000 1.888783 1.116796 1.307499 1.063404 0.580899
 2744400.000000 1.948859 0.918853 1.466613 1.155490 0.570330
 2745600.000000 1.938812 0.997008 1.343207 1.129336 0.590808
 2746800.000000 1.876967 0.993404 1.211547 1.145625 0.562670
 2748000.000000 1.785699 1.055744 1.310856 1.134033 0.585207
 2749200.000000 1.861559 1.036376 1.319116 1.144187 0.633279
 2750400.000000 1.879741 1.200068 1.278570 1.130497 0.649350
 2751600.000000 1.847774 1.180806 1.310113 1.095128 0.597055
 2752800.000000 1.754542 1.029166 1.348106 1.121028 0.610497
 2754000.000000 1.803332 1.038551 1.343544 1.033388 0.636821
 2755200.000000 1.884206 0.984698 1.320795 1.142005 0.583138
 2756400.000000 1.756170 1.110140 1.328412 1.062604 0.542796
 2757600.000000 1.936988 1.091019 1.314211 1.113766 0.589942
 2758800.000000 1.848293 1.016576 1.325993 1.109429 0.589014
 2760000.000000 1.886749 1.003188 1.322559 1.143773 0.546201
 2761200.000000 1.831915 0.990454 1.301775 1.114106 0.564152
 2762400.000000 1.735206 1.138307 1.202831 1.082621 0.557491
 2763600.000000 1.771586 1.002363 1.271921 1.097514 0.584355
 2764800.000000 1.700392 1.037617 1.264305 1.134136 0.633913
 2766000.000000 1.777366 1.078007 1.306020 1.099600 0.623215
 2767200.000000 1.704509 1.054092 1.269504 1.138159 0.568642
 2768400.000000 1.801019 0.971676 1.187904 1.105980 0.627095
 2769600.000000 1.757274 0.962681 1.423600 1.090130 0.539321
 2770800.000000 1.808737 1.060779 1.301728 1.092104 0.580764
 2772000.000000 1.831288 1.028799 1.233423 1.122327 0.579302
 2773200.000000 1.778531 1.007032 1.268008 1.094289 0.600876
 2774400.000000 1.725205 1.051895 1.313219 1.175551 0.617378
 2775600.000000 1.893508 1.051337 1.362202 1.094999 0.586426
 2776800.000000 1.802161 1.128887 1.332933 1.093717 0.605677
 2778000.000000 1.742069 1.057645 1.297353 1.080538 0.644374
 2779200.000000 1.796398 1.002400 1.354009 1.074289 0.601748
 2780400.000000 1.783044 0.997794 1.360786 1.109609 0.598945
 2781600.000000 1.821166 1.048289 1.255303 1.100455 0.613176
 2782800.000000 1.832303 0.955061 1.253421 1.104371 0.612639
 2784000.000000 1.839022 1.066447 1.397427 1.129954 0.579875
 2785200.000000 1.827964 0.983903 1.325209 1.060639 0.573789
 2786400.000000 1.953005 0.975464 1.337681 1.079438 0.571232
 2787600.000000 1.804291 1.043485 1.413476 1.091374 0.610019
 2788800.000000 1.792646 1.046530 1.273401 1.153074 0.589525
 2790000.000000 1.910283 1.028398 1.286116 1.188172 0.562264
 2791200.000000 1.962384 1.020833 1.250691 1.205360 0.615036
 2792400.000000 1.879389 1.016123 1.295024 1.144283 0.611956
 2793600.000000 1.751028 1.116545 1.364105 1.123881 0.604718
 2794800.000000 1.759301 1.089092 1.268556 1.097792 0.610403
 2796000.000000 1.866843 0.973352 1.311530 1.143798 0.579626
 2797200.000000 1.825943 1.019326 1.262736 1.182735 0.593295
 2798400.000000 1.822088 0.959265 1.308234 1.124645 0.567996
 2799600.000000 1.941947 0.946384 1.392972 1.126246 0.587039
 2800800.000000 1.808200 1.160973 1.403554 1.098660 0.615310
 2802000.000000 1.820794 1.118852 1.390457 1.162915 0.602989
 2803200.000000 1.790600 0.962344 1.320325 1.112352 0.593427
 2804400.000000 1.785382 0.980262 1.262671 1.064865 0.565254
 2805600.000000 1.764135 0.966643 1.300753 1.048126 0.622152
 2806800.000000 1.778491 1.004859 1.198276 1.142082 0.597920
 2808000.000000 1.730187 1.079039 1.193365 1.153725 0.585287
 2809200.000000 1.825271 1.033774 1.302611 1.072798 0.577388
 2810400.000000 1.684475 0.984445 1.236392 1.086344 0.582087
 2811600.000000 1.869749 1.058483 1.290474 1.070487 0.567348
 2812800.000000 1.874663 0.935415 1.295307 1.190103 0.639120
 2814000.000000 1.760281 0.953585 1.291809 1.107618 0.566069
 2815200.000000 1.986906 0.975283 1.314307 1.087570 0.574650
 2816400.000000 1.832621 1.035310 1.302988 1.147056 0.588268
 2817600.000000 1.939341 0.968866 1.236361 1.069667 0.618426
 2818800.000000 1.859640 1.052343 1.311688 1.080944 0.600051
 2820000.000000 1.839206 0.889439 1.297032 1.087178 0.589209
 2821200.000000 1.842428 0.966034 1.394862 1.080241 0.581126
 2822400.000000 1.911865 0.941916 1.425271 1.091884 0.547404
 2823600.000000 1.984772 0.923522 1.261522 1.065942 0.558198
 2824800.000000 1.953565 1.007466 1.325704 1.026175 0.576365
 2826000.000000 2.012312 0.944373 1.440601 1.142171 0.571517
 2827200.000000 1.911925 0.948256 1.306416 1.131324 0.575858
 2828400.000000 1.946898 0.961810 1.487956 1.088656 0.586008
 2829600.000000 2.048733 0.923104 1.448108 1.104247 0.592219
 2830800.000000 1.955120 1.025195 1.371833 1.097877 0.564825
 2832000.000000 1.837134 1.017288 1.316059 1.116033 0.589091
 2833200.000000 1.962590 0.950532 1.325296 1.125990 0.553445
 2834400.000000 1.912149 1.040048 1.371430 1.083005 0.669698
 2835600.000000 1.903661 0.973460 1.385476 1.059883 0.549356
 2836800.000000 1.923901 0.959090 1.314028 1.089308 0.595823
 2838000.000000 1.850429 1.089890 1.317909 1.054945 0.611381
 2839200.000000 1.709130 1.062487 1.318093 1.036521 0.600036
 2840400.000000 1.831481 0.966775 1.240437 1.129037 0.616896
 2841600.000000 1.922151 0.949190 1.348971 1.102746 0.541443
 2842800.000000 2.012167 0.973550 1.318956 1.028733 0.572136
 2844000.000000 1.972138 0.948200 1.315846 1.047481 0.585047
 2845200.000000 2.115558 0.920559 1.378149 1.060819 0.572764
 2846400.000000 1.979295 0.987665 1.209266 1.074445 0.578925
 2847600.000000 2.010865 0.928659 1.329338 1.042452 0.601479
 2848800.000000 2.184775 0.936562 1.437326 1.090077 0.582557
 2850000.000000 2.016562 0.943163 1.292901 1.093299 0.574046
 2851200.000000 1.944419 0.962005 1.244036 1.067085 0.576358
 2852400.000000 2.047018 0.976828 1.358921 1.095421 0.580176
 2853600.000000 1.989902 0.952456 1.283932 0.976834 0.597269
 2854800.000000 1.844403 0.980625 1.298816 1.061700 0.547842
 2856000.000000 1.957846 0.980598 1.384237 1.091623 0.569817
 2857200.000000 1.945088 0.976780 1.324472 1.025479 0.589666
 2858400.000000 1.926734 0.975671 1.208269 1.039446 0.584225
 2859600.000000 1.928624 0.943925 1.375457 1.037665 0.607003
 2860800.000000 2.063099 0.929691 1.275524 1.068329 0.622746
 2862000.000000 1.942827 0.932335 1.335287 1.093065 0.557853
 2863200.000000 1.944832 0.979736 1.324672 1.078054 0.585382
 2864400.000000 2.050629 0.925279 1.278269 1.116545 0.599278
 2865600.000000 1.904588 0.965188 1.219553 1.067076 0.566041
 2866800.000000 1.854744 0.955498 1.332218 1.125218 0.589742
 2868000.000000 1.918135 0.955708 1.303028 1.120669 0.582935
 2869200.000000 1.858322 0.985577 1.269426 1.116086 0.605739
 2870400.000000 1.813224 0.979633 1.271350 1.089125 0.554843
 2871600.000000 1.941533 0.975546 1.212875 1.062869 0.603572
 2872800.000000 1.869578 1.000092 1.293176 1.094589 0.573762
 2874000.000000 1.890994 1.014847 1.262419 1.074677 0.615276
 2875200.000000 1.887299 0.956700 1.251824 1.128785 0.561658
 2876400.000000 1.798649 0.964225 1.351431 1.117428 0.595699
 2877600.000000 1.947370 0.935203 1.337147 1.139327 0.614623
 2878800.000000 1.822688 1.022308 1.339088 1.115204 0.573768
 2880000.000000 1.853309 0.997117 1.253032 1.078916 0.536235
 2881200.000000 1.979502 0.940798 1.304683 1.097426 0.606246
 2882400.000000 2.002123 0.927628 1.245807 1.160523 0.599120
 2883600.000000 1.826970 0.945121 1.293332 1.137562 0.634649
 2884800.000000 1.808656 0.978254 1.199362 1.165873 0.561288
 2886000.000000 1.827735 0.940078 1.298438 1.057680 0.560537
 2887200.000000 2.083098 0.978090 1.258320 1.133268 0.605742
 2888400.000000 2.012815 0.920302 1.235656 1.131915 0.587424
 2889600.000000 2.055219 0.943827 1.304711 1.107888 0.549665
 2890800.000000 1.939097 0.995525 1.262276 1.035412 0.541401
 2892000.000000 1.898263 0.988957 1.293477 1.117862 0.629626
 2893200.000000 1.883592 0.951042 1.283633 1.059584 0.547648
 2894400.000000 1.914219 1.054122 1.275159 1.066582 0.551196
 2895600.000000 2.012797 1.072866 1.416371 1.095245 0.582341
 2896800.000000 1.964089 0.977483 1.317834 1.183822 0.572585
 2898000.000000 1.957231 1.027223 1.277928 1.149971 0.576288
 2899200.000000 1.890260 1.002492 1.342777 1.126897 0.630478
 2900400.000000 1.961185 0.931864 1.238748 1.118264 0.601412
 2901600.000000 2.071229 0.974085 1.243192 1.108681 0.574525
 2902800.000000 1.879824 1.041886 1.328043 1.098354 0.549941
 2904000.000000 1.936864 0.925861 1.290405 1.247859 0.592887
 2905200.000000 1.958374 1.017456 1.265021 1.092731 0.623014
 2906400.000000 1.958349 0.961975 1.372975 1.150338 0.579884
 2907600.000000 1.983984 1.037215 1.209564 1.165926 0.575955
 2908800.000000 2.024996 0.985630 1.288117 1.225844 0.607212
 2910000.000000 1.913155 1.014421 1.208682 1.134598 0.611220
 2911200.000000 1.921021 0.954657 1.211457 1.190607 0.615716
 2912400.000000 1.904647 0.978119 1.315612 1.072559 0.602086
 2913600.000000 1.933059 1.102669 1.305193 1.016630 0.567002
 2914800.000000 1.842237 1.026317 1.278497 1.145805 0.558301
 2916000.000000 2.031819 0.950474 1.200424 1.177411 0.616157
 2917200.000000 2.077812 0.978217 1.317881 1.162811 0.587981
 2918400.000000 1.864002 1.019691 1.307470 1.121548 0.580846
 2919600.000000 1.911582 1.006592 1.290411 1.148160 0.586677
 2920800.000000 1.814610 1.011155 1.338727 1.110365 0.571844
 2922000.000000 1.836795 0.982660 1.285113 1.129632 0.579724
 2923200.000000 1.967279 0.949070 1.307352 1.120505 0.570905
 2924400.000000 2.001332 1.015328 1.233388 1.079622 0.570650
 2925600.000000 1.943122 0.934298 1.292596 1.044551 0.593416
 2926800.000000 1.916316 0.968651 1.251899 1.097197 0.577580
 2928000.000000 1.870385 1.045433 1.284067 1.181687 0.579294
 2929200.000000 1.913968 1.030012 1.241980 1.054049 0.551599
 2930400.000000 1.964133 1.028596 1.260148 1.063314 0.572527
 2931600.000000 1.910334 1.012849 1.373355 1.136432 0.603427
 2932800.000000 1.901543 0.965052 1.206348 1.096167 0.604924
 2934000.000000 1.988896 1.002533 1.210630 1.039914 0.528371
 2935200.000000 1.997154 0.942972 1.254197 1.050247 0.575729
 2936400.000000 1.823423 1.044832 1.267210 1.003978 0.585832
 2937600.000000 1.863838 0.991386 1.231729 1.037447 0.626498
 2938800.000000 1.905752 1.082910 1.495529 1.061886 0.649094
 2940000.000000 1.909704 0.950565 1.284510 1.090387 0.616705
 2941200.000000 2.000991 1.022089 1.419607 1.135679 0.599507
 2942400.000000 1.971764 0.989275 1.270268 1.039457 0.593571
 2943600.000000 1.924110 0.991731 1.308885 1.096476 0.642856
 2944800.000000 1.935608 0.977432 1.268086 1.052117 0.580117
 2946000.000000 2.081381 0.995467 1.269772 1.001562 0.594282
 2947200.000000 1.922000 1.005183 1.310629 1.089468 0.619394
 2948400.000000 1.937734 0.946779 1.366501 1.061608 0.561153
 2949600.000000 1.976692 0.923282 1.267571 1.129221 0.584821
 2950800.000000 2.007356 0.963115 1.327093 1.092341 0.611138
 2952000.000000 1.984130 0.971265 1.263311 1.135897 0.626216
 2953200.000000 2.006043 1.008512 1.360494 1.207091 0.551972
 2954400.000000 1.996319 1.000190 1.295189 1.236313 0.595363
 2955600.000000 1.739116 1.121811 1.326028 1.181779 0.573358
 2956800.000000 1.829066 1.049358 1.272995 1.237627 0.612237
 2958000.000000 1.864055 1.131713 1.386591 1.211115 0.593465
 2959200.000000 1.952293 1.015482 1.367787 1.283176 0.587539
 2960400.000000 2.040226 1.069535 1.281803 1.144826 0.582642
 2961600.000000 1.840480 1.109631 1.294846 1.126516 0.582899
 2962800.000000 1.809955 1.025556 1.353347 1.051608 0.615747
 2964000.000000 1.871803 1.006599 1.288275 1.127400 0.619139
 2965200.000000 1.856711 0.974409 1.377915 1.082173 0.626273
 2966400.000000 1.964660 0.980186 1.367477 1.134165 0.618670
 2967600.000000 1.957856 1.055520 1.296530 1.087062 0.615295
 2968800.000000 1.912468 0.976559 1.315359 1.116593 0.577766
 2970000.000000 1.952415 0.933498 1.270063 1.114280 0.605146
 2971200.000000 1.889579 0.954661 1.212535 1.120768 0.591788
 2972400.000000 1.856340 1.015903 1.374588 1.092415 0.587431
 2973600.000000 1.839906 0.945306 1.283370 1.095323 0.625879
 2974800.000000 1.849845 1.034580 1.218081 1.079026 0.588969
 2976000.000000 1.659362 1.006235 1.272686 1.088524 0.618938
 2977200.000000 1.843478 0.936070 1.333074 1.195773 0.584968
 2978400.000000 1.859986 0.940851 1.259776 1.125255 0.581390
 2979600.000000 1.890286 0.904439 1.261898 1.064974 0.548813
 2980800.000000 1.979932 0.932737 1.361063 1.082887 0.578754
 2982000.000000 1.928717 0.944956 1.334099 1.114250 0.556941
 2983200.000000 1.991105 0.926838 1.329981 1.040478 0.545418
 2984400.000000 1.802230 0.948346 1.247111 1.101450 0.595070
 2985600.000000 1.916402 0.981532 1.322039 1.141145 0.609236
 2986800.000000 1.991013 1.012067 1.343319 1.148251 0.578410
 2988000.000000 1.994411 0.977435 1.320661 1.093028 0.591243
 2989200.000000 1.729104 1.109797 1.282545 1.116805 0.592954
 2990400.000000 1.616425 1.150157 1.349288 1.194665 0.575577
 2991600.000000 1.788165 1.025973 1.312284 1.161622 0.579057
 2992800.000000 1.762436 1.098699 1.308667 1.171116 0.601305
 2994000.000000 1.817606 0.913102 1.339066 1.179359 0.563055
 2995200.000000 1.812038 1.008524 1.254941 1.104745 0.566822
 2996400.000000 1.799048 1.025361 1.283261 1.103928 0.578379
 2997600.000000 1.739565 1.032161 1.246105 1.101315 0.572135
 2998800.000000 1.901981 1.054913 1.156634 1.257344 0.667475
 3000000.000000 1.684598 1.173002 1.274771 1.285906 0.628608
 3001200.000000 1.713669 1.082356 1.325879 1.260203 0.606501
 3002400.000000 1.945507 1.122909 1.275176 1.163649 0.567888
 3003600.000000 1.824672 1.064122 1.282702 1.162424 0.565001
 3004800.000000 1.893662 1.086128 1.312031 1.073134 0.613565
 3006000.000000 1.729153 1.057190 1.345478 1.100259 0.619620
 3007200.000000 1.780497 0.937150 1.287898 1.110198 0.572395
 3008400.000000 1.874523 1.065149 1.229648 1.134957 0.606896
 3009600.000000 1.821332 1.128496 1.290391 1.063252 0.588056
 3010800.000000 1.657396 1.141542 1.235107 1.111644 0.617065
 3012000.000000 1.618359 1.040933 1.194023 1.081332 0.581558
 3013200.000000 1.678780 1.037224 1.189068 1.188602 0.642456
 3014400.000000 1.758511 1.128133 1.147160 1.164302 0.626708
 3015600.000000 1.723952 1.101654 1.216011 1.110559 0.643492
 3016800.000000 1.629486 1.104627 1.193197 1.104510 0.617120
 3018000.000000 1.726438 1.165486 1.189274 1.233442 0.617606
 3019200.000000 1.759471 1.108715 1.244721 1.144889 0.639879
 3020400.000000 1.783150 1.137897 1.193040 1.167399 0.618912
 3021600.000000 1.699332 1.184193 1.206796 1.121559 0.636640
 3022800.000000 1.751864 1.170804 1.220104 1.122571 0.602447
 3024000.000000 1.698290 1.128911 1.145138 1.075634 0.622858
 3025200.000000 1.697978 1.170566 1.314414 1.064266 0.613954
 3026400.000000 1.632807 1.047253 1.186978 1.140244 0.596577
 3027600.000000 1.596670 1.238810 1.159080 1.088101 0.615338
 3028800.000000 1.647180 1.123643 1.198991 1.086648 0.676263
 3030000.000000 1.664556 1.236367 1.304444 1.120563 0.573374
 3031200.000000 1.627485 1.178542 1.178893 1.051831 0.649906
 3032400.000000 1.620627 1.114959 1.213679 1.106464 0.627521
 3033600.000000 1.697872 1.105055 1.198040 1.076185 0.662260
 3034800.000000 1.621453 1.062403 1.151523 1.068693 0.667310
 3036000.000000 1.654563 1.128209 1.286375 1.229973 0.625496
 3037200.000000 1.731966 1.070548 1.185167 1.098344 0.642652
 3038400.000000 1.755755 1.127441 1.212434 1.250816 0.613970
 3039600.000000 1.685787 1.178759 1.287063 1.178330 0.596092
 3040800.000000 1.777742 1.215165 1.246294 1.191767 0.578030
 3042000.000000 1.712249 1.190128 1.187338 1.195107 0.666718
 3043200.000000 1.618136 1.236146 1.255594 1.213603 0.628671
 3044400.000000 1.629370 1.131753 1.201942 1.142362 0.629576
 3045600.000000 1.722224 1.265093 1.152962 1.142639 0.599791
 3046800.000000 1.709176 1.265310 1.321026 1.174380 0.588662
 3048000.000000 1.597695 1.178851 1.140120 1.089299 0.611843
 3049200.000000 1.647722 1.225325 1.120616 1.096340 0.675192
 3050400.000000 1.689872 1.211900 1.211304 1.039573 0.614687
 3051600.000000 1.682573 1.046217 1.182767 1.077542 0.638153
 3052800.000000 1.680181 1.057842 1.180172 1.103758 0.622838
 3054000.000000 1.741156 1.019978 1.195653 1.120783 0.618017
 3055200.000000 1.678063 1.033615 1.292738 1.096344 0.658593
 3056400.000000 1.733967 0.990930 1.196248 1.107303 0.666898
 3057600.000000 1.680448 1.029395 1.156080 1.100340 0.597692
 3058800.000000 1.655863 1.110022 1.189148 1.053262 0.681642
 3060000.000000 1.684888 1.130934 1.209531 1.034585 0.641507
 3061200.000000 1.692346 1.079802 1.317386 1.094137 0.591037
 3062400.000000 1.662385 1.201628 1.282211 1.143634 0.668308
 3063600.000000 1.711287 1.078468 1.248270 1.192887 0.640880
 3064800.000000 1.665810 1.080073 1.269234 1.089279 0.625798
 3066000.000000 1.629854 1.093613 1.213507 1.136671 0.605534
 3067200.000000 1.729275 1.141314 1.289696 1.066820 0.597471
 3068400.000000 1.761472 1.044389 1.249929 1.050021 0.612592
 3069600.000000 1.802511 1.073822 1.210414 1.191034 0.664053
 3070800.000000 1.718841 1.040132 1.333664 1.281571 0.693498
 3072000.000000 1.666712 1.064587 1.292241 1.194519 0.639430
 3073200.000000 1.622296 1.074892 1.274389 1.054577 0.637041
 3074400.000000 1.789215 1.043385 1.260290 1.145354 0.647717
 3075600.000000 1.644527 1.265149 1.245072 1.107099 0.618858
 3076800.000000 1.739758 1.210467 1.301828 1.092068 0.616620
 3078000.000000 1.553715 1.154788 1.214089 1.114392 0.612163
 3079200.000000 1.660882 1.072963 1.275830 1.046924 0.609278
 3080400.000000 1.819165 1.112616 1.184722 1.080019 0.571548
 3081600.000000 1.802043 1.125228 1.189774 1.080016 0.602909
 3082800.000000 1.719377 1.031924 1.146824 1.067403 0.646766
 3084000.000000 1.710106 1.152747 1.170532 1.181163 0.594982
 3085200.000000 1.640730 1.186210 1.149973 1.096069 0.615525
 3086400.000000 1.810562 1.143568 1.104072 1.102719 0.586880
 3087600.000000 1.753777 1.138238 1.201114 1.130961 0.577993
 3088800.000000 1.804926 1.125460 1.243997 1.034673 0.605521
 3090000.000000 1.756294 1.121608 1.175257 1.084635 0.586776
 3091200.000000 1.706698 1.171919 1.282468 1.133943 0.568556
 3092400.000000 1.791636 1.171188 1.219571 1.078403 0.602172
 3093600.000000 1.687667 1.188091 1.158638 1.105588 0.598596
 3094800.000000 1.748694 1.137423 1.130494 1.093554 0.591397
 3096000.000000 1.783631 1.183179 1.341278 1.058624 0.608173
 3097200.000000 1.713073 1.083544 1.298476 1.110731 0.606136
 3098400.000000 1.701844 1.106791 1.299459 1.054319 0.602920
 3099600.000000 1.762873 1.102048 1.257516 1.044980 0.641609
 3100800.000000 1.660405 0.997442 1.344100 1.103079 0.633188
 3102000.000000 1.654849 1.094183 1.138734 1.087691 0.634423
 3103200.000000 1.546766 1.083551 1.281907 1.074165 0.617148
 3104400.000000 1.584522 1.161109 1.139948 1.082616 0.604673
 3105600.000000 1.798374 1.134540 1.266808 1.068122 0.585530
 3106800.000000 1.547706 1.153726 1.199675 1.030143 0.644384
 3108000.000000 1.535879 1.252489 1.252432 1.091150 0.609090
 3109200.000000 1.688066 1.183850 1.445044 1.013981 0.616082
 3110400.000000 1.672815 1.109831 1.155589 1.079334 0.605937
 3111600.000000 1.708735 1.106229 1.221714 1.040359 0.593379
 3112800.000000 1.657803 1.200067 1.328821 1.188754 0.576775
 3114000.000000 1.682619 1.174248 1.217802 1.066651 0.648756
 3115200.000000 1.662601 1.217784 1.293439 1.118971 0.606759
 3116400.000000 1.783767 1.191868 1.233711 1.084598 0.608888
 3117600.000000 1.645710 1.233374 1.186574 1.096587 0.579808
 3118800.000000 1.672043 1.155187 1.259884 1.141021 0.642679
 3120000.000000 1.753181 1.156725 1.359875 1.194528 0.600227
 3121200.000000 1.762196 1.253801 1.318525 1.146470 0.649882
 3122400.000000 1.692032 1.185714 1.285913 1.098249 0.634941
 3123600.000000 1.704905 1.039418 1.267873 1.021282 0.657084
 3124800.000000 1.653037 1.150496 1.194205 1.052915 0.625473
 3126000.000000 1.671847 1.014118 1.173414 1.100650 0.597034
 3127200.000000 1.639236 1.111671 1.264891 1.078542 0.655287
 3128400.000000 1.738954 1.126419 1.339485 1.149493 0.604826
 3129600.000000 1.816625 1.077049 1.315305 1.068314 0.598490
 3130800.000000 1.880405 1.186495 1.215902 1.131064 0.612117
 3132000.000000 1.710376 1.208812 1.200170 1.064482 0.607656
 3133200.000000 1.648167 1.189752 1.275060 1.104816 0.583616
 3134400.000000 1.744809 1.124059 1.200929 1.047064 0.591835
 3135600.000000 1.899451 1.053743 1.288806 1.046930 0.587519
 3136800.000000 1.786260 1.077763 1.238291 1.112092 0.597638
 3138000.000000 1.809469 1.164382 1.277913 1.049755 0.619864
 3139200.000000 1.718230 1.070493 1.339735 1.019413 0.637426
 3140400.000000 1.769100 1.045524 1.219413 1.056235 0.635857
 3141600.000000 1.687157 0.984499 1.239831 1.063377 0.602420
 3142800.000000 1.708582 1.058226 1.229576 1.072812 0.629529
 3144000.000000 1.803106 1.099708 1.123553 1.015585 0.635581
 3145200.000000 1.724827 1.131317 1.261772 1.087984 0.584727
 3146400.000000 1.719974 1.112853 1.255209 1.115978 0.572704
 3147600.000000 1.686737 1.021766 1.310899 1.032103 0.613434
 3148800.000000 1.604380 1.109343 1.305587 1.108831 0.550270
 3150000.000000 1.627074 1.056673 1.328644 1.098473 0.580772
 3151200.000000 1.596099 1.013973 1.213509 1.071784 0.662559
 3152400.000000 1.630625 1.046455 1.227554 1.110382 0.625449
 3153600.000000 1.679691 1.064059 1.244799 1.065718 0.594245
 3154800.000000 1.658940 1.033676 1.295418 1.106333 0.592387
 3156000.000000 1.652895 1.023162 1.251772 1.084608 0.594228
 3157200.000000 1.604397 1.005926 1.228551 1.116945 0.564886
 3158400.000000 1.640374 1.050727 1.288229 1.088822 0.609997
 3159600.000000 1.637503 1.028707 1.265800 1.034473 0.602880
 3160800.000000 1.793905 1.032520 1.214741 1.034795 0.609521
 3162000.000000 1.609540 1.024982 1.306917 1.067990 0.602136
 3163200.000000 1.732354 1.027628 1.230032 1.044713 0.612343
 3164400.000000 1.721603 1.056742 1.236368 1.021540 0.572179
 3165600.000000 1.689950 1.114219 1.141714 0.994434 0.574742
 3166800.000000 1.646987 1.082223 1.213444 1.022843 0.554814
 3168000.000000 1.646885 1.065440 1.245425 1.055509 0.576564
 3169200.000000 1.916382 1.099709 1.275175 1.039789 0.620065
 3170400.000000 1.772363 1.010878 1.197939 1.058372 0.606088
 3171600.000000 1.703599 1.182934 1.280447 1.062940 0.594919
 3172800.000000 1.700019 1.152891 1.183609 1.042992 0.607245
 3174000.000000 1.753156 1.233397 1.277622 1.067151 0.615287
 3175200.000000 1.749739 0.980778 1.340836 1.030592 0.597045
 3176400.000000 1.628165 1.201474 1.303680 1.125959 0.655522
 3177600.000000 1.686669 1.165211 1.252227 1.062444 0.580571
 3178800.000000 1.708649 1.141510 1.290515 1.073250 0.572787
 3180000.000000 1.744196 1.133909 1.319069 1.071689 0.566423
 3181200.000000 1.649412 1.127743 1.250433 1.047987 0.602504
 3182400.000000 1.729752 1.197359 1.342818 1.043039 0.572365
 3183600.000000 1.825489 0.993230 1.411012 1.061283 0.574138
 3184800.000000 1.632591 1.151225 1.356171 1.113879 0.570161
 3186000.000000 1.634020 1.168215 1.281595 1.000328 0.604355
 3187200.000000 1.778531 1.198835 1.305090 1.026413 0.594337
 3188400.000000 1.657248 1.157303 1.346399 1.097079 0.552259
 3189600.000000 1.539802 1.221274 1.391007 1.085614 0.615497
 3190800.000000 1.655980 1.205999 1.367546 1.048151 0.582823
 3192000.000000 1.599176 1.154024 1.291702 1.050387 0.595754
 3193200.000000 1.591243 1.111055 1.227764 1.052510 0.612943
 3194400.000000 1.653963 1.265546 1.227884 1.021806 0.636569
 3195600.000000 1.561890 1.202438 1.323000 1.072391 0.623953
 3196800.000000 1.709166 1.360019 1.419748 1.077084 0.605458
 3198000.000000 1.684705 1.314973 1.205747 1.033855 0.639840
 3199200.000000 1.634271 1.062821 1.193363 1.105732 0.624354
 3200400.000000 1.669460 1.011971 1.237335 1.081881 0.592888
 3201600.000000 1.603969 1.021144 1.297232 1.082304 0.581494
 3202800.000000 1.800391 0.964443 1.217475 1.095442 0.559322
 3204000.000000 1.712746 1.074196 1.252646 1.108371 0.576909
 3205200.000000 1.710179 1.091362 1.177520 1.072795 0.632276
 3206400.000000 1.644237 1.117432 1.331422 1.139639 0.579018
 3207600.000000 1.598408 1.136854 1.208262 1.100719 0.633792
 3208800.000000 1.668731 1.034410 1.305604 1.095285 0.593128
 3210000.000000 1.691223 0.988080 1.426255 1.118718 0.596946
 3211200.000000 1.722345 1.072827 1.220076 1.076412 0.607957
 3212400.000000 1.589243 1.058276 1.315695 1.094988 0.595918
 3213600.000000 1.622898 1.138747 1.304040 1.150874 0.620274
 3214800.000000 1.675209 1.040407 1.408793 1.068534 0.555299
 3216000.000000 1.641271 1.034295 1.319984 1.096483 0.612275
 3217200.000000 1.562954 1.352598 1.330465 1.129564 0.617558
 3218400.000000 1.528474 1.259039 1.388372 1.046614 0.576762
 3219600.000000 1.449250 1.335536 1.308335 1.077138 0.559709
 3220800.000000 1.579760 1.285992 1.417102 1.127078 0.572593
 3222000.000000 1.535596 1.244140 1.275447 1.093395 0.616365
 3223200.000000 1.623586 1.234247 1.212406 1.106171 0.602070
 3224400.000000 1.526519 1.309075 1.308450 1.127247 0.601917
 3225600.000000 1.728258 1.249116 1.334876 1.121358 0.570114
 3226800.000000 1.727602 1.127256 1.326993 1.066257 0.620827
 3228000.000000 1.533581 1.309805 1.313390 1.122542 0.620102
 3229200.000000 1.641295 1.184089 1.077492 1.077996 0.589208
 3230400.000000 1.610484 1.327856 1.243914 1.054962 0.588228
 3231600.000000 1.682238 1.369092 1.278671 1.045808 0.584392
 3232800.000000 1.594882 1.349107 1.272580 1.078441 0.605219
 3234000.000000 1.516155 1.219158 1.148704 1.047524 0.570274
 3235200.000000 1.528504 1.405069 1.226685 1.054751 0.583135
 3236400.000000 1.548796 1.126413 1.341053 1.093566 0.616317
 3237600.000000 1.684753 1.109871 1.354786 1.097438 0.604409
 3238800.000000 1.906728 1.033637 1.259998 1.074228 0.584782
 3240000.000000 1.674076 1.226327 1.405451 1.083996 0.591101
 3241200.000000 1.603429 1.299092 1.271315 1.070743 0.596973
 3242400.000000 1.589998 1.291612 1.239512 1.088411 0.569075
 3243600.000000 1.585230 1.278698 1.294605 1.092212 0.594287
 3244800.000000 1.555607 1.307261 1.168803 1.083707 0.588849
 3246000.000000 1.537345 1.160795 1.279556 1.083017 0.607954
 3247200.000000 1.565203 1.328486 1.267641 1.135471 0.571144
 3248400.000000 1.592856 1.364273 1.208294 1.084085 0.596298
 3249600.000000 1.822222 1.251657 1.220381 1.117626 0.587109
 3250800.000000 1.320477 1.366317 1.361204 1.093893 0.590494
 3252000.000000 1.246584 1.319846 1.290230 1.130276 0.581102
 3253200.000000 1.482418 1.405983 1.292991 1.207578 0.612820
 3254400.000000 1.516821 1.310162 1.255566 1.083250 0.632889
 3255600.000000 1.293622 1.322797 1.222376 1.092258 0.586044
 3256800.000000 1.445574 1.301448 1.378887 1.165643 0.580087
 3258000.000000 1.255819 1.436326 1.328731 1.089631 0.635973
 3259200.000000 1.675714 1.375898 1.394970 1.064247 0.623478
 3260400.000000 1.582898 1.437855 1.198640 1.090876 0.613413
 3261600.000000 1.806203 1.382301 1.248219 1.040366 0.617970
 3262800.000000 1.618633 1.460781 1.255931 1.074254 0.584876
 3264000.000000 1.415201 1.470283 1.257409 1.174688 0.584286
 3265200.000000 1.487381 1.464375 1.461515 1.089686 0.639293
 3266400.000000 1.515712 1.443508 1.333210 1.112545 0.597964
 3267600.000000 1.480890 1.433916 1.355780 1.101172 0.576818
 3268800.000000 1.575864 1.464606 1.424545 1.080692 0.577582
 3270000.000000 1.483202 1.457102 1.297651 1.109104 0.578618
 3271200.000000 1.633027 1.495081 1.313815 1.091187 0.602037
 3272400.000000 1.496884 1.470784 1.287985 1.098772 0.580884
 3273600.000000 1.357528 1.421538 1.302236 1.158183 0.588797
 3274800.000000 1.195281 1.461492 1.235748 1.043793 0.568541
 3276000.000000 1.270259 1.483772 1.231088 1.096324 0.632147
 3277200.000000 1.298320 1.475256 1.248888 1.078259 0.597469
 3278400.000000 1.209725 1.444054 1.190639 1.048101 0.586510
 3279600.000000 1.495916 1.487815 1.245379 1.074420 0.560582
 3280800.000000 1.506975 1.415125 1.215056 1.067173 0.608535
 3282000.000000 1.770844 1.436293 1.284110 1.044121 0.591779
 3283200.000000 1.639017 1.408235 1.158225 1.020717 0.619348
 3284400.000000 1.607020 1.479648 1.136036 0.995065 0.608423
 3285600.000000 1.593097 1.466161 1.119467 1.006358 0.569901
 3286800.000000 1.349157 1.389743 1.263902 1.052722 0.566694
 3288000.000000 1.791053 1.476664 1.272912 1.094168 0.596027
 3289200.000000 1.380640 1.504329 1.215567 1.027613 0.592775
 3290400.000000 1.655511 1.447769 1.208322 1.024602 0.617623
 3291600.000000 1.592017 1.371100 1.233657 1.063880 0.567616
 3292800.000000 1.603524 1.466964 1.054472 1.035131 0.563065
 3294000.000000 1.565891 1.391064 1.137291 1.100379 0.610725
 3295200.000000 1.550707 1.398755 1.126746 1.085232 0.588217
 3296400.000000 1.643918 1.436674 1.177809 0.966811 0.610888
 3297600.000000 1.435912 1.427833 1.159487 1.077395 0.645257
 3298800.000000 1.554646 1.516142 1.052713 1.031159 0.599407
 3300000.000000 1.672623 1.455886 1.053186 1.088847 0.638550
 3301200.000000 1.605678 1.449404 1.140888 1.147798 0.575648
 3302400.000000 1.565330 1.449654 1.106355 1.054673 0.623038
 3303600.000000 1.561713 1.485878 1.150552 1.056750 0.610795
 3304800.000000 1.489911 1.426266 1.101404 1.053543 0.594943
 3306000.000000 1.532909 1.387029 1.137426 1.000466 0.579123
 3307200.000000 1.564999 1.364471 1.234412 1.036662 0.628895
 3308400.000000 1.641488 1.430141 1.138080 1.069996 0.577248
 3309600.000000 1.425596 1.405517 1.169744 1.071658 0.554199
 3310800.000000 1.571732 1.437078 1.212834 1.077947 0.608710
 3312000.000000 1.567516 1.465620 1.016576 1.048700 0.609816
 3313200.000000 1.614863 1.462992 1.189779 1.023901 0.561963
 3314400.000000 1.353753 1.455400 1.085028 1.074596 0.602102
 3315600.000000 1.452056 1.488922 1.184593 1.024864 0.603151
 3316800.000000 1.482645 1.472756 1.124375 1.077201 0.583268
 3318000.000000 1.379607 1.498235 1.243705 1.085464 0.605711
 3319200.000000 1.591657 1.453814 1.183544 1.015189 0.592872
 3320400.000000 1.383129 1.448134 1.205262 1.043586 0.609992
 3321600.000000 1.445493 1.472644 1.217534 1.026163 0.612906
 3322800.000000 1.659630 1.438856 1.132765 1.097400 0.606532
 3324000.000000 1.690003 1.488977 1.024959 1.103196 0.606797
 3325200.000000 1.613913 1.471671 1.184120 1.105843 0.623250
 3326400.000000 1.519562 1.485096 1.221215 1.064833 0.588478
 3327600.000000 1.495035 1.459935 1.171053 1.030358 0.576380
 3328800.000000 1.364793 1.373841 1.125145 1.033596 0.602249
 3330000.000000 1.611704 1.443893 1.190815 1.013886 0.598966
 3331200.000000 1.635936 1.413515 1.194221 0.995157 0.591965
 3332400.000000 1.656423 1.436198 1.249814 1.106175 0.586442
 3333600.000000 1.741489 1.448041 1.272603 1.085445 0.572152
 3334800.000000 1.731326 1.458001 1.213428 1.073379 0.616426
 3336000.000000 1.518194 1.471647 1.421950 1.042160 0.585539
 3337200.000000 1.675170 1.456510 1.222775 1.033477 0.609325
 3338400.000000 1.550235 1.433072 1.257074 1.045341 0.565558
 3339600.000000 1.668055 1.419067 1.260794 1.043555 0.574343
 3340800.000000 1.492712 1.483568 1.289660 1.181383 0.634510
 3342000.000000 1.508355 1.452505 1.245475 1.028386 0.608765
 3343200.000000 1.468654 1.401283 1.244174 1.016703 0.596558
 3344400.000000 1.484468 1.370549 1.169401 1.102502 0.623371
 3345600.000000 1.593279 1.450598 1.238421 1.037357 0.608938
 3346800.000000 1.649353 1.490011 1.242715 1.080588 0.560743
 3348000.000000 1.586909 1.445486 1.207283 1.095158 0.595816
 3349200.000000 1.544307 1.448626 1.204049 1.010868 0.601907
 3350400.000000 1.458880 1.470585 1.264276 1.125780 0.612026
 3351600.000000 1.397295 1.393523 1.211299 1.048257 0.592947
 3352800.000000 1.209062 1.422439 1.212777 1.042336 0.612362
 3354000.000000 1.389803 1.478634 1.254710 1.080062 0.576255
 3355200.000000 1.290248 1.401629 1.155062 1.046182 0.603825
 3356400.000000 1.488337 1.448327 1.180400 1.093536 0.575515
 3357600.000000 1.640555 1.430566 1.169813 1.130386 0.611432
 3358800.000000 1.345310 1.457897 1.175813 1.122289 0.605670
 3360000.000000 1.380121 1.093127 1.248586 1.050812 0.590545
 3361200.000000 1.518560 1.446854 1.213407 1.058086 0.582386
 3362400.000000 1.697077 1.571235 1.167607 1.047232 0.599307
 3363600.000000 1.474000 1.601207 1.039588 1.101446 0.605139
 3364800.000000 1.393880 1.573698 1.180859 1.053823 0.624968
 3366000.000000 1.478785 1.612430 1.259921 1.075532 0.572221
 3367200.000000 1.353462 1.613008 1.374163 1.050519 0.583429
 3368400.000000 1.542539 1.676160 1.268267 1.113865 0.607686
 3369600.000000 1.449931 1.527893 1.232707 1.062342 0.622286
 3370800.000000 1.330734 1.722627 1.230989 1.059743 0.566526
 3372000.000000 1.445374 1.573986 1.168852 1.050808 0.579256
 3373200.000000 1.470072 1.686536 1.187704 1.099563 0.569857
 3374400.000000 1.533054 1.668310 1.190349 1.061816 0.579971
 3375600.000000 1.650945 1.609222 1.202447 1.087767 0.597624
 3376800.000000 1.469894 1.585445 1.187405 1.045743 0.659078
 3378000.000000 1.722634 1.440460 1.258366 1.046184 0.609677
 3379200.000000 1.535817 1.505607 1.262408 1.074438 0.615219
 3380400.000000 1.707047 1.454668 1.241902 1.030916 0.641238
 3381600.000000 1.426564 1.464802 1.256284 1.091175 0.643100
 3382800.000000 1.552791 1.502448 1.165970 1.038033 0.588821
 3384000.000000 1.330496 1.415102 1.290983 1.027891 0.568174
 3385200.000000 1.319468 1.423177 1.192907 1.028880 0.594438
 3386400.000000 1.336847 1.459813 1.226983 1.102639 0.616258
 3387600.000000 1.231150 1.452679 1.296084 1.094404 0.612825
 3388800.000000 1.117929 1.472360 1.352528 1.055243 0.622594
 3390000.000000 1.083829 1.538431 1.301115 1.070231 0.607486
 3391200.000000 1.038097 1.604340 1.353145 1.069056 0.589950
 3392400.000000 1.037360 1.603207 1.263308 1.114281 0.604245
 3393600.000000 1.127554 1.403766 1.313698 1.097724 0.628480
 3394800.000000 1.648212 1.429725 1.297338 1.034367 0.601075
 3396000.000000 1.598700 1.402160 1.241083 1.091894 0.596369
 3397200.000000 1.478438 1.455243 1.183875 1.111296 0.652866
 3398400.000000 1.459880 1.444000 1.165744 1.088380 0.618217
 3399600.000000 1.414729 1.430069 1.187893 1.055364 0.588955
 3400800.000000 1.487468 1.490321 1.177728 1.116954 0.629510
 3402000.000000 1.376752 1.476108 1.123513 1.067237 0.582029
 3403200.000000 1.422046 1.466160 1.240881 1.066295 0.631670
 3404400.000000 1.297618 1.560228 1.137535 1.109682 0.598841
 3405600.000000 1.413748 1.456873 1.109559 1.030247 0.626783
 3406800.000000 1.594297 1.453232 1.173965 1.084826 0.609132
 3408000.000000 1.688587 1.477569 1.216561 1.004993 0.604703
 3409200.000000 1.527446 1.489048 1.211976 1.088065 0.626372
 3410400.000000 1.532259 1.508144 1.251270 1.068386 0.585580
 3411600.000000 1.482097 1.428354 1.157025 1.037802 0.620734
 3412800.000000 1.542747 1.493632 1.265841 1.046010 0.596976
 3414000.000000 1.432224 1.422484 1.282389 1.050126 0.564123
 3415200.000000 1.485235 1.476611 1.281564 1.068907 0.596586
 3416400.000000 1.473753 1.485971 1.162601 1.092576 0.583536
 3417600.000000 1.466399 1.410500 1.182033 1.054912 0.627410
 3418800.000000 1.595300 1.445943 1.216527 1.063731 0.651099
 3420000.000000 1.738660 1.476602 1.119638 1.005647 0.613564
 3421200.000000 1.459967 1.431443 1.290349 1.053612 0.620061
 3422400.000000 1.353132 1.418128 1.248697 1.072869 0.595782
 3423600.000000 1.515147 1.430069 1.286034 1.099288 0.592530
 3424800.000000 1.499339 1.415515 1.248699 1.084849 0.599486
 3426000.000000 1.513710 1.469142 1.184511 1.038400 0.588772
 3427200.000000 1.656329 1.453393 1.323509 1.038291 0.629934
 3428400.000000 1.424489 1.449449 1.244799 0.996797 0.578842
 3429600.000000 1.750353 1.477740 1.275335 1.071568 0.655504
 3430800.000000 1.663368 1.478742 1.241896 1.041136 0.617172
 3432000.000000 1.684086 1.395333 1.198119 1.095993 0.626308
 3433200.000000 1.472158 1.444792 1.202893 0.991898 0.628279
 3434400.000000 1.510421 1.457541 1.208170 1.138471 0.621332
 3435600.000000 1.542218 1.521504 1.386445 1.098396 0.596280
 3436800.000000 1.394310 1.449605 1.350831 1.092270 0.674682
 3438000.000000 1.427813 1.626474 1.438525 1.156183 0.622371
 3439200.000000 1.306455 1.616431 1.436814 1.102462 0.584403
 3440400.000000 1.448681 1.521890 1.332407 1.070517 0.578799
 3441600.000000 1.329039 1.511822 1.297426 1.083350 0.621981
 3442800.000000 1.334260 1.497062 1.340187 1.088382 0.634925
 3444000.000000 1.317480 1.375640 1.230933 1.083546 0.598388
 3445200.000000 1.302225 1.434072 1.263727 1.012231 0.622044
 3446400.000000 1.404418 1.399454 1.275164 1.003166 0.577828
 3447600.000000 1.390920 1.376350 1.470645 1.106009 0.602379
 3448800.000000 1.319956 1.452510 1.360726 1.124462 0.601014
 3450000.000000 1.412869 1.449987 1.336009 1.105662 0.570119
 3451200.000000 1.331886 1.575150 1.341069 1.105971 0.662117
 3452400.000000 1.458179 1.549750 1.494407 1.116728 0.589836
 3453600.000000 1.420275 1.508523 1.411834 1.084820 0.640298
 3454800.000000 1.399423 1.612830 1.505158 1.168188 0.564156
 3456000.000000 1.422626 1.605161 1.589703 1.110483 0.606884
 3457200.000000 1.486775 1.693556 1.483873 1.111809 0.600268
 3458400.000000 1.276732 1.551092 1.517625 1.109215 0.619612
 3459600.000000 1.109029 1.630337 1.336816 1.105908 0.607118
 3460800.000000 1.129160 1.478833 1.314185 1.046006 0.615476
 3462000.000000 1.071730 1.607159 1.390562 1.126969 0.644750
 3463200.000000 1.294273 1.595517 1.412761 1.131761 0.633523
 3464400.000000 0.998845 1.629605 1.317536 1.123534 0.584443
 3465600.000000 1.307133 1.654208 1.439834 1.157029 0.636929
 3466800.000000 1.105621 1.676568 1.369030 1.095178 0.600641
 3468000.000000 1.120283 1.653905 1.442067 1.089826 0.553849
 3469200.000000 1.036790 1.636728 1.920010 1.111771 0.613851
 3470400.000000 1.077917 1.637176 2.045739 1.153333 0.590875
 3471600.000000 1.021931 1.556070 2.080630 1.079141 0.741436
 3472800.000000 1.070924 1.597361 1.950007 1.121190 0.684135
 3474000.000000 1.127537 1.653163 2.117897 1.072483 0.681323
 3475200.000000 1.362829 1.655395 2.006787 1.166118 0.628443
 3476400.000000 1.563343 1.596749 2.377481 1.078434 0.642379
 3477600.000000 1.406654 1.664788 2.231738 1.135665 0.648283
 3478800.000000 1.541200 1.568962 2.226063 1.133220 0.630025
 3480000.000000 1.657414 1.603885 2.245385 1.173339 0.609851
 3481200.000000 1.509738 1.647153 2.148882 1.167764 0.634716
 3482400.000000 1.508879 1.639190 2.187062 1.189001 0.672131
 3483600.000000 1.360639 1.733748 2.201588 1.139969 0.564403
 3484800.000000 1.209917 1.675403 2.108718 1.159804 0.598069
 3486000.000000 1.311832 1.613881 2.122638 1.161787 0.594959
 3487200.000000 1.056936 1.670791 2.226704 1.113908 0.561716
 3488400.000000 1.106914 1.727879 2.271057 1.180909 0.607151
 3489600.000000 1.433925 1.701743 2.057841 1.242275 0.650674
 3490800.000000 1.300996 1.654426 2.078932 1.164209 0.627265
 3492000.000000 1.267286 1.694675 2.111529 1.118965 0.612960
 3493200.000000 1.262460 1.618848 2.003769 1.109717 0.586572
 3494400.000000 1.412201 1.559953 2.153022 1.116697 0.604819
 3495600.000000 1.297082 1.621673 2.077187 1.135390 0.604464
 3496800.000000 1.309703 1.612782 2.101239 1.120225 0.640550
 3498000.000000 1.607294 1.548841 2.181624 1.169474 0.684498
 3499200.000000 1.512060 1.613131 2.049195 1.119289 0.648736
 3500400.000000 1.512154 1.594553 1.885318 1.123340 0.611072
 3501600.000000 1.327748 1.617065 2.055638 1.122232 0.578459
 3502800.000000 1.610103 1.545151 2.012841 1.124060 0.628370
 3504000.000000 1.494241 1.662926 2.089727 1.100119 0.657297
 3505200.000000 1.623599 1.638869 1.864441 1.065682 0.593198
 3506400.000000 1.569576 1.437217 2.205341 1.173215 0.579364
 3507600.000000 1.478841 1.638283 2.199128 1.105426 0.611502
 3508800.000000 1.478813 1.600230 2.066331 1.058163 0.635598
 3510000.000000 1.447847 1.496769 1.868950 1.095674 0.595453
 3511200.000000 1.595374 1.439844 2.134483 1.100182 0.561667
 3512400.000000 1.588956 1.442860 2.085777 1.157201 0.578143
 3513600.000000 1.885253 1.470247 2.095138 1.107608 0.580010
 3514800.000000 1.612444 1.472688 1.982521 1.105495 0.553921
 3516000.000000 1.377439 1.399075 2.108602 1.009306 0.605976
 3517200.000000 1.509655 1.460112 2.157515 1.111155 0.584861
 3518400.000000 1.501699 1.427176 1.951510 1.157645 0.621088
 3519600.000000 1.501039 1.472710 1.984589 1.028282 0.566022
 3520800.000000 1.615878 1.473134 2.030322 1.088821 0.628125
 3522000.000000 1.512165 1.469174 2.246491 1.062264 0.619541
 3523200.000000 1.401507 1.502588 2.208708 1.171623 0.603283
 3524400.000000 1.455514 1.546897 2.254632 1.168298 0.605156
 3525600.000000 1.448959 1.331822 2.174752 1.116066 0.636306
 3526800.000000 1.645594 1.344420 2.179107 1.148336 0.619252
 3528000.000000 1.389222 1.395886 1.752599 1.087875 0.587283
 3529200.000000 1.390753 1.428701 2.234639 1.142141 0.560074
 3530400.000000 1.275292 1.464544 2.285357 1.047499 0.623604
 3531600.000000 1.304989 1.441311 2.165553 1.159691 0.571628
 3532800.000000 1.299645 1.373376 2.046266 1.120582 0.582964
 3534000.000000 1.201232 1.409775 2.125470 1.185739 0.582216
 3535200.000000 1.502902 1.308463 2.148299 1.150234 0.680150
 3536400.000000 1.114846 1.550762 1.973069 1.141092 0.645712
 3537600.000000 1.273650 1.644342 2.036854 1.069821 0.581427
 3538800.000000 1.342470 1.655465 2.100891 1.123994 0.601607
 3540000.000000 1.549135 1.474415 2.197856 1.098940 0.554184
 3541200.000000 1.509901 1.479996 1.968315 1.027113 0.567867
 3542400.000000 1.608520 1.503282 2.158291 1.095895 0.586709
 3543600.000000 1.639968 1.420075 1.936172 1.063159 0.575093
 3544800.000000 1.478210 1.506074 1.959092 1.042271 0.563835
 3546000.000000 1.470250 1.545581 2.091867 1.022959 0.569477
 3547200.000000 1.369784 1.442809 1.899398 1.066328 0.593320
 3548400.000000 1.511434 1.478928 1.982936 1.085737 0.627605
 3549600.000000 1.558052 1.466096 1.988585 1.093591 0.576070
 3550800.000000 1.552259 1.439924 1.990171 1.212548 0.572976
 3552000.000000 1.588920 1.431034 2.091083 1.108248 0.570496
 3553200.000000 1.573566 1.443717 2.016664 1.201199 0.585712
 3554400.000000 1.666925 1.521938 1.849223 1.161482 0.605054
 3555600.000000 1.380428 1.399928 2.035289 1.092302 0.570622
 3556800.000000 1.688438 1.424846 1.854308 1.069392 0.552673
 3558000.000000 1.615895 1.421888 2.186930 1.075112 0.586169
 3559200.000000 1.428162 1.472003 2.177203 1.095954 0.586452
 3560400.000000 1.290378 1.449542 2.016643 1.158463 0.555986
 3561600.000000 1.209165 1.546451 2.090077 1.111880 0.599817
 3562800.000000 1.235704 1.572302 2.130868 1.109717 0.580047
 3564000.000000 1.324351 1.460310 1.904572 1.080838 0.583736
 3565200.000000 1.407477 1.436113 2.137470 1.164736 0.595011
 3566400.000000 1.420293 1.429633 2.079697 1.097578 0.591557
 3567600.000000 1.122489 1.426003 1.810072 1.079718 0.596139
 3568800.000000 1.220206 1.421040 1.895198 1.084788 0.559832
 3570000.000000 1.555075 1.449785 1.893106 1.208891 0.587822
 3571200.000000 1.450985 1.392755 1.885891 1.124839 0.586194
 3572400.000000 1.458510 1.460079 1.846917 1.099168 0.581200
 3573600.000000 1.327526 1.464117 1.787637 1.130227 0.592744
 3574800.000000 1.284426 1.416581 1.856780 1.035676 0.603728
 3576000.000000 1.380540 1.484739 1.772822 1.124647 0.581329
 3577200.000000 1.437344 1.442014 1.850425 1.140255 0.602916
 3578400.000000 1.331866 1.483855 1.828925 1.046618 0.602960
 3579600.000000 1.362759 1.402182 2.019239 1.072508 0.605207
 3580800.000000 1.645915 1.504687 1.714981 1.197896 0.631568
 3582000.000000 1.295102 1.435956 2.080165 1.127298 0.568773
 3583200.000000 1.508259 1.482874 1.683509 1.064656 0.588396
 3584400.000000 1.564700 1.476805 1.477593 1.122568 0.572625
 3585600.000000 1.428279 1.412129 1.498012 1.111371 0.632607
 3586800.000000 1.374565 1.654461 1.433731 1.191185 0.631216
 3588000.000000 1.658846 1.598924 1.432504 1.202819 0.626953
 3589200.000000 1.310561 1.465279 1.472131 1.145546 0.609095
 3590400.000000 1.328565 1.429471 1.500302 1.181562 0.604099
 3591600.000000 1.321659 1.395648 1.554327 1.150473 0.604939
 3592800.000000 1.502858 1.440335 1.606637 1.122215 0.616009
 3594000.000000 1.332664 1.504376 1.550789 1.085218 0.615420
 3595200.000000 1.313608 1.436536 1.675645 1.135429 0.566485
 3596400.000000 1.401991 1.310680 1.600098 1.160508 0.614766
 3597600.000000 1.375669 1.372587 1.897359 1.177088 0.602408
 3598800.000000 1.257241 1.557561 1.821504 1.165150 0.609679
 3600000.000000 1.334599 1.532655 1.615008 1.115691 0.612123
 3601200.000000 1.347853 1.608259 2.061004 1.155277 0.586004
 3602400.000000 1.354117 1.440829 1.759127 1.149943 0.564783
 3603600.000000 1.378147 1.523759 2.027262 1.095304 0.589552
 3604800.000000 1.199171 1.529827 2.271889 1.097385 0.604826
 3606000.000000 1.338710 1.434907 2.170056 1.101862 0.607521
 3607200.000000 1.504280 1.451332 2.179356 1.047852 0.625989
 3608400.000000 1.503507 1.549265 2.438112 1.217236 0.622780
 3609600.000000 1.288275 1.542095 1.976673 1.180542 0.583323
 3610800.000000 1.361883 1.438241 2.066896 1.143800 0.555711
 3612000.000000 1.207011 1.625158 2.260789 1.223135 0.593351
 3613200.000000 1.157190 1.633865 2.033627 1.241142 0.606517
 3614400.000000 1.435829 1.659428 2.003437 1.140155 0.586928
 3615600.000000 1.406035 1.555474 2.016619 1.127201 0.592106
 3616800.000000 1.441811 1.639994 1.725464 1.154056 0.580151
 3618000.000000 1.307659 1.646709 1.880347 1.144341 0.598935
 3619200.000000 1.229851 1.614108 1.842186 1.149898 0.631080
 3620400.000000 1.445743 1.568918 2.008537 1.140335 0.569863
 3621600.000000 1.205968 1.672989 1.850544 1.172862 0.595877
 3622800.000000 1.308769 1.544296 1.861603 1.133457 0.625197
 3624000.000000 1.245830 1.658050 1.749781 1.174619 0.587987
 3625200.000000 1.254110 1.592560 1.926031 1.147166 0.573058
 3626400.000000 1.466321 1.471850 1.840532 1.137363 0.607831
 3627600.000000 1.511589 1.512563 1.796326 1.166926 0.619898
 3628800.000000 1.230662 1.539686 1.920841 1.097717 0.638991
 3630000.000000 1.480283 1.445897 2.215212 1.214425 0.568721
 3631200.000000 1.230533 1.581397 1.760569 1.146270 0.593147
 3632400.000000 1.318254 1.610443 1.762032 1.237534 0.602420
 3633600.000000 1.194191 1.660906 1.866425 1.141802 0.569710
 3634800.000000 1.213560 1.622986 2.020026 1.090854 0.597454
 3636000.000000 1.371696 1.644559 1.891963 1.081208 0.610549
 3637200.000000 1.518415 1.343753 1.938072 1.134587 0.588046
 3638400.000000 1.612174 1.421329 1.811694 1.167556 0.592624
 3639600.000000 1.513336 1.370935 2.010454 1.166988 0.596361
 3640800.000000 1.569298 1.401038 2.033426 1.093303 0.588798
 3642000.000000 1.676490 1.231153 1.957765 1.217376 0.631110
 3643200.000000 1.625239 1.424769 1.754663 1.174897 0.630314
 3644400.000000 1.602126 1.369444 1.715885 1.127830 0.592727
 3645600.000000 1.562857 1.372154 1.870991 1.131888 0.604235
 3646800.000000 1.504308 1.389804 1.981283 1.155290 0.603765
 3648000.000000 1.534641 1.450779 1.843224 1.197021 0.586152
 3649200.000000 1.615944 1.364444 1.902355 1.208552 0.582861
 3650400.000000 1.589429 1.288114 1.955659 1.200294 0.623898
 3651600.000000 1.723847 1.348010 1.845228 1.205729 0.576554
 3652800.000000 1.693409 1.384466 1.927743 1.164824 0.620280
 3654000.000000 1.840970 1.487656 1.944464 1.121846 0.600742
 3655200.000000 1.764719 1.498859 1.911986 1.101282 0.641744
 3656400.000000 1.686249 1.372065 2.036651 1.143220 0.586186
 3657600.000000 1.846851 1.377296 2.013027 1.107815 0.617331
 3658800.000000 1.785387 1.447470 1.970040 1.124772 0.567440
 3660000.000000 1.651155 1.398390 2.103005 1.200632 0.578963
 3661200.000000 1.645313 1.484560 2.054647 1.268387 0.594970
 3662400.000000 1.617124 1.269084 1.885952 1.169272 0.576458
 3663600.000000 1.710200 1.331386 2.083378 1.185951 0.574811
 3664800.000000 1.635210 1.423361 1.860395 1.137999 0.545731
 3666000.000000 1.604528 1.426662 1.851448 1.197867 0.590987
 3667200.000000 1.658690 1.354976 1.651731 1.113653 0.558953
 3668400.000000 1.602103 1.361694 1.812010 1.085978 0.549476
 3669600.000000 1.653956 1.244102 1.767246 1.126955 0.567341
 3670800.000000 1.530077 1.323453 1.823488 1.192782 0.607255
 3672000.000000 1.658527 1.406898 1.903057 1.145058 0.594203
 3673200.000000 1.594029 1.432529 1.770842 1.103826 0.600298
 3674400.000000 1.702938 1.338472 1.918706 1.113675 0.645524
 3675600.000000 1.670991 1.383869 1.780594 1.167168 0.613386
 3676800.000000 1.618529 1.396277 2.011511 1.187834 0.667878
 3678000.000000 1.620680 1.416454 1.820430 1.160989 0.589710
 3679200.000000 1.626214 1.443946 1.866527 1.124950 0.644693
 3680400.000000 1.547181 1.306440 1.888449 1.164234 0.599357
 3681600.000000 1.457040 1.311452 1.911790 1.103517 0.631527
 3682800.000000 1.587673 1.286799 1.823036 1.168301 0.587982
 3684000.000000 1.645264 1.342152 1.756944 1.130328 0.603183
 3685200.000000 1.487754 1.269958 1.687616 1.157459 0.580888
 3686400.000000 1.550203 1.333240 1.780360 1.081407 0.653796
 3687600.000000 1.645856 1.326299 2.189538 1.177886 0.602637
 3688800.000000 1.607845 1.436141 2.149174 1.126462 0.623303
 3690000.000000 1.656177 1.459574 2.102665 1.115016 0.629836
 3691200.000000 1.618802 1.436247 1.987540 1.090454 0.620211
 3692400.000000 1.711467 1.341017 2.143981 1.159274 0.617778
 3693600.000000 1.558644 1.328983 1.955324 1.132012 0.606675
 3694800.000000 1.656895 1.395545 2.098382 1.069408 0.600272
 3696000.000000 1.700844 1.318408 2.089519 1.182813 0.586379
 3697200.000000 1.666856 1.357367 2.010069 1.134406 0.558204
 3698400.000000 1.557769 1.279505 2.068404 1.145034 0.603681
 3699600.000000 1.650971 1.447429 2.083301 1.114271 0.612105
 3700800.000000 1.652620 1.419124 1.767759 1.087441 0.589534
 3702000.000000 1.588119 1.469844 1.917724 1.137821 0.576948
 3703200.000000 1.651475 1.469975 2.036549 1.193578 0.602764
 3704400.000000 1.593168 1.452598 2.240722 1.144131 0.654661
 3705600.000000 1.703490 1.458080 2.168801 1.102090 0.592337
 3706800.000000 1.608527 1.401888 2.106791 1.145112 0.618490
 3708000.000000 1.593894 1.390836 2.287054 1.133077 0.604649
 3709200.000000 1.696989 1.364005 2.078234 1.110709 0.585174
 3710400.000000 1.708203 1.403480 2.224480 1.214692 0.591153
 3711600.000000 1.660676 1.439817 2.048996 1.193917 0.599275
 3712800.000000 1.702557 1.498732 2.133670 1.115068 0.589082
 3714000.000000 1.714191 1.421809 2.245506 1.193379 0.586347
 3715200.000000 1.634996 1.443136 2.297337 1.088114 0.589130
 3716400.000000 1.615271 1.432334 2.278021 1.091575 0.710757
 3717600.000000 1.623445 1.377249 2.024637 1.080185 0.602019
 3718800.000000 1.674721 1.387054 2.138370 1.095179 0.616475
 3720000.000000 1.628413 1.379560 1.909795 1.119806 0.584106
 3721200.000000 1.698401 1.393067 1.808536 1.187472 0.587131
 3722400.000000 1.576611 1.386676 2.042193 1.051772 0.584207
 3723600.000000 1.713559 1.405104 2.054365 1.089106 0.646654
 3724800.000000 1.571679 1.409793 2.020916 1.037956 0.586621
 3726000.000000 1.702828 1.376169 2.275925 1.104762 0.607738
 3727200.000000 1.650776 1.410884 2.248435 1.060400 0.617136
 3728400.000000 1.556697 1.319086 2.309543 1.105525 0.570999
 3729600.000000 1.686185 1.335423 2.274521 1.179662 0.589826
 3730800.000000 1.648133 1.234455 2.118625 1.154716 0.591802
 3732000.000000 1.593597 1.303314 2.339184 1.113416 0.572114
 3733200.000000 1.614299 1.344140 2.260696 1.103481 0.575431
 3734400.000000 1.576397 1.317626 2.370759 1.114043 0.571085
 3735600.000000 1.609828 1.302951 2.279678 1.088416 0.582410
 3736800.000000 1.583626 1.280722 2.362419 1.050039 0.556491
 3738000.000000 1.714376 1.379631 2.321003 1.174375 0.556985
 3739200.000000 1.622159 1.398109 2.255237 1.075907 0.581753
 3740400.000000 1.707153 1.363213 2.243769 1.174514 0.564202
 3741600.000000 1.740394 1.323281 2.334223 1.162003 0.564470
 3742800.000000 1.643258 1.330307 2.358442 1.115952 0.589031
 3744000.000000 1.673357 1.315491 2.093751 1.162664 0.589387
 3745200.000000 1.725139 1.328191 2.389056 1.163132 0.552938
 3746400.000000 1.609865 1.349473 2.271979 1.094945 0.601536
 3747600.000000 1.568511 1.393560 1.967164 1.194375 0.567940
 3748800.000000 1.605365 1.342217 2.140940 1.163830 0.573066
 3750000.000000 1.649042 1.268460 2.107411 1.186385 0.618531
 3751200.000000 1.645791 1.397100 2.125603 1.083660 0.593149
 3752400.000000 1.564804 1.453334 2.268594 1.113583 0.616627
 3753600.000000 1.526511 1.422402 2.238272 1.188888 0.612641
 3754800.000000 1.602167 1.288458 2.013545 1.123547 0.592061
 3756000.000000 1.637261 1.327817 2.094013 1.152217 0.609608
 3757200.000000 1.591201 1.352529 2.207074 1.094605 0.566252
 3758400.000000 1.657478 1.319409 2.192725 1.096606 0.649222
 3759600.000000 1.626350 1.344196 2.256777 1.104775 0.609158
 3760800.000000 1.617624 1.293619 2.243260 1.137481 0.625718
 3762000.000000 1.740716 1.308851 1.969878 1.178565 0.673267
 3763200.000000 1.651006 1.108726 1.813527 1.145091 0.620032
 3764400.000000 1.634178 1.159565 1.814299 1.077664 0.632403
 3765600.000000 1.590502 1.164738 2.217692 1.114220 0.608617
 3766800.000000 1.581836 1.212550 2.133987 1.100531 0.630988
 3768000.000000 1.567123 1.144243 2.382742 1.159417 0.650735
 3769200.000000 1.584999 1.184933 2.265140 1.100258 0.604796
 3770400.000000 1.633208 1.256187 2.179991 1.180099 0.636213
 3771600.000000 1.613644 1.192762 2.110397 1.082246 0.607789
 3772800.000000 1.539660 1.196111 1.997284 1.106394 0.599904
 3774000.000000 1.636715 1.147734 2.160354 1.099672 0.624473
 3775200.000000 1.608359 1.177671 2.019591 1.132355 0.624685
 3776400.000000 1.619062 1.075658 1.946957 1.071635 0.655527
 3777600.000000 1.608735 1.152691 2.029606 1.135918 0.595306
 3778800.000000 1.640359 1.221564 2.173677 1.093656 0.598007
 3780000.000000 1.610379 1.161267 2.132386 1.075567 0.586887
 3781200.000000 1.672607 1.237399 2.183994 1.089948 0.642306
 3782400.000000 1.608739 1.210050 2.355290 1.094509 0.631076
 3783600.000000 1.646382 1.181213 2.250336 1.113807 0.618937
 3784800.000000 1.567792 1.189764 2.292845 1.109737 0.642659
 3786000.000000 1.659476 1.153139 2.391434 1.159747 0.614610
 3787200.000000 1.632109 1.312659 2.426261 1.167904 0.636661
 3788400.000000 1.681204 1.118136 2.204073 1.062391 0.605222
 3789600.000000 1.675110 1.112393 2.248652 1.050576 0.631536
 3790800.000000 1.661437 1.113040 2.314638 1.097528 0.626304
 3792000.000000 1.742037 1.144401 2.350835 1.061919 0.673309
 3793200.000000 1.702653 1.159276 2.227217 1.101556 0.613421
 3794400.000000 1.687090 1.300057 2.150268 1.073484 0.641874
 3795600.000000 1.614639 1.171329 2.195408 1.181212 0.604361
 3796800.000000 1.700394 1.191640 2.076155 1.108498 0.595030
 3798000.000000 1.639004 1.169200 2.273467 1.106964 0.545686
 3799200.000000 1.716334 1.099803 2.305197 1.106628 0.642882
 3800400.000000 1.616502 1.077826 2.325723 1.130152 0.603760
 3801600.000000 1.576371 1.132082 2.286523 1.152257 0.612464
 3802800.000000 1.598788 1.205429 2.359102 1.104046 0.625183
 3804000.000000 1.571589 1.105338 2.111181 1.073034 0.603918
 3805200.000000 1.574740 1.094927 2.139135 1.138573 0.579338
 3806400.000000 1.595573 1.102026 2.242969 1.112476 0.584512
 3807600.000000 1.623380 1.153963 2.325280 1.097831 0.606780
 3808800.000000 1.617501 1.105235 2.266395 1.160093 0.657023
 3810000.000000 1.658091 1.085226 2.256631 1.159588 0.604618
 3811200.000000 1.632699 1.090104 2.036598 1.065690 0.588634
 3812400.000000 1.572927 1.056606 2.102187 1.101887 0.615185
 3813600.000000 1.570922 1.160400 2.114938 1.108495 0.610628
 3814800.000000 1.561389 1.144199 1.966297 1.101371 0.577749
 3816000.000000 1.621717 1.046008 1.989167 1.197039 0.599326
 3817200.000000 1.649360 1.099203 2.143936 1.080943 0.623116
 3818400.000000 1.568509 1.136832 2.214200 1.072985 0.591979
 3819600.000000 1.661231 1.172026 2.177825 1.108683 0.621838
 3820800.000000 1.739750 1.164689 2.232863 0.988828 0.576963
 3822000.000000 1.555980 1.128687 2.242108 0.998037 0.624128
 3823200.000000 1.670142 1.121925 2.152173 1.064406 0.606930
 3824400.000000 1.600138 1.041222 2.039834 1.131455 0.598377
 3825600.000000 1.634966 1.072281 2.356209 1.062810 0.613550
 3826800.000000 1.682716 1.014320 2.266304 1.077001 0.594967
 3828000.000000 1.647729 1.029189 2.130557 1.054512 0.592037
 3829200.000000 1.630393 1.077973 2.142867 1.016546 0.581723
 3830400.000000 1.606152 1.167508 2.241803 1.135375 0.570021
 3831600.000000 1.687487 1.002364 1.933594 1.087113 0.607786
 3832800.000000 1.634402 1.013865 2.266559 1.087359 0.610608
 3834000.000000 1.762989 1.000943 2.230172 1.108750 0.613212
 3835200.000000 1.641824 1.015919 2.229589 1.066275 0.610997
 3836400.000000 1.664499 1.036754 2.266548 1.108001 0.613878
 3837600.000000 1.587089 1.041173 2.162363 1.096481 0.595526
 3838800.000000 1.569362 1.110407 2.147043 1.076686 0.628766
 3840000.000000 1.714736 1.124089 2.102943 1.083308 0.616397
 3841200.000000 1.572032 1.115452 2.090453 1.140576 0.603816
 3842400.000000 1.646128 1.091986 2.142408 1.030885 0.587212
 3843600.000000 1.635874 1.091968 1.997040 1.115915 0.660294
 3844800.000000 1.613860 1.101660 2.052728 1.123967 0.585288
 3846000.000000 1.591587 1.076092 2.074303 1.135751 0.589517
 3847200.000000 1.586973 1.063801 2.080073 1.124099 0.626617
 3848400.000000 1.597516 1.240362 2.116446 1.137690 0.660220
 3849600.000000 1.674357 1.168547 2.089351 1.151944 0.624755
 3850800.000000 1.606375 1.079801 2.123979 1.098465 0.608113
 3852000.000000 1.622295 1.156104 2.031361 1.114560 0.610638
 3853200.000000 1.596550 1.119790 2.207603 1.138997 0.628213
 3854400.000000 1.600357 1.125787 2.044300 1.099190 0.615453
 3855600.000000 1.604859 1.119170 1.932059 1.135837 0.562469
 3856800.000000 1.601382 1.115000 2.024284 1.107542 0.617524
 3858000.000000 1.668173 1.140494 1.998019 1.047903 0.647611
 3859200.000000 1.647353 1.136050 2.237682 1.098926 0.626804
 3860400.000000 1.597552 1.175566 1.973643 1.031177 0.618874
 3861600.000000 1.593909 1.126470 2.190104 1.068603 0.691496
 3862800.000000 1.737643 1.151488 2.328408 1.128679 0.645202
 3864000.000000 1.729847 1.091021 2.392328 1.138299 0.660433
 3865200.000000 1.711206 1.115798 2.339905 1.090385 0.629622
 3866400.000000 1.714501 1.131180 2.221216 1.107908 0.629686
 3867600.000000 1.681987 1.086243 1.968728 1.104336 0.618964
 3868800.000000 1.695021 1.153254 2.258887 1.130332 0.597288
 3870000.000000 1.736344 1.093622 2.072246 1.126987 0.604158
 3871200.000000 1.706087 1.108039 2.445856 1.157818 0.653477
 3872400.000000 1.704738 1.114951 2.462370 1.141688 0.632831
 3873600.000000 1.641886 1.100958 2.294112 1.141602 0.650812
 3874800.000000 1.704774 1.120793 2.258153 1.056027 0.587496
 3876000.000000 1.737596 1.163990 2.214232 1.092669 0.616489
 3877200.000000 1.734828 1.132037 2.086826 1.083716 0.577053
 3878400.000000 1.748074 1.182619 2.094711 1.139873 0.603133
 3879600.000000 1.636055 1.147913 2.416307 1.118750 0.580776
 3880800.000000 1.610164 1.143334 1.987311 1.099863 0.594553
 3882000.000000 1.633671 1.080530 2.347573 1.089878 0.630322
 3883200.000000 1.624105 1.085870 2.351588 1.223685 0.677589
 3884400.000000 1.695526 1.173851 2.346342 1.128979 0.615031
 3885600.000000 1.659530 1.075690 2.240331 1.064383 0.598608
 3886800.000000 1.634337 1.217915 2.258128 1.123282 0.637823
 3888000.000000 1.728749 1.147764 2.124272 1.050960 0.593318
 3889200.000000 1.655899 1.088870 2.203447 1.046014 0.567320
 3890400.000000 1.636186 1.134281 2.253670 1.085054 0.613505
 3891600.000000 1.755803 1.078528 2.135221 1.099501 0.631714
 3892800.000000 1.649260 1.078592 2.099697 1.155136 0.671556
 3894000.000000 1.635385 1.118695 2.035958 1.076997 0.593277
 3895200.000000 1.641366 1.107183 2.124436 1.115134 0.639004
 3896400.000000 1.552780 1.055064 1.983733 1.115720 0.629111
 3897600.000000 1.587225 1.067454 2.183213 1.108110 0.639631
 3898800.000000 1.623646 1.236112 2.095117 1.090371 0.606527
 3900000.000000 1.585963 1.170588 1.953798 1.123029 0.611866
 3901200.000000 1.548178 1.092555 1.985845 1.064572 0.616624
 3902400.000000 1.601694 1.120172 2.280917 1.116240 0.665656
 3903600.000000 1.604856 1.071917 2.168503 1.159321 0.613938
 3904800.000000 1.629610 1.044960 2.003675 1.032944 0.607417
 3906000.000000 1.562551 1.012736 2.109588 1.115298 0.609666
 3907200.000000 1.658276 1.029731 2.202848 1.115896 0.575846
 3908400.000000 1.627904 1.064215 2.158969 1.121530 0.689054
 3909600.000000 1.627341 1.021341 2.127995 1.093097 0.590725
 3910800.000000 1.653796 1.015580 2.164336 1.107641 0.617756
 3912000.000000 1.609051 1.144693 2.065979 1.081884 0.615970
 3913200.000000 1.642133 1.099490 2.268534 1.080795 0.623942
 3914400.000000 1.729081 1.162516 2.160584 1.105781 0.606617
 3915600.000000 1.677861 1.055470 2.201934 1.065082 0.596735
 3916800.000000 1.643527 1.037789 2.271788 1.042251 0.623497
 3918000.000000 1.509892 1.119536 2.129243 1.158615 0.634344
 3919200.000000 1.549217 1.130396 2.167168 1.080924 0.665433
 3920400.000000 1.570998 1.093690 2.163713 1.116944 0.618139
 3921600.000000 1.639547 1.047161 2.085080 1.088331 0.579580
 3922800.000000 1.700244 1.120259 2.003108 1.096942 0.585854
 3924000.000000 1.748655 0.980272 2.170652 1.064307 0.614176
 3925200.000000 1.723156 0.985301 2.182506 1.148740 0.658545
 3926400.000000 1.601052 1.115165 2.220036 1.230298 0.643886
 3927600.000000 1.690961 1.086906 2.276132 1.054288 0.615015
 3928800.000000 1.652323 1.029055 2.286397 1.078059 0.636296
 3930000.000000 1.622201 0.941844 2.303174 1.133115 0.636625
 3931200.000000 1.725443 0.996479 2.201396 1.086055 0.641388
 3932400.000000 1.822796 1.024653 2.117492 1.062777 0.567406
 3933600.000000 1.772573 1.056871 2.066092 1.075134 0.657771
 3934800.000000 1.635803 1.107742 2.134327 1.058371 0.631695
 3936000.000000 1.594970 1.097109 2.105323 1.116412 0.600146
 3937200.000000 1.553678 1.124709 2.262742 1.122941 0.640380
 3938400.000000 1.659047 1.020991 2.030780 1.101457 0.563406
 3939600.000000 1.673739 1.089380 2.276900 1.166653 0.594187
 3940800.000000 1.618391 1.067235 2.282976 1.096111 0.601487
 3942000.000000 1.596853 0.980410 2.171507 1.057057 0.606255
 3943200.000000 1.508189 1.008154 2.084586 1.157023 0.615580
 3944400.000000 1.687190 0.966612 2.134894 1.125361 0.606500
 3945600.000000 1.650666 1.005053 2.129354 1.106697 0.563994
 3946800.000000 1.563070 1.094603 2.191048 1.063641 0.634634
 3948000.000000 1.675603 1.106762 2.218019 1.096664 0.569318
 3949200.000000 1.579342 1.119298 2.217902 1.083515 0.646517
 3950400.000000 1.611338 1.160111 2.120899 1.085686 0.613956
 3951600.000000 1.647320 1.113107 2.184456 1.135709 0.573812
 3952800.000000 1.639260 1.047077 2.267613 1.102880 0.596091
 3954000.000000 1.714493 0.959819 2.406367 1.114827 0.608685
 3955200.000000 1.604471 1.026696 2.204302 1.100004 0.596139
 3956400.000000 1.619136 1.057897 2.315698 1.156463 0.622016
 3957600.000000 1.655462 1.054383 2.122762 1.116109 0.653755
 3958800.000000 1.601598 1.124993 1.965556 1.084298 0.601033
 3960000.000000 1.588514 1.073612 1.900187 1.102014 0.601053
 3961200.000000 1.613968 1.092679 1.873713 1.120892 0.641475
 3962400.000000 1.615045 1.119470 2.039985 1.099796 0.580061
 3963600.000000 1.669905 1.066727 1.959925 1.086554 0.602668
 3964800.000000 1.594178 1.079942 2.016844 1.090748 0.625640
 3966000.000000 1.647656 1.138294 2.123811 1.112503 0.646900
 3967200.000000 1.636007 1.133881 2.049860 1.097094 0.599767
 3968400.000000 1.579388 1.117125 2.157457 1.105169 0.676804
 3969600.000000 1.556469 1.077342 2.036625 1.162978 0.635696
 3970800.000000 1.697344 1.116345 2.076660 1.129059 0.616610
 3972000.000000 1.632217 1.039971 1.988441 1.085544 0.620735
 3973200.000000 1.782082 0.994950 2.083062 1.116209 0.648042
 3974400.000000 1.687266 1.093232 1.981338 1.068789 0.567291
 3975600.000000 1.787232 1.059535 2.043344 1.091405 0.608376
 3976800.000000 1.892424 0.996591 2.272853 1.111016 0.585032
 3978000.000000 1.617561 1.017714 2.107166 1.104191 0.649517
 3979200.000000 1.686441 0.996329 2.121662 1.129806 0.607507
 3980400.000000 1.689521 1.065706 2.251801 1.141712 0.598479
 3981600.000000 1.593828 0.954507 1.875935 1.163642 0.586246
 3982800.000000 1.693897 0.974939 1.969875 1.137255 0.589487
 3984000.000000 1.530265 1.038448 1.958124 1.118337 0.597548
 3985200.000000 1.541635 1.026317 1.974456 1.157574 0.586170
 3986400.000000 1.626895 1.056271 2.062674 1.107666 0.582113
 3987600.000000 1.614361 1.020154 2.043847 1.131357 0.618858
 3988800.000000 1.643472 1.112129 1.957800 1.083642 0.620142
 3990000.000000 1.572849 1.299201 1.983398 1.117835 0.618263
 3991200.000000 1.826133 1.151643 2.220119 1.113069 0.567278
 3992400.000000 1.655098 1.130335 1.937930 1.185064 0.595990
 3993600.000000 1.628992 1.142442 2.044076 1.131236 0.577943
 3994800.000000 1.703012 1.222052 1.893184 1.172870 0.584823
 3996000.000000 1.748375 1.197741 2.151799 1.136028 0.587250
 3997200.000000 1.646490 1.217585 1.898575 1.107870 0.612452
 3998400.000000 1.762417 1.141035 1.980404 1.132593 0.612420
 3999600.000000 1.692705 1.231437 2.083385 1.158553 0.555199
 4000800.000000 1.649536 1.159253 2.079438 1.142879 0.618858
 4002000.000000 1.743987 1.376627 2.034732 1.124729 0.626611
 4003200.000000 1.645395 1.218372 2.263513 1.236960 0.601838
 4004400.000000 1.649913 1.181711 2.047017 1.153511 0.596153
 4005600.000000 1.725115 1.194731 2.067004 1.118450 0.612730
 4006800.000000 1.725341 1.232260 2.140907 1.158535 0.617339
 4008000.000000 1.647574 1.253224 2.111990 1.150741 0.612187
 4009200.000000 1.646233 1.165530 2.042992 1.162314 0.627681
 4010400.000000 1.642600 1.203203 2.035675 1.165806 0.635301
 4011600.000000 1.634237 1.249011 2.215794 1.109769 0.604180
 4012800.000000 1.807817 1.184138 2.096003 1.128321 0.615512
 4014000.000000 1.632001 1.154599 1.962304 1.124889 0.578586
 4015200.000000 1.668668 1.170083 2.027736 1.114699 0.634003
 4016400.000000 1.754573 1.168206 2.162392 1.143978 0.648168
 4017600.000000 1.656407 1.228735 1.943779 1.108985 0.593055
 4018800.000000 1.628398 1.160965 1.951762 1.095951 0.625071
 4020000.000000 1.638496 1.244367 2.099971 1.153248 0.601182
 4021200.000000 1.634437 1.254394 2.172882 1.106494 0.644597
 4022400.000000 1.657732 1.200709 2.158665 1.145028 0.620240
 4023600.000000 1.687531 1.289128 2.177042 1.146915 0.590151
 4024800.000000 1.690471 1.200300 2.105556 1.185685 0.697646
 4026000.000000 1.738411 1.202023 2.166998 1.185556 0.611231
 4027200.000000 1.624217 1.179711 2.119868 1.134946 0.629687
 4028400.000000 1.704683 1.216034 1.973599 1.072357 0.591307
 4029600.000000 1.673518 1.208366 2.218066 1.105480 0.576974
 4030800.000000 1.654943 1.153318 2.018896 1.156718 0.635323
 4032000.000000 1.749941 1.122893 2.078299 1.131796 0.636189
 4033200.000000 1.686582 1.316469 2.194771 1.198330 0.588205
 4034400.000000 1.716980 1.231648 2.050965 1.154497 0.576239
 4035600.000000 1.745464 1.228258 1.973809 1.096118 0.617959
 4036800.000000 1.678991 1.290033 2.185744 1.110376 0.631526
 4038000.000000 1.689600 1.199671 1.949691 1.059834 0.605396
 4039200.000000 1.641322 1.181468 2.002260 1.094000 0.626957
 4040400.000000 1.709182 1.204805 1.983043 1.085270 0.601030
 4041600.000000 1.736474 1.271243 2.141368 1.087347 0.589624
 4042800.000000 1.691011 1.203354 2.013752 1.042819 0.615684
 4044000.000000 1.655622 1.240563 1.763869 1.074560 0.619117
 4045200.000000 1.671846 1.201883 1.872418 1.092481 0.583804
 4046400.000000 1.724292 1.128674 2.068015 1.046195 0.591492
 4047600.000000 1.727487 1.160439 2.084107 1.098548 0.613245
 4048800.000000 1.722784 1.156594 2.082512 1.122723 0.577036
 4050000.000000 1.680546 1.147159 2.069144 1.112155 0.574572
 4051200.000000 1.758198 1.135798 1.946246 1.065926 0.602025
 4052400.000000 1.684262 1.160487 2.012185 1.105663 0.566588
 4053600.000000 1.700913 1.096826 2.029555 1.049072 0.600468
 4054800.000000 1.688157 1.214210 2.064753 1.104380 0.553970
 4056000.000000 1.660996 1.158861 1.919349 1.045461 0.566017
 4057200.000000 1.764044 1.134430 2.039821 1.047178 0.590360
 4058400.000000 1.845831 1.080346 2.134379 1.150262 0.571788
 4059600.000000 1.791824 1.169987 1.912106 1.071417 0.610171
 4060800.000000 1.734482 1.095913 2.054520 1.029216 0.606399
 4062000.000000 1.743079 1.106766 1.973613 1.086786 0.556326
 4063200.000000 1.705907 1.052153 1.823780 1.029881 0.605569
 4064400.000000 1.700556 1.032183 1.859534 1.002564 0.643388
 4065600.000000 1.711292 1.033937 1.852368 1.085813 0.608571
 4066800.000000 1.709342 1.106978 1.885625 1.033910 0.614071
 4068000.000000 1.751151 1.216148 1.888404 1.089397 0.593458
 4069200.000000 1.914877 1.073616 1.824957 1.097162 0.624143
 4070400.000000 1.774866 1.130952 1.859441 1.168277 0.570788
 4071600.000000 1.610310 1.117962 1.923876 1.121887 0.597902
 4072800.000000 1.713275 1.074554 1.927865 1.138784 0.574934
 4074000.000000 1.693748 1.072029 2.074520 1.064484 0.583332
 4075200.000000 1.643090 1.163222 1.878265 1.125529 0.577976
 4076400.000000 1.791772 1.105152 1.855452 1.107514 0.587561
 4077600.000000 1.664913 1.101412 2.073273 1.098419 0.559776
 4078800.000000 1.632105 1.101926 2.035882 1.105401 0.585954
 4080000.000000 1.597564 1.160188 1.946965 1.074894 0.603049
 4081200.000000 1.679012 1.194373 2.127926 1.128332 0.572192
 4082400.000000 1.710448 1.100739 1.918465 1.084869 0.604607
 4083600.000000 1.577035 1.147961 1.888694 1.059868 0.574907
 4084800.000000 1.678926 1.037800 2.125635 1.071781 0.601797
 4086000.000000 1.677987 1.134317 2.125706 1.109797 0.586624
 4087200.000000 1.647170 1.075203 1.914321 1.113591 0.602077
 4088400.000000 1.730178 1.155094 1.957311 1.136637 0.615501
 4089600.000000 1.702297 1.137269 2.128999 1.087924 0.596196
 4090800.000000 1.708421 1.144121 2.081428 1.156517 0.587534
 4092000.000000 1.670081 1.088348 2.059030 1.132109 0.625472
 4093200.000000 1.636653 1.146797 2.034183 1.159536 0.600861
 4094400.000000 1.851002 1.144434 2.273597 1.076237 0.607812
 4095600.000000 1.701783 1.206345 2.104291 1.103427 0.589306
 4096800.000000 1.763433 1.130266 1.871837 1.114471 0.587932
 4098000.000000 1.714774 1.115169 2.074057 1.093713 0.669390
 4099200.000000 1.733770 1.214836 2.018075 1.119743 0.606380
 4100400.000000 1.745131 1.061658 2.155370 1.112798 0.570993
 4101600.000000 1.735284 1.018643 2.189872 1.138471 0.587782
 4102800.000000 1.710380 1.024534 1.943053 1.138153 0.623827
 4104000.000000 1.626773 1.066023 1.745287 1.134511 0.558827
 4105200.000000 1.579290 1.035874 1.834448 1.119559 0.568880
 4106400.000000 1.738318 1.013720 1.765565 1.093585 0.610296
 4107600.000000 1.634568 1.109493 1.803065 1.157798 0.609267
 4108800.000000 1.579289 1.121981 1.909761 1.157444 0.710101
 4110000.000000 1.724578 0.977133 1.846749 1.069378 0.587414
 4111200.000000 1.771503 1.071451 1.821092 1.111714 0.557441
 4112400.000000 1.699488 1.057291 1.923114 1.069186 0.592662
 4113600.000000 1.799468 1.184677 1.931874 1.097847 0.601280
 4114800.000000 1.762231 0.978695 2.073138 1.122840 0.595184
 4116000.000000 1.692906 1.018931 1.890007 1.079104 0.562852
 4117200.000000 1.716205 1.068643 1.864496 1.073291 0.516157
 4118400.000000 1.761492 1.027722 1.853127 1.103050 0.561833
 4119600.000000 1.815745 0.908798 1.826208 1.109256 0.608310
 4120800.000000 1.844169 0.937592 1.799445 1.077456 0.600407
 4122000.000000 1.809504 0.913964 1.945276 1.086932 0.623547
 4123200.000000 1.856186 0.870459 1.722419 1.037364 0.575931
 4124400.000000 1.880869 0.828554 1.916620 1.061003 0.564454
 4125600.000000 1.782076 1.014076 1.937818 1.052768 0.573806
 4126800.000000 1.784514 1.047648 1.889416 1.051110 0.560413
 4128000.000000 1.801372 1.001532 2.037751 1.123578 0.568136
 4129200.000000 1.768486 1.038193 1.834268 1.049453 0.653212
 4130400.000000 1.713035 0.989040 1.767563 1.086744 0.586332
 4131600.000000 1.604734 1.003441 1.799505 1.021514 0.621482
 4132800.000000 1.679194 0.950203 1.761970 1.075192 0.604548
 4134000.000000 1.704565 0.989187 1.834952 1.171813 0.593268
 4135200.000000 1.866184 0.893245 1.868160 1.050560 0.590587
 4136400.000000 1.753136 0.970408 1.844348 1.036823 0.620146
 4137600.000000 1.890920 0.894019 1.938297 1.017023 0.584188
 4138800.000000 1.802203 1.049439 1.947478 1.090501 0.579678
 4140000.000000 1.813834 0.981891 2.084423 1.070351 0.598908
 4141200.000000 1.750384 0.974563 1.929253 1.092591 0.594396
 4142400.000000 1.915702 0.973215 1.764084 1.085426 0.625362
 4143600.000000 1.797456 0.871516 1.791890 1.110296 0.589533
 4144800.000000 1.939940 0.891308 1.961511 1.126107 0.559452
 4146000.000000 1.693557 1.029059 2.107124 1.075294 0.544003
 4147200.000000 1.685253 1.018325 1.871291 1.170804 0.642621
 4148400.000000 1.766298 0.940162 1.879430 1.079993 0.591694
 4149600.000000 1.760180 0.992569 1.968486 1.075921 0.556707
 4150800.000000 1.677072 1.034304 2.041889 1.094346 0.584697
 4152000.000000 1.780330 1.014712 1.966235 1.078578 0.631172
 4153200.000000 1.762682 0.992173 2.138660 1.119003 0.613579
 4154400.000000 1.739890 0.983088 1.984240 1.152195 0.610406
 4155600.000000 1.812704 0.990373 2.154562 1.120145 0.581374
 4156800.000000 1.701135 1.053824 2.031847 1.109365 0.654525
 4158000.000000 1.788929 0.973685 2.019970 1.064600 0.573071
 4159200.000000 1.818792 0.962036 2.060160 1.099825 0.593491
 4160400.000000 1.853919 0.907029 2.187497 1.041301 0.665919
 4161600.000000 1.829302 0.982029 2.041084 1.089614 0.622765
 4162800.000000 1.806461 0.961516 1.868528 1.060748 0.610572
 4164000.000000 1.762691 0.976382 2.015219 1.053807 0.594508
 4165200.000000 1.710860 0.950295 2.020493 1.095407 0.612609
 4166400.000000 1.775103 1.053008 1.981524 1.071838 0.575118
 4167600.000000 1.775436 0.941438 1.812897 1.083971 0.605968
 4168800.000000 1.716709 1.002081 1.867408 1.076964 0.571122
 4170000.000000 1.834013 0.928453 1.996039 1.051708 0.621125
 4171200.000000 1.761806 0.980651 1.803400 1.066366 0.557776
 4172400.000000 1.755951 0.914595 2.082194 1.116832 0.571790
 4173600.000000 1.695213 1.010114 2.088305 1.038343 0.602214
 4174800.000000 1.726540 0.941499 1.972026 1.091653 0.558160
 4176000.000000 1.746614 0.950618 1.864097 1.074817 0.562194
 4177200.000000 1.885802 0.827764 1.849438 1.146106 0.571840
 4178400.000000 1.813717 0.936249 1.977460 1.095959 0.583286
 4179600.000000 1.719433 0.916247 2.065213 1.099512 0.587140
 4180800.000000 1.838205 0.957381 1.928020 1.079417 0.578499
 4182000.000000 1.761290 0.941464 1.850059 1.113246 0.579106
 4183200.000000 1.709216 0.972089 1.897665 1.158366 0.586571
 4184400.000000 1.791765 0.837777 1.653554 1.146032 0.576406
 4185600.000000 1.739098 0.866315 2.029513 1.072084 0.553387
 4186800.000000 1.866392 0.913420 2.285633 1.036146 0.592238
 4188000.000000 1.858603 0.909396 2.285780 1.077618 0.608523
 4189200.000000 1.756853 1.005770 2.074846 1.065597 0.582951
 4190400.000000 1.760833 0.920905 1.989135 1.085554 0.622316
 4191600.000000 1.763274 0.985003 2.013363 1.081676 0.605142
 4192800.000000 1.802162 0.931045 1.868274 1.061872 0.561610
 4194000.000000 1.916765 0.911590 1.982853 1.133967 0.563267
 4195200.000000 1.884962 1.044401 1.929895 1.102478 0.568289
 4196400.000000 1.806316 1.026659 1.931637 1.124720 0.584095
 4197600.000000 1.811519 0.966965 1.828628 1.180716 0.622354
 4198800.000000 1.916221 0.892534 1.994887 1.126992 0.572551
 4200000.000000 1.850167 1.053601 1.965634 1.102340 0.597425
 4201200.000000 1.684344 1.023907 1.860861 1.116805 0.636410
 4202400.000000 1.736416 1.012823 1.977046 1.160119 0.636796
 4203600.000000 1.750429 1.004513 1.842254 1.177080 0.580780
 4204800.000000 1.875559 0.946627 1.757646 1.110932 0.617715
 4206000.000000 1.747495 0.980839 2.018771 1.032367 0.651458
 4207200.000000 1.790866 0.958802 1.964707 1.089500 0.605634
 4208400.000000 1.772376 0.979625 2.029887 1.118618 0.633402
 4209600.000000 1.866874 0.930655 2.147337 1.203880 0.601853
 4210800.000000 1.754914 1.014244 2.065402 1.108512 0.593324
 4212000.000000 1.763633 1.029752 2.007719 1.147072 0.639141
 4213200.000000 1.863783 0.928459 1.903392 1.114278 0.566964
 4214400.000000 1.872430 0.951568 1.971704 1.150919 0.552593
 4215600.000000 1.826881 0.937667 1.886921 1.129951 0.590216
 4216800.000000 1.821422 1.040394 2.012120 1.165838 0.578383
 4218000.000000 1.848787 0.993617 2.039181 1.157891 0.603653
 4219200.000000 1.848568 1.063256 2.131194 1.131562 0.653250
 4220400.000000 1.758111 1.023899 1.980035 1.098477 0.579514
 4221600.000000 1.743256 0.987432 2.042266 1.179920 0.672354
 4222800.000000 1.859647 0.998769 2.183092 1.095966 0.648323
 4224000.000000 1.784596 0.965495 1.895379 1.003290 0.627837
 4225200.000000 1.813949 0.991113 2.041743 1.142157 0.592503
 4226400.000000 1.878457 1.052053 2.105781 1.270238 0.670484
 4227600.000000 1.802451 1.026161 2.315719 1.211574 0.661543
 4228800.000000 1.807240 0.913837 2.145898 1.144294 0.658722
 4230000.000000 1.900245 0.909400 2.050437 1.244735 0.679855
 4231200.000000 1.858910 0.918067 1.962928 1.157558 0.656018
 4232400.000000 1.789332 0.987163 2.038660 1.096459 0.605228
 4233600.000000 1.867735 0.980417 1.998171 1.123360 0.634072
 4234800.000000 1.780379 0.978009 2.108473 1.101595 0.566896
 4236000.000000 1.814500 1.022586 2.043613 1.128655 0.612174
 4237200.000000 1.725893 1.022067 2.109879 1.173295 0.636572
 4238400.000000 1.815031 1.071696 1.967153 1.108009 0.545313
 4239600.000000 1.762463 1.003747 2.129222 1.108552 0.611932
 4240800.000000 1.771645 0.901848 2.091011 1.144815 0.630513
 4242000.000000 1.789522 0.929070 2.390470 1.093949 0.635056
 4243200.000000 1.868835 0.914270 2.381765 1.133312 0.568468
 4244400.000000 1.721224 1.124918 2.206769 1.116496 0.612571
 4245600.000000 1.876765 1.053877 2.510024 1.238003 0.618138
 4246800.000000 1.743821 1.089114 2.365961 1.232419 0.685689
 4248000.000000 1.965795 1.161195 2.262916 1.157935 0.591189
 4249200.000000 1.710005 1.255864 2.270542 1.104188 0.574321
 4250400.000000 1.800202 1.078448 2.379485 1.118186 0.535300
 4251600.000000 1.789466 1.096707 2.195557 1.085917 0.596378
 4252800.000000 1.734272 1.053467 2.377854 1.201211 0.600581
 4254000.000000 1.740301 0.988321 2.211751 1.240170 0.611129
 4255200.000000 1.686778 1.024858 2.211638 1.233465 0.571115
 4256400.000000 1.801209 1.044158 2.195116 1.129308 0.595831
 4257600.000000 1.681716 1.114042 2.393493 1.134448 0.561792
 4258800.000000 1.724621 1.152930 2.278219 1.146326 0.588254
 4260000.000000 1.823029 1.137037 2.278815 1.101613 0.647509
 4261200.000000 1.756421 1.080143 2.129753 1.104321 0.618813
 4262400.000000 1.846232 1.019407 2.289670 1.160660 0.574415
 4263600.000000 1.855244 1.091620 2.258144 1.162626 0.581563
 4264800.000000 1.720684 1.133746 2.116199 1.113801 0.639996
 4266000.000000 1.769252 1.115364 2.199002 1.107946 0.598046
 4267200.000000 1.857241 1.103782 2.150024 1.133081 0.636839
 4268400.000000 1.780216 1.119985 2.219231 1.233312 0.556341
 4269600.000000 1.727394 1.179669 2.248655 1.173437 0.591849
 4270800.000000 1.854595 1.183849 2.461356 1.314560 0.689400
 4272000.000000 1.711378 1.114092 2.430890 1.124490 0.584262
 4273200.000000 1.753292 1.119220 2.335720 1.193603 0.560260
 4274400.000000 1.859495 1.066453 2.253870 1.186819 0.549226
 4275600.000000 1.782824 1.067493 2.401982 1.151980 0.598735
 4276800.000000 1.756452 1.069745 2.236601 1.214166 0.580333
 4278000.000000 1.903619 1.087555 2.340752 1.281521 0.586411
 4279200.000000 1.690615 1.198620 2.148001 1.235692 0.581520
 4280400.000000 1.815146 1.106778 2.067819 1.231655 0.582170
 4281600.000000 1.752468 1.143355 2.185098 1.214174 0.569394
 4282800.000000 1.818419 1.120658 2.111977 1.166942 0.560414
 4284000.000000 1.708833 1.112952 2.184075 1.239346 0.606822
 4285200.000000 1.765682 1.097868 2.266696 1.177160 0.592846
 4286400.000000 1.729166 1.122465 2.102743 1.217359 0.556591
 4287600.000000 1.779486 1.223224 2.237824 1.205733 0.590274
 4288800.000000 1.816354 1.111218 2.513167 1.135007 0.556903
 4290000.000000 1.722379 1.134663 2.571575 1.172308 0.592425
 4291200.000000 1.709554 1.137680 2.314931 1.145170 0.584474
 4292400.000000 1.735730 1.151266 2.224249 1.178850 0.591358
 4293600.000000 1.820594 1.149798 2.061559 1.166867 0.587969
 4294800.000000 1.771119 1.132598 2.154935 1.126375 0.689614
 4296000.000000 1.773834 1.135520 2.085781 1.141343 0.600161
 4297200.000000 1.758530 1.111436 2.313280 1.098011 0.595766
 4298400.000000 1.816864 1.024780 2.104951 1.113722 0.560794
 4299600.000000 1.694214 1.095587 2.290237 1.087755 0.572099
 4300800.000000 1.755130 1.060454 2.293273 1.078475 0.620475
 4302000.000000 1.868520 1.064049 2.353561 1.105938 0.620433
 4303200.000000 1.724355 1.073079 2.206425 1.088897 0.606798
 4304400.000000 1.729485 1.032934 2.224251 1.097628 0.575194
 4305600.000000 1.747273 1.101483 2.234338 1.114142 0.561171
 4306800.000000 1.709833 1.095253 2.038717 1.092872 0.602264
 4308000.000000 1.858970 1.066951 2.223687 1.079259 0.602136
 4309200.000000 1.772295 1.095508 2.190576 1.067552 0.600459
 4310400.000000 1.714801 1.120317 2.366605 1.042979 0.592997
 4311600.000000 1.730384 1.090857 2.282157 1.090280 0.600413
 4312800.000000 1.741618 1.097849 2.290323 1.085444 0.601584
 4314000.000000 1.684423 1.142680 2.201984 1.137592 0.602425
 4315200.000000 1.733471 1.049612 2.351526 1.199308 0.580470
 4316400.000000 1.690330 1.064691 2.266344 1.207159 0.603712
 4317600.000000 1.738366 1.047902 2.510823 1.189125 0.574642
 4318800.000000 1.682139 1.082110 2.473993 1.240567 0.651166
 4320000.000000 1.777751 1.004138 2.353218 1.143872 0.562033
 4321200.000000 1.751601 1.193631 2.456079 1.175657 0.627428
 4322400.000000 1.790076 1.084626 2.226179 1.151418 0.625763
 4323600.000000 1.694204 1.130152 1.729297 1.201893 0.645667
 4324800.000000 1.758718 1.073175 1.908225 1.113158 0.607819
 4326000.000000 1.658506 1.138570 1.894675 1.108503 0.575647
 4327200.000000 1.809088 1.224348 2.050260 1.117448 0.608091
 4328400.000000 1.893531 1.181750 2.243000 1.088703 0.628979
 4329600.000000 1.789198 1.147889 2.330037 1.132022 0.617857
 4330800.000000 1.777982 1.100781 2.210326 1.063760 0.547572
 4332000.000000 1.737247 1.065939 2.129173 1.128304 0.563723
 4333200.000000 1.738037 1.108346 2.400818 1.093921 0.579400
 4334400.000000 1.738481 1.090887 2.239851 1.026719 0.600467
 4335600.000000 1.585013 1.155580 2.268687 1.057816 0.638811
 4336800.000000 1.742446 1.130927 2.233399 1.162644 0.611676
 4338000.000000 1.751207 1.125360 2.261563 1.037300 0.581970
 4339200.000000 1.817630 1.094960 2.219372 1.142219 0.593837
 4340400.000000 1.608240 1.118214 2.058264 1.091595 0.613103
 4341600.000000 1.720032 1.147677 2.245389 1.124260 0.594464
 4342800.000000 1.667268 1.144114 2.021925 1.078802 0.596801
 4344000.000000 1.810239 1.093697 2.132532 1.177904 0.560094
 4345200.000000 1.775951 1.092707 2.159204 1.115946 0.565209
 4346400.000000 1.827189 1.084350 2.358612 1.140974 0.601313
 4347600.000000 1.710586 1.229827 2.249668 1.112080 0.583814
 4348800.000000 1.694498 1.074989 2.132402 1.072733 0.658065
 4350000.000000 1.808080 1.098933 2.326911 1.085042 0.600208
 4351200.000000 1.869261 1.169682 1.979520 1.126837 0.605491
 4352400.000000 1.665563 1.080552 2.115363 1.103838 0.602187
 4353600.000000 1.700243 1.186631 2.161557 1.097059 0.577597
 4354800.000000 1.752722 1.166416 2.332694 1.114638 0.613547
 4356000.000000 1.781682 1.066091 2.384082 1.103245 0.571787
 4357200.000000 1.777507 1.137443 2.444526 1.148260 0.598122
 4358400.000000 1.680504 1.212557 2.412070 1.172271 0.607906
 4359600.000000 1.707115 1.175556 2.485778 1.053060 0.623724
 4360800.000000 1.704881 1.168453 2.371447 1.102285 0.607376
 4362000.000000 1.883886 1.190484 2.391785 1.096204 0.540257
 4363200.000000 1.812333 1.166400 2.345259 1.135135 0.588668
 4364400.000000 1.715273 1.234436 2.274480 1.100138 0.628562
 4365600.000000 1.798168 1.129321 2.286810 1.086192 0.617689
 4366800.000000 1.845746 1.070507 2.280637 1.129707 0.599980
 4368000.000000 1.863627 1.074496 2.561118 1.143628 0.591985
 4369200.000000 1.855871 1.145905 2.507926 1.039524 0.651479
 4370400.000000 1.858096 1.018315 2.432637 1.028215 0.616393
 4371600.000000 1.917586 1.143628 2.341966 1.173401 0.545635
 4372800.000000 1.801620 1.127813 2.210845 1.058885 0.587953
 4374000.000000 1.894186 1.119652 2.313505 1.028506 0.623386
 4375200.000000 1.840851 1.178342 2.391990 1.210217 0.625240
 4376400.000000 1.875476 1.132531 2.220980 1.105847 0.597697
 4377600.000000 1.858077 1.124513 2.389714 1.103711 0.584783
 4378800.000000 1.853094 1.131569 2.294027 1.144096 0.589609
 4380000.000000 1.880560 1.078829 2.414604 1.131158 0.634894
 4381200.000000 1.887133 1.080239 2.385175 1.147718 0.556688
 4382400.000000 1.925965 1.084769 2.487666 1.178911 0.555225
 4383600.000000 1.758134 1.110235 2.583000 1.127416 0.618054
 4384800.000000 2.020054 1.091997 2.576383 1.148341 0.552932
 4386000.000000 2.020413 1.084599 2.445954 1.197821 0.554672
 4387200.000000 1.902560 1.082898 2.895839 1.187894 0.584450
 4388400.000000 1.913820 1.069320 2.863609 1.165510 0.587493
 4389600.000000 1.978006 1.108779 2.958707 1.073563 0.560143
 4390800.000000 1.869110 1.117739 2.808509 1.159528 0.582711
 4392000.000000 1.892870 1.187634 2.716523 1.159477 0.555256
 4393200.000000 1.869097 1.109213 2.778167 1.150992 0.563538
 4394400.000000 1.834531 1.136850 2.623401 1.128613 0.655173
 4395600.000000 1.891211 1.125404 2.655971 1.160961 0.607986
 4396800.000000 1.777140 1.110498 2.374534 1.145715 0.584921
 4398000.000000 1.872604 1.120912 2.402006 1.166341 0.559854
 4399200.000000 1.794798 1.203763 2.340382 1.138771 0.589772
 4400400.000000 1.929363 1.212692 2.389126 1.206698 0.570904
 4401600.000000 1.832784 1.094019 2.347923 1.203988 0.567171
 4402800.000000 1.950004 1.068059 2.559360 1.161602 0.602196
 4404000.000000 1.901591 1.087524 2.448435 1.148213 0.580890
 4405200.000000 1.997068 1.072847 2.459427 1.142254 0.556857
 4406400.000000 1.849683 1.140304 2.631031 1.144546 0.598752
 4407600.000000 1.753335 1.093919 2.486902 1.179038 0.597719
 4408800.000000 1.874686 1.095984 2.420174 1.137945 0.578314
 4410000.000000 1.901783 1.147420 2.660014 1.138382 0.555026
 4411200.000000 1.857538 1.156947 2.522085 1.198176 0.558808
 4412400.000000 1.850948 1.132388 2.563788 1.224817 0.561249
 4413600.000000 1.723906 0.991953 2.416070 1.133920 0.587844
 4414800.000000 1.721419 1.100726 2.493465 1.155955 0.576389
 4416000.000000 1.782838 1.104204 2.385239 1.147843 0.563941
 4417200.000000 1.768042 1.264158 2.331123 1.122389 0.608892
 4418400.000000 1.853089 1.206761 2.434070 1.148829 0.604138
 4419600.000000 1.915817 1.169761 2.314098 1.128756 0.627226
 4420800.000000 1.937320 1.282501 2.312828 1.146587 0.581826
 4422000.000000 1.956408 1.147801 2.497584 1.097660 0.576466
 4423200.000000 1.929167 1.136581 2.566649 1.128464 0.584456
 4424400.000000 1.932171 1.127555 2.386936 1.167622 0.637031
 4425600.000000 1.821937 1.151296 2.479782 1.200666 0.562907
 4426800.000000 1.912885 1.139258 2.362673 1.082432 0.558267
 4428000.000000 1.907665 1.168080 2.605369 1.130121 0.567286
 4429200.000000 1.850683 1.169736 2.439335 1.150746 0.596194
 4430400.000000 1.982271 1.247988 2.417731 1.166272 0.610379
 4431600.000000 2.000859 1.185995 2.450226 1.155230 0.579637
 4432800.000000 1.946212 1.168460 2.467767 1.161143 0.619022
 4434000.000000 1.889100 1.244024 2.560852 1.188886 0.565568
 4435200.000000 1.937910 1.117277 2.691519 1.097431 0.583241
 4436400.000000 1.924250 1.005891 2.697072 1.116630 0.640777
 4437600.000000 1.863649 0.996848 2.554470 1.104548 0.609117
 4438800.000000 1.824880 1.101986 2.583837 1.110862 0.629027
 4440000.000000 1.861359 1.081859 2.413577 1.110090 0.685056
 4441200.000000 1.994078 1.111821 2.482490 1.132806 0.644388
 4442400.000000 2.042195 1.169556 2.504542 1.123994 0.625264
 4443600.000000 1.798287 1.138634 2.390587 1.111333 0.619792
 4444800.000000 1.817856 1.201753 2.565282 1.073268 0.611752
 4446000.000000 1.822935 1.182180 2.590140 1.103464 0.598431
 4447200.000000 1.875206 1.091980 2.507023 1.060511 0.590486
 4448400.000000 1.811325 1.123155 2.508046 1.114477 0.575482
 4449600.000000 1.621443 1.176689 2.309308 1.195027 0.609704
 4450800.000000 1.721852 1.189215 2.415902 1.159660 0.557743
 4452000.000000 1.704159 1.095726 2.385970 1.132066 0.544933
 4453200.000000 1.623124 1.161416 2.263394 1.151624 0.596406
 4454400.000000 1.658065 1.128748 2.346491 1.167361 0.569873
 4455600.000000 1.677133 1.044247 2.430187 1.180184 0.574491
 4456800.000000 1.652580 1.113311 2.309605 1.153970 0.621530
 4458000.000000 1.883267 1.049835 2.449237 1.125855 0.604993
 4459200.000000 1.955682 1.101133 2.449908 1.121331 0.607406
 4460400.000000 1.785220 1.099504 2.540144 1.157200 0.674624
 4461600.000000 1.711108 1.139393 2.483877 1.205718 0.586161
 4462800.000000 1.693322 1.104830 2.526472 1.169272 0.596213
 4464000.000000 1.725718 1.106153 2.559000 1.078744 0.601464
 4465200.000000 1.870099 1.104195 2.363756 1.134375 0.582223
 4466400.000000 1.736133 1.088271 2.357452 1.131889 0.607244
 4467600.000000 1.758502 1.126236 2.358663 1.146671 0.561372
 4468800.000000 1.832968 1.159783 2.317475 1.089249 0.567917
 4470000.000000 1.817205 1.121018 2.549994 1.076941 0.621096
 4471200.000000 1.802798 1.178942 2.589412 1.174748 0.577551
 4472400.000000 1.849958 1.143593 2.514250 1.114026 0.602042
 4473600.000000 1.823336 1.173101 2.616130 1.138272 0.607203
 4474800.000000 1.830437 1.019473 2.552715 1.104990 0.585721
 4476000.000000 1.740119 1.099524 2.301545 1.174378 0.632245
 4477200.000000 1.741473 1.141905 2.333520 1.120830 0.617878
 4478400.000000 1.745831 1.074441 2.360527 1.135080 0.579332
 4479600.000000 1.839507 0.987284 2.411707 1.153769 0.633719
 4480800.000000 1.846735 1.118067 2.573583 1.145315 0.662066
 4482000.000000 1.804512 1.182542 2.654431 1.123505 0.595341
 4483200.000000 1.757415 1.083102 2.594598 1.133235 0.652998
 4484400.000000 1.828817 1.106478 2.705662 1.211350 0.620230
 4485600.000000 1.825645 1.121396 2.468268 1.133034 0.611053
 4486800.000000 1.732025 1.108408 2.389246 1.141566 0.583163
 4488000.000000 1.782828 1.071581 2.362153 1.076043 0.610108
 4489200.000000 1.833401 0.996633 2.384764 1.101069 0.646036
 4490400.000000 1.919669 1.002489 2.328070 1.064629 0.625666
 4491600.000000 2.055347 1.012128 2.270512 1.093562 0.688975
 4492800.000000 2.077651 0.917424 2.340793 1.154719 0.608981
 4494000.000000 2.141425 0.912554 2.347128 1.106888 0.577237
 4495200.000000 1.976340 0.948461 2.405935 1.060454 0.602477
 4496400.000000 1.917893 0.862163 2.234900 1.166569 0.652154
 4497600.000000 1.995600 0.931398 2.412013 1.104640 0.607671
 4498800.000000 1.955683 0.867674 2.311233 1.133965 0.624799
 4500000.000000 1.975439 0.856981 2.034862 1.075526 0.571325
 4501200.000000 1.823197 0.899180 2.251266 1.137569 0.634096
 4502400.000000 1.854893 0.898161 2.383330 1.161780 0.667614
 4503600.000000 1.894847 0.900418 2.382527 1.087033 0.611526
 4504800.000000 1.773440 0.892095 2.183159 1.098414 0.631900
 4506000.000000 1.807444 0.928005 2.276011 1.090794 0.645221
 4507200.000000 1.742811 0.985153 2.665251 1.108207 0.592058
 4508400.000000 1.712419 1.010063 2.372959 1.087760 0.650430
 4509600.000000 1.730422 0.954244 2.327674 1.107431 0.681186
 4510800.000000 1.822109 0.866117 2.346625 1.119824 0.633793
 4512000.000000 1.881177 0.851223 2.279749 1.077475 0.624554
 4513200.000000 1.770103 0.908460 2.333845 1.126402 0.686602
 4514400.000000 1.943271 0.825565 2.365900 1.094455 0.655282
 4515600.000000 1.856165 0.889007 2.371553 1.101423 0.599744
 4516800.000000 1.730729 0.875864 2.498946 1.048695 0.628076
 4518000.000000 1.811555 0.810400 2.354789 1.104678 0.648951
 4519200.000000 1.965876 0.832770 2.511850 1.122263 0.569997
 4520400.000000 1.794447 0.954895 2.037084 1.099752 0.605035
 4521600.000000 1.862444 0.891947 2.383496 1.116188 0.625531
 4522800.000000 1.870469 0.959511 2.226747 1.135628 0.595567
 4524000.000000 1.742281 0.874164 2.397766 1.147412 0.567275
 4525200.000000 1.861855 0.899369 2.310864 1.115673 0.587105
 4526400.000000 1.894954 0.838123 1.965344 1.129369 0.574638
 4527600.000000 1.890585 0.948154 2.173967 1.151006 0.601232
 4528800.000000 1.765855 0.922668 1.931080 1.153623 0.639298
 4530000.000000 1.861819 0.841754 2.018397 1.198746 0.622139
 4531200.000000 1.912473 0.806973 2.483133 1.139464 0.625046
 4532400.000000 1.931941 0.887268 2.450757 1.178000 0.656033
 4533600.000000 1.894213 0.859070 2.447536 1.146151 0.612456
 4534800.000000 1.863603 0.894263 2.385781 1.071165 0.653197
 4536000.000000 1.897072 0.863306 2.278977 1.116573 0.604766
 4537200.000000 1.943785 0.893112 2.480759 1.151328 0.610168
 4538400.000000 1.813007 0.995848 2.353459 1.099206 0.612906
 4539600.000000 1.780412 1.038439 2.452057 1.097454 0.617133
 4540800.000000 1.767354 0.995281 2.504398 1.078957 0.641028
 4542000.000000 1.728281 1.044117 2.353884 1.118140 0.665429
 4543200.000000 1.818073 0.978302 2.306618 1.132857 0.627187
 4544400.000000 1.993779 0.879091 2.332815 1.091293 0.613386
 4545600.000000 1.824433 0.899928 2.513384 1.111220 0.612364
 4546800.000000 1.813537 0.844987 2.261123 1.096414 0.609621
 4548000.000000 1.858004 0.859555 2.366319 1.145765 0.627297
 4549200.000000 1.904332 0.900789 2.303760 1.036590 0.619685
 4550400.000000 1.828778 0.971889 2.379604 1.125748 0.618192
 4551600.000000 1.841700 1.026377 2.322842 1.092007 0.571699
 4552800.000000 1.752233 1.023454 2.349236 1.079559 0.632877
 4554000.000000 1.714387 0.879312 2.283563 1.120683 0.579741
 4555200.000000 1.770730 0.864350 2.257835 1.112548 0.585107
 4556400.000000 1.770323 1.007836 2.530646 1.078320 0.584032
 4557600.000000 1.811404 0.999899 2.418192 1.188374 0.592845
 4558800.000000 1.778384 0.975105 2.403635 1.138073 0.565856
 4560000.000000 1.736471 1.067113 2.411577 1.118692 0.585746
 4561200.000000 1.719994 1.045678 2.483774 1.113814 0.567110
 4562400.000000 1.680203 1.000182 2.387350 1.106133 0.589500
 4563600.000000 1.780893 0.913863 2.487767 1.103388 0.583777
 4564800.000000 1.803026 0.980132 2.395763 1.070867 0.585558
 4566000.000000 1.848148 0.875812 2.166394 1.130827 0.590829
 4567200.000000 1.841413 0.878437 2.035951 1.065602 0.576001
 4568400.000000 1.925347 1.038725 2.205764 1.101422 0.598870
 4569600.000000 1.807607 0.983102 2.159043 1.140627 0.583407
 4570800.000000 1.921371 0.959689 2.068865 1.100582 0.583727
 4572000.000000 1.700416 0.992283 2.051531 1.118949 0.585942
 4573200.000000 1.801240 1.106539 2.106476 1.115755 0.600613
 4574400.000000 1.853488 1.043976 2.078087 1.159412 0.584626
 4575600.000000 1.777558 0.961246 2.079868 1.135820 0.564427
 4576800.000000 1.799669 0.946704 2.111685 1.168778 0.585912
 4578000.000000 1.840905 0.958152 1.959583 1.096302 0.589133
 4579200.000000 1.736536 0.970123 2.249251 1.120427 0.635427
 4580400.000000 1.834858 0.897135 2.222982 1.156023 0.566253
 4581600.000000 1.806872 1.000604 2.150663 1.074580 0.587026
 4582800.000000 1.766559 1.074973 1.781317 1.024262 0.608514
 4584000.000000 1.846578 0.955607 2.135609 1.113229 0.587048
 4585200.000000 1.741582 0.956469 1.870059 1.061517 0.548937
 4586400.000000 1.824319 0.912383 1.934634 1.072167 0.613661
 4587600.000000 1.741539 0.939973 1.850612 1.060731 0.600908
 4588800.000000 1.768060 0.874453 1.979398 1.102691 0.625635
 4590000.000000 1.793311 0.970459 1.824060 1.099609 0.591936
 4591200.000000 1.741456 0.990102 1.796878 1.125834 0.593814
 4592400.000000 1.924059 0.902036 1.777523 1.099876 0.561317
 4593600.000000 1.836712 0.899227 1.848063 1.126438 0.592275
 4594800.000000 1.843011 0.888730 2.013454 1.159828 0.561754
 4596000.000000 1.840925 1.053527 1.751642 1.044037 0.604685
 4597200.000000 1.870936 0.853355 2.129981 1.050268 0.554553
 4598400.000000 1.849736 0.907404 1.999128 1.082131 0.598125
 4599600.000000 1.835005 1.081433 2.031261 1.065467 0.558805
 4600800.000000 1.762255 1.008184 1.898973 1.086481 0.580015
 4602000.000000 1.692028 1.036475 1.997969 1.136206 0.603247
 4603200.000000 1.660025 1.039094 2.324783 1.137329 0.609896
 4604400.000000 1.751406 0.997227 1.874014 1.075605 0.604531
 4605600.000000 1.714223 0.938926 1.935319 1.085166 0.573244
 4606800.000000 1.777070 1.019056 2.024459 1.071257 0.571669
 4608000.000000 1.764249 1.008281 2.144072 1.065986 0.576408
 4609200.000000 1.707783 1.000427 2.060322 1.110117 0.615988
 4610400.000000 1.787113 1.042215 2.078528 1.033886 0.600492
 4611600.000000 1.800663 0.934358 2.018735 1.133161 0.563116
 4612800.000000 1.822969 0.935395 2.040101 1.115375 0.619190
 4614000.000000 1.742005 0.905802 1.921449 1.111354 0.615611
 4615200.000000 1.705916 0.913882 1.998966 1.054574 0.628222
 4616400.000000 1.722705 0.949394 1.971690 1.105011 0.601882
 4617600.000000 1.609100 1.011181 1.964565 1.142158 0.584744
 4618800.000000 1.740150 0.984992 2.106645 1.131784 0.557606
 4620000.000000 1.723083 0.965795 1.965115 1.121126 0.578297
 4621200.000000 1.695164 1.083445 2.079033 1.104395 0.588420
 4622400.000000 1.711430 0.981405 1.952406 1.132334 0.592116
 4623600.000000 1.767171 0.963274 2.172998 1.117725 0.545647
 4624800.000000 1.732557 0.934217 2.215849 1.190309 0.538668
 4626000.000000 1.784246 1.095984 2.296501 1.173533 0.580764
 4627200.000000 1.743858 1.101581 2.268214 1.168404 0.575949
 4628400.000000 1.833673 0.996792 2.145280 1.161183 0.559973
 4629600.000000 1.772048 1.078670 2.129044 1.120726 0.587522
 4630800.000000 1.819080 0.881885 2.149780 1.130379 0.564401
 4632000.000000 1.934348 1.006821 2.250118 1.113092 0.649466
 4633200.000000 1.908932 0.870653 2.175690 1.126265 0.597853
 4634400.000000 1.979837 0.882357 2.265157 1.147700 0.581966
 4635600.000000 1.828291 1.018176 2.253433 1.142749 0.602200
 4636800.000000 1.768810 0.979376 2.234991 1.160517 0.602209
 4638000.000000 1.835335 1.003790 2.179588 1.175547 0.608866
 4639200.000000 1.677842 1.124275 2.151423 1.117150 0.639685
 4640400.000000 1.949413 0.997414 2.209013 1.168038 0.621774
 4641600.000000 1.797122 1.044538 2.381805 1.211155 0.651430
 4642800.000000 1.825755 1.012270 2.183045 1.164296 0.642879
 4644000.000000 1.717622 1.033112 2.311612 1.164424 0.619546
 4645200.000000 1.726621 1.040625 2.147912 1.151403 0.633327
 4646400.000000 1.773036 1.023642 2.238050 1.164139 0.613475
 4647600.000000 1.742791 0.981434 2.264431 1.198102 0.612018
 4648800.000000 1.713831 1.010880 2.126674 1.170602 0.619239
 4650000.000000 1.753774 0.988524 1.914071 1.116253 0.607877
 4651200.000000 1.914958 0.958585 2.102439 1.178844 0.597164
 4652400.000000 1.791296 0.960434 1.965130 1.120322 0.601137
 4653600.000000 1.799398 1.033811 2.249950 1.161748 0.595164
 4654800.000000 1.906241 1.056678 2.293825 1.189276 0.626146
 4656000.000000 1.984785 0.921273 2.173378 1.170552 0.610113
 4657200.000000 1.828295 1.024619 2.221108 1.167724 0.608491
 4658400.000000 1.790095 1.030875 2.186434 1.192119 0.628033
 4659600.000000 1.872967 1.010856 2.076453 1.203321 0.613708
 4660800.000000 1.785111 1.045957 2.118086 1.175634 0.623581
 4662000.000000 1.946920 0.961249 2.161663 1.195798 0.629044
 4663200.000000 1.819159 0.976595 2.279830 1.184874 0.598132
 4664400.000000 1.914218 0.927259 2.223788 1.231650 0.635971
 4665600.000000 1.886220 0.953577 2.254241 1.235254 0.614115
 4666800.000000 1.818224 1.070427 2.296909 1.219240 0.597801
 4668000.000000 1.799983 1.048533 2.277797 1.214235 0.601214
 4669200.000000 1.656119 1.049191 2.176530 1.314225 0.638808
 4670400.000000 1.803088 1.083781 2.089812 1.273531 0.613172
 4671600.000000 1.756192 0.987367 2.234248 1.169661 0.614180
 4672800.000000 1.824836 1.084032 2.192542 1.199651 0.608239
 4674000.000000 1.745601 1.084366 2.141032 1.205933 0.600255
 4675200.000000 1.798058 1.053655 2.055302 1.283686 0.641360
 4676400.000000 1.900088 1.089967 2.151963 1.232609 0.620964
 4677600.000000 2.137123 1.038975 2.172754 1.247457 0.633888
 4678800.000000 2.054342 0.934686 2.257002 1.266778 0.649689
 4680000.000000 1.946085 0.905243 2.173526 1.205980 0.738868
 4681200.000000 1.833620 1.165325 2.206324 1.278471 0.624435
 4682400.000000 1.930521 1.144324 2.390012 1.213349 0.637729
 4683600.000000 1.809547 1.041006 2.315869 1.202323 0.679677
 4684800.000000 1.817553 1.159413 2.349315 1.251805 0.654992
 4686000.000000 1.804935 1.083346 2.245479 1.210450 0.626493
 4687200.000000 1.735308 1.093790 2.346218 1.319256 0.645923
 4688400.000000 1.799445 1.045085 2.219156 1.249892 0.637693
 4689600.000000 1.752649 1.050197 2.199512 1.173458 0.661410
 4690800.000000 1.816794 1.070176 2.304547 1.234436 0.642463
 4692000.000000 1.805565 1.055408 2.163827 1.234914 0.644049
 4693200.000000 1.815247 1.033770 2.282755 1.203482 0.655492
 4694400.000000 1.815388 1.105080 2.200195 1.298352 0.610508
 4695600.000000 1.768608 1.151834 2.243421 1.253582 0.659725
 4696800.000000 1.806135 1.096559 2.298196 1.345476 0.696860
 4698000.000000 1.786180 1.111891 2.290433 1.298258 0.616679
 4699200.000000 1.723228 1.186768 2.264818 1.211123 0.625424
 4700400.000000 1.778972 1.120777 2.430324 1.261343 0.669889
 4701600.000000 1.749854 1.101095 2.236027 1.256030 0.662722
 4702800.000000 1.786517 1.117989 2.281461 1.302685 0.670273
 4704000.000000 1.873850 1.081574 2.287310 1.292882 0.677280
 4705200.000000 1.882722 1.091594 2.399240 1.293205 0.657670
 4706400.000000 1.884740 1.222456 2.426637 1.262263 0.622342
 4707600.000000 1.971306 1.106270 2.432284 1.262751 0.646757
 4708800.000000 1.946075 1.220965 2.331153 1.281261 0.598390
 4710000.000000 1.822692 1.143769 2.403128 1.229554 0.614027
 4711200.000000 1.854443 1.018924 2.313589 1.258078 0.619314
 4712400.000000 1.894960 1.152206 2.475573 1.258990 0.659839
 4713600.000000 1.890529 1.115088 2.353998 1.244284 0.662781
 4714800.000000 1.847450 1.072130 2.368720 1.223756 0.711367
 4716000.000000 1.850961 1.102650 2.435740 1.207153 0.637616
 4717200.000000 1.852246 1.128679 2.408879 1.207231 0.675226
 4718400.000000 1.903840 1.097141 2.358397 1.204021 0.689975
 4719600.000000 1.843344 1.061270 2.353743 1.200158 0.597617
 4720800.000000 1.841772 1.067891 2.267423 1.273330 0.680315
 4722000.000000 1.771193 1.064885 2.421413 1.217801 0.655791
 4723200.000000 1.892033 1.097279 2.111149 1.153444 0.627205
 4724400.000000 1.839124 1.093505 2.213926 1.218417 0.653031
 4725600.000000 1.860495 1.075313 2.196701 1.180396 0.623788
 4726800.000000 1.909421 1.156676 2.335792 1.221937 0.620566
 4728000.000000 2.004040 1.133050 2.192374 1.248906 0.672706
 4729200.000000 1.864338 1.135278 2.486703 1.195510 0.664237
 4730400.000000 2.258881 0.999741 2.388906 1.185070 0.626394
 4731600.000000 1.997131 1.182405 2.424234 1.233896 0.661449
 4732800.000000 2.182273 1.020982 2.481013 1.161986 0.672558
 4734000.000000 2.183212 1.112543 2.492563 1.243589 0.635731
 4735200.000000 2.045764 1.129625 2.375661 1.149600 0.633601
 4736400.000000 1.943939 1.148417 2.369398 1.170514 0.668998
 4737600.000000 2.089747 1.102327 2.383081 1.233678 0.645560
 4738800.000000 2.071997 1.074122 2.426412 1.287590 0.652301
 4740000.000000 2.027699 1.075847 2.404065 1.110373 0.625528
 4741200.000000 1.851100 1.069948 2.372885 1.197116 0.662227
 4742400.000000 1.908082 1.086327 2.346212 1.232228 0.715990
 4743600.000000 1.948102 1.111486 2.444658 1.215487 0.643784
 4744800.000000 1.925210 1.085623 2.408423 1.146211 0.621020
 4746000.000000 1.723133 1.105073 2.290316 1.199489 0.620049
 4747200.000000 1.770007 1.070640 2.311984 1.228836 0.586459
 4748400.000000 1.699234 1.127470 2.474529 1.360678 0.683475
 4749600.000000 1.828509 1.100972 2.305812 1.362571 0.642262
 4750800.000000 1.725833 1.063553 2.329777 1.383482 0.625425
 4752000.000000 1.737464 1.109005 2.411460 1.270683 0.591629
 4753200.000000 1.817646 1.142483 2.265123 1.223098 0.551499
 4754400.000000 1.739015 1.095045 2.418630 1.270021 0.591615
 4755600.000000 1.793342 1.067575 2.320157 1.243968 0.616551
 4756800.000000 1.836254 1.102630 2.251168 1.249621 0.565997
 4758000.000000 1.811602 1.097172 2.300680 1.304285 0.689238
 4759200.000000 1.820249 1.123147 2.159655 1.177727 0.636775
 4760400.000000 1.837641 1.140447 2.156829 1.189410 0.570772
 4761600.000000 1.832018 1.165815 2.281944 1.223134 0.628610
 4762800.000000 1.743607 1.055229 2.231308 1.192182 0.639655
 4764000.000000 1.781510 1.081607 2.289617 1.222146 0.609809
 4765200.000000 1.721109 1.118856 2.337632 1.194684 0.602950
 4766400.000000 1.776980 1.079478 2.180632 1.259802 0.654761
 4767600.000000 1.723989 1.167234 2.305021 1.247116 0.585254
 4768800.000000 1.749980 1.164805 2.258802 1.185415 0.587334
 4770000.000000 1.801246 1.056127 2.229146 1.231692 0.591669
 4771200.000000 1.850074 1.069724 2.233118 1.190157 0.597558
 4772400.000000 1.867496 1.089292 2.355189 1.200517 0.588861
 4773600.000000 1.987212 1.150869 2.337343 1.217198 0.581900
 4774800.000000 1.855176 1.060537 2.339464 1.196629 0.562527
 4776000.000000 1.778817 1.064140 2.417533 1.171382 0.594668
 4777200.000000 1.842211 1.075584 2.461003 1.212422 0.555176
 4778400.000000 1.752962 1.123992 2.376907 1.165857 0.569203
 4779600.000000 1.800257 1.076739 2.446917 1.146991 0.574071
 4780800.000000 1.877317 1.081393 2.409093 1.176323 0.589777
 4782000.000000 1.838104 1.052550 2.392663 1.180345 0.577339
 4783200.000000 1.833789 1.076580 2.361760 1.204310 0.603648
 4784400.000000 1.724439 1.086845 2.256512 1.197074 0.581378
 4785600.000000 1.842169 1.087453 2.296589 1.194687 0.559910
 4786800.000000 1.819227 1.068440 2.229013 1.139054 0.628851
 4788000.000000 1.767349 1.093136 2.329321 1.151144 0.577252
 4789200.000000 1.927546 1.090958 2.449744 1.189389 0.634049
 4790400.000000 1.757665 1.116238 2.311478 1.196865 0.610623
 4791600.000000 1.836015 1.169193 2.284090 1.250763 0.613959
 4792800.000000 1.874660 1.077558 2.265821 1.118120 0.595473
 4794000.000000 1.753964 1.150247 2.426205 1.205352 0.594617
 4795200.000000 1.801046 1.103946 2.468412 1.201489 0.625998
 4796400.000000 1.795202 1.067129 2.449902 1.165597 0.582957
 4797600.000000 1.753775 1.107316 2.227404 1.217874 0.598095
 4798800.000000 1.761793 1.077671 2.187081 1.209627 0.548747
 4800000.000000 1.763570 1.108531 2.186419 1.206183 0.588146
 4801200.000000 1.711177 1.087773 2.341708 1.191082 0.594709
 4802400.000000 1.754123 1.140271 2.514314 1.215341 0.626731
 4803600.000000 1.766417 1.104880 2.501848 1.179966 0.595203
 4804800.000000 1.761853 1.131099 2.597559 1.145673 0.583491
 4806000.000000 1.769552 1.188144 2.352239 1.231851 0.566095
 4807200.000000 1.707008 1.105754 2.504595 1.198422 0.570738
 4808400.000000 1.766655 1.136626 2.337601 1.215132 0.573705
 4809600.000000 1.759063 1.143981 2.472457 1.160305 0.556730
 4810800.000000 1.735835 1.159084 2.556274 1.199254 0.592789
 4812000.000000 1.639100 1.154224 2.386022 1.175747 0.567932
 4813200.000000 1.742284 1.111819 2.558527 1.148976 0.568642
 4814400.000000 1.728067 1.076075 2.417814 1.216997 0.571825
 4815600.000000 1.752784 1.116825 2.510290 1.338742 0.671249
 4816800.000000 1.698730 1.207027 2.469649 1.166474 0.564096
 4818000.000000 1.894292 1.114121 2.640982 1.198978 0.572858
 4819200.000000 1.781262 1.114220 2.568963 1.189652 0.596303
 4820400.000000 1.736878 1.126303 2.739733 1.171134 0.586544
 4821600.000000 1.752238 1.222757 2.660510 1.125657 0.560158
 4822800.000000 1.833013 1.082750 2.508189 1.209624 0.572095
 4824000.000000 1.757549 1.096314 2.612880 1.174614 0.577722
 4825200.000000 1.690968 1.053871 2.538274 1.321854 0.640607
 4826400.000000 1.816417 1.058736 2.552695 1.143536 0.552403
 4827600.000000 1.924405 1.095731 2.414876 1.193184 0.572916
 4828800.000000 1.816137 1.067937 2.406726 1.140348 0.623091
 4830000.000000 1.782173 1.106496 2.395101 1.149730 0.580796
 4831200.000000 1.790383 1.042020 2.448357 1.116701 0.578431
 4832400.000000 1.878301 1.026069 2.437063 1.140767 0.587760
 4833600.000000 1.907193 1.040808 2.588786 1.146978 0.579895
 4834800.000000 1.889968 1.072970 2.578185 1.098446 0.608966
 4836000.000000 1.954704 1.126585 2.620789 1.228912 0.545400
 4837200.000000 1.904897 1.072204 2.494680 1.178773 0.593454
 4838400.000000 1.875656 1.038708 2.525203 1.206650 0.585039
 4839600.000000 2.032477 1.070475 2.541276 1.171149 0.596159
 4840800.000000 1.909707 1.087883 2.417265 1.186066 0.602248
 4842000.000000 1.917831 1.078142 2.688743 1.170794 0.598748
 4843200.000000 1.835962 1.055198 2.550065 1.111249 0.550300
 4844400.000000 1.885889 1.109529 2.624036 1.101255 0.576979
 4845600.000000 1.830932 1.106135 2.571122 1.178815 0.550084
 4846800.000000 1.961778 1.058846 2.505247 1.078705 0.577258
 4848000.000000 1.862001 1.138344 2.538977 1.104395 0.607000
 4849200.000000 1.891480 1.069199 2.524714 1.172802 0.598372
 4850400.000000 1.779789 1.125385 2.671529 1.170051 0.579594
 4851600.000000 1.839020 1.042225 2.601236 1.220060 0.607366
 4852800.000000 1.859686 1.017606 2.531286 1.178431 0.593269
 4854000.000000 1.792620 1.098484 2.470310 1.144521 0.574835
 4855200.000000 1.818882 1.071271 2.619866 1.133629 0.594724
 4856400.000000 1.874674 1.038403 2.778495 1.167920 0.564045
 4857600.000000 1.914219 1.046446 2.559228 1.171018 0.589218
 4858800.000000 1.879455 1.075771 2.657521 1.189809 0.632633
 4860000.000000 1.729487 1.072340 2.426557 1.193258 0.557936
 4861200.000000 1.736528 1.078346 2.621987 1.081813 0.585720
 4862400.000000 1.744522 1.055917 2.571097 1.166451 0.594825
 4863600.000000 1.903032 1.094220 2.707366 1.162306 0.579952
 4864800.000000 1.977762 1.192998 2.665710 1.178677 0.627195
 4866000.000000 1.893646 1.096404 2.637997 1.166534 0.605632
 4867200.000000 1.885818 1.123294 2.758628 1.157103 0.620522
 4868400.000000 1.839021 1.096231 2.534445 1.188805 0.559618
 4869600.000000 1.859718 1.132562 2.688057 1.144588 0.565381
 4870800.000000 1.987705 1.010963 2.632577 1.236315 0.575277
 4872000.000000 1.813175 1.071967 2.458772 1.177636 0.556059
 4873200.000000 1.845109 1.103812 2.645758 1.155757 0.581550
 4874400.000000 2.039870 1.158261 2.511596 1.153299 0.580058
 4875600.000000 1.992806 1.129487 2.470093 1.121031 0.626839
 4876800.000000 1.881479 1.143825 2.512824 1.140435 0.586026
 4878000.000000 1.850426 1.238422 2.467847 1.090563 0.605129
 4879200.000000 1.903047 1.234343 2.537057 1.132557 0.601565
 4880400.000000 2.052680 1.057021 2.319169 1.118696 0.589956
 4881600.000000 1.940674 1.066807 2.670763 1.107061 0.574747
 4882800.000000 1.923179 1.186685 2.781901 1.140434 0.589969
 4884000.000000 1.960049 1.166607 2.622082 1.161849 0.604988
 4885200.000000 1.915254 1.067099 2.690509 1.145792 0.595644
 4886400.000000 1.865290 1.118135 2.677758 1.215425 0.590230
 4887600.000000 2.020261 1.079775 2.516127 1.120167 0.615223
 4888800.000000 1.912614 1.135510 2.577609 1.222873 0.622757
 4890000.000000 1.958049 1.137672 2.293295 1.152007 0.579877
 4891200.000000 1.957293 1.091528 2.803564 1.140004 0.585603
 4892400.000000 1.921478 1.113060 2.548180 1.193450 0.571786
 4893600.000000 1.976762 1.133891 2.634842 1.226683 0.565916
 4894800.000000 1.950655 1.209969 2.614375 1.153485 0.563450
 4896000.000000 1.948724 1.061157 2.651387 1.129589 0.607167
 4897200.000000 1.943079 0.929641 2.447548 1.140157 0.577910
 4898400.000000 1.841024 1.118966 2.405210 1.229249 0.564163
 4899600.000000 1.886702 1.033976 2.442405 1.172819 0.531944
 4900800.000000 1.889892 1.085425 2.513863 1.159704 0.564828
 4902000.000000 1.891239 1.127196 2.489721 1.250397 0.565426
 4903200.000000 1.793389 1.144500 2.418470 1.181241 0.563185
 4904400.000000 1.634155 1.174728 2.385004 1.152665 0.570923
 4905600.000000 1.805532 1.101924 2.466628 1.105524 0.579786
 4906800.000000 1.949890 1.110896 2.619222 1.109880 0.604724
 4908000.000000 1.957162 1.060235 2.542171 1.197013 0.623788
 4909200.000000 1.910690 1.150180 2.511829 1.099242 0.614336
 4910400.000000 1.955102 1.124664 2.669173 1.150758 0.593552
 4911600.000000 1.957381 1.182176 2.534932 1.201470 0.578700
 4912800.000000 1.884438 1.070240 2.588423 1.203055 0.606435
 4914000.000000 1.886288 1.110410 2.621902 1.136352 0.617532
 4915200.000000 1.892618 1.061490 2.535556 1.150673 0.588527
 4916400.000000 1.903904 1.111637 2.527779 1.173552 0.586037
 4917600.000000 1.911670 1.096296 2.519218 1.142525 0.568190
 4918800.000000 1.853481 1.084462 2.461296 1.190033 0.582337
 4920000.000000 1.974637 1.087410 2.653327 1.202187 0.599239
 4921200.000000 1.881234 1.073528 2.627326 1.175852 0.550447
 4922400.000000 1.926228 1.083281 2.546879 1.134687 0.578166
 4923600.000000 1.904529 1.078830 2.474519 1.257931 0.599915
 4924800.000000 1.913541 1.061542 2.670708 1.213062 0.591458
 4926000.000000 1.824107 1.094694 2.616994 1.224255 0.594144
 4927200.000000 2.042101 1.061860 2.561247 1.197005 0.551258
 4928400.000000 1.855977 1.108619 2.548730 1.205363 0.578317
 4929600.000000 1.964156 1.080514 2.602675 1.173473 0.605481
 4930800.000000 2.037367 1.059536 2.648567 1.158671 0.645628
 4932000.000000 1.911591 1.103293 2.715306 1.172604 0.557402
 4933200.000000 1.956750 1.127393 2.622842 1.110421 0.595411
 4934400.000000 1.956700 1.049444 2.750015 1.229940 0.600878
 4935600.000000 1.860222 1.125855 2.709234 1.165187 0.578139
 4936800.000000 1.946531 1.083773 2.666171 1.259321 0.578972
 4938000.000000 1.946683 1.090917 2.562170 1.243514 0.564071
 4939200.000000 1.864279 1.053225 2.564510 1.190897 0.532462
 4940400.000000 1.960762 1.114304 2.623076 1.149984 0.589824
 4941600.000000 2.017577 1.116639 2.583366 1.178523 0.603767
 4942800.000000 1.868148 1.090490 2.705977 1.149360 0.615288
 4944000.000000 1.971367 1.137503 2.624681 1.150554 0.572586
 4945200.000000 1.881485 1.100033 2.561048 1.215098 0.573561
 4946400.000000 1.923005 1.090830 2.537974 1.167372 0.554865
 4947600.000000 2.019703 1.150413 2.616341 1.211075 0.589301
 4948800.000000 1.877374 1.078735 2.557248 1.250883 0.571768
 4950000.000000 1.835056 1.066603 2.685162 1.174291 0.618503
 4951200.000000 1.906772 1.033832 2.581470 1.220885 0.572229
 4952400.000000 1.880756 1.048230 2.548153 1.195940 0.626579
 4953600.000000 1.784733 1.048226 2.777638 1.142604 0.572351
 4954800.000000 1.942804 1.098710 2.731002 1.273017 0.612236
 4956000.000000 1.908836 1.181066 2.791189 1.218300 0.651402
 4957200.000000 1.758678 1.100686 2.804607 1.192375 0.572041
 4958400.000000 1.790216 1.180729 2.640600 1.149485 0.599032
 4959600.000000 1.719691 1.277092 2.655391 1.185365 0.625545
 4960800.000000 1.780313 1.216541 2.449580 1.150613 0.596199
 4962000.000000 1.885633 1.163179 2.541054 1.170778 0.617975
 4963200.000000 1.901117 1.265377 2.632510 1.151233 0.621962
 4964400.000000 1.946226 1.190082 2.665400 1.210927 0.586037
 4965600.000000 1.823119 1.215410 2.646926 1.217672 0.584652
 4966800.000000 1.875236 1.191557 2.681058 1.137826 0.578027
 4968000.000000 1.807400 1.054954 2.814721 1.219303 0.606504
 4969200.000000 1.791696 1.055979 2.746707 1.227897 0.554510
 4970400.000000 1.938793 1.009574 2.712453 1.216550 0.587913
 4971600.000000 1.845203 1.077197 2.723645 1.233177 0.641153
 4972800.000000 1.935165 1.044575 2.707899 1.162816 0.578230
 4974000.000000 1.937339 1.070035 2.546672 1.200834 0.574674
 4975200.000000 1.985831 1.119334 2.501227 1.222767 0.535564
 4976400.000000 1.898659 1.127182 2.523216 1.126171 0.569401
 4977600.000000 1.879313 1.100897 2.499230 1.166569 0.653420
 4978800.000000 1.815824 1.108064 2.510698 1.137353 0.581013
 4980000.000000 1.716057 1.119563 2.614528 1.187029 0.616561
 4981200.000000 1.831870 1.093642 2.616267 1.157676 0.629406
 4982400.000000 1.755085 1.095395 2.499629 1.174594 0.626177
 4983600.000000 1.817049 1.030962 2.538865 1.168009 0.621618
 4984800.000000 1.856573 1.072617 2.587933 1.217781 0.572008
 4986000.000000 1.847839 1.030451 2.584108 1.160750 0.553469
 4987200.000000 1.766838 1.087666 2.661354 1.089782 0.631510
 4988400.000000 1.789951 1.152399 2.574101 1.200529 0.601613
 4989600.000000 1.752383 1.129800 2.604537 1.138671 0.631608
 4990800.000000 1.759912 1.096002 2.605865 1.181875 0.612465
 4992000.000000 1.813217 1.092427 2.708835 1.148685 0.587186
 4993200.000000 1.805295 1.115773 2.720386 1.189884 0.576948
 4994400.000000 1.809607 1.145171 2.498750 1.170633 0.650521
 4995600.000000 1.734793 1.079382 2.447070 1.152599 0.652100
 4996800.000000 1.794674 1.129523 2.515054 1.179939 0.611572
 4998000.000000 1.863749 1.069500 2.667340 1.208798 0.599199
 4999200.000000 1.897292 1.120495 2.641598 1.163955 0.558272
 5000400.000000 1.736120 1.206326 2.208659 1.239286 0.561240
 5001600.000000 1.811621 1.159332 2.410495 1.167429 0.593462
 5002800.000000 1.811672 1.131130 2.464460 1.156761 0.608749
 5004000.000000 1.839579 1.100862 2.557273 1.152238 0.587520
 5005200.000000 1.733493 1.115942 2.533706 1.171795 0.537521
 5006400.000000 1.777687 1.149261 2.462695 1.136324 0.576798
 5007600.000000 1.836738 1.038568 2.490890 1.134179 0.577300
 5008800.000000 1.816648 1.096663 2.596617 1.162704 0.571475
 5010000.000000 1.821999 1.148172 2.620110 1.130583 0.605272
 5011200.000000 1.829032 1.216723 2.742546 1.229655 0.603081
 5012400.000000 1.941132 1.153896 2.645550 1.199239 0.613235
 5013600.000000 1.813540 1.213266 2.489228 1.183901 0.614129
 5014800.000000 1.978958 1.194052 2.643963 1.156549 0.583551
 5016000.000000 1.897567 1.118379 2.670114 1.228800 0.552775
 5017200.000000 1.983883 1.102396 2.580173 1.236150 0.570610
 5018400.000000 1.945626 1.194665 2.327920 1.245922 0.585502
 5019600.000000 1.941697 1.166587 2.346300 1.244470 0.596531
 5020800.000000 1.939372 1.077884 2.346518 1.251325 0.570726
 5022000.000000 1.925817 1.078340 2.430034 1.268623 0.583273
 5023200.000000 1.819572 1.096503 2.493429 1.237536 0.592111
 5024400.000000 1.842729 1.162608 2.373234 1.245563 0.551498
 5025600.000000 1.827487 1.221371 2.488584 1.195086 0.583631
 5026800.000000 1.767538 1.096661 2.645211 1.222767 0.595858
 5028000.000000 1.754339 1.072739 2.740124 1.300070 0.585762
 5029200.000000 1.862561 1.058606 2.527837 1.285603 0.588992
 5030400.000000 1.705840 1.146489 2.326435 1.192845 0.554023
 5031600.000000 1.816902 1.086185 2.484937 1.238118 0.600997
 5032800.000000 1.873378 1.088552 2.587299 1.241143 0.559653
 5034000.000000 1.756111 1.131115 2.466607 1.320365 0.618604
 5035200.000000 1.821997 1.124603 2.479796 1.253257 0.618632
 5036400.000000 1.859596 1.226407 2.422410 1.230933 0.603464
 5037600.000000 1.634766 1.148984 2.335684 1.170096 0.598843
 5038800.000000 1.789103 1.129301 2.274186 1.174713 0.553116
 5040000.000000 1.862640 1.073307 2.455639 1.201175 0.585163
 5041200.000000 1.757163 1.052559 2.424885 1.191529 0.613131
 5042400.000000 1.792331 1.126124 2.487562 1.284277 0.555512
 5043600.000000 1.793400 1.140257 2.671914 1.152494 0.560374
 5044800.000000 1.796059 1.167574 2.497361 1.181240 0.553533
 5046000.000000 1.712547 1.118001 2.327499 1.218271 0.562048
 5047200.000000 1.728263 1.099346 2.369269 1.222290 0.604837
 5048400.000000 1.790654 1.048056 2.259730 1.218738 0.582849
 5049600.000000 1.846579 1.097051 2.335758 1.216092 0.562984
 5050800.000000 1.767879 1.107486 2.370454 1.179856 0.576577
 5052000.000000 1.732581 1.105134 2.399323 1.270856 0.613564
 5053200.000000 1.841668 1.083420 2.587803 1.188928 0.588006
 5054400.000000 1.781581 1.078269 2.549445 1.189405 0.562026
 5055600.000000 1.804643 1.074637 2.510327 1.158468 0.578911
 5056800.000000 1.734794 1.108275 2.565161 1.239825 0.585140
 5058000.000000 1.861147 1.071582 2.695143 1.183205 0.616635
 5059200.000000 1.873863 0.992286 2.510885 1.229553 0.558311
 5060400.000000 1.852253 1.014399 2.511488 1.174943 0.572650
 5061600.000000 1.754461 1.034063 2.644166 1.197590 0.606206
 5062800.000000 1.791705 1.094199 2.543074 1.183638 0.577376
 5064000.000000 1.746925 1.119240 2.625406 1.198179 0.563001
 5065200.000000 1.741433 0.993694 2.676812 1.185866 0.580769
 5066400.000000 1.831261 1.010555 2.675632 1.165700 0.584227
 5067600.000000 1.890038 1.141650 2.600128 1.171208 0.593739
 5068800.000000 1.807859 1.103699 2.456475 1.204197 0.576840
 5070000.000000 1.770403 1.126809 2.473650 1.077205 0.571197
 5071200.000000 1.877702 1.173373 2.370861 1.170469 0.580390
 5072400.000000 1.798912 1.118100 2.236410 1.172043 0.619194
 5073600.000000 1.869675 1.094965 2.230228 1.151272 0.607302
 5074800.000000 1.897143 1.092997 2.401338 1.189856 0.572879
 5076000.000000 1.864046 1.068884 2.470102 1.133617 0.575083
 5077200.000000 1.861956 1.136153 2.400486 1.126246 0.569158
 5078400.000000 1.791130 1.034455 2.300376 1.225188 0.557779
 5079600.000000 1.926409 1.032346 2.415299 1.188427 0.580499
 5080800.000000 1.878182 1.073269 2.261340 1.170743 0.600640
 5082000.000000 1.852875 1.084556 2.218907 1.196124 0.585262
 5083200.000000 1.948157 1.121423 2.518817 1.170903 0.584069
 5084400.000000 1.927287 1.092248 2.712068 1.231328 0.595600
 5085600.000000 1.991521 1.065517 2.681399 1.157008 0.570315
 5086800.000000 1.953271 1.073453 2.753664 1.186356 0.588719
 5088000.000000 1.916227 1.067792 2.679722 1.174350 0.547091
 5089200.000000 1.802529 1.100683 2.605749 1.181067 0.545373
 5090400.000000 1.785102 1.111544 2.714977 1.131899 0.623224
 5091600.000000 1.882167 1.067103 2.653974 1.163689 0.572241
 5092800.000000 1.736297 1.187764 2.494936 1.219718 0.573517
 5094000.000000 1.781818 1.102205 2.759941 1.227201 0.586068
 5095200.000000 1.781969 1.139363 2.462725 1.228599 0.591272
 5096400.000000 1.803832 1.077327 2.357393 1.151549 0.624376
 5097600.000000 1.800697 1.117703 2.379238 1.236077 0.573847
 5098800.000000 1.815441 1.069615 2.473749 1.222746 0.562953
 5100000.000000 1.755131 1.129753 2.306068 1.220985 0.604824
 5101200.000000 1.798995 1.183666 2.339149 1.127658 0.587814
 5102400.000000 1.818955 1.092879 2.617928 1.186856 0.609784
 5103600.000000 1.771342 1.084997 2.409786 1.232658 0.590298
 5104800.000000 1.798331 1.105110 2.446078 1.191974 0.602932
 5106000.000000 1.795397 1.067399 2.209508 1.118353 0.650775
 5107200.000000 1.884109 1.102337 2.398301 1.187266 0.574317
 5108400.000000 1.781353 1.046320 2.404545 1.181361 0.588664
 5109600.000000 1.849296 1.053500 2.486420 1.243930 0.597427
 5110800.000000 1.808649 1.109147 2.483561 1.120804 0.613613
 5112000.000000 1.880717 1.102124 2.990028 1.176386 0.579484
 5113200.000000 1.933447 1.071353 2.658968 1.144462 0.615661
 5114400.000000 1.869805 1.150131 2.263855 1.142924 0.578656
 5115600.000000 1.844118 1.054682 2.372734 1.151024 0.561915
 5116800.000000 1.808728 1.144434 2.448093 1.143266 0.585565
 5118000.000000 1.842414 1.129532 2.470442 1.171328 0.589435
 5119200.000000 1.791275 1.083984 2.325317 1.198870 0.613115
 5120400.000000 1.871915 1.129549 2.656263 1.263219 0.618254
 5121600.000000 1.779295 1.092503 2.342319 1.157121 0.619672
 5122800.000000 1.874230 1.099005 2.557685 1.151950 0.573921
 5124000.000000 1.850491 1.096045 2.539759 1.194920 0.568532
 5125200.000000 1.931725 1.090176 2.682740 1.133966 0.559290
 5126400.000000 1.895207 1.092781 2.727561 1.202189 0.579241
 5127600.000000 1.929340 1.072721 2.543616 1.173616 0.572215
 5128800.000000 1.876507 1.031584 2.737860 1.166557 0.583597
 5130000.000000 1.824909 1.069967 2.355338 1.166705 0.598214
 5131200.000000 1.888540 1.077895 2.559919 1.169236 0.589611
 5132400.000000 1.829274 1.060514 2.492737 1.195674 0.609001
 5133600.000000 1.789028 1.063824 2.610826 1.173401 0.595204
 5134800.000000 2.000124 1.127096 2.842883 1.187250 0.567337
 5136000.000000 1.862097 1.084993 2.570759 1.114043 0.616404
 5137200.000000 1.918496 1.147385 2.497876 1.173358 0.560077
 5138400.000000 1.777142 1.064822 2.590363 1.180225 0.590451
 5139600.000000 1.884714 1.052711 2.324877 1.243816 0.564726
 5140800.000000 1.850599 1.072341 2.518603 1.120276 0.584267
 5142000.000000 1.885001 1.054331 2.391272 1.194017 0.559301
 5143200.000000 1.953408 1.076393 2.546066 1.129466 0.584491
 5144400.000000 1.800127 1.080405 2.435531 1.193178 0.570516
 5145600.000000 1.693880 1.073647 2.287220 1.130643 0.584258
 5146800.000000 1.826523 1.122648 2.429430 1.069569 0.553695
 5148000.000000 1.834993 1.144490 2.540085 1.157553 0.532181
 5149200.000000 1.871319 1.065832 2.420052 1.168749 0.529326
 5150400.000000 1.829819 1.075179 2.307677 1.158224 0.585255
 5151600.000000 1.915071 1.067463 2.205754 1.094613 0.571254
 5152800.000000 1.872830 1.048880 2.215830 1.158909 0.582414
 5154000.000000 1.844823 1.063844 2.184370 1.177584 0.528666
 5155200.000000 1.894973 1.077253 2.370368 1.130367 0.565032
 5156400.000000 1.877533 1.081394 2.235800 1.100520 0.568038
 5157600.000000 1.859024 1.167310 2.557448 1.166158 0.572435
 5158800.000000 2.022165 0.926413 2.510880 1.145554 0.559337
 5160000.000000 1.993131 0.915834 2.595749 1.146202 0.585872
 5161200.000000 1.852740 1.101437 2.551727 1.128757 0.599319
 5162400.000000 1.997208 1.039910 2.543862 1.185377 0.604336
 5163600.000000 1.967524 1.114114 2.532704 1.141419 0.584132
 5164800.000000 1.885149 1.099852 2.790010 1.079702 0.596395
 5166000.000000 1.949406 1.026113 2.673178 1.145127 0.606004
 5167200.000000 1.986421 1.056344 2.719797 1.048731 0.608439
 5168400.000000 1.868801 1.070320 2.508327 1.161883 0.586749
 5169600.000000 1.804237 0.935849 2.231558 1.071801 0.582158
 5170800.000000 1.914452 0.955379 2.576689 1.073026 0.596059
 5172000.000000 1.798385 1.095443 2.480722 1.042797 0.618141
 5173200.000000 1.825570 1.080361 2.444092 1.080731 0.574117
 5174400.000000 1.793706 1.045411 2.106607 1.116378 0.639917
 5175600.000000 1.850138 1.106415 2.775328 1.125223 0.606571
 5176800.000000 1.821891 1.102231 2.594020 1.175940 0.624173
 5178000.000000 1.988680 1.066269 2.514285 1.161489 0.615377
 5179200.000000 1.970337 1.027156 2.329368 1.103442 0.652225
 5180400.000000 1.956073 0.947239 2.246610 1.153723 0.610953
 5181600.000000 1.909470 1.045614 2.692883 1.192415 0.635768
 5182800.000000 1.828811 1.113285 2.608828 1.202737 0.608810
 5184000.000000 1.901684 1.121700 2.910717 1.186059 0.576246
 5185200.000000 1.813549 1.124209 2.957728 1.183413 0.576107
 5186400.000000 1.900729 1.056786 3.064376 1.184045 0.581476
 5187600.000000 1.868264 1.129995 3.101464 1.164574 0.591157
 5188800.000000 1.899378 1.070455 2.876978 1.179668 0.595739
 5190000.000000 1.858519 1.097450 3.110998 1.209080 0.566920
 5191200.000000 1.857708 1.186752 2.710618 1.170373 0.586205
 5192400.000000 1.855683 1.138038 2.710949 1.085142 0.573837
 5193600.000000 1.764087 1.089446 2.959252 1.189098 0.580616
 5194800.000000 1.829837 1.107763 2.748494 1.190406 0.591116
 5196000.000000 1.834543 1.112434 2.756650 1.179503 0.573620
 5197200.000000 1.807172 1.106944 2.827051 1.193612 0.569365
 5198400.000000 1.723445 1.156564 2.765093 1.130891 0.647163
 5199600.000000 1.779711 1.130199 2.801381 1.203477 0.648044
 5200800.000000 1.842520 1.174879 3.008824 1.230135 0.600749
 5202000.000000 1.878570 1.155598 3.139348 1.235822 0.571031
 5203200.000000 1.987496 1.086715 3.082990 1.271248 0.559114
 5204400.000000 1.824148 1.117204 2.937572 1.185356 0.563881
 5205600.000000 1.778562 1.075640 2.678911 1.201359 0.581821
 5206800.000000 1.855401 1.142742 2.956901 1.139837 0.589017
 5208000.000000 1.810803 1.138490 3.064975 1.133913 0.550310
 5209200.000000 1.773783 1.123152 2.883007 1.130085 0.589630
 5210400.000000 1.797107 0.977931 2.813951 1.236243 0.562696
 5211600.000000 1.823514 0.957419 2.834784 1.175976 0.569993
 5212800.000000 2.046418 1.149865 3.030795 1.128731 0.584688
 5214000.000000 1.881650 1.070798 2.701040 1.163475 0.586945
 5215200.000000 1.891050 1.093999 2.822095 1.191424 0.549426
 5216400.000000 1.806705 1.096677 2.821210 1.232539 0.551872
 5217600.000000 1.915980 1.108796 2.854390 1.206485 0.591884
 5218800.000000 1.787994 1.095099 2.825562 1.225801 0.552680
 5220000.000000 1.711408 1.083502 2.749058 1.221351 0.579275
 5221200.000000 1.825879 1.084183 2.775405 1.180188 0.580333
 5222400.000000 1.828809 1.084550 2.800192 1.202779 0.569749
 5223600.000000 1.890741 1.070277 2.906544 1.194232 0.585883
 5224800.000000 1.896688 1.096253 2.872625 1.154428 0.599294
 5226000.000000 1.914507 1.067323 2.811029 1.163801 0.591222
 5227200.000000 1.991479 1.029958 2.799090 1.220541 0.552273
 5228400.000000 1.855996 1.095103 2.805562 1.170519 0.572952
 5229600.000000 1.802914 1.092350 2.821958 1.198912 0.585635
 5230800.000000 1.827717 1.086014 2.721204 1.169996 0.577107
 5232000.000000 1.863243 1.075832 2.754407 1.232434 0.604661
 5233200.000000 1.984413 1.099492 2.802738 1.171272 0.566092
 5234400.000000 1.995767 1.066318 2.863598 1.184562 0.571564
 5235600.000000 2.054418 1.104004 2.701280 1.175725 0.569681
 5236800.000000 1.994747 1.067733 2.762393 1.179449 0.553252
 5238000.000000 2.040239 1.009668 2.609270 1.209654 0.593231
 5239200.000000 2.016022 1.076798 2.698751 1.148383 0.588629
 5240400.000000 1.967481 1.038231 2.679002 1.199629 0.629199
 5241600.000000 2.102104 1.109070 2.789395 1.257855 0.575595
 5242800.000000 1.942373 1.055362 2.672104 1.168179 0.562797
 5244000.000000 1.917414 1.095516 2.849264 1.231012 0.607139
 5245200.000000 1.969162 1.020009 2.805756 1.201797 0.596790
 5246400.000000 1.998219 1.108847 2.611027 1.179834 0.625651
 5247600.000000 1.933831 1.048184 2.661279 1.192614 0.608885
 5248800.000000 1.893615 1.085295 2.683432 1.153395 0.575758
 5250000.000000 2.003840 1.148401 2.562334 1.173751 0.571540
 5251200.000000 1.913833 1.056574 2.552898 1.175315 0.589899
 5252400.000000 1.903253 1.085765 2.770918 1.191158 0.577494
 5253600.000000 1.965903 1.065929 2.637927 1.167193 0.623960
 5254800.000000 1.907644 1.122847 2.839583 1.141818 0.615269
 5256000.000000 1.959203 1.060597 2.650927 1.163214 0.609038
 5257200.000000 2.031400 1.089456 2.889558 1.104765 0.607698
 5258400.000000 2.023857 1.035217 2.909225 1.171271 0.603513
 5259600.000000 1.867795 1.116002 2.983194 1.198887 0.581866
 5260800.000000 1.882573 1.164975 2.846714 1.151181 0.587941
 5262000.000000 1.863826 1.074181 2.955823 1.132477 0.561249
 5263200.000000 1.796339 1.169639 2.968946 1.145349 0.584902
 5264400.000000 1.858148 1.144019 2.844739 1.157778 0.544287
 5265600.000000 1.838847 1.129583 2.706962 1.198504 0.564351
 5266800.000000 1.900695 1.118837 2.400356 1.163250 0.588082
 5268000.000000 1.928738 1.138216 2.513338 1.242594 0.587958
 5269200.000000 1.856422 1.114503 2.469263 1.162926 0.594926
 5270400.000000 1.783743 1.125509 2.432707 1.170658 0.572102
 5271600.000000 1.793991 1.121943 2.477423 1.197943 0.564498
 5272800.000000 1.853749 1.079021 2.511545 1.135387 0.578178
 5274000.000000 1.888499 1.069524 2.524956 1.191662 0.608148
 5275200.000000 1.896042 1.083640 2.618535 1.186859 0.569754
 5276400.000000 1.931237 1.090335 2.622500 1.100339 0.608740
 5277600.000000 1.831353 1.106975 2.475719 1.187984 0.567828
 5278800.000000 1.798639 1.072046 2.521989 1.229376 0.568808
 5280000.000000 1.719834 1.131460 2.499235 1.192778 0.580153
 5281200.000000 1.845053 1.114493 2.455356 1.213063 0.591440
 5282400.000000 1.815000 1.101492 2.277758 1.226662 0.618952
 5283600.000000 1.797094 1.095402 2.457209 1.180610 0.613848
 5284800.000000 1.897696 1.149752 2.382776 1.204977 0.631461
 5286000.000000 1.803200 1.110273 2.371579 1.174455 0.588516
 5287200.000000 1.873850 1.099450 2.422827 1.152232 0.605204
 5288400.000000 1.796541 1.116884 2.553556 1.165175 0.572856
 5289600.000000 1.809038 1.189930 2.325684 1.176178 0.597053
 5290800.000000 1.819519 1.285632 2.389359 1.228849 0.578074
 5292000.000000 1.829383 1.107246 2.302730 1.160278 0.604209
 5293200.000000 1.925203 1.049162 2.404919 1.219627 0.619528
 5294400.000000 1.890379 1.148544 2.398080 1.261250 0.622693
 5295600.000000 1.926476 1.080942 2.370351 1.102803 0.645705
 5296800.000000 1.771452 1.188937 2.389077 1.151998 0.586380
 5298000.000000 1.759128 1.147092 2.243775 1.193572 0.589200
 5299200.000000 1.752605 1.162185 2.136730 1.214641 0.591571
 5300400.000000 1.729846 1.120847 2.205328 1.182045 0.590752
 5301600.000000 1.745460 1.080025 2.377592 1.123717 0.593958
 5302800.000000 1.753646 1.073713 2.279617 1.119144 0.570315
 5304000.000000 1.733970 1.108556 2.273400 1.108070 0.648903
 5305200.000000 1.788736 1.146132 2.281120 1.099815 0.581548
 5306400.000000 1.781641 1.059165 2.318075 1.135277 0.546913
 5307600.000000 1.705525 1.135061 2.291579 1.191358 0.570314
 5308800.000000 1.711449 1.099965 2.512740 1.170668 0.592305
 5310000.000000 1.788543 1.098487 2.371603 1.177985 0.572466
 5311200.000000 1.715217 1.157744 2.434670 1.193772 0.578320
 5312400.000000 1.771744 1.136259 2.579965 1.194902 0.581969
 5313600.000000 1.861839 1.164963 2.654835 1.152479 0.597380
 5314800.000000 1.854390 1.264760 2.641959 1.137986 0.578300
 5316000.000000 1.742547 1.156639 2.715521 1.208584 0.597009
 5317200.000000 1.809371 1.158156 2.770068 1.237653 0.555967
 5318400.000000 1.842829 1.240270 2.835059 1.257464 0.610957
 5319600.000000 1.798708 1.159747 2.670049 1.207888 0.572343
 5320800.000000 1.773333 1.143484 2.584198 1.148748 0.585167
 5322000.000000 1.798468 1.208730 2.670286 1.141927 0.570315
 5323200.000000 1.780058 1.105407 2.702110 1.188738 0.603823
 5324400.000000 1.792381 1.132140 2.658492 1.205088 0.605430
 5325600.000000 1.856539 1.131953 2.647682 1.157440 0.565077
 5326800.000000 1.833482 1.159509 2.627487 1.178345 0.587971
 5328000.000000 1.881434 1.108670 2.613648 1.121710 0.577625
 5329200.000000 1.772810 1.105519 2.682090 1.141458 0.547259
 5330400.000000 1.762939 1.131794 2.645040 1.219220 0.553908
 5331600.000000 1.922223 1.060644 2.579304 1.195573 0.560225
 5332800.000000 1.757218 1.081563 2.333510 1.145004 0.606895
 5334000.000000 1.793744 1.086179 2.500711 1.154943 0.547377
 5335200.000000 1.769141 1.077006 2.566828 1.122244 0.601518
 5336400.000000 1.760813 1.113584 2.817151 1.182867 0.567444
 5337600.000000 1.843898 1.103171 2.921047 1.242514 0.544316
 5338800.000000 1.810657 1.085026 2.675092 1.240482 0.572977
 5340000.000000 1.750618 1.074773 2.696948 1.135914 0.550467
 5341200.000000 1.732147 1.086265 2.651331 1.211524 0.592668
 5342400.000000 1.761589 1.088292 2.657516 1.237377 0.539938
 5343600.000000 1.734399 1.032349 2.453023 1.208624 0.571077
 5344800.000000 1.668439 1.091237 2.598587 1.185029 0.569894
 5346000.000000 1.695207 1.091972 2.813601 1.153700 0.606425
 5347200.000000 1.762547 1.056839 2.730617 1.248642 0.563546
 5348400.000000 1.720140 1.278616 2.552228 1.195526 0.562424
 5349600.000000 1.716114 1.137844 2.532570 1.185379 0.565766
 5350800.000000 1.795879 1.159527 2.415634 1.183871 0.559691
 5352000.000000 1.622454 1.199693 2.679488 1.238138 0.589624
 5353200.000000 1.740681 1.103903 2.645064 1.193633 0.558090
 5354400.000000 1.613510 1.219041 2.589599 1.188300 0.598425
 5355600.000000 1.674337 1.134010 2.454078 1.184834 0.568896
 5356800.000000 1.707670 1.158757 2.527498 1.142951 0.604725
 5358000.000000 1.792039 1.160435 2.426816 1.142769 0.578738
 5359200.000000 1.691329 1.160185 2.447476 1.145862 0.580691
 5360400.000000 1.718629 1.146596 2.233929 1.257024 0.573233
 5361600.000000 1.688165 1.172487 2.454497 1.172324 0.569656
 5362800.000000 1.691968 1.122035 2.265392 1.193097 0.547633
 5364000.000000 1.761477 1.131036 2.376074 1.191923 0.593887
 5365200.000000 1.755014 1.228248 2.348167 1.144693 0.571262
 5366400.000000 1.773188 1.219791 2.100526 1.171466 0.556854
 5367600.000000 1.792615 1.189185 2.077100 1.129412 0.537860
 5368800.000000 1.683722 1.255168 2.268119 1.213655 0.586280
 5370000.000000 1.712044 1.159201 2.229445 1.104490 0.576815
 5371200.000000 1.658344 1.105642 2.346510 1.127441 0.570861
 5372400.000000 1.654905 1.163762 2.369124 1.165251 0.586325
 5373600.000000 1.615763 1.264037 2.313084 1.121792 0.587923
 5374800.000000 1.669276 1.192427 2.362440 1.201964 0.571510
 5376000.000000 1.652218 1.227181 2.332750 1.258327 0.623747
 5377200.000000 1.626722 1.292517 2.353322 1.249100 0.612029
 5378400.000000 1.613472 1.254830 2.612306 1.191486 0.640422
 5379600.000000 1.672112 1.242314 2.548996 1.137691 0.579402
 5380800.000000 1.749300 1.129331 2.507825 1.143170 0.625117
 5382000.000000 1.667133 1.197419 2.693962 1.134474 0.597102
 5383200.000000 1.620322 1.206130 2.391600 1.131802 0.621424
 5384400.000000 1.682897 1.163504 2.756569 1.218720 0.571530
 5385600.000000 1.614500 1.171239 2.533950 1.106720 0.549774
 5386800.000000 1.676220 1.232686 2.493989 1.071815 0.585632
 5388000.000000 1.718432 1.168479 2.463472 1.144681 0.606780
 5389200.000000 1.723307 1.034407 2.452967 1.117649 0.582581
 5390400.000000 1.663501 1.148706 2.351862 1.098674 0.565434
 5391600.000000 1.690308 1.109469 2.549590 1.138138 0.563375
 5392800.000000 1.694407 1.090004 2.591048 1.138337 0.577986
 5394000.000000 1.691193 1.053226 2.416256 1.192142 0.561811
 5395200.000000 1.602004 1.192907 2.524788 1.176605 0.594801
 5396400.000000 1.648153 1.198134 2.569790 1.166259 0.591816
 5397600.000000 1.624422 1.123150 2.612425 1.096974 0.564791
 5398800.000000 1.611632 1.182349 2.457768 1.169465 0.580180
 5400000.000000 1.692093 1.170609 2.512824 1.133560 0.572227
 5401200.000000 1.685735 1.209192 2.472231 1.137657 0.566028
 5402400.000000 1.745785 1.122444 2.350686 1.096594 0.586770
 5403600.000000 1.700451 1.072106 2.452627 1.099890 0.560922
 5404800.000000 1.626364 1.091072 2.299043 1.124417 0.581978
 5406000.000000 1.710754 1.162198 2.569589 1.228521 0.621828
 5407200.000000 1.694464 1.106175 2.389852 1.088116 0.541996
 5408400.000000 1.743185 1.058728 2.494352 1.169342 0.556843
 5409600.000000 1.606249 1.163571 2.534885 1.095515 0.630217
 5410800.000000 1.638783 1.269663 2.412930 1.077682 0.590023
 5412000.000000 1.695001 1.163570 2.462853 1.143356 0.579915
 5413200.000000 1.658152 1.261524 2.560207 1.092871 0.626635
 5414400.000000 1.757090 1.133138 2.283062 1.099570 0.630959
 5415600.000000 1.897951 1.217459 2.631669 1.093517 0.614070
 5416800.000000 1.659856 1.153021 2.441544 1.171961 0.559674
 5418000.000000 1.720533 1.198314 2.382877 1.088408 0.573018
 5419200.000000 1.718584 1.117584 2.477703 1.147554 0.559039
 5420400.000000 1.679623 1.209537 2.414152 1.101114 0.582438
 5421600.000000 1.633195 1.197935 2.225652 0.990399 0.617350
 5422800.000000 1.620987 1.269362 2.411917 1.067563 0.591251
 5424000.000000 1.676713 1.273783 2.569708 1.097462 0.573825
 5425200.000000 1.633799 1.248365 2.618234 1.028688 0.564466
 5426400.000000 1.709456 1.157541 2.393788 1.184867 0.572246
 5427600.000000 1.730315 1.274599 2.494770 1.137423 0.583373
 5428800.000000 1.604686 1.082501 2.565756 1.135513 0.588980
 5430000.000000 1.649233 1.221846 2.493341 1.104737 0.585003
 5431200.000000 1.675660 1.297687 2.214927 1.113221 0.569376
 5432400.000000 1.655041 1.212764 2.319762 1.165766 0.541814
 5433600.000000 1.642483 1.202024 2.455682 1.158210 0.580727
 5434800.000000 1.718462 1.164827 2.509980 1.123119 0.574238
 5436000.000000 1.676322 1.313683 2.103560 1.108538 0.550738
 5437200.000000 1.726938 1.288930 2.324268 1.163428 0.614710
 5438400.000000 1.756174 1.118039 2.149424 1.178725 0.598550
 5439600.000000 1.614106 1.228221 2.152611 1.067553 0.558719
 5440800.000000 1.783547 1.142848 2.209585 1.153308 0.553894
 5442000.000000 1.717819 1.112405 2.342315 1.156716 0.575823
 5443200.000000 1.680693 1.085528 2.268651 1.092147 0.600304
 5444400.000000 1.692114 1.276374 2.285216 1.173932 0.579002
 5445600.000000 1.662964 1.221486 2.288189 1.204436 0.573451
 5446800.000000 1.643482 1.244709 2.390962 1.129137 0.584341
 5448000.000000 1.716598 1.166940 2.119109 1.072587 0.608806
 5449200.000000 1.569550 1.243993 2.231820 1.090629 0.624325
 5450400.000000 1.726611 1.247924 2.165830 1.099611 0.545472
 5451600.000000 1.658898 1.246017 2.319978 1.075152 0.619570
 5452800.000000 1.686899 1.224295 2.246648 1.049226 0.565992
 5454000.000000 1.638503 1.239768 2.194125 1.137988 0.595956
 5455200.000000 1.713848 1.230370 2.136877 1.129520 0.595571
 5456400.000000 1.713297 1.228675 2.143629 1.212563 0.583516
 5457600.000000 1.722962 1.210740 2.157284 1.151804 0.611402
 5458800.000000 1.864654 1.184954 2.167211 1.167854 0.572011
 5460000.000000 1.686415 1.133279 1.973412 1.194876 0.559633
 5461200.000000 1.753174 1.041919 2.088668 1.169432 0.607223
 5462400.000000 1.793117 1.098622 2.403825 1.105321 0.599537
 5463600.000000 1.653568 1.071748 2.152119 1.161006 0.618378
 5464800.000000 1.603318 1.092090 2.455458 1.117499 0.572320
 5466000.000000 1.744255 1.112499 2.462042 1.161302 0.563632
 5467200.000000 1.705019 1.155559 2.237439 1.144417 0.582373
 5468400.000000 1.693868 1.289217 2.200069 1.190774 0.540789
 5469600.000000 1.627987 1.252002 2.355702 1.172680 0.617421
 5470800.000000 1.682776 1.217345 2.412441 1.133791 0.573512
 5472000.000000 1.660866 1.227010 2.317728 1.129069 0.567527
 5473200.000000 1.605816 1.151804 2.391579 1.144383 0.642847
 5474400.000000 1.721481 1.177190 2.123553 1.101353 0.551477
 5475600.000000 1.755042 1.251147 2.447002 1.126031 0.588695
 5476800.000000 1.619171 1.208970 2.437785 1.148212 0.607633
 5478000.000000 1.666307 1.264706 2.337626 1.108505 0.598627
 5479200.000000 1.651819 1.175290 2.554636 1.213873 0.599393
 5480400.000000 1.609778 1.142921 2.559615 1.169732 0.578730
 5481600.000000 1.591672 1.088899 2.477643 1.142067 0.569100
 5482800.000000 1.582265 1.096200 2.515474 1.113503 0.581015
 5484000.000000 1.660202 1.103484 2.405180 1.102394 0.566636
 5485200.000000 1.746903 1.072822 2.720351 1.089979 0.613286
 5486400.000000 1.675901 1.119700 2.663922 1.106950 0.627386
 5487600.000000 1.664943 1.135319 2.844749 1.186521 0.597396
 5488800.000000 1.623804 1.127900 2.708381 1.102950 0.702209
 5490000.000000 1.657638 1.114733 2.589240 1.149158 0.592709
 5491200.000000 1.694179 1.103557 2.694305 1.093773 0.590449
 5492400.000000 1.689311 1.117449 2.430546 1.168043 0.606793
 5493600.000000 1.727179 1.100472 2.657760 1.144015 0.613152
 5494800.000000 1.692731 1.101287 2.377405 1.185131 0.583845
 5496000.000000 1.764529 1.069825 2.572734 1.110521 0.621775
 5497200.000000 1.630288 1.279049 2.361916 1.167801 0.606321
 5498400.000000 1.774339 1.186433 2.284377 1.084800 0.558980
 5499600.000000 1.670905 1.358815 2.510646 1.118458 0.581188
 5500800.000000 1.696128 1.162031 2.692147 1.074531 0.625118
 5502000.000000 1.730657 1.130705 2.467597 1.177858 0.609936
 5503200.000000 1.685492 1.134888 2.531693 1.121975 0.589538
 5504400.000000 1.756686 1.273119 2.558376 1.138778 0.542688
 5505600.000000 1.622279 1.099182 2.358212 1.113783 0.603113
 5506800.000000 1.698397 1.243255 2.350196 1.104228 0.606053
 5508000.000000 1.702507 1.204170 2.479654 1.053673 0.671894
 5509200.000000 1.638198 1.163764 2.433386 1.106026 0.636159
 5510400.000000 1.612245 1.242320 2.690609 1.122805 0.605732
 5511600.000000 1.625840 1.275404 2.709260 1.144023 0.560683
 5512800.000000 1.665851 1.226513 2.651513 1.127927 0.566888
 5514000.000000 1.720073 1.241294 2.691563 1.167304 0.576186
 5515200.000000 1.602743 1.137345 2.717823 1.125402 0.614785
 5516400.000000 1.637932 1.125729 2.591466 1.109261 0.602574
 5517600.000000 1.629972 1.166964 2.674908 1.112713 0.616868
 5518800.000000 1.624073 1.237114 2.576764 1.146810 0.597187
 5520000.000000 1.727246 1.116072 2.641814 1.080800 0.587608
 5521200.000000 1.647360 1.173890 2.649529 1.133148 0.638353
 5522400.000000 1.602695 1.081958 2.447397 1.108123 0.653590
 5523600.000000 1.670353 1.180693 2.584131 1.116675 0.654523
 5524800.000000 1.634965 1.205242 2.444907 1.095842 0.695874
 5526000.000000 1.583749 1.264541 2.562281 1.138982 0.629293
 5527200.000000 1.678445 1.251401 2.604506 1.080632 0.616382
 5528400.000000 1.630910 1.272490 2.752003 1.195531 0.632284
 5529600.000000 1.622237 1.243182 2.347713 1.239644 0.587248
 5530800.000000 1.628499 1.230936 2.282460 1.210459 0.560204
 5532000.000000 1.762874 1.329821 2.339526 1.189439 0.622638
 5533200.000000 1.658154 1.192302 2.328079 1.183385 0.614134
 5534400.000000 1.567479 1.195362 2.281760 1.183370 0.608576
 5535600.000000 1.699393 1.122031 2.303416 1.113367 0.598005
 5536800.000000 1.633627 1.323100 2.364343 1.182880 0.594744
 5538000.000000 1.648296 1.259864 2.351460 1.214615 0.625914
 5539200.000000 1.612943 1.319528 2.179009 1.184677 0.621807
 5540400.000000 1.677094 1.255752 2.309310 1.201532 0.625353
 5541600.000000 1.721786 1.262841 2.357608 1.163778 0.644185
 5542800.000000 1.763318 1.283773 2.325993 1.128941 0.579680
 5544000.000000 1.628917 1.261755 2.275216 1.196984 0.577629
 5545200.000000 1.724835 1.275668 2.346654 1.159453 0.562654
 5546400.000000 1.729975 1.264140 2.415429 1.222938 0.557879
 5547600.000000 1.760633 1.373070 2.398760 1.161373 0.620451
 5548800.000000 1.629809 1.270032 2.460186 1.197087 0.610646
 5550000.000000 1.679819 1.232314 2.371001 1.214529 0.593730
 5551200.000000 1.828827 1.340128 2.473446 1.167577 0.584704
 5552400.000000 1.646104 1.242388 2.359927 1.168679 0.613869
 5553600.000000 1.649056 1.207862 2.529406 1.136584 0.553753
 5554800.000000 1.709102 1.269338 2.367096 1.154569 0.600765
 5556000.000000 1.679287 1.277539 2.189103 1.096538 0.578920
 5557200.000000 1.663015 1.317413 2.283215 1.169949 0.573790
 5558400.000000 1.657001 1.336172 2.220524 1.148650 0.646552
 5559600.000000 1.654392 1.314995 2.320954 1.118624 0.633980
 5560800.000000 1.722480 1.267461 2.412598 1.201209 0.620324
 5562000.000000 1.738701 1.146170 2.249445 1.113251 0.591215
 5563200.000000 1.751580 1.287345 2.309441 1.138185 0.563036
 5564400.000000 1.655823 1.339526 2.126510 1.139056 0.558110
 5565600.000000 1.664234 1.289607 2.209100 1.116855 0.585456
 5566800.000000 1.605406 1.285227 2.351534 1.158221 0.590653
 5568000.000000 1.710514 1.363417 2.037838 1.137655 0.625205
 5569200.000000 1.868088 1.335190 2.071011 1.112383 0.572661
 5570400.000000 1.847177 1.339467 2.017347 1.143507 0.607548
 5571600.000000 1.619672 1.235530 2.242755 1.146883 0.622434
 5572800.000000 1.710739 1.225339 2.333605 1.118991 0.625050
 5574000.000000 1.762148 1.173188 2.120256 1.110950 0.580007
 5575200.000000 1.853622 1.228279 2.117242 1.139473 0.574205
 5576400.000000 1.759440 1.280953 2.018020 1.141783 0.571804
 5577600.000000 1.829437 1.236508 2.225998 1.127417 0.599566
 5578800.000000 1.838611 1.223365 2.255128 1.118987 0.677352
 5580000.000000 1.676141 1.326012 2.399867 1.221900 0.658075
 5581200.000000 1.661791 1.279050 2.305286 1.250620 0.573836
 5582400.000000 1.620051 1.261238 2.294434 1.159676 0.633632
 5583600.000000 1.613458 1.245946 2.477587 1.118451 0.603935
 5584800.000000 1.652775 1.208305 2.706797 1.135397 0.613231
 5586000.000000 1.653256 1.277203 2.289072 1.121547 0.582120
 5587200.000000 1.632516 1.204080 2.386421 1.132979 0.577913
 5588400.000000 1.657463 1.276024 2.251908 1.112070 0.551619
 5589600.000000 1.611652 1.267796 2.263600 1.224105 0.612522
 5590800.000000 1.629226 1.187724 2.262852 1.242813 0.654798
 5592000.000000 1.585683 1.296079 2.290823 1.141793 0.582185
 5593200.000000 1.629028 1.178745 2.344248 1.238616 0.586498
 5594400.000000 1.741293 1.236888 2.103165 1.131012 0.641598
 5595600.000000 1.872373 1.226886 2.115259 1.163654 0.595627
 5596800.000000 1.739356 1.283103 2.369376 1.211752 0.582641
 5598000.000000 1.648550 1.280704 2.278372 1.159119 0.612205
 5599200.000000 1.809185 1.269957 1.980738 1.176902 0.604910
 5600400.000000 1.746905 1.443831 2.008480 1.212580 0.619669
 5601600.000000 1.658179 1.321726 1.990184 1.213135 0.564359
 5602800.000000 1.605542 1.371961 2.079270 1.180727 0.584349
 5604000.000000 1.650577 1.289024 2.015731 1.166559 0.582792
 5605200.000000 1.582600 1.179857 2.189571 1.180245 0.574666
 5606400.000000 1.638874 1.394361 2.206035 1.196703 0.608527
 5607600.000000 1.625977 1.239078 2.127128 1.153777 0.610381
 5608800.000000 1.654032 1.255704 2.098378 1.145184 0.608291
 5610000.000000 1.642888 1.303249 2.073685 1.171458 0.617423
 5611200.000000 1.712545 1.207852 2.005672 1.153904 0.593331
 5612400.000000 1.709686 1.197261 1.972505 1.201200 0.609440
 5613600.000000 1.677957 1.125695 1.983474 1.164027 0.592758
 5614800.000000 1.613520 1.111151 2.148027 1.168163 0.605043
 5616000.000000 1.638223 1.182630 2.341068 1.188770 0.597992
 5617200.000000 1.658477 1.161761 2.256897 1.151966 0.609588
 5618400.000000 1.640032 1.256080 2.254092 1.163052 0.629585
 5619600.000000 1.727475 1.222831 2.483939 1.108312 0.596026
 5620800.000000 1.870986 1.226319 2.671354 1.175199 0.580763
 5622000.000000 1.731576 1.051425 2.447751 1.236928 0.582865
 5623200.000000 1.739091 1.172038 2.683111 1.203631 0.631698
 5624400.000000 1.714955 1.133411 2.338402 1.094482 0.623554
 5625600.000000 1.652256 1.273607 2.319829 1.141279 0.659707
 5626800.000000 1.674008 1.282411 2.287956 1.189878 0.704212
 5628000.000000 1.630284 1.342683 1.959328 1.096712 0.649544
 5629200.000000 1.758980 1.071536 2.061660 1.112007 0.571113
 5630400.000000 1.793051 1.093999 2.323137 1.145316 0.579713
 5631600.000000 1.777271 1.281266 2.095426 1.116421 0.581691
 5632800.000000 1.697131 1.056003 2.051110 1.211714 0.599803
 5634000.000000 1.678484 1.096686 2.400758 1.197107 0.583702
 5635200.000000 1.681741 1.089975 2.120513 1.215562 0.596117
 5636400.000000 1.706492 1.102184 2.119533 1.134843 0.619051
 5637600.000000 1.760819 1.121020 2.237545 1.139877 0.612922
 5638800.000000 1.670294 1.137269 2.249400 1.123470 0.652201
 5640000.000000 1.695267 1.242055 2.273087 1.150688 0.606406
 5641200.000000 1.663397 1.063972 2.201084 1.188103 0.607458
 5642400.000000 1.629224 1.101745 2.070823 1.134010 0.602898
 5643600.000000 1.747435 1.084141 2.159334 1.190104 0.584743
 5644800.000000 1.697775 1.203762 2.133252 1.165265 0.572381
 5646000.000000 1.572133 1.236292 2.195998 1.182867 0.600724
 5647200.000000 1.683997 1.177330 2.121061 1.180310 0.575278
 5648400.000000 1.665370 1.237377 2.025507 1.136846 0.588063
 5649600.000000 1.639247 1.122017 2.155890 1.132393 0.595086
 5650800.000000 1.778489 1.228048 2.050423 1.103678 0.619270
 5652000.000000 1.745841 1.289013 2.142711 1.178589 0.629337
 5653200.000000 1.664524 1.247345 2.113842 1.207013 0.614365
 5654400.000000 1.643450 1.220867 2.181971 1.173623 0.635056
 5655600.000000 1.584617 1.240875 2.025911 1.140505 0.599712
 5656800.000000 1.618512 1.240830 2.132579 1.132229 0.611285
 5658000.000000 1.660297 1.298835 2.170909 1.181282 0.623614
 5659200.000000 1.744798 1.318988 2.146219 1.124017 0.615511
 5660400.000000 1.768021 1.352150 2.189633 1.178946 0.610922
 5661600.000000 1.689528 1.285366 2.227825 1.186617 0.598923
 5662800.000000 1.598236 1.301025 1.974138 1.181846 0.619378
 5664000.000000 1.654132 1.336107 2.287854 1.139345 0.617998
 5665200.000000 1.622533 1.330374 2.095946 1.106060 0.608844
 5666400.000000 1.691426 1.290851 2.100949 1.115483 0.617921
 5667600.000000 1.634950 1.252844 2.062560 1.151089 0.590375
 5668800.000000 1.630648 1.270248 2.140689 1.250381 0.590672
 5670000.000000 1.622320 1.284150 2.286702 1.127731 0.594518
 5671200.000000 1.621950 1.281714 2.127961 1.158550 0.557769
 5672400.000000 1.552029 1.296358 1.929778 1.161460 0.595123
 5673600.000000 1.612110 1.361162 2.028153 1.145008 0.626165
 5674800.000000 1.593051 1.361747 1.808356 1.129656 0.595184
 5676000.000000 1.648392 1.351168 1.905764 1.170361 0.609011
 5677200.000000 1.598756 1.290178 2.023963 1.157420 0.609823
 5678400.000000 1.733892 1.308185 2.096206 1.114949 0.608152
 5679600.000000 1.610805 1.308901 1.960346 1.125527 0.611854
 5680800.000000 1.635681 1.242921 2.086918 1.141894 0.602038
 5682000.000000 1.613115 1.229891 2.205268 1.113395 0.591403
 5683200.000000 1.568885 1.301629 2.244623 1.204806 0.594404
 5684400.000000 1.614614 1.297374 2.307397 1.121688 0.547171
 5685600.000000 1.673626 1.362213 2.160405 1.107571 0.600316
 5686800.000000 1.636189 1.308487 2.287667 1.057834 0.599726
 5688000.000000 1.539295 1.348006 2.229545 1.143146 0.649653
 5689200.000000 1.496044 1.325129 2.100138 1.095620 0.629275
 5690400.000000 1.675713 1.291609 2.327021 1.076363 0.645408
 5691600.000000 1.758542 1.334358 2.442385 1.085136 0.611973
 5692800.000000 1.608214 1.310199 2.328847 1.080411 0.720999
 5694000.000000 1.608310 1.244228 2.016378 1.071317 0.619829
 5695200.000000 1.598362 1.347093 2.110199 1.187063 0.604123
 5696400.000000 1.574606 1.295125 2.277019 1.123130 0.647750
 5697600.000000 1.666994 1.313627 2.189927 1.146106 0.637621
 5698800.000000 1.646444 1.320268 2.219186 1.103202 0.600734
 5700000.000000 1.577285 1.331426 2.050783 1.122269 0.596740
 5701200.000000 1.651403 1.306475 1.990272 1.177184 0.594198
 5702400.000000 1.524003 1.358842 2.512222 1.123504 0.588162
 5703600.000000 1.605813 1.364179 2.286529 1.133550 0.596647
 5704800.000000 1.643239 1.364374 2.129236 1.134007 0.624757
 5706000.000000 1.580884 1.346257 2.168311 1.086558 0.568919
 5707200.000000 1.661608 1.265004 2.156001 1.093602 0.642957
 5708400.000000 1.610036 1.335285 1.885963 1.071219 0.611702
 5709600.000000 1.589092 1.269178 2.246440 1.134595 0.626732
 5710800.000000 1.645939 1.271656 2.379886 1.091841 0.587484
 5712000.000000 1.605022 1.300681 2.451329 1.173647 0.590420
 5713200.000000 1.613519 1.329348 2.293126 1.170282 0.641151
 5714400.000000 1.572361 1.345420 2.230114 1.250086 0.621828
 5715600.000000 1.638958 1.329505 2.436731 1.223981 0.598131
 5716800.000000 1.483168 1.320713 2.258981 1.157280 0.589566
 5718000.000000 1.659552 1.263049 2.133342 1.069718 0.575256
 5719200.000000 1.596073 1.288953 2.158644 1.046702 0.616401
 5720400.000000 1.670351 1.281266 2.261032 1.122667 0.634688
 5721600.000000 1.561997 1.346559 2.036335 1.066806 0.642542
 5722800.000000 1.723860 1.338946 1.994589 1.090997 0.591626
 5724000.000000 1.710496 1.243114 1.975484 1.123375 0.643556
 5725200.000000 1.608083 1.218971 1.883666 1.135239 0.598485
 5726400.000000 1.615433 1.265597 1.944117 1.139231 0.644826
 5727600.000000 1.640504 1.280110 1.934704 1.201311 0.680221
 5728800.000000 1.705252 1.290838 1.772492 1.135659 0.616998
 5730000.000000 1.605818 1.280160 1.792090 1.176359 0.613564
 5731200.000000 1.637926 1.305869 1.928672 1.146821 0.591713
 5732400.000000 1.638439 1.315922 1.859085 1.126382 0.574754
 5733600.000000 1.728011 1.251050 1.916409 1.164735 0.585553
 5734800.000000 1.759137 1.192831 2.072129 1.088305 0.638347
 5736000.000000 1.717720 1.232719 1.985620 1.152600 0.617997
 5737200.000000 1.662055 1.320092 1.887024 1.174884 0.602335
 5738400.000000 1.717906 1.211573 1.990036 1.140293 0.611293
 5739600.000000 1.785786 1.287311 2.073889 1.133590 0.615817
 5740800.000000 1.660328 1.295661 1.988154 1.210332 0.609366
 5742000.000000 1.744405 1.353030 1.942532 1.154140 0.567198
 5743200.000000 1.856369 1.215023 2.044108 1.194983 0.625608
 5744400.000000 1.750695 1.248220 2.033559 1.116228 0.618344
 5745600.000000 1.712901 1.302541 2.010295 1.097904 0.623252
 5746800.000000 1.646445 1.318669 1.869574 1.144813 0.661903
 5748000.000000 1.650241 1.235762 1.979829 1.093371 0.649718
 5749200.000000 1.676643 1.303222 1.878925 1.064572 0.592475
 5750400.000000 1.680726 1.327030 2.159765 1.083776 0.647697
 5751600.000000 1.681571 1.302156 1.948068 1.072757 0.613737
 5752800.000000 1.840809 1.239660 1.900842 1.157973 0.573219
 5754000.000000 1.684254 1.305559 1.881240 1.154060 0.601760
 5755200.000000 1.599920 1.368574 1.939560 1.142612 0.588166
 5756400.000000 1.632769 1.292606 1.980438 1.184445 0.580402
 5757600.000000 1.671957 1.227228 1.909107 1.177907 0.567196
 5758800.000000 1.594326 1.293170 2.032408 1.179694 0.595028
 5760000.000000 1.665852 1.281829 1.976778 1.119234 0.611599
 5761200.000000 1.751825 1.314427 2.124744 1.166589 0.585369
 5762400.000000 1.620652 1.268855 1.919899 1.136539 0.601453
 5763600.000000 1.642133 1.285931 1.882514 1.147392 0.594307
 5764800.000000 1.569924 1.294371 1.994685 1.163320 0.634646
 5766000.000000 1.641280 1.319463 1.937108 1.142396 0.599628
 5767200.000000 1.747850 1.271060 1.938159 1.209498 0.596441
 5768400.000000 1.740138 1.320467 2.052998 1.240175 0.579436
 5769600.000000 1.724035 1.298310 2.135872 1.156563 0.574580
 5770800.000000 1.782270 1.294969 2.168780 1.103471 0.604632
 5772000.000000 1.738311 1.288957 1.948237 1.168664 0.574841
 5773200.000000 1.746345 1.306956 2.055309 1.169949 0.586472
 5774400.000000 1.712878 1.247324 2.067087 1.127611 0.598374
 5775600.000000 1.671882 1.214274 1.912630 1.228930 0.617559
 5776800.000000 1.677339 1.243795 1.800559 1.152388 0.603500
 5778000.000000 1.862806 1.213649 2.096219 1.231244 0.673442
 5779200.000000 1.891822 1.178661 2.205323 1.178601 0.616980
 5780400.000000 1.874296 1.094141 2.249271 1.170633 0.585060
 5781600.000000 1.939904 1.152051 2.211875 1.102889 0.660103
 5782800.000000 1.996598 1.067383 2.151506 1.109913 0.578347
 5784000.000000 1.802980 1.254166 1.760012 1.194069 0.694501
 5785200.000000 1.737416 1.308310 1.899242 1.115855 0.585726
 5786400.000000 1.759924 1.294500 1.748801 1.245717 0.698991
 5787600.000000 1.738290 1.263100 1.857536 1.109794 0.629616
 5788800.000000 1.684550 1.207594 1.836826 1.153047 0.615839
 5790000.000000 1.637384 1.262846 1.980623 1.144121 0.567380
 5791200.000000 1.711554 1.286208 2.008907 1.238192 0.680129
 5792400.000000 1.777866 1.140962 2.068939 1.178367 0.557847
 5793600.000000 1.673209 1.265770 1.928631 1.157584 0.642819
 5794800.000000 1.589044 1.259878 2.101348 1.134522 0.558656
 5796000.000000 1.674561 1.180168 2.110337 1.156062 0.601345
 5797200.000000 1.732443 1.094402 2.124376 1.118680 0.655262
 5798400.000000 1.706529 1.115831 2.115426 1.123214 0.654772
 5799600.000000 1.780621 1.163500 1.972646 1.148165 0.623008
 5800800.000000 1.715179 1.177755 2.134018 1.244188 0.659861
 5802000.000000 1.649169 1.207378 2.077813 1.093124 0.598312
 5803200.000000 1.594219 1.243606 2.161363 1.224029 0.631779
 5804400.000000 1.593491 1.208193 2.150268 1.191173 0.714716
 5805600.000000 1.616653 1.204529 1.873737 1.082174 0.569757
 5806800.000000 1.761337 1.298108 2.224875 1.158650 0.611965
 5808000.000000 1.640555 1.181161 2.076045 1.243735 0.642098
 5809200.000000 1.625968 1.256238 2.071449 1.060746 0.629680
 5810400.000000 1.532614 1.215239 1.944973 1.078230 0.624587
 5811600.000000 1.621256 1.201123 2.060992 1.074903 0.612416
 5812800.000000 1.597572 1.163834 1.997820 1.130265 0.697598
 5814000.000000 1.600075 1.101045 2.061840 1.179019 0.724710
 5815200.000000 1.670485 1.272398 1.957045 1.146609 0.662680
 5816400.000000 1.751131 1.173750 2.278098 1.095361 0.625410
 5817600.000000 1.734878 1.155890 2.238349 1.109068 0.711505
 5818800.000000 1.594250 1.151844 2.260281 1.025073 0.617262
 5820000.000000 1.721034 1.216772 2.152953 1.116380 0.655439
 5821200.000000 1.670492 1.221862 2.143199 1.049793 0.615998
 5822400.000000 1.623195 1.247338 2.062228 1.153936 0.673169
 5823600.000000 1.600044 1.183915 2.021555 1.082690 0.617945
 5824800.000000 1.720395 1.123506 2.046704 1.074408 0.633448
 5826000.000000 1.687033 1.111936 2.125435 1.059600 0.596198
 5827200.000000 1.606510 1.113950 1.964612 1.066708 0.621354
 5828400.000000 1.608038 1.093641 1.958524 1.133449 0.580246
 5829600.000000 1.563272 1.274941 1.885109 1.100594 0.591535
 5830800.000000 1.631542 1.142951 2.001673 1.136971 0.600861
 5832000.000000 1.544765 1.232500 1.951024 1.102429 0.624771
 5833200.000000 1.612094 1.185769 1.973551 1.045930 0.619131
 5834400.000000 1.541790 1.213183 2.090195 1.064018 0.599101
 5835600.000000 1.539088 1.162909 1.926287 1.093825 0.595675
 5836800.000000 1.685843 1.219459 2.081388 1.225747 0.584287
 5838000.000000 1.721475 1.070411 2.064101 1.104992 0.573321
 5839200.000000 1.514413 1.091403 1.827091 1.040449 0.634969
 5840400.000000 1.520888 1.074074 1.996464 1.100841 0.587896
 5841600.000000 1.524474 1.097493 2.095678 1.060736 0.577178
 5842800.000000 1.575804 1.099053 2.199369 1.112903 0.611169
 5844000.000000 1.550768 1.115179 1.980777 1.122354 0.600216
 5845200.000000 1.539933 1.116045 1.996043 1.121496 0.592261
 5846400.000000 1.611081 1.125291 2.107618 1.165704 0.623972
 5847600.000000 1.558407 1.012436 2.134632 1.088906 0.576391
 5848800.000000 1.622007 1.033418 2.027914 1.119182 0.616026
 5850000.000000 1.635959 1.112066 2.077656 1.094201 0.629616
 5851200.000000 1.658801 1.119856 1.965933 1.185540 0.647678
 5852400.000000 1.626080 1.054277 2.320723 1.093935 0.615904
 5853600.000000 1.720612 1.082414 1.998919 1.137152 0.637239
 5854800.000000 1.618864 1.090566 2.148508 1.085865 0.587820
 5856000.000000 1.543807 0.999432 1.980144 1.056926 0.628923
 5857200.000000 1.524628 1.132146 1.988524 1.058653 0.605364
 5858400.000000 1.557071 1.122221 1.877163 1.144721 0.601745
 5859600.000000 1.596954 1.133249 1.996513 1.102339 0.638661
 5860800.000000 1.566501 1.092122 2.064800 1.135051 0.622377
 5862000.000000 1.579241 0.989509 1.999180 1.061787 0.586859
 5863200.000000 1.534959 1.114566 1.999837 1.066139 0.603957
 5864400.000000 1.534901 1.157731 1.984572 1.066626 0.633432
 5865600.000000 1.553943 1.021600 1.975603 1.048118 0.586852
 5866800.000000 1.566806 1.121871 2.012266 1.104687 0.619267
 5868000.000000 1.614611 1.104961 2.091796 1.065852 0.613473
 5869200.000000 1.619070 1.115054 1.983909 1.025969 0.602338
 5870400.000000 1.538623 1.233891 2.146081 1.023564 0.603275
 5871600.000000 1.624391 1.235094 2.044382 1.084074 0.602752
 5872800.000000 1.620913 1.243699 2.134342 1.109854 0.673909
 5874000.000000 1.541683 1.180961 2.161603 1.146193 0.632850
 5875200.000000 1.543857 1.181326 1.915078 1.050398 0.646618
 5876400.000000 1.585655 1.185768 2.160855 1.087419 0.637405
 5877600.000000 1.605674 1.217416 2.173911 1.156091 0.642982
 5878800.000000 1.596028 1.287554 2.169534 1.181116 0.607910
 5880000.000000 1.623079 1.442746 2.347791 1.109052 0.605135
 5881200.000000 1.597793 1.433779 2.277164 1.140726 0.573661
 5882400.000000 1.666369 1.334498 2.305122 1.167429 0.618463
 5883600.000000 1.540756 1.279585 2.364959 1.197325 0.654531
 5884800.000000 1.587350 1.380196 2.384712 1.154669 0.603276
 5886000.000000 1.626998 1.256090 2.296617 1.140629 0.587764
 5887200.000000 1.583638 1.248577 2.329545 1.132486 0.605483
 5888400.000000 1.575332 1.265833 2.354349 1.213703 0.576991
 5889600.000000 1.830937 1.147704 2.053989 1.063575 0.608326
 5890800.000000 1.725652 1.134432 2.213282 1.173254 0.599610
 5892000.000000 1.750408 1.156585 2.301891 1.139494 0.607368
 5893200.000000 1.723191 1.236969 2.118444 1.142960 0.633367
 5894400.000000 1.625168 1.165716 2.158730 1.067917 0.630163
 5895600.000000 1.604670 1.136374 2.191696 1.105337 0.610202
 5896800.000000 1.687676 1.153616 2.266033 1.161811 0.587398
 5898000.000000 1.668766 1.094367 2.065980 1.178649 0.674353
 5899200.000000 1.674386 1.284874 2.091922 1.242641 0.694144
 5900400.000000 1.747576 1.114605 2.185129 1.153260 0.643097
 5901600.000000 1.729243 1.197441 2.282391 1.097708 0.640565
 5902800.000000 1.623070 1.143542 2.145635 1.065087 0.596475
 5904000.000000 1.726120 1.210787 2.198634 1.056947 0.600942
 5905200.000000 1.755687 1.136328 2.163595 1.092762 0.613692
 5906400.000000 1.783297 1.129379 2.063645 1.189177 0.569446
 5907600.000000 1.723089 1.187898 2.194912 1.133695 0.597126
 5908800.000000 1.749490 1.174806 2.149568 1.212587 0.630152
 5910000.000000 1.724955 1.086412 2.073695 1.099342 0.582175
 5911200.000000 1.719303 1.160842 2.289672 1.116604 0.605682
 5912400.000000 1.745765 1.111495 2.238782 1.161283 0.653028
 5913600.000000 1.714328 1.156081 2.352442 1.121831 0.614297
 5914800.000000 1.650251 1.235302 2.310753 1.133222 0.650467
 5916000.000000 1.802081 1.092729 2.315317 1.168684 0.633474
 5917200.000000 1.857253 1.232084 2.234542 1.178107 0.569623
 5918400.000000 1.796204 1.154869 2.198593 1.114961 0.604133
 5919600.000000 1.717450 1.222461 2.344496 1.126230 0.609577
 5920800.000000 1.761469 1.140364 2.031754 1.181802 0.590286
 5922000.000000 1.732027 1.235408 2.111206 1.141425 0.588100
 5923200.000000 1.621976 1.204118 1.998652 1.203106 0.634065
 5924400.000000 1.713797 1.243375 2.021016 1.122861 0.606220
 5925600.000000 1.565533 1.187325 1.891763 1.075147 0.637673
 5926800.000000 1.612558 1.238127 2.033522 1.184155 0.694395
 5928000.000000 1.597004 1.221035 1.970945 1.161825 0.625069
 5929200.000000 1.637557 1.253064 2.000695 1.259845 0.607488
 5930400.000000 1.580210 1.307554 2.009883 1.098508 0.649242
 5931600.000000 1.663357 1.112301 1.961430 1.155764 0.617038
 5932800.000000 1.838927 1.205629 2.078366 1.091012 0.607746
 5934000.000000 1.605910 1.249333 2.048496 1.156034 0.581662
 5935200.000000 1.542510 1.231081 2.047249 1.150376 0.583183
 5936400.000000 1.587773 1.232767 2.148098 1.149973 0.607649
 5937600.000000 1.569133 1.250136 2.141764 1.063986 0.654413
 5938800.000000 1.496275 1.250030 2.137766 1.113527 0.613432
 5940000.000000 1.586509 1.169922 2.049997 1.133107 0.589870
 5941200.000000 1.681743 1.183322 2.016327 1.060613 0.593595
 5942400.000000 1.607746 1.250350 2.000359 1.179663 0.571411
 5943600.000000 1.674398 1.196862 2.035619 1.078001 0.585052
 5944800.000000 1.615853 1.240209 1.945415 1.178848 0.568246
 5946000.000000 1.671591 1.272934 1.984031 1.155667 0.625536
 5947200.000000 1.665778 1.345492 2.042778 1.156558 0.562419
 5948400.000000 1.636406 1.158952 2.272454 1.108083 0.610645
 5949600.000000 1.771263 1.193963 2.358997 1.089427 0.633350
 5950800.000000 1.580875 1.084980 2.273832 1.170666 0.603662
 5952000.000000 1.669589 1.302843 2.153341 1.186928 0.642875
 5953200.000000 1.725671 1.215441 2.174560 1.168922 0.568747
 5954400.000000 1.679087 1.344704 2.206780 1.180803 0.603251
 5955600.000000 1.650431 1.261705 2.248344 1.166556 0.585817
 5956800.000000 1.589527 1.336993 2.273459 1.102990 0.574606
 5958000.000000 1.739959 1.224695 2.326711 1.172083 0.591658
 5959200.000000 1.818582 1.226504 2.087250 1.190930 0.631161
 5960400.000000 1.753705 1.227666 2.226202 1.245742 0.594819
 5961600.000000 1.826277 1.285070 2.077692 1.149635 0.619898
 5962800.000000 1.640740 1.247444 2.082806 1.172152 0.589319
 5964000.000000 1.585526 1.182926 1.996775 1.198900 0.584583
 5965200.000000 1.597581 1.244669 1.989762 1.188314 0.577622
 5966400.000000 1.784004 1.220673 2.052248 1.215084 0.655041
 5967600.000000 1.675457 1.241497 2.204804 1.171299 0.572103
 5968800.000000 1.772061 1.228199 2.055075 1.158886 0.570405
 5970000.000000 1.693356 1.285899 2.013780 1.206538 0.607231
 5971200.000000 1.592086 1.180119 2.046290 1.161001 0.598275
 5972400.000000 1.590129 1.256320 2.167797 1.142707 0.572555
 5973600.000000 1.663212 1.226416 2.100683 1.170056 0.631126
 5974800.000000 1.748234 1.245398 2.276630 1.176997 0.613540
 5976000.000000 1.704076 1.273209 2.291880 1.206533 0.628033
 5977200.000000 1.654543 1.242466 2.187338 1.205910 0.578955
 5978400.000000 1.704518 1.230802 2.154048 1.107178 0.570174
 5979600.000000 1.668571 1.286237 2.275401 1.191001 0.581721
 5980800.000000 1.703097 1.240436 2.045481 1.061273 0.635399
 5982000.000000 1.599009 1.256083 2.087616 1.124265 0.578814
 5983200.000000 1.546741 1.251143 2.196332 1.109003 0.597927
 5984400.000000 1.680747 1.208708 2.104163 1.202634 0.642724
 5985600.000000 1.649536 1.287939 2.214910 1.222645 0.643589
 5986800.000000 1.695196 1.174819 2.187765 1.126483 0.597530
 5988000.000000 1.728033 1.255539 2.218652 1.166113 0.566228
 5989200.000000 1.682653 1.354997 2.061756 1.099731 0.584683
 5990400.000000 1.854466 1.288667 2.041848 1.137914 0.572302
 5991600.000000 1.749004 1.276222 2.093420 1.195851 0.549147
 5992800.000000 1.698161 1.235924 2.157210 1.166060 0.583862
 5994000.000000 1.674564 1.219132 2.019997 1.150758 0.622932
 5995200.000000 1.647617 1.282549 2.164692 1.076885 0.598692
 5996400.000000 1.609424 1.193198 1.983589 1.075224 0.590247
 5997600.000000 1.568911 1.260256 2.081271 1.070635 0.603909
 5998800.000000 1.605911 1.289714 2.171251 1.046238 0.576996
 6000000.000000 1.608004 1.227918 2.139384 1.138575 0.605773
 6001200.000000 1.579241 1.236004 2.231993 1.111811 0.554552
 6002400.000000 1.796477 1.157961 2.158872 1.098387 0.565412
 6003600.000000 1.688068 1.205932 2.020036 1.123928 0.583287
 6004800.000000 1.581651 1.204567 2.030305 1.106886 0.638687
 6006000.000000 1.599413 1.225546 2.183711 1.130691 0.602786
 6007200.000000 1.588235 1.319030 2.304612 1.075474 0.579410
 6008400.000000 1.558935 1.228632 1.925317 1.049954 0.570966
 6009600.000000 1.543024 1.359278 1.859195 1.099308 0.556517
 6010800.000000 1.702174 1.411758 2.113982 1.082492 0.607986
 6012000.000000 1.681336 1.359530 2.121681 1.053279 0.589224
 6013200.000000 1.607071 1.347897 2.111498 1.094853 0.601188
 6014400.000000 1.621076 1.324077 2.024334 1.130778 0.593984
 6015600.000000 1.638362 1.361067 2.092647 1.179648 0.600980
 6016800.000000 1.629858 1.209791 2.115029 1.099115 0.558706
 6018000.000000 1.669930 1.195974 2.267525 1.095787 0.556305
 6019200.000000 1.604505 1.229599 1.915360 1.115151 0.545291
 6020400.000000 1.587280 1.256710 1.947433 1.116180 0.570520
 6021600.000000 1.565649 1.215593 2.173100 1.112047 0.543617
 6022800.000000 1.588635 1.225358 1.951557 1.097932 0.549874
 6024000.000000 1.636764 1.280423 2.092559 1.006527 0.543892
 6025200.000000 1.627850 1.333362 1.991059 1.042644 0.569013
 6026400.000000 1.608285 1.173660 2.061790 1.060318 0.573224
 6027600.000000 1.574104 1.262747 1.976343 0.997284 0.608593
 6028800.000000 1.607902 1.271045 1.934792 1.053809 0.581549
 6030000.000000 1.607186 1.181713 2.120219 1.011076 0.539603
 6031200.000000 1.627178 1.315949 2.108219 1.040394 0.546933
 6032400.000000 1.612332 1.276807 2.157079 1.035976 0.544552
 6033600.000000 1.557899 1.188948 2.025654 1.115590 0.578905
 6034800.000000 1.553943 1.248244 2.172900 1.088051 0.556262
 6036000.000000 1.529921 1.235361 1.920247 1.041247 0.550051
 6037200.000000 1.497751 1.169295 1.889129 1.063535 0.559298
 6038400.000000 1.572309 1.358196 2.051307 1.116843 0.589951
 6039600.000000 1.597257 1.143524 1.931194 1.040327 0.601992
 6040800.000000 1.589087 1.134521 2.082120 1.057314 0.610856
 6042000.000000 1.540586 1.136456 2.128453 1.068314 0.596011
 6043200.000000 1.549323 1.169731 1.971134 1.102321 0.604599
 6044400.000000 1.638031 1.233274 2.038993 1.191988 0.555868
 6045600.000000 1.578800 1.092070 2.169912 1.116561 0.553463
 6046800.000000 1.560223 1.289255 2.216972 1.135915 0.534348
 6048000.000000 1.588907 1.146876 2.046274 1.097764 0.588267
 6049200.000000 1.612838 1.241089 2.016955 1.123985 0.571468
 6050400.000000 1.646850 1.087886 2.107083 1.113631 0.578531
 6051600.000000 1.716241 1.035683 2.429506 1.116576 0.604302
 6052800.000000 1.650269 1.051529 2.017001 1.049948 0.600478
 6054000.000000 1.740057 1.092195 2.300172 1.116996 0.606668
 6055200.000000 1.698040 1.097194 1.887149 1.091951 0.558829
 6056400.000000 1.538089 1.205500 2.018758 1.071631 0.568391
 6057600.000000 1.573360 1.093758 1.981870 1.127142 0.568892
 6058800.000000 1.652263 1.074194 1.919495 1.090172 0.586751
 6060000.000000 1.572155 1.062583 1.835772 1.149194 0.561290
 6061200.000000 1.705861 1.124230 1.923494 1.118627 0.591120
 6062400.000000 1.653731 1.093479 1.789791 1.090071 0.617431
 6063600.000000 1.601413 1.016177 2.105092 1.106772 0.576537
 6064800.000000 1.654913 1.014864 1.995235 1.052565 0.607216
 6066000.000000 1.856750 0.962978 2.155867 1.027335 0.589744
 6067200.000000 1.710691 1.014735 1.852527 1.069837 0.626748
 6068400.000000 1.675732 1.003909 1.809427 1.124261 0.572026
 6069600.000000 1.712891 1.040595 2.052940 1.094416 0.556437
 6070800.000000 1.687415 1.069716 2.056333 1.053182 0.610997
 6072000.000000 1.713898 0.941110 1.878178 1.090930 0.575755
 6073200.000000 1.734093 0.990537 1.957097 1.091543 0.601206
 6074400.000000 1.709919 1.056678 1.927320 1.131201 0.595725
 6075600.000000 1.778374 0.979813 1.806973 1.073190 0.615983
 6076800.000000 1.694508 0.966403 1.782925 1.000365 0.598393
 6078000.000000 1.742603 1.022109 1.821137 1.114405 0.583886
 6079200.000000 1.641710 1.020698 1.835969 1.094888 0.604357
 6080400.000000 1.608734 1.036041 1.799094 1.114017 0.644063
 6081600.000000 1.639448 0.997769 1.984578 1.034014 0.639096
 6082800.000000 1.607583 1.085406 1.778167 1.091170 0.627970
 6084000.000000 1.603754 0.998176 1.879196 1.156327 0.558218
 6085200.000000 1.701362 1.066624 2.095396 1.150248 0.602287
 6086400.000000 1.653859 1.030811 1.949290 1.114147 0.607235
 6087600.000000 1.580767 1.088359 2.036636 1.120006 0.635483
 6088800.000000 1.732621 1.096012 1.756660 1.083451 0.618682
 6090000.000000 1.710729 1.069479 1.904246 1.058604 0.674522
 6091200.000000 1.622210 1.073360 1.872204 1.115320 0.604286
 6092400.000000 1.653054 1.231775 1.915118 1.140822 0.625589
 6093600.000000 1.610153 1.125244 1.839191 1.097415 0.597829
 6094800.000000 1.565000 1.085758 1.904368 1.151013 0.607416
 6096000.000000 1.517585 1.058025 1.958466 1.157883 0.641056
 6097200.000000 1.576036 1.091458 1.839281 1.067470 0.670424
 6098400.000000 1.576422 1.062682 1.856056 1.144407 0.613439
 6099600.000000 1.546391 1.086998 1.961620 1.051018 0.604095
 6100800.000000 1.624086 1.106083 2.031673 1.033103 0.589678
 6102000.000000 1.658519 1.140601 1.908909 1.098709 0.585164
 6103200.000000 1.618044 1.150173 1.949852 1.137880 0.621314
 6104400.000000 1.651016 1.075221 1.771207 1.114023 0.581985
 6105600.000000 1.572007 1.176589 1.911028 1.122872 0.587516
 6106800.000000 1.592772 1.158183 1.875449 1.121075 0.575820
 6108000.000000 1.670552 1.138700 1.949430 1.109828 0.604301
 6109200.000000 1.705134 1.175032 2.061404 1.077880 0.547634
 6110400.000000 1.666776 1.172850 1.982282 1.205253 0.609015
 6111600.000000 1.624632 1.163514 1.780973 1.111437 0.619770
 6112800.000000 1.635005 1.036589 1.817224 1.145113 0.610421
 6114000.000000 1.739641 1.065782 1.924312 1.141691 0.612267
 6115200.000000 1.778541 1.118982 1.923574 1.117530 0.599637
 6116400.000000 1.790439 1.027862 1.847547 1.142720 0.611572
 6117600.000000 1.743743 1.092060 1.877955 1.161816 0.603702
 6118800.000000 1.688687 1.093051 1.998999 1.209001 0.596816
 6120000.000000 1.750875 1.107948 2.071521 1.126676 0.589711
 6121200.000000 1.679427 1.184744 2.029848 1.096757 0.612647
 6122400.000000 1.688429 1.154668 2.021674 1.076663 0.570239
 6123600.000000 1.565024 1.267178 2.057043 1.112807 0.611576
 6124800.000000 1.632861 1.056283 2.126999 1.141295 0.627339
 6126000.000000 1.646501 1.190956 2.278600 1.100723 0.636864
 6127200.000000 1.674386 1.202777 2.200511 1.211625 0.604894
 6128400.000000 1.803919 1.177084 2.224584 1.092861 0.642830
 6129600.000000 1.649645 1.182033 2.061070 1.091924 0.625409
 6130800.000000 1.722452 1.282029 2.127917 1.081442 0.592813
 6132000.000000 1.685388 1.196874 2.102420 1.135316 0.621371
 6133200.000000 1.652210 1.294608 2.015949 1.120178 0.624942
 6134400.000000 1.662415 1.192871 2.151837 1.125150 0.602387
 6135600.000000 1.739874 1.064086 2.099873 1.154586 0.615180
 6136800.000000 1.679583 1.144457 2.141546 1.153383 0.632220
 6138000.000000 1.504429 1.177947 1.960212 1.170221 0.569094
 6139200.000000 1.583863 1.211989 2.197958 1.186479 0.600452
 6140400.000000 1.806743 1.161049 2.303911 1.176340 0.620284
 6141600.000000 1.786219 1.197292 2.411427 1.200968 0.603030
 6142800.000000 1.724108 1.192549 2.274575 1.160688 0.637079
 6144000.000000 1.713473 1.154749 2.154499 1.099858 0.615799
 6145200.000000 1.680563 1.131964 2.153742 1.144473 0.622300
 6146400.000000 1.729998 1.121707 2.123093 1.135697 0.588439
 6147600.000000 1.587972 1.154793 2.227440 1.084487 0.587579
 6148800.000000 1.634291 1.153643 2.264977 1.125849 0.613693
 6150000.000000 1.589813 1.118400 2.138698 1.142705 0.606233
 6151200.000000 1.558592 1.167559 2.243164 1.098660 0.624705
 6152400.000000 1.668889 1.080363 2.167522 1.154924 0.620061
 6153600.000000 1.688866 1.031818 2.193208 1.172323 0.568035
 6154800.000000 1.778348 0.952234 2.186297 1.119930 0.560316
 6156000.000000 1.880545 0.984504 2.333784 1.121698 0.603430
 6157200.000000 1.666850 1.077407 2.062541 1.141084 0.600808
 6158400.000000 1.705267 1.073288 2.062771 1.159703 0.605709
 6159600.000000 1.698487 1.037848 2.028382 1.060070 0.601751
 6160800.000000 1.626753 1.105011 2.153054 1.082406 0.658258
 6162000.000000 1.593429 1.031415 2.021926 1.080429 0.584529
 6163200.000000 1.534331 1.069775 2.147484 1.082090 0.606535
 6164400.000000 1.679291 1.027816 2.045108 1.128531 0.574989
 6165600.000000 1.676553 1.086152 2.142853 1.182609 0.563476
 6166800.000000 1.708613 1.034732 2.335020 1.140226 0.549393
 6168000.000000 1.642445 1.155854 2.235400 1.169017 0.593604
 6169200.000000 1.637447 1.205437 2.207301 1.014939 0.614310
 6170400.000000 1.670590 1.178739 2.256015 1.138835 0.658492
 6171600.000000 1.558103 1.107630 2.159182 1.138180 0.574214
 6172800.000000 1.633527 1.099174 2.055110 1.127598 0.594017
 6174000.000000 1.733902 1.188445 2.261330 1.064766 0.604017
 6175200.000000 1.654196 1.280274 2.427358 1.093973 0.585974
 6176400.000000 1.633907 1.167750 2.256470 1.148746 0.595118
 6177600.000000 1.658342 1.124584 1.895212 1.192938 0.651042
 6178800.000000 1.656427 1.064099 2.214276 1.109349 0.607971
 6180000.000000 1.704825 1.093214 1.911916 1.146036 0.592817
 6181200.000000 1.649798 1.087085 2.172140 1.179399 0.584168
 6182400.000000 1.668763 1.113421 2.141514 1.192008 0.640989
 6183600.000000 1.631081 1.069310 2.027458 1.146535 0.579005
 6184800.000000 1.687399 1.084904 2.204362 1.175226 0.615040
 6186000.000000 1.640724 1.144976 2.387184 1.163756 0.604101
 6187200.000000 1.609355 1.114850 2.295501 1.207402 0.590235
 6188400.000000 1.734493 1.114770 2.384261 1.223458 0.601690
 6189600.000000 1.700113 1.109968 2.349797 1.140270 0.595341
 6190800.000000 1.672111 1.085741 2.262359 1.185427 0.581937
 6192000.000000 1.661817 1.067326 2.326233 1.160253 0.598052
 6193200.000000 1.674219 1.089975 2.073414 1.187293 0.580194
 6194400.000000 1.561201 1.099518 2.072715 1.192139 0.569119
 6195600.000000 1.739701 1.117055 2.037668 1.140913 0.609745
 6196800.000000 1.672826 1.102970 2.119062 1.214515 0.635787
 6198000.000000 1.582470 1.045950 2.050153 1.126926 0.579764
 6199200.000000 1.627830 1.116800 2.294403 1.115966 0.623274
 6200400.000000 1.657638 1.015173 2.029984 1.139368 0.579901
 6201600.000000 1.644498 1.114763 2.048291 1.201220 0.587450
 6202800.000000 1.655943 1.024880 2.189075 1.104804 0.602844
 6204000.000000 1.765305 1.012347 2.057879 1.151673 0.618778
 6205200.000000 1.670089 1.063202 2.212486 1.148746 0.601389
 6206400.000000 1.599711 1.119206 2.110972 1.101172 0.594707
 6207600.000000 1.702790 1.015133 2.258646 1.124289 0.707505
 6208800.000000 1.621928 1.106773 2.210315 1.090630 0.682595
 6210000.000000 1.612411 1.121073 2.299601 1.166091 0.610896
 6211200.000000 1.677642 1.091292 2.090248 1.190521 0.630151
 6212400.000000 1.570917 1.159416 1.945843 1.181991 0.678448
 6213600.000000 1.615279 1.092508 1.795528 1.210546 0.668779
 6214800.000000 1.733881 0.958529 2.117952 1.133663 0.631089
 6216000.000000 1.773997 1.147326 2.209434 1.136934 0.587347
 6217200.000000 1.773871 1.127614 2.326996 1.207328 0.617931
 6218400.000000 1.624067 1.081322 2.134146 1.161597 0.588587
 6219600.000000 1.710545 1.045870 2.499116 1.186710 0.678913
 6220800.000000 1.749920 1.216428 2.602152 1.178024 0.654132
 6222000.000000 1.789273 1.130074 2.538154 1.222476 0.656459
 6223200.000000 1.749086 1.040745 2.641994 1.191475 0.640486
 6224400.000000 1.675556 1.052507 2.688030 1.152298 0.639708
 6225600.000000 1.650103 1.026965 2.498522 1.117177 0.676148
 6226800.000000 1.722662 1.072120 2.469138 1.160005 0.613031
 6228000.000000 1.662483 1.040823 2.575618 1.189298 0.639168
 6229200.000000 1.600354 1.032037 2.549759 1.221856 0.641853
 6230400.000000 1.666309 1.170587 2.571351 1.224486 0.745787
 6231600.000000 1.700700 1.280404 2.632798 1.175196 0.648453
 6232800.000000 1.691804 1.150160 2.677370 1.161999 0.632751
 6234000.000000 1.669987 1.163899 2.591980 1.188865 0.615801
 6235200.000000 1.750715 1.148024 2.468015 1.223646 0.659697
 6236400.000000 1.637834 1.178442 2.526301 1.338164 0.598205
 6237600.000000 1.639788 1.223158 2.586713 1.259434 0.674038
 6238800.000000 1.592314 1.242248 2.484250 1.225548 0.651726
 6240000.000000 1.667958 1.204755 2.571049 1.309499 0.660999
 6241200.000000 1.665505 1.161190 2.672296 1.314979 0.652025
 6242400.000000 1.593256 1.308346 2.386849 1.281061 0.649453
 6243600.000000 1.687894 1.323368 2.571442 1.300576 0.665821
 6244800.000000 1.756678 1.251024 2.540607 1.260702 0.746630
 6246000.000000 1.543823 1.293692 2.562336 1.304548 0.733938
 6247200.000000 1.650167 1.282783 2.623708 1.281481 0.743842
 6248400.000000 1.588623 1.242266 2.503831 1.201749 0.708973
 6249600.000000 1.610057 1.312171 2.498858 1.186315 0.737958
 6250800.000000 1.601503 1.188753 2.394446 1.246161 0.660976
 6252000.000000 1.638568 1.245793 2.313512 1.195784 0.639520
 6253200.000000 1.609940 1.199568 2.385998 1.287535 0.747321
 6254400.000000 1.610601 1.129749 2.527616 1.259834 0.771463
 6255600.000000 1.591266 1.188527 2.494092 1.241868 0.776074
 6256800.000000 1.604681 1.247396 2.454247 1.222310 0.747818
 6258000.000000 1.730911 1.177014 2.409870 1.129430 0.741402
 6259200.000000 1.577574 1.191763 2.562418 1.207820 0.787010
 6260400.000000 1.657603 1.081763 2.607363 1.216329 0.792655
 6261600.000000 1.621396 1.076199 2.536764 1.248703 0.776560
 6262800.000000 1.643786 1.140988 2.656949 1.223073 0.704804
 6264000.000000 1.645254 1.100343 2.423963 1.230754 0.635949
 6265200.000000 1.575249 1.250195 2.297806 1.187642 0.723989
 6266400.000000 1.632084 1.170625 2.428365 1.180083 0.653580
 6267600.000000 1.672826 1.153313 2.217714 1.191765 0.651725
 6268800.000000 1.702320 1.142737 2.547450 1.213183 0.678595
 6270000.000000 1.776575 1.157624 2.597906 1.233283 0.694187
 6271200.000000 1.646139 1.141896 2.295122 1.295560 0.651078
 6272400.000000 1.628427 1.287950 2.143564 1.310915 0.645374
 6273600.000000 1.660086 1.103138 2.463944 1.213763 0.654274
 6274800.000000 1.718574 1.129670 2.265341 1.236676 0.716199
 6276000.000000 1.624015 1.329149 2.596415 1.205914 0.609618
 6277200.000000 1.675098 1.201304 2.614813 1.163621 0.644471
 6278400.000000 1.686205 1.243168 2.501884 1.181997 0.645721
 6279600.000000 1.814952 1.138163 2.350434 1.157754 0.663854
 6280800.000000 1.789015 1.176193 2.536206 1.134264 0.666892
 6282000.000000 1.581098 1.284217 2.441239 1.149939 0.666665
 6283200.000000 1.670569 1.276110 2.419298 1.167817 0.706919
 6284400.000000 1.682673 1.281670 2.360065 1.133085 0.630302
 6285600.000000 1.673962 1.399363 2.400999 1.076133 0.694102
 6286800.000000 1.670804 1.291825 2.429885 1.176181 0.688414
 6288000.000000 1.669962 1.406378 2.452449 1.194323 0.675159
 6289200.000000 1.590192 1.362331 2.366862 1.215327 0.670001
 6290400.000000 1.718108 1.306628 2.368789 1.175312 0.584213
 6291600.000000 1.752771 1.326696 2.363229 1.193624 0.678316
 6292800.000000 1.732209 1.235807 2.504023 1.153018 0.646521
 6294000.000000 1.770337 1.298837 2.363626 1.170225 0.616667
 6295200.000000 1.732005 1.214557 2.484056 1.135652 0.602869
 6296400.000000 1.804433 1.231907 2.328369 1.144460 0.622525
 6297600.000000 1.748123 1.222616 2.256706 1.190722 0.624623
 6298800.000000 1.808733 1.230899 2.321276 1.148071 0.703879
 6300000.000000 1.842318 1.190283 2.287644 1.154818 0.604353
 6301200.000000 1.782329 1.158966 2.235381 1.142335 0.667836
 6302400.000000 1.715132 1.195191 2.309454 1.262109 0.673332
 6303600.000000 1.638660 1.358124 2.443099 1.199667 0.641023
 6304800.000000 1.747440 1.242219 2.268498 1.178829 0.642645
 6306000.000000 1.629934 1.323085 2.238427 1.256392 0.689826
 6307200.000000 1.621147 1.196492 2.358805 1.173337 0.673828
 6308400.000000 1.615321 1.194744 2.645493 1.206345 0.677297
 6309600.000000 1.727996 1.249946 2.298087 1.161379 0.637837
 6310800.000000 1.616387 1.263320 2.304711 1.231045 0.633374
 6312000.000000 1.746316 1.158554 2.468453 1.251257 0.623866
 6313200.000000 1.752294 1.134034 2.368126 1.258390 0.634063
 6314400.000000 1.649049 1.217047 2.601618 1.167372 0.583133
 6315600.000000 1.585951 1.123046 2.267487 1.228375 0.641060
 6316800.000000 1.669039 1.189307 2.268174 1.214720 0.644005
 6318000.000000 1.620473 1.273361 2.188078 1.242947 0.640622
 6319200.000000 1.596452 1.277711 2.313450 1.349534 0.625401
 6320400.000000 1.678315 1.282284 2.283626 1.209761 0.586210
 6321600.000000 1.675012 1.257724 2.228000 1.277609 0.684461
 6322800.000000 1.687010 1.206571 2.474702 1.201204 0.608276
 6324000.000000 1.626219 1.193967 2.385779 1.261167 0.612108
 6325200.000000 1.751041 1.177561 2.588121 1.280773 0.591236
 6326400.000000 1.710404 1.221566 2.227817 1.274363 0.610638
 6327600.000000 1.650294 1.188053 2.235549 1.252983 0.641360
 6328800.000000 1.699987 1.203153 2.222233 1.243799 0.594005
 6330000.000000 1.664122 1.050225 2.152231 1.252495 0.557086
 6331200.000000 1.641656 1.171956 1.956330 1.234579 0.647203
 6332400.000000 1.627227 1.191253 1.967708 1.298145 0.614241
 6333600.000000 1.579539 1.217922 2.095396 1.270811 0.670481
 6334800.000000 1.558071 1.260688 2.025069 1.164305 0.604612
 6336000.000000 1.672342 1.249966 2.080367 1.239787 0.633283
 6337200.000000 1.678815 1.215828 2.150426 1.148083 0.638263
 6338400.000000 1.695973 1.201473 2.180857 1.214772 0.627197
 6339600.000000 1.575392 1.178107 2.057400 1.277169 0.679118
 6340800.000000 1.593727 1.195067 2.232292 1.199213 0.581686
 6342000.000000 1.631879 1.284465 1.971176 1.220136 0.642390
 6343200.000000 1.622329 1.297008 2.009983 1.221676 0.628172
 6344400.000000 1.596316 1.204288 2.213204 1.214899 0.640971
 6345600.000000 1.615602 1.228012 1.861569 1.256958 0.606411
 6346800.000000 1.600287 1.169498 2.035902 1.182486 0.653423
 6348000.000000 1.535456 1.242170 2.055543 1.246222 0.605882
 6349200.000000 1.700562 1.221108 2.075748 1.124210 0.597437
 6350400.000000 1.734033 1.160537 2.126133 1.139752 0.608324
 6351600.000000 1.615120 1.170123 1.902001 1.147017 0.586406
 6352800.000000 1.658842 1.321318 2.167083 1.116347 0.598877
 6354000.000000 1.609799 1.264230 2.136766 1.262716 0.712489
 6355200.000000 1.647610 1.257561 2.123891 1.182049 0.657594
 6356400.000000 1.663853 1.213829 2.063854 1.126304 0.612598
 6357600.000000 1.631882 1.251314 1.986110 1.218197 0.615965
 6358800.000000 1.661662 1.257370 2.046653 1.182644 0.589531
 6360000.000000 1.687902 1.237010 2.218797 1.118609 0.655703
 6361200.000000 1.756026 1.301220 2.064405 1.124651 0.622565
 6362400.000000 1.581925 1.304688 2.048650 1.188663 0.613500
 6363600.000000 1.530768 1.260289 2.048006 1.171406 0.640018
 6364800.000000 1.546378 1.317641 2.075832 1.236186 0.639409
 6366000.000000 1.649805 1.251284 2.154946 1.204980 0.688061
 6367200.000000 1.611060 1.260290 2.018672 1.126003 0.631918
 6368400.000000 1.586930 1.299599 2.079423 1.125871 0.634429
 6369600.000000 1.636529 1.348612 2.183136 1.151797 0.606410
 6370800.000000 1.661956 1.246237 2.304582 1.158628 0.582540
 6372000.000000 1.626246 1.271010 2.505295 1.205353 0.674405
 6373200.000000 1.617446 1.306152 2.405505 1.182323 0.645171
 6374400.000000 1.671896 1.214862 2.418986 1.164673 0.672714
 6375600.000000 1.641836 1.251943 2.389387 1.176652 0.638076
 6376800.000000 1.695037 1.225224 2.370079 1.174303 0.629141
 6378000.000000 1.683386 1.220775 2.224673 1.221877 0.619727
 6379200.000000 1.682842 1.208381 2.389299 1.250961 0.661256
 6380400.000000 1.615929 1.144865 2.327579 1.147425 0.670887
 6381600.000000 1.725618 1.223869 2.493670 1.157050 0.599227
 6382800.000000 1.717290 1.227334 2.428155 1.270065 0.637471
 6384000.000000 1.737355 1.134817 2.420881 1.160632 0.647233
 6385200.000000 1.701672 1.193172 2.656662 1.206006 0.691367
 6386400.000000 1.687588 1.097797 2.547393 1.258720 0.657326
 6387600.000000 1.635765 1.182642 2.656348 1.229612 0.659836
 6388800.000000 1.722179 1.227535 2.531068 1.189524 0.648083
 6390000.000000 1.595610 1.184502 2.390717 1.170763 0.618425
 6391200.000000 1.661776 1.185871 2.360726 1.200071 0.627485
 6392400.000000 1.660721 1.101370 2.356734 1.169277 0.652898
 6393600.000000 1.753580 1.052169 2.671150 1.161913 0.612364
 6394800.000000 1.758886 1.145370 2.756896 1.151519 0.632265
 6396000.000000 1.886474 1.144523 2.323012 1.166844 0.742425
 6397200.000000 1.671728 1.208606 2.389555 1.141080 0.668062
 6398400.000000 1.774052 1.083587 2.328988 1.164751 0.663728
 6399600.000000 1.855357 1.055551 2.425381 1.134827 0.631451
 6400800.000000 1.716875 1.184441 2.410722 1.124392 0.613729
 6402000.000000 1.600222 1.088825 2.342588 1.171606 0.616245
 6403200.000000 1.665952 1.147687 2.059590 1.153003 0.647357
 6404400.000000 1.627374 1.284138 2.050451 1.190058 0.631494
 6405600.000000 1.644515 1.272733 2.028078 1.192174 0.644206
 6406800.000000 1.685040 1.290025 2.099576 1.173905 0.630547
 6408000.000000 1.672491 1.358283 2.040326 1.135922 0.655219
 6409200.000000 1.673789 1.293413 2.094476 1.245361 0.659374
 6410400.000000 1.621894 1.247702 2.087427 1.277242 0.682814
 6411600.000000 1.733714 1.260506 2.217653 1.226148 0.655422
 6412800.000000 1.670278 1.291194 2.253808 1.190946 0.594721
 6414000.000000 1.648351 1.302093 2.158676 1.228072 0.629469
 6415200.000000 1.694879 1.266988 2.067869 1.170211 0.595315
 6416400.000000 1.696335 1.289909 2.299537 1.280756 0.662574
 6417600.000000 1.678145 1.278035 2.317933 1.216861 0.627547
 6418800.000000 1.699624 1.336538 2.232525 1.234718 0.601489
 6420000.000000 1.640426 1.249952 2.311748 1.161909 0.619461
 6421200.000000 1.636960 1.213670 2.350401 1.224630 0.661626
 6422400.000000 1.649161 1.257937 2.348292 1.149463 0.618684
 6423600.000000 1.669906 1.283669 2.306827 1.180187 0.647654
 6424800.000000 1.609960 1.285189 2.207333 1.217053 0.600570
 6426000.000000 1.607774 1.279066 2.257065 1.174918 0.579653
 6427200.000000 1.608887 1.257330 2.239414 1.180489 0.598579
 6428400.000000 1.613691 1.276330 2.353722 1.210434 0.632378
 6429600.000000 1.681246 1.307242 2.438209 1.151208 0.609191
 6430800.000000 1.682131 1.318227 2.471118 1.120780 0.639093
 6432000.000000 1.591841 1.326137 2.321313 1.164434 0.627388
 6433200.000000 1.617215 1.248662 2.380136 1.169835 0.612292
 6434400.000000 1.582983 1.266021 2.291917 1.171180 0.619481
 6435600.000000 1.545477 1.348413 2.451826 1.254898 0.649184
 6436800.000000 1.555803 1.204246 2.329262 1.156154 0.633850
 6438000.000000 1.521990 1.319229 2.314660 1.153602 0.607731
 6439200.000000 1.609020 1.305935 2.437435 1.162675 0.601894
 6440400.000000 1.500289 1.296416 2.446171 1.226342 0.629362
 6441600.000000 1.567220 1.292669 2.197567 1.193093 0.621769
 6442800.000000 1.603471 1.320357 2.304486 1.164482 0.641068
 6444000.000000 1.657187 1.350267 2.538512 1.189039 0.635360
 6445200.000000 1.601661 1.337511 2.333950 1.229594 0.615466
 6446400.000000 1.612003 1.264157 2.412262 1.175720 0.625418
 6447600.000000 1.681500 1.337002 2.555522 1.206711 0.626085
 6448800.000000 1.651678 1.398774 2.311839 1.095269 0.627445
 6450000.000000 1.629826 1.334365 2.436792 1.159141 0.622207
 6451200.000000 1.663299 1.266743 2.381817 1.142704 0.601260
 6452400.000000 1.676445 1.267532 2.326143 1.165471 0.695284
 6453600.000000 1.552686 1.303939 2.542363 1.206084 0.707860
 6454800.000000 1.648520 1.309058 2.561150 1.201894 0.725627
 6456000.000000 1.684022 1.356208 2.325676 1.206308 0.732797
 6457200.000000 1.711530 1.192118 2.271278 1.138124 0.715524
 6458400.000000 1.697011 1.246131 2.366542 1.151759 0.682039
 6459600.000000 1.711580 1.326778 2.290247 1.106585 0.707813
 6460800.000000 1.648808 1.235941 2.274845 1.138141 0.836690
 6462000.000000 1.598365 1.317963 2.266199 1.204326 0.690489
 6463200.000000 1.715197 1.266460 2.327082 1.218179 0.631290
 6464400.000000 1.688046 1.323711 2.319401 1.180001 0.601357
 6465600.000000 1.737521 1.191909 2.381903 1.171634 0.639336
 6466800.000000 1.713322 1.245932 2.138602 1.185121 0.640814
 6468000.000000 1.658554 1.317762 2.435916 1.179561 0.616836
 6469200.000000 1.611273 1.281351 2.492429 1.139083 0.607724
 6470400.000000 1.614575 1.356894 2.245628 1.136060 0.614098
 6471600.000000 1.699294 1.252646 2.261590 1.179295 0.626110
 6472800.000000 1.615216 1.343054 2.276003 1.152434 0.635460
 6474000.000000 1.598621 1.328670 2.349014 1.216811 0.616925
 6475200.000000 1.613725 1.267470 2.141549 1.207671 0.584595
 6476400.000000 1.573272 1.258993 2.240460 1.196654 0.662872
 6477600.000000 1.605049 1.198645 2.210244 1.171106 0.656805
 6478800.000000 1.642395 1.152245 2.393798 1.158226 0.674934
 6480000.000000 1.744841 1.227695 2.327935 1.121205 0.673406
 6481200.000000 1.649688 1.366261 2.197550 1.135102 0.611761
 6482400.000000 1.715140 1.245704 1.909656 1.190924 0.648105
 6483600.000000 1.615139 1.236287 2.100644 1.182852 0.627186
 6484800.000000 1.739861 1.256330 2.255076 1.198531 0.663970
 6486000.000000 1.648226 1.200046 2.226575 1.136018 0.666580
 6487200.000000 1.647803 1.162171 2.156667 1.127416 0.651940
 6488400.000000 1.652420 1.186149 2.405363 1.190137 0.637460
 6489600.000000 1.661510 1.192080 2.074498 1.148577 0.652892
 6490800.000000 1.668396 1.303587 2.255537 1.131994 0.640728
 6492000.000000 1.733479 1.253099 2.327847 1.179616 0.645754
 6493200.000000 1.687364 1.360903 2.146197 1.198822 0.627924
 6494400.000000 1.694900 1.385042 2.313901 1.109459 0.607421
 6495600.000000 1.637213 1.327038 2.187310 1.224481 0.633999
 6496800.000000 1.594734 1.295717 2.262566 1.146114 0.642539
 6498000.000000 1.629476 1.267150 2.084705 1.240109 0.588083
 6499200.000000 1.620153 1.238833 2.213485 1.170564 0.629819
 6500400.000000 1.572980 1.270568 2.212887 1.184488 0.621887
 6501600.000000 1.622867 1.200588 2.185452 1.161389 0.601991
 6502800.000000 1.653761 1.176780 2.165444 1.158004 0.680140
 6504000.000000 1.753632 1.147873 2.042402 1.174549 0.661680
 6505200.000000 1.609376 1.171103 2.033843 1.169702 0.616471
 6506400.000000 1.779438 1.322959 1.949319 1.206194 0.611697
 6507600.000000 1.612909 1.322240 2.105019 1.222746 0.649405
 6508800.000000 1.611108 1.176046 2.047408 1.175909 0.614420
 6510000.000000 1.647188 1.151964 2.166868 1.196389 0.690928
 6511200.000000 1.706132 1.153661 2.201081 1.140952 0.664382
 6512400.000000 1.671410 1.053980 2.071375 1.178013 0.644321
 6513600.000000 1.722103 1.098483 2.151778 1.223383 0.624763
 6514800.000000 1.645999 1.178834 2.089931 1.203806 0.658492
 6516000.000000 1.592902 1.161642 2.038253 1.159889 0.644115
 6517200.000000 1.607439 1.176180 2.103403 1.237594 0.652619
 6518400.000000 1.698858 1.112527 2.069811 1.189580 0.618624
 6519600.000000 1.700036 1.209841 2.197003 1.259285 0.657510
 6520800.000000 1.693575 1.216643 2.213237 1.204830 0.652866
 6522000.000000 1.681093 1.123459 2.006807 1.208332 0.596515
 6523200.000000 1.580038 1.121914 2.404731 1.175887 0.642981
 6524400.000000 1.598890 1.333594 1.811216 1.155756 0.631473
 6525600.000000 1.654707 1.199621 1.925031 1.223478 0.576080
 6526800.000000 1.687522 1.176665 2.182454 1.149046 0.675877
 6528000.000000 1.687582 1.274653 2.342882 1.159041 0.598474
 6529200.000000 1.742062 1.331984 2.349228 1.152896 0.599666
 6530400.000000 1.716570 1.295479 2.118631 1.116100 0.626235
 6531600.000000 1.549680 1.268887 2.305304 1.167529 0.641229
 6532800.000000 1.564922 1.249953 2.198196 1.207724 0.671282
 6534000.000000 1.607285 1.271229 2.363013 1.196246 0.600104
 6535200.000000 1.693598 1.291176 2.320826 1.135812 0.599089
 6536400.000000 1.663754 1.283977 1.968828 1.211656 0.592341
 6537600.000000 1.522864 1.176724 2.078304 1.143626 0.635535
 6538800.000000 1.570955 1.231326 2.172127 1.157738 0.666763
 6540000.000000 1.595884 1.215632 2.245282 1.173123 0.669794
 6541200.000000 1.726515 1.288405 2.167710 1.195884 0.613876
 6542400.000000 1.529247 1.318420 2.229015 1.208618 0.616237
 6543600.000000 1.558416 1.309491 2.145577 1.243623 0.621351
 6544800.000000 1.578362 1.286548 2.200680 1.185617 0.650588
 6546000.000000 1.719761 1.152445 1.744403 1.085654 0.679445
 6547200.000000 1.573376 1.292037 2.325642 1.233908 0.673302
 6548400.000000 1.742730 1.220807 2.141780 1.201819 0.656508
 6549600.000000 1.586966 1.323241 2.425506 1.217509 0.634486
 6550800.000000 1.685336 1.261678 2.404801 1.197915 0.648659
 6552000.000000 1.587008 1.293125 2.378481 1.223626 0.677852
 6553200.000000 1.618553 1.343752 2.314342 1.187869 0.692667
 6554400.000000 1.651308 1.217279 2.363292 1.176416 0.704142
 6555600.000000 1.682600 1.277890 2.512169 1.197978 0.651465
 6556800.000000 1.697969 1.338014 2.525352 1.202721 0.677938
 6558000.000000 1.667303 1.240481 2.480133 1.138700 0.659414
 6559200.000000 1.649806 1.298217 2.242454 1.188765 0.644034
 6560400.000000 1.668442 1.263624 2.480176 1.198643 0.656446
 6561600.000000 1.680789 1.233692 2.086038 1.133053 0.614356
 6562800.000000 1.614506 1.373463 2.079268 1.182154 0.638539
 6564000.000000 1.591906 1.198012 1.975308 1.143724 0.633727
 6565200.000000 1.758152 1.217379 2.180118 1.205848 0.637450
 6566400.000000 1.717252 1.309258 1.995727 1.169103 0.616548
 6567600.000000 1.649255 1.257035 2.503015 1.202718 0.623166
 6568800.000000 1.658493 1.397628 2.443876 1.169897 0.650098
 6570000.000000 1.647521 1.306146 2.202036 1.225669 0.617217
 6571200.000000 1.836709 1.228769 2.276621 1.173091 0.631520
 6572400.000000 1.698220 1.315533 2.266618 1.189972 0.658917
 6573600.000000 1.572666 1.320075 2.231753 1.129534 0.610031
 6574800.000000 1.726723 1.319213 2.170107 1.132580 0.643955
 6576000.000000 1.685878 1.273022 2.161362 1.126591 0.705740
 6577200.000000 1.801915 1.143606 2.076924 1.128563 0.702226
 6578400.000000 1.735036 1.280228 2.053383 1.135237 0.688419
 6579600.000000 1.687281 1.222764 2.126448 1.118923 0.659488
 6580800.000000 1.774539 1.318118 1.974409 1.145814 0.638021
 6582000.000000 1.723635 1.238091 2.254272 1.093499 0.701066
 6583200.000000 1.730004 1.239436 2.247817 1.092407 0.675917
 6584400.000000 1.739820 1.315062 2.290270 1.194137 0.599759
 6585600.000000 1.706618 1.194459 2.326311 1.151786 0.581795
 6586800.000000 1.744535 1.332160 2.345582 1.115014 0.599231
 6588000.000000 1.560912 1.310296 2.439796 1.205587 0.575171
 6589200.000000 1.715365 1.228446 2.410487 1.081604 0.644469
 6590400.000000 1.763685 1.242415 2.566566 1.137684 0.610067
 6591600.000000 1.734018 1.230529 2.357926 1.150505 0.655111
 6592800.000000 1.671365 1.225343 2.251721 1.101092 0.649150
 6594000.000000 1.662937 1.351987 2.281180 1.108330 0.615484
 6595200.000000 1.721931 1.332597 2.312577 1.190543 0.589963
 6596400.000000 1.656804 1.347263 2.356703 1.224265 0.577440
 6597600.000000 1.657687 1.275050 2.226597 1.105454 0.648583
 6598800.000000 1.728339 1.120096 2.371231 1.116774 0.625736
 6600000.000000 1.622881 1.146770 2.368387 1.158385 0.620986
 6601200.000000 1.620034 1.085052 2.364327 1.129909 0.600497
 6602400.000000 1.658063 1.120018 2.416252 1.098033 0.577010
 6603600.000000 1.609393 1.210726 2.266541 1.167781 0.597655
 6604800.000000 1.685990 1.294563 2.371064 1.195583 0.588609
 6606000.000000 1.701187 1.269378 2.302867 1.221873 0.637495
 6607200.000000 1.705486 1.155077 2.570433 1.193284 0.658543
 6608400.000000 1.694252 1.218259 2.456901 1.141252 0.639642
 6609600.000000 1.647096 1.307808 2.286663 1.177082 0.603931
 6610800.000000 1.654343 1.228316 2.365101 1.140607 0.573824
 6612000.000000 1.689096 1.153226 2.295231 1.169556 0.595497
 6613200.000000 1.742930 1.100691 2.331603 1.168058 0.603604
 6614400.000000 1.795473 1.112807 2.312479 1.220733 0.613610
 6615600.000000 1.859938 1.141629 2.211589 1.159040 0.628561
 6616800.000000 1.651815 1.144635 2.301906 1.186499 0.550096
 6618000.000000 1.767272 1.180221 2.304178 1.181706 0.613128
 6619200.000000 1.799568 1.131055 2.156793 1.182471 0.620169
 6620400.000000 1.961912 1.102675 2.295244 1.173350 0.626851
 6621600.000000 1.940998 1.087347 2.156879 1.202450 0.600255
 6622800.000000 1.984174 1.029723 2.411166 1.154895 0.575636
 6624000.000000 2.044405 1.080358 2.345579 1.161887 0.572337
 6625200.000000 1.981733 1.029074 2.478986 1.168172 0.622458
 6626400.000000 1.895434 1.177252 2.289805 1.183309 0.605053
 6627600.000000 1.676905 1.219976 2.336345 1.152367 0.633051
 6628800.000000 1.663228 1.313183 2.272512 1.153510 0.627137
 6630000.000000 1.703366 1.226030 2.202835 1.143244 0.627553
 6631200.000000 1.685439 1.306166 2.420608 1.135351 0.582279
 6632400.000000 1.765903 1.164777 2.308280 1.172518 0.614338
 6633600.000000 1.561651 1.217393 2.277783 1.147221 0.621858
 6634800.000000 1.651257 1.164796 2.305401 1.100686 0.581510
 6636000.000000 1.691929 1.260169 2.374066 1.166255 0.622164
 6637200.000000 1.610154 1.295417 2.222767 1.128280 0.584725
 6638400.000000 1.690068 1.351616 2.344637 1.181245 0.609595
 6639600.000000 1.664086 1.250020 2.266622 1.157969 0.579315
 6640800.000000 1.587688 1.310549 2.435877 1.237807 0.654612
 6642000.000000 1.616047 1.256494 2.394140 1.134062 0.617656
 6643200.000000 1.630095 1.237270 2.231947 1.141849 0.579135
 6644400.000000 1.596043 1.314569 2.356668 1.189812 0.570460
 6645600.000000 1.638867 1.225257 2.351872 1.217611 0.616921
 6646800.000000 1.715475 1.161770 2.394718 1.159354 0.556546
 6648000.000000 1.731452 1.084003 2.413255 1.173019 0.587538
 6649200.000000 1.591861 1.159257 2.187234 1.245364 0.619402
 6650400.000000 1.668409 1.142758 2.399801 1.222729 0.601112
 6651600.000000 1.778299 1.154366 2.395645 1.178839 0.544403
 6652800.000000 1.823857 1.052900 2.154780 1.143283 0.584723
 6654000.000000 1.895449 1.076021 2.392133 1.164465 0.625999
 6655200.000000 1.979854 1.086498 2.196871 1.163528 0.641966
 6656400.000000 1.946655 1.149127 2.225380 1.180001 0.586511
 6657600.000000 2.021598 1.123948 2.438793 1.183149 0.588976
 6658800.000000 2.001452 1.058246 2.396071 1.120362 0.577610
 6660000.000000 1.934097 1.118322 2.434481 1.093472 0.598727
 6661200.000000 2.001516 1.082930 2.528135 1.139598 0.594759
 6662400.000000 1.906498 1.165834 2.282008 1.143748 0.610225
 6663600.000000 1.846750 1.187647 2.383001 1.197807 0.610775
 6664800.000000 1.787441 1.131824 2.370638 1.151603 0.578532
 6666000.000000 1.710477 1.130942 2.275750 1.128772 0.590207
 6667200.000000 1.745073 1.168711 2.445938 1.171125 0.607268
 6668400.000000 1.803369 1.163720 2.360976 1.201570 0.620069
 6669600.000000 1.805061 1.119106 2.471189 1.116589 0.655163
 6670800.000000 1.744420 1.102334 2.465299 1.167730 0.587072
 6672000.000000 1.695669 1.315792 2.310942 1.183828 0.606794
 6673200.000000 1.681533 1.300092 2.296593 1.182855 0.583872
 6674400.000000 1.737333 1.226653 2.394103 1.151616 0.665078
 6675600.000000 1.589760 1.266485 2.456508 1.146063 0.584257
 6676800.000000 1.668484 1.161165 2.458294 1.124634 0.591155
 6678000.000000 1.689627 1.220976 2.406445 1.200035 0.579898
 6679200.000000 1.663612 1.308720 2.320050 1.044473 0.595758
 6680400.000000 1.634733 1.279366 2.223702 1.105135 0.659765
 6681600.000000 1.699778 1.251531 2.299424 1.146753 0.606097
 6682800.000000 1.806454 1.152880 2.326830 1.142340 0.582470
 6684000.000000 1.637672 1.187603 2.480535 1.192602 0.603140
 6685200.000000 1.758969 1.298172 2.492054 1.114731 0.639561
 6686400.000000 1.635442 1.209556 2.427855 1.230203 0.639121
 6687600.000000 1.680667 1.260791 2.251803 1.218177 0.589992
 6688800.000000 1.663776 1.200730 1.999627 1.144930 0.609321
 6690000.000000 1.752186 1.140986 2.250076 1.166727 0.623497
 6691200.000000 1.702060 1.297804 2.136257 1.204503 0.593963
 6692400.000000 1.597472 1.204559 2.137706 1.137209 0.590360
 6693600.000000 1.679108 1.163661 2.118273 1.164039 0.559681
 6694800.000000 1.651217 1.244242 2.274809 1.144311 0.525999
 6696000.000000 1.586619 1.198021 2.096552 1.130007 0.541921
 6697200.000000 1.701555 1.127948 2.140980 1.142095 0.574181
 6698400.000000 1.656866 1.204561 2.293818 1.203230 0.584627
 6699600.000000 1.662897 1.193767 2.216968 1.191571 0.611268
 6700800.000000 1.685618 1.198715 2.255332 1.096927 0.573110
 6702000.000000 1.672410 1.189650 2.284809 1.180813 0.585540
 6703200.000000 1.648393 1.124179 2.327334 1.132689 0.585603
 6704400.000000 1.608327 1.131043 2.252709 1.115767 0.576089
 6705600.000000 1.629988 1.150175 2.228664 1.107160 0.646268
 6706800.000000 1.533129 1.146300 2.282912 1.132472 0.594782
 6708000.000000 1.738200 1.103852 2.274937 1.162746 0.584381
 6709200.000000 1.671333 1.136447 2.098786 1.140376 0.642169
 6710400.000000 1.712904 1.167324 2.256288 1.127354 0.658633
 6711600.000000 1.605972 1.196834 2.233925 1.181330 0.593884
 6712800.000000 1.684930 1.229957 2.302144 1.209804 0.603465
 6714000.000000 1.638693 1.239921 2.145628 1.198395 0.591715
 6715200.000000 1.647321 1.213096 2.159837 1.132681 0.575726
 6716400.000000 1.613967 1.187658 2.181443 1.197262 0.572170
 6717600.000000 1.689230 1.202214 2.159923 1.197783 0.578274
 6718800.000000 1.712412 1.191282 2.362446 1.148250 0.601205
 6720000.000000 1.705428 1.115384 2.371024 1.201940 0.551480
 6721200.000000 1.648490 1.265464 2.489395 1.174398 0.608516
 6722400.000000 1.661303 1.193808 2.633184 1.157409 0.574568
 6723600.000000 1.708411 1.291220 2.470425 1.167947 0.605510
 6724800.000000 1.671592 1.154952 2.439572 1.091187 0.630298
 6726000.000000 1.634692 1.187021 2.432311 1.126346 0.622165
 6727200.000000 1.743614 1.106221 2.307576 1.154570 0.590169
 6728400.000000 1.676903 1.110548 2.403012 1.175994 0.666682
 6729600.000000 1.763784 1.090534 2.467121 1.103049 0.619489
 6730800.000000 1.655377 1.169131 2.319582 1.111007 0.678053
 6732000.000000 1.647693 1.135009 2.333765 1.115372 0.585381
 6733200.000000 1.627529 1.197736 2.352584 1.116711 0.571290
 6734400.000000 1.640331 1.156441 2.288471 1.148110 0.592899
 6735600.000000 1.705580 1.274920 2.285641 1.119548 0.579757
 6736800.000000 1.651991 1.159892 2.150897 1.118202 0.590190
 6738000.000000 1.667508 1.122441 2.165359 1.202211 0.580178
 6739200.000000 1.600947 1.092813 2.323889 1.139509 0.610395
 6740400.000000 1.677370 1.123805 2.260707 1.094762 0.612599
 6741600.000000 1.598226 1.116335 2.449307 1.190266 0.591911
 6742800.000000 1.627952 1.175817 2.190667 1.123053 0.625949
 6744000.000000 1.797777 1.103909 2.480988 1.118920 0.656103
 6745200.000000 1.624514 1.247760 2.335939 1.033225 0.645128
 6746400.000000 1.675712 1.146274 2.202217 1.120564 0.623578
 6747600.000000 1.749917 1.132281 2.135636 1.164061 0.595121
 6748800.000000 1.745367 1.249548 2.175904 1.159015 0.593434
 6750000.000000 1.621361 1.228385 2.047259 1.192861 0.591292
 6751200.000000 1.647860 1.139248 2.217536 1.135941 0.612679
 6752400.000000 1.670997 1.176720 2.203174 1.167038 0.594407
 6753600.000000 1.680859 1.185358 2.187907 1.139908 0.556051
 6754800.000000 1.760740 1.260379 2.253422 1.117608 0.599838
 6756000.000000 1.667485 1.184208 2.252629 1.075621 0.616733
 6757200.000000 1.810236 1.254898 2.124127 1.174814 0.603122
 6758400.000000 1.689388 1.145426 2.216383 1.311269 0.596947
 6759600.000000 1.622557 1.136272 2.240614 1.123761 0.628087
 6760800.000000 1.701270 1.164873 2.097133 1.146997 0.623065
 6762000.000000 1.590391 1.201705 2.144118 1.112120 0.596747
 6763200.000000 1.635174 1.215918 2.425568 1.134142 0.613673
 6764400.000000 1.731794 1.152306 2.184613 1.111828 0.673522
 6765600.000000 1.663175 1.140470 2.294529 1.081100 0.661443
 6766800.000000 1.736179 1.184070 2.402106 1.017618 0.665457
 6768000.000000 1.657430 1.189657 2.178077 1.077960 0.616419
 6769200.000000 1.605322 1.177253 2.177224 1.141209 0.638571
 6770400.000000 1.654235 1.197660 2.150629 1.127363 0.588519
 6771600.000000 1.727250 1.191831 2.383868 1.140935 0.581737
 6772800.000000 1.775253 1.192062 2.451859 1.139970 0.673026
 6774000.000000 1.788037 1.171079 2.457813 1.142881 0.583004
 6775200.000000 1.681569 1.249281 2.179661 1.134601 0.591431
 6776400.000000 1.684222 1.278486 2.237163 1.182244 0.569583
 6777600.000000 1.618623 1.194517 2.403144 1.115254 0.618839
 6778800.000000 1.673955 1.119232 2.538816 1.151184 0.604771
 6780000.000000 1.667490 1.179759 2.618532 1.108930 0.602059
 6781200.000000 1.580942 1.200085 2.543339 1.135341 0.596363
 6782400.000000 1.789056 1.314428 2.561437 1.157066 0.628553
 6783600.000000 1.753802 1.141607 2.729419 1.077495 0.682277
 6784800.000000 1.737132 1.173522 2.443216 1.120923 0.610707
 6786000.000000 1.737233 1.208496 2.555311 1.141228 0.632355
 6787200.000000 1.779087 1.196007 2.613661 1.077463 0.568789
 6788400.000000 1.580280 1.153538 2.279809 1.170342 0.583848
 6789600.000000 1.671781 1.195936 2.326309 1.139941 0.637901
 6790800.000000 1.686181 1.182261 2.169306 1.103787 0.591273
 6792000.000000 1.661063 1.149703 2.153663 1.146686 0.623171
 6793200.000000 1.778365 1.197786 2.092624 1.120168 0.578385
 6794400.000000 1.631663 1.157942 2.131185 1.129381 0.600172
 6795600.000000 1.656926 1.168795 2.151604 1.111256 0.625972
 6796800.000000 1.596760 1.210367 2.383968 1.154506 0.601729
 6798000.000000 1.581780 1.227696 2.255304 1.192722 0.570807
 6799200.000000 1.630655 1.326304 1.924928 1.252192 0.601073
 6800400.000000 1.774975 1.151867 2.241295 1.137936 0.588314
 6801600.000000 1.739807 1.170579 2.235754 1.147595 0.592667
 6802800.000000 1.749200 1.127343 2.233742 1.124988 0.627466
 6804000.000000 1.600765 1.171763 1.993378 1.162429 0.588650
 6805200.000000 1.707215 1.203763 2.119444 1.141347 0.597125
 6806400.000000 1.787185 1.163454 2.219643 1.181335 0.608234
 6807600.000000 1.698895 1.237584 2.159728 1.126290 0.568395
 6808800.000000 1.759523 1.146416 1.988194 1.082245 0.588124
 6810000.000000 1.751687 1.178500 2.194966 1.143986 0.639670
 6811200.000000 1.714772 1.253836 1.989461 1.172639 0.635851
 6812400.000000 1.801743 1.135805 2.192038 1.113706 0.626631
 6813600.000000 1.675590 1.265321 2.280568 1.151155 0.644240
 6814800.000000 1.705175 1.213216 2.080876 1.142745 0.629773
 6816000.000000 1.738093 1.223285 2.356740 1.123561 0.609326
 6817200.000000 1.657249 1.306301 2.122770 1.159575 0.638691
 6818400.000000 1.699579 1.253324 2.067632 1.059066 0.645959
 6819600.000000 1.741910 1.136305 2.132389 1.090566 0.589143
 6820800.000000 1.618890 1.205996 2.134973 1.092364 0.630546
 6822000.000000 1.647963 1.206585 2.261085 1.109297 0.596813
 6823200.000000 1.560886 1.183326 2.022858 1.091408 0.567040
 6824400.000000 1.686896 1.152740 2.336375 1.081197 0.604329
 6825600.000000 1.663291 1.169631 2.317674 1.171205 0.566685
 6826800.000000 1.775853 1.265965 2.214804 1.133437 0.578729
 6828000.000000 1.548613 1.244790 2.427911 1.122579 0.574492
 6829200.000000 1.571829 1.237411 2.140788 1.090537 0.579125
 6830400.000000 1.646023 1.107180 2.240301 1.082443 0.586741
 6831600.000000 1.781438 1.197067 2.409084 1.079673 0.609584
 6832800.000000 1.684928 1.175062 2.324629 1.004445 0.585054
 6834000.000000 1.757401 1.159253 2.335077 1.082874 0.601008
 6835200.000000 1.760078 1.199331 2.282051 1.092107 0.560110
 6836400.000000 1.669920 1.242182 2.306781 1.175934 0.577951
 6837600.000000 1.718865 1.240101 2.367675 1.150745 0.600456
 6838800.000000 1.695417 1.205571 2.188415 1.127784 0.632731
 6840000.000000 1.733843 1.228233 2.370911 1.069933 0.616427
 6841200.000000 1.679908 1.261322 2.378344 1.120758 0.581595
 6842400.000000 1.696019 1.224316 2.680914 1.068208 0.650161
 6843600.000000 1.644283 1.132189 2.451325 1.140825 0.656451
 6844800.000000 1.633326 1.209874 2.583881 1.112144 0.595640
 6846000.000000 1.757984 1.201846 2.389318 1.174760 0.595460
 6847200.000000 1.718477 1.209217 2.315859 1.115145 0.594750
 6848400.000000 1.701730 1.235029 2.404670 1.134892 0.576661
 6849600.000000 1.670247 1.260123 2.551244 1.095905 0.597113
 6850800.000000 1.669914 1.159446 2.514397 1.021031 0.620357
 6852000.000000 1.680575 1.213333 2.219168 1.102933 0.612321
 6853200.000000 1.701454 1.222648 2.338317 1.104094 0.595145
 6854400.000000 1.701856 1.226769 2.144607 1.129361 0.539166
 6855600.000000 1.730600 1.246785 2.253803 1.060659 0.603976
 6856800.000000 1.621761 1.225639 2.245651 1.079368 0.583153
 6858000.000000 1.794653 1.197189 2.342372 1.058969 0.575571
 6859200.000000 1.672161 1.264142 1.908784 1.143563 0.596334
 6860400.000000 1.697202 1.176794 2.001625 1.097186 0.591913
 6861600.000000 1.695979 1.255670 1.968242 1.042015 0.564304
 6862800.000000 1.741440 1.197147 2.072835 1.077231 0.617347
 6864000.000000 1.616924 1.215420 2.231438 1.126992 0.623187
 6865200.000000 1.709719 1.185001 2.261457 1.154466 0.600266
 6866400.000000 1.675686 1.273619 2.521760 1.069644 0.612934
 6867600.000000 1.759834 1.171659 2.348206 0.962542 0.633171
 6868800.000000 1.582818 1.184207 2.450314 1.117897 0.609328
 6870000.000000 1.638440 1.240227 2.142222 1.045534 0.672131
 6871200.000000 1.721632 1.119104 2.300291 1.164148 0.614890
 6872400.000000 1.548196 1.151231 2.042109 1.071191 0.623211
 6873600.000000 1.560048 1.273256 2.052341 1.098601 0.602916
 6874800.000000 1.569776 1.275007 2.166645 1.043511 0.611857
 6876000.000000 1.579735 1.301480 2.386293 1.124718 0.584767
 6877200.000000 1.582763 1.179504 2.705760 1.134926 0.610807
 6878400.000000 1.650762 1.149705 2.546532 1.106046 0.636192
 6879600.000000 1.663184 1.144081 2.620343 1.172604 0.672606
 6880800.000000 1.623608 1.117144 2.682741 1.160366 0.610183
 6882000.000000 1.629751 1.115759 2.745284 1.158343 0.630108
 6883200.000000 1.643291 1.136209 2.750242 1.141641 0.595455
 6884400.000000 1.708513 1.156280 2.580450 1.041124 0.644948
 6885600.000000 1.605871 1.137620 2.536371 1.132002 0.619647
 6886800.000000 1.669108 1.122413 2.468931 1.162505 0.624098
 6888000.000000 1.646198 1.122551 2.796532 1.113453 0.646764
 6889200.000000 1.700474 1.104377 2.629988 1.104699 0.557778
 6890400.000000 1.730374 1.141263 2.700820 1.058668 0.592809
 6891600.000000 1.792653 1.078151 2.380152 1.028994 0.635306
 6892800.000000 1.824979 1.140701 2.503414 1.011334 0.633715
 6894000.000000 1.713054 1.161098 2.736703 1.019676 0.614132
 6895200.000000 1.709686 1.066876 2.440252 1.076493 0.573955
 6896400.000000 1.750248 1.153547 2.769057 1.094282 0.617669
 6897600.000000 1.724964 1.078563 2.561078 1.073990 0.653115
 6898800.000000 1.708266 1.089570 2.533845 1.199828 0.611189
 6900000.000000 1.725017 1.162220 2.534643 1.120997 0.630295
 6901200.000000 1.723406 1.108073 2.323018 1.138605 0.573933
 6902400.000000 1.590207 1.138906 2.377066 1.135228 0.588988
 6903600.000000 1.633990 1.141014 2.338421 1.236740 0.582205
 6904800.000000 1.645064 1.168440 2.593637 1.155278 0.631134
 6906000.000000 1.792697 1.191020 2.556862 1.111945 0.589990
 6907200.000000 1.560857 1.134860 2.411909 1.151728 0.640924
 6908400.000000 1.645592 1.095024 2.393335 1.192973 0.570342
 6909600.000000 1.663934 1.104915 2.432109 1.133801 0.642909
 6910800.000000 1.676293 1.157126 2.499560 1.125414 0.624980
 6912000.000000 1.652310 1.157668 2.661499 1.146114 0.573485
 6913200.000000 1.682266 1.089995 2.357679 1.142749 0.595360
 6914400.000000 1.693756 1.085146 2.625031 1.130535 0.595499
 6915600.000000 1.687699 1.117810 2.610251 1.098885 0.670053
 6916800.000000 1.689162 1.109328 2.639557 1.135124 0.658927
 6918000.000000 1.674482 1.135115 2.588081 1.117089 0.628947
 6919200.000000 1.637737 1.201611 2.923211 1.148437 0.602190
 6920400.000000 1.615934 1.140950 2.648275 1.115190 0.565670
 6921600.000000 1.667152 1.147075 2.641559 1.159985 0.597183
 6922800.000000 1.707649 1.136073 2.691149 1.160581 0.609257
 6924000.000000 1.718651 1.148655 2.691009 1.201660 0.586280
 6925200.000000 1.669944 1.112917 2.622955 1.156635 0.612228
 6926400.000000 1.765824 1.183144 2.527634 1.129351 0.565377
 6927600.000000 1.708854 1.111130 2.670010 1.124695 0.558498
 6928800.000000 1.678874 1.091499 2.451167 1.150060 0.614127
 6930000.000000 1.653727 1.198029 2.530390 1.122903 0.562224
 6931200.000000 1.806904 1.214944 2.676049 1.122010 0.581624
 6932400.000000 1.691549 1.226087 2.529648 1.166227 0.604262
 6933600.000000 1.670186 1.148857 2.266053 1.186791 0.604328
 6934800.000000 1.742557 1.143444 2.580489 1.123165 0.584078
 6936000.000000 1.724099 1.063668 2.514094 1.132741 0.632481
 6937200.000000 1.634445 1.187447 2.556836 1.119466 0.574472
 6938400.000000 1.650874 1.157992 2.543306 1.122146 0.594470
 6939600.000000 1.631400 1.181327 2.545463 1.098389 0.582854
 6940800.000000 1.559640 1.156330 2.585870 1.106103 0.578805
 6942000.000000 1.689555 1.075142 2.649929 1.129265 0.597370
 6943200.000000 1.654063 1.062828 2.548202 1.088930 0.605219
 6944400.000000 1.609895 1.046339 2.507997 1.116119 0.591219
 6945600.000000 1.629054 1.010941 2.686814 1.101641 0.594788
 6946800.000000 1.640380 1.040084 2.540012 1.202491 0.641411
 6948000.000000 1.587552 1.093161 2.448082 1.220602 0.601137
 6949200.000000 1.606645 1.054925 2.515283 1.182911 0.579771
 6950400.000000 1.701499 1.058207 2.474367 1.212403 0.581481
 6951600.000000 1.564403 1.123721 2.360797 1.178997 0.599819
 6952800.000000 1.594128 1.164677 2.390695 1.169855 0.580297
 6954000.000000 1.763033 1.147362 2.290222 1.132485 0.604658
 6955200.000000 1.627901 1.247196 2.336210 1.150352 0.627281
 6956400.000000 1.587902 1.190648 2.541345 1.116570 0.615023
 6957600.000000 1.765861 1.210108 2.199420 1.108068 0.593717
 6958800.000000 1.567613 1.178666 2.583118 1.034514 0.611476
 6960000.000000 1.597143 1.097975 2.216413 1.069594 0.580913
 6961200.000000 1.623025 1.137798 2.233599 1.108218 0.599036
 6962400.000000 1.611966 1.031462 2.455719 1.041412 0.596831
 6963600.000000 1.746866 1.174585 2.504427 1.107782 0.596556
 6964800.000000 1.682290 1.065283 2.219949 1.076444 0.621419
 6966000.000000 1.576917 1.087213 2.245816 1.140123 0.577719
 6967200.000000 1.574095 1.105110 2.461483 1.166372 0.624132
 6968400.000000 1.566290 1.034424 2.199453 1.103599 0.622483
 6969600.000000 1.563530 1.046902 2.248992 1.099163 0.610820
 6970800.000000 1.637071 1.078718 2.256682 1.029514 0.571405
 6972000.000000 1.617349 1.028875 2.308006 1.082366 0.595944
 6973200.000000 1.621539 1.043147 2.508700 1.089793 0.592295
 6974400.000000 1.778534 1.108506 2.493187 1.076282 0.572986
 6975600.000000 1.674618 1.039282 2.449005 1.158252 0.570454
 6976800.000000 1.699985 1.140439 2.466627 1.182584 0.548863
 6978000.000000 1.620491 1.149130 2.531099 1.101015 0.599191
 6979200.000000 1.637858 1.113049 2.403733 1.089800 0.568448
 6980400.000000 1.752357 1.046316 2.378204 1.111275 0.603761
 6981600.000000 1.676100 1.113545 2.323592 1.117911 0.572361
 6982800.000000 1.692802 1.036684 2.252111 1.023382 0.546697
 6984000.000000 1.723325 1.138315 2.260417 1.059328 0.592078
 6985200.000000 1.669681 1.042488 2.079762 1.060878 0.606356
 6986400.000000 1.742936 1.232376 1.997249 1.101647 0.570159
 6987600.000000 1.709345 1.138740 2.047333 1.142036 0.577599
 6988800.000000 1.619572 1.108914 2.099631 1.155757 0.604802
 6990000.000000 1.707769 1.200287 2.200893 1.180575 0.596688
 6991200.000000 1.591917 1.186985 2.027282 1.152282 0.613846
 6992400.000000 1.632323 1.097729 2.141071 1.150252 0.591548
 6993600.000000 1.666857 1.138934 2.213709 1.068886 0.571817
 6994800.000000 1.677337 1.097528 2.289502 1.230294 0.577222
 6996000.000000 1.689130 1.061509 2.379084 1.174332 0.613966
 6997200.000000 1.657767 1.186187 2.297839 1.193217 0.580558
 6998400.000000 1.672889 1.151631 2.149933 1.128605 0.572473
 6999600.000000 1.700086 1.174626 2.250279 1.153371 0.566007
 7000800.000000 1.647399 1.170061 2.283268 1.108829 0.569519
 7002000.000000 1.626453 1.134703 2.326828 1.084366 0.577194
 7003200.000000 1.637364 1.163465 2.243928 1.115935 0.574138
 7004400.000000 1.661494 1.231416 2.255808 1.128249 0.571731
 7005600.000000 1.650974 1.138344 2.231639 1.142149 0.541335
 7006800.000000 1.656978 1.291000 2.262883 1.122365 0.609240
 7008000.000000 1.667218 1.288353 2.320605 1.086702 0.573123
 7009200.000000 1.680857 1.169817 2.316036 1.103323 0.604393
 7010400.000000 1.670682 1.265311 2.383798 1.088850 0.603962
 7011600.000000 1.690001 1.255405 2.491061 1.121249 0.578211
 7012800.000000 1.712627 1.054033 2.510035 1.149369 0.603874
 7014000.000000 1.651267 1.146213 2.404722 1.167629 0.614081
 7015200.000000 1.618025 1.096627 2.348209 1.067615 0.598357
 7016400.000000 1.710142 1.090894 2.368335 1.117931 0.582140
 7017600.000000 1.689249 1.088879 2.118041 1.098330 0.558349
 7018800.000000 1.631609 1.115380 2.207162 1.153161 0.653043
 7020000.000000 1.577584 1.196663 2.323894 1.159805 0.595227
 7021200.000000 1.637482 1.110570 2.499058 1.140602 0.544967
 7022400.000000 1.546626 1.126557 2.218080 1.167774 0.579697
 7023600.000000 1.734188 1.139647 2.280348 1.088166 0.559655
 7024800.000000 1.704550 1.172622 2.425841 1.124197 0.590897
 7026000.000000 1.608968 1.163368 2.395545 1.096810 0.602556
 7027200.000000 1.633139 1.083807 2.365042 1.081888 0.592813
 7028400.000000 1.662808 1.231007 2.321065 1.133762 0.582382
 7029600.000000 1.680458 1.204527 2.390001 1.053304 0.576854
 7030800.000000 1.614521 1.316201 2.488261 1.113103 0.607537
 7032000.000000 1.558854 1.168941 2.690875 1.146038 0.623464
 7033200.000000 1.762057 1.252018 2.645696 1.123509 0.628220
 7034400.000000 1.654897 1.296177 2.538230 1.102745 0.622674
 7035600.000000 1.608159 1.104103 2.575509 1.172629 0.562016
 7036800.000000 1.638000 1.116019 2.606845 1.121192 0.566053
 7038000.000000 1.637963 1.127843 2.353436 1.181082 0.614919
 7039200.000000 1.634939 1.065246 2.364852 1.132977 0.583617
 7040400.000000 1.604395 1.196764 2.463775 1.093376 0.605892
 7041600.000000 1.567856 1.126728 2.340500 1.102253 0.596278
 7042800.000000 1.666048 1.193173 2.388484 1.132841 0.580895
 7044000.000000 1.782267 1.045607 2.342014 1.136618 0.588923
 7045200.000000 1.699044 1.135110 2.342887 1.210123 0.613700
 7046400.000000 1.674068 1.090039 2.322222 1.124934 0.641607
 7047600.000000 1.734163 1.137843 2.439718 1.116696 0.655278
 7048800.000000 1.738303 1.160177 2.475156 1.123837 0.614088
 7050000.000000 1.685542 1.187876 2.457388 1.087373 0.626626
 7051200.000000 1.537290 1.108358 2.415592 1.074159 0.580232
 7052400.000000 1.753638 1.120958 2.442536 1.157586 0.606364
 7053600.000000 1.653025 1.152212 2.358775 1.121175 0.674744
 7054800.000000 1.620238 1.126807 2.278044 1.152206 0.648474
 7056000.000000 1.643868 1.090912 2.293778 1.123541 0.609733
 7057200.000000 1.717815 1.091522 2.379819 1.167889 0.592914
 7058400.000000 1.658402 1.114577 2.305112 1.110806 0.612272
 7059600.000000 1.726546 1.097971 2.187178 1.167212 0.599179
 7060800.000000 1.671756 1.079191 2.213398 1.224291 0.614677
 7062000.000000 1.685742 1.161484 2.237775 1.203946 0.586345
 7063200.000000 1.649221 1.172754 2.375245 1.291182 0.577101
 7064400.000000 1.690856 1.124266 2.411155 1.218035 0.606416
 7065600.000000 1.549437 1.152748 2.545416 1.114542 0.577062
 7066800.000000 1.635432 1.175209 2.499929 1.168466 0.547741
 7068000.000000 1.595535 1.158974 2.266971 1.134890 0.593706
 7069200.000000 1.750393 1.053488 2.400256 1.174884 0.587340
 7070400.000000 1.612521 1.177858 2.466550 1.140531 0.578363
 7071600.000000 1.639213 1.182009 2.367183 1.173988 0.644663
 7072800.000000 1.692457 1.109778 2.598338 1.205874 0.592245
 7074000.000000 1.695278 1.154137 2.599168 1.139982 0.597286
 7075200.000000 1.697604 1.142578 2.554664 1.216811 0.647225
 7076400.000000 1.712152 1.084395 2.333839 1.129682 0.563417
 7077600.000000 1.587445 1.116629 2.464408 1.098128 0.600755
 7078800.000000 1.591582 1.140406 2.698554 1.146243 0.589009
 7080000.000000 1.664700 1.095787 2.414929 1.150852 0.633942
 7081200.000000 1.665192 1.103218 2.584563 1.155518 0.559073
 7082400.000000 1.668773 1.035761 2.572772 1.131172 0.574104
 7083600.000000 1.623948 1.096404 2.638341 1.106535 0.602067
 7084800.000000 1.610265 1.099639 2.248055 1.183127 0.562943
 7086000.000000 1.596222 1.139081 2.356047 1.179060 0.632584
 7087200.000000 1.584195 1.219900 2.293966 1.141707 0.593290
 7088400.000000 1.632047 1.081093 1.841790 1.136544 0.541089
 7089600.000000 1.665066 1.056676 2.081161 1.209284 0.613836
 7090800.000000 1.680497 1.078524 2.230091 1.120239 0.598681
 7092000.000000 1.684117 1.126046 2.069232 1.085516 0.582335
 7093200.000000 1.708257 1.153805 2.229876 1.168307 0.581986
 7094400.000000 1.616295 1.106928 2.298964 1.181705 0.631889
 7095600.000000 1.592110 1.104671 2.106702 1.128902 0.562008
 7096800.000000 1.549000 1.113033 1.957548 1.129104 0.539530
 7098000.000000 1.602010 1.200914 1.994403 1.138073 0.641997
 7099200.000000 1.582656 1.164063 2.182495 1.222916 0.604314
 7100400.000000 1.678869 1.145659 2.005898 1.117207 0.567025
 7101600.000000 1.574108 1.166392 2.217991 1.115312 0.608650
 7102800.000000 1.602735 1.167814 2.323209 1.168207 0.598213
 7104000.000000 1.660638 1.160679 2.050618 1.134925 0.564392
 7105200.000000 1.706247 1.116234 2.144822 1.143849 0.623976
 7106400.000000 1.729709 1.033530 2.024410 1.098090 0.655975
 7107600.000000 1.753610 1.033860 2.140104 1.130656 0.645150
 7108800.000000 1.668771 1.117316 2.123615 1.133483 0.625441
 7110000.000000 1.589267 1.119885 2.068320 1.079311 0.619382
 7111200.000000 1.607816 1.106093 2.076765 1.165487 0.610141
 7112400.000000 1.615662 1.087012 2.142408 1.164475 0.578969
 7113600.000000 1.597803 1.049820 2.132991 1.111813 0.600564
 7114800.000000 1.627321 1.063025 2.233263 1.142116 0.615041
 7116000.000000 1.621068 1.090161 2.269521 1.154114 0.663777
 7117200.000000 1.623925 1.107170 2.205185 1.186665 0.589973
 7118400.000000 1.625380 1.111177 2.139088 1.139531 0.630281
 7119600.000000 1.624131 1.089311 2.095372 1.128075 0.636665
 7120800.000000 1.677929 1.173365 2.233723 1.214718 0.574607
 7122000.000000 1.582258 1.075486 2.201056 1.197609 0.618499
 7123200.000000 1.677666 1.169939 2.219716 1.143027 0.572400
 7124400.000000 1.640519 1.128871 2.259006 1.173371 0.558984
 7125600.000000 1.733493 1.172390 2.151201 1.170851 0.641707
 7126800.000000 1.645992 1.230734 2.169520 1.252108 0.620341
 7128000.000000 1.646019 1.110662 2.130044 1.160934 0.575812
 7129200.000000 1.650179 1.122206 2.359761 1.176957 0.631819
 7130400.000000 1.738938 1.075149 2.361995 1.143979 0.593824
 7131600.000000 1.647860 1.134665 2.259508 1.132726 0.667119
 7132800.000000 1.728012 1.086541 2.343472 1.146728 0.623899
 7134000.000000 1.639746 1.120754 2.268884 1.129176 0.631100
 7135200.000000 1.657002 1.106449 2.286631 1.169236 0.664519
 7136400.000000 1.608117 1.158167 2.222721 1.128089 0.670492
 7137600.000000 1.644884 1.096432 2.303319 1.150885 0.629642
 7138800.000000 1.677571 1.086643 2.423664 1.121351 0.603146
 7140000.000000 1.679943 1.058274 2.447990 1.010848 0.654062
 7141200.000000 1.724857 1.087847 2.311555 1.062223 0.644340
 7142400.000000 1.789140 1.130806 2.395798 1.149046 0.599024
 7143600.000000 1.655909 1.187307 2.355812 1.145124 0.591687
 7144800.000000 1.682803 1.213045 2.442549 1.106392 0.558350
 7146000.000000 1.755220 1.046129 2.548077 1.081945 0.604417
 7147200.000000 1.758046 1.085267 2.476384 1.088735 0.617291
 7148400.000000 1.749709 1.050905 2.465026 1.108477 0.576628
 7149600.000000 1.713704 1.095030 2.269159 1.166928 0.579723
 7150800.000000 1.640941 1.051815 2.448915 1.055081 0.567480
 7152000.000000 1.744324 1.107920 2.305089 1.127760 0.583943
 7153200.000000 1.820502 1.123561 2.339015 1.101017 0.591239
 7154400.000000 1.790342 1.116608 2.482175 1.105753 0.586050
 7155600.000000 1.850691 1.139049 2.436517 1.138801 0.586489
 7156800.000000 1.641452 1.057463 2.460647 1.142967 0.637306
 7158000.000000 1.857586 1.133389 2.381535 1.108539 0.690205
 7159200.000000 1.780956 1.131902 2.358765 1.138411 0.583909
 7160400.000000 1.785364 1.245955 2.368793 1.114227 0.643242
 7161600.000000 1.872258 1.132846 2.330030 1.118303 0.617990
 7162800.000000 1.888577 1.166654 2.458346 1.181838 0.592804
 7164000.000000 1.871432 1.119895 2.695577 1.125623 0.618105
 7165200.000000 1.792408 1.169175 2.539067 1.119850 0.614793
 7166400.000000 1.831556 1.149602 2.185526 1.140619 0.588652
 7167600.000000 2.001763 1.120194 2.231617 1.100434 0.586053
 7168800.000000 1.839595 1.170849 2.132471 1.115951 0.610000
 7170000.000000 1.992493 1.123987 2.185834 1.055895 0.596560
 7171200.000000 1.803811 1.141279 2.258922 1.084526 0.595180
 7172400.000000 1.686750 1.138126 2.199027 1.085518 0.684542
 7173600.000000 1.749772 1.067613 2.133734 1.091627 0.630010
 7174800.000000 1.835585 1.048721 2.283908 1.238107 0.628949
 7176000.000000 1.808504 1.105479 2.356601 1.117727 0.588535
 7177200.000000 1.825097 1.147188 2.247040 1.093880 0.628991
 7178400.000000 1.812941 1.098276 2.256849 1.122628 0.611235
 7179600.000000 1.649386 1.072170 2.351685 1.186658 0.611976
 7180800.000000 1.700686 1.150232 2.333435 1.201577 0.536718
 7182000.000000 1.673696 1.109190 2.221287 1.095815 0.622098
 7183200.000000 1.634768 1.172342 2.211770 1.116589 0.601067
 7184400.000000 1.674629 1.139955 2.240899 1.150022 0.594010
 7185600.000000 1.618569 1.205365 2.255827 1.182417 0.607528
 7186800.000000 1.679482 1.175788 2.324011 1.249028 0.588999
 7188000.000000 1.665366 1.086175 2.368390 1.140947 0.541724
 7189200.000000 1.623767 1.099825 2.334636 1.137965 0.598813
 7190400.000000 1.640852 1.081986 2.264370 1.168745 0.576047
 7191600.000000 1.805480 1.137472 2.234555 1.114969 0.592621
 7192800.000000 1.664231 1.129607 2.053170 1.124722 0.583501
 7194000.000000 1.710604 1.100099 2.085528 1.181307 0.609082
 7195200.000000 1.801478 1.144394 2.005125 1.136082 0.550812
 7196400.000000 1.653199 1.105878 2.372918 1.191535 0.574834
 7197600.000000 1.650157 1.212540 2.320506 1.158616 0.579389
 7198800.000000 1.746727 1.137657 2.304981 1.134705 0.595839
 7200000.000000 1.687030 1.165817 2.202261 1.070950 0.592722
 7201200.000000 1.727740 1.138392 2.205695 1.147976 0.587368
 7202400.000000 1.631416 1.094743 2.257655 1.096062 0.594946
 7203600.000000 1.667022 1.121815 2.410162 1.073870 0.588176
 7204800.000000 1.650071 1.157218 2.422362 1.082899 0.571414
 7206000.000000 1.713864 1.096002 2.443096 1.066123 0.568175
 7207200.000000 1.647025 1.147197 2.334171 1.124200 0.569679
 7208400.000000 1.615203 1.126958 2.322755 1.074335 0.571637
 7209600.000000 1.639019 1.107001 2.479111 1.208493 0.580972
 7210800.000000 1.669063 1.210998 2.168238 1.087362 0.591149
 7212000.000000 1.639552 1.228873 2.174444 1.087801 0.553038
 7213200.000000 1.813956 1.147675 2.190807 1.120120 0.539930
 7214400.000000 1.714712 1.158346 2.340393 1.001362 0.584852
 7215600.000000 1.668980 1.226655 2.267831 1.163713 0.621303
 7216800.000000 1.629845 1.230500 2.212566 1.057775 0.584442
 7218000.000000 1.747752 1.126906 2.207506 1.080902 0.572844
 7219200.000000 1.660194 1.249941 2.198675 1.115593 0.616704
 7220400.000000 1.652317 1.201659 2.292822 1.084461 0.599620
 7221600.000000 1.668910 1.109292 2.378520 1.123764 0.598631
 7222800.000000 1.821798 1.128697 2.416202 1.108196 0.601917
 7224000.000000 1.824337 1.059392 2.413091 1.091049 0.566714
 7225200.000000 1.764468 1.134269 2.591923 1.128457 0.553303
 7226400.000000 1.832283 1.125444 2.486666 1.075978 0.640360
 7227600.000000 1.805599 1.187294 2.399874 1.227395 0.671566
 7228800.000000 1.649943 1.195780 2.497101 1.186064 0.613552
 7230000.000000 1.700455 1.117108 2.311699 1.265124 0.682931
 7231200.000000 1.781828 1.110426 2.331905 1.134550 0.571488
 7232400.000000 1.734808 1.130773 2.445980 1.074018 0.591305
 7233600.000000 1.745904 1.141964 2.446568 1.197577 0.699570
 7234800.000000 1.903382 1.099438 2.509548 1.105737 0.617943
 7236000.000000 1.746135 1.158980 2.347852 1.103364 0.598424
 7237200.000000 1.675917 1.122587 2.294353 1.113444 0.595771
 7238400.000000 1.816323 1.196552 2.448610 1.099920 0.556143
 7239600.000000 1.747009 1.113602 2.481542 1.078375 0.634842
 7240800.000000 1.725859 1.139869 2.367725 1.133667 0.629987
 7242000.000000 1.725018 1.161739 2.494736 1.127572 0.583130
 7243200.000000 1.839072 1.136596 2.378910 1.086404 0.581282
 7244400.000000 1.771182 1.103434 2.268932 1.111605 0.592624
 7245600.000000 1.828117 1.192460 2.182871 1.180619 0.574660
 7246800.000000 1.778115 1.107981 2.393049 1.074042 0.540806
 7248000.000000 1.743045 1.111488 2.120425 1.098611 0.588504
 7249200.000000 1.792197 1.057683 2.199616 1.153206 0.605707
 7250400.000000 1.780139 1.106622 2.119444 1.228478 0.598798
 7251600.000000 1.777512 1.090945 1.933301 1.244874 0.646938
 7252800.000000 1.675231 1.107151 2.210119 1.264120 0.605144
 7254000.000000 1.814946 1.138013 2.050255 1.144472 0.619951
 7255200.000000 1.758902 1.150615 2.207277 1.189598 0.593683
 7256400.000000 1.700562 1.140904 1.974946 1.234720 0.579475
 7257600.000000 1.938940 1.041690 1.967623 1.219226 0.600373
 7258800.000000 1.987544 1.072499 2.080626 1.216697 0.694123
 7260000.000000 1.929181 1.211717 2.074936 1.294093 0.628462
 7261200.000000 1.727636 1.108107 1.981455 1.241700 0.615925
 7262400.000000 1.749840 1.237159 2.075476 1.225051 0.621684
 7263600.000000 1.730379 1.151235 1.928074 1.195129 0.606088
 7264800.000000 1.663901 1.125235 2.082423 1.154550 0.642460
 7266000.000000 1.611853 1.167403 2.018521 1.213151 0.644086
 7267200.000000 1.580257 1.196218 1.986832 1.243825 0.676372
 7268400.000000 1.599528 1.195924 2.111338 1.162301 0.588155
 7269600.000000 1.884803 1.109002 2.152233 1.162480 0.611192
 7270800.000000 1.959901 1.164253 2.100984 1.214155 0.567045
 7272000.000000 1.710171 1.150232 2.053559 1.193881 0.620689
 7273200.000000 1.630374 1.206612 1.759328 1.112143 0.601978
 7274400.000000 1.787809 1.281788 1.647564 1.153243 0.601661
 7275600.000000 1.630782 1.192286 1.539061 1.136207 0.601229
 7276800.000000 1.658817 1.175450 1.724199 1.110993 0.574742
 7278000.000000 1.852617 1.089053 1.584497 1.143046 0.627383
 7279200.000000 1.620107 1.197176 1.616152 1.202274 0.698823
 7280400.000000 1.864860 1.121466 1.573174 1.140129 0.610093
 7281600.000000 1.647329 1.217297 1.808373 1.168980 0.651152
 7282800.000000 1.635905 1.149505 1.985232 1.075357 0.590850
 7284000.000000 1.703974 1.182926 1.560194 1.173213 0.575044
 7285200.000000 1.658798 1.111749 1.900050 1.215177 0.583456
 7286400.000000 1.600718 1.195695 1.772119 1.151278 0.580565
 7287600.000000 1.690618 1.124504 1.807774 1.159110 0.585725
 7288800.000000 1.720979 1.170301 1.917453 1.204125 0.620098
 7290000.000000 1.717319 1.196356 1.813759 1.193904 0.616957
 7291200.000000 1.708131 1.188883 1.808213 1.140028 0.616161
 7292400.000000 1.685331 1.203974 2.076649 1.171358 0.583909
 7293600.000000 1.595045 1.171067 1.917145 1.145583 0.575531
 7294800.000000 1.635841 1.104275 1.558420 1.160179 0.589793
 7296000.000000 1.572572 1.152716 1.588327 1.126996 0.558065
 7297200.000000 1.566308 1.141063 1.929138 1.130865 0.594760
 7298400.000000 1.583071 1.140675 2.030762 1.166705 0.594572
 7299600.000000 1.678012 1.193685 1.904738 1.173991 0.572978
 7300800.000000 1.752819 1.159210 1.574436 1.124140 0.564512
 7302000.000000 1.740822 1.230399 2.128371 1.101155 0.562151
 7303200.000000 1.631894 1.102079 1.978450 1.235987 0.580813
 7304400.000000 1.696592 1.143236 1.839616 1.174552 0.605679
 7305600.000000 1.592234 1.120772 1.942997 1.094751 0.590731
 7306800.000000 1.762196 1.174440 1.980507 1.124026 0.570475
 7308000.000000 1.621682 1.141747 1.587686 1.138967 0.550580
 7309200.000000 1.577351 1.157985 1.589864 1.124921 0.540514
 7310400.000000 1.551892 1.101118 1.758724 1.074541 0.563911
 7311600.000000 1.624712 1.105663 1.953540 1.044833 0.573544
 7312800.000000 1.664701 1.224657 1.789142 1.098924 0.601009
 7314000.000000 1.560752 1.291715 1.580180 1.077424 0.582998
 7315200.000000 1.599653 1.180897 1.605142 1.116318 0.592811
 7316400.000000 1.579940 1.146659 1.532175 1.102547 0.575735
 7317600.000000 1.764085 1.213387 1.475161 1.095744 0.543302
 7318800.000000 1.731060 1.216208 1.546212 0.972328 0.559934
 7320000.000000 1.673705 1.200794 1.546564 1.060926 0.563123
 7321200.000000 1.629802 1.237206 1.619487 1.071665 0.535564
 7322400.000000 1.672141 1.176711 1.592373 1.072315 0.618649
 7323600.000000 1.715483 1.163533 1.523854 1.110020 0.632722
 7324800.000000 1.798668 1.277582 1.962410 1.104929 0.633007
 7326000.000000 1.895587 1.158446 1.924494 1.058000 0.635657
 7327200.000000 1.842575 1.298764 2.019002 1.149537 0.681245
 7328400.000000 1.919998 1.216435 1.477276 1.028322 0.661119
 7329600.000000 1.742554 1.159804 1.612448 1.149452 0.705245
 7330800.000000 1.705883 1.218185 1.529384 1.121162 0.651146
 7332000.000000 1.630481 1.195631 1.584787 1.100701 0.629876
 7333200.000000 1.724730 1.265538 1.573932 1.124045 0.678999
 7334400.000000 1.680384 1.266620 1.583154 1.137880 0.627666
 7335600.000000 1.958104 1.172543 1.673636 1.110796 0.617201
 7336800.000000 1.970158 1.270917 1.750482 1.065066 0.628091
 7338000.000000 1.938843 1.091484 1.515628 1.118517 0.661166
 7339200.000000 1.699979 1.229666 1.837085 1.123612 0.683915
 7340400.000000 1.731880 1.199674 2.030310 1.079862 0.660677
 7341600.000000 1.666879 1.216271 1.979604 1.050914 0.675533
 7342800.000000 1.663389 1.347344 2.086329 1.139025 0.634586
 7344000.000000 1.714009 1.248794 1.619366 1.089044 0.567170
 7345200.000000 1.717979 1.252265 1.638357 1.116787 0.584439
 7346400.000000 1.734092 1.248663 1.650026 1.068335 0.637715
 7347600.000000 1.692507 1.210670 1.929415 1.114475 0.620307
 7348800.000000 1.819599 1.164863 1.946966 1.184705 0.629820
 7350000.000000 1.742720 1.185259 1.785077 1.137825 0.584577
 7351200.000000 1.767333 1.238616 1.779123 1.063611 0.559805
 7352400.000000 1.673730 1.306511 1.712518 1.075863 0.584362
 7353600.000000 1.730903 1.174326 1.869534 1.061510 0.595048
 7354800.000000 1.636322 1.255866 1.804815 1.142529 0.588656
 7356000.000000 1.649500 1.181052 1.872940 1.142340 0.619252
 7357200.000000 1.732918 1.225437 1.637698 1.136942 0.616322
 7358400.000000 1.613683 1.256635 1.869018 1.045576 0.582370
 7359600.000000 1.585685 1.129874 1.688960 1.272669 0.573734
 7360800.000000 1.628998 1.095875 1.622388 1.212624 0.651623
 7362000.000000 1.630376 1.179311 1.480235 1.110848 0.617568
 7363200.000000 1.619705 1.067049 1.612097 1.046502 0.629769
 7364400.000000 1.580123 1.102169 1.678086 1.086493 0.575419
 7365600.000000 1.603919 1.086244 1.594998 1.104142 0.595726
 7366800.000000 1.635437 1.152075 1.565424 1.087390 0.588306
 7368000.000000 1.596900 1.229722 1.702746 1.161604 0.627305
 7369200.000000 1.683923 1.193694 1.560717 1.112559 0.615900
 7370400.000000 1.702168 1.132970 1.591710 1.119220 0.575214
 7371600.000000 1.618872 1.128463 1.751666 1.110004 0.601935
 7372800.000000 1.692459 1.067967 1.956544 1.180481 0.581596
 7374000.000000 1.582806 1.120993 1.816832 1.033224 0.566531
 7375200.000000 1.752567 1.073112 1.735414 1.067839 0.587028
 7376400.000000 1.625401 1.140913 1.769675 1.055375 0.597090
 7377600.000000 1.730682 1.123198 1.716929 1.128010 0.615453
 7378800.000000 1.728163 1.188696 1.958337 1.083165 0.581831
 7380000.000000 1.616032 1.029738 2.130053 1.246050 0.611166
 7381200.000000 1.690828 1.185145 1.934484 1.164770 0.595699
 7382400.000000 1.660621 1.137405 1.915299 1.086870 0.599417
 7383600.000000 1.711120 1.087032 2.039276 1.062195 0.623068
 7384800.000000 1.684592 1.158198 2.156952 1.101634 0.605636
 7386000.000000 1.705173 1.123317 2.170655 1.108086 0.572507
 7387200.000000 1.721983 1.138730 1.895674 1.058692 0.587787
 7388400.000000 1.659955 1.071967 1.961633 1.064598 0.574305
 7389600.000000 1.679596 1.123419 1.947557 1.088818 0.587774
 7390800.000000 1.684734 1.220905 1.805708 1.105798 0.566193
 7392000.000000 1.711754 1.212450 2.041339 1.089645 0.612543
 7393200.000000 1.626872 1.321528 2.001662 1.175081 0.643062
 7394400.000000 1.702036 1.245828 1.872580 1.185345 0.612947
 7395600.000000 1.827994 1.082893 1.836988 1.114738 0.557950
 7396800.000000 1.686181 1.068106 1.770361 1.140540 0.573120
 7398000.000000 1.625038 1.060787 1.819837 1.150773 0.589905
 7399200.000000 1.627894 1.139896 1.787907 1.204502 0.614766
 7400400.000000 1.692512 1.283318 1.955109 1.152413 0.568081
 7401600.000000 1.699476 1.173924 1.889990 1.126004 0.560448
 7402800.000000 1.893920 1.168539 2.191112 1.222918 0.570579
 7404000.000000 1.965949 1.190345 2.033663 1.129414 0.572003
 7405200.000000 1.852264 1.117091 2.182089 1.135890 0.568028
 7406400.000000 1.723609 1.226050 2.246163 1.175019 0.618442
 7407600.000000 1.764319 1.157035 2.204590 1.181715 0.579321
 7408800.000000 1.830061 1.059595 1.984168 1.034970 0.594035
 7410000.000000 1.829850 1.082571 2.158871 1.117272 0.570094
 7411200.000000 1.769420 1.036613 2.106057 1.179295 0.595559
 7412400.000000 1.763089 1.026453 2.033246 1.084517 0.574089
 7413600.000000 2.034532 1.073430 2.030503 1.101742 0.575093
 7414800.000000 1.787210 1.150771 1.967275 1.102962 0.544222
 7416000.000000 1.775977 0.964069 1.845800 1.162281 0.577709
 7417200.000000 1.699291 1.128222 1.825408 1.133387 0.602242
 7418400.000000 1.805482 1.127318 1.854136 1.113533 0.572397
 7419600.000000 1.770023 1.106102 2.107368 1.141745 0.593213
 7420800.000000 1.783790 1.148423 1.831422 1.131083 0.572716
 7422000.000000 1.648924 1.144687 1.798754 1.148292 0.594356
 7423200.000000 1.729521 1.129384 2.088796 1.090564 0.578970
 7424400.000000 1.707755 1.120695 1.887684 1.036917 0.603851
 7425600.000000 1.709527 1.092082 2.092326 1.181143 0.600549
 7426800.000000 1.658120 1.136442 1.890317 1.073401 0.603772
 7428000.000000 1.639393 1.044461 1.999540 1.074000 0.578474
 7429200.000000 1.674291 1.167165 2.059666 1.164233 0.595002
 7430400.000000 1.656593 1.125104 1.904948 1.086449 0.583470
 7431600.000000 1.679983 1.132413 1.857129 1.116754 0.607110
 7432800.000000 1.601378 1.139018 2.039623 1.165692 0.583478
 7434000.000000 1.704053 1.148913 1.932921 1.125520 0.598640
 7435200.000000 1.674314 1.138433 1.726772 1.104479 0.582929
 7436400.000000 1.689510 1.151773 1.596607 1.196795 0.624602
 7437600.000000 1.615107 1.131427 1.978587 1.190095 0.618912
 7438800.000000 1.553091 1.265578 1.713596 1.292358 0.652191
 7440000.000000 1.591117 1.124948 1.674414 1.157413 0.586762
 7441200.000000 1.648428 1.188416 1.798412 1.217366 0.594318
 7442400.000000 1.669905 1.164115 1.709866 1.113275 0.613496
 7443600.000000 1.671879 1.066261 1.579439 1.124951 0.592604
 7444800.000000 1.617340 1.215133 1.616029 1.123870 0.587924
 7446000.000000 1.667405 1.235036 1.852654 1.086940 0.634300
 7447200.000000 1.603098 1.234532 1.770811 1.159262 0.616167
 7448400.000000 1.579446 1.209949 1.907856 1.138180 0.606658
 7449600.000000 1.573799 1.134923 1.789741 1.180635 0.616470
 7450800.000000 1.616173 1.183316 1.782128 1.134383 0.631309
 7452000.000000 1.669422 1.118635 1.977384 1.136230 0.588700
 7453200.000000 1.624466 1.166709 1.843752 1.172942 0.629870
 7454400.000000 1.602669 1.012685 1.920814 1.127219 0.580816
 7455600.000000 1.717063 1.140320 1.878221 1.111247 0.595517
 7456800.000000 1.617709 1.253732 1.901580 1.049564 0.569310
 7458000.000000 1.603730 1.140728 2.105599 1.164430 0.584417
 7459200.000000 1.643352 1.174545 1.987461 1.085517 0.649793
 7460400.000000 1.664415 1.245833 1.968808 1.131419 0.604218
 7461600.000000 1.672159 1.248737 2.062278 1.141371 0.555206
 7462800.000000 1.645955 1.271460 2.169749 1.131760 0.558380
 7464000.000000 1.692330 1.178485 1.986884 1.159072 0.603152
 7465200.000000 1.673830 1.121243 1.834293 1.194357 0.589374
 7466400.000000 1.698820 1.107398 1.961599 1.152907 0.577345
 7467600.000000 1.717237 1.086093 1.995469 1.106468 0.556054
 7468800.000000 1.683533 1.042348 2.104999 1.144834 0.582647
 7470000.000000 1.699264 1.117968 1.980046 1.177026 0.557351
 7471200.000000 1.584918 1.118403 2.068505 1.180139 0.621524
 7472400.000000 1.628843 1.099987 1.973040 1.083023 0.581971
 7473600.000000 1.788512 1.155658 1.937504 1.142935 0.613088
 7474800.000000 1.779880 1.173758 2.042345 1.124588 0.580199
 7476000.000000 1.767434 1.058628 2.016489 1.146303 0.609500
 7477200.000000 1.744722 1.118253 1.939679 1.196737 0.566582
 7478400.000000 1.847303 1.113432 2.286504 1.036748 0.602658
 7479600.000000 1.881596 1.043741 2.120444 1.056746 0.580977
 7480800.000000 1.744220 1.029980 2.083153 1.068670 0.601471
 7482000.000000 1.663677 1.029778 1.964292 1.163214 0.587179
 7483200.000000 1.766021 1.125267 1.983686 1.090525 0.622319
 7484400.000000 1.802475 1.121984 2.080840 1.193403 0.626126
 7485600.000000 1.675278 1.093653 1.884276 1.085930 0.611720
 7486800.000000 1.750610 1.137841 1.657373 1.094128 0.562755
 7488000.000000 1.784682 1.060295 1.677873 1.081465 0.569821
 7489200.000000 1.728340 0.959617 1.749605 1.162930 0.555355
 7490400.000000 1.771025 1.031997 1.915195 1.055212 0.536975
 7491600.000000 1.794198 1.156069 2.041770 1.091396 0.541091
 7492800.000000 1.836096 1.085732 1.898257 1.182998 0.655134
 7494000.000000 1.872436 1.101231 2.106424 1.124947 0.601774
 7495200.000000 1.733554 1.140152 2.045376 1.062845 0.597068
 7496400.000000 1.713308 0.974087 1.482067 1.187609 0.601878
 7497600.000000 1.782135 1.099697 1.587438 1.168068 0.610078
 7498800.000000 1.869655 1.073899 1.606381 1.119604 0.575824
 7500000.000000 1.695259 1.099496 1.604045 1.114062 0.606478
 7501200.000000 1.706263 1.029702 2.004095 1.115224 0.592909
 7502400.000000 1.831199 1.273637 1.945610 1.029044 0.598873
 7503600.000000 1.742617 1.308259 2.019880 1.112295 0.599879
 7504800.000000 1.779363 1.281648 2.130011 1.142317 0.572181
 7506000.000000 1.762201 1.125617 2.205902 1.220055 0.582969
 7507200.000000 1.874170 1.232028 1.920853 1.182185 0.593443
 7508400.000000 1.946398 1.222896 1.831090 1.100204 0.576876
 7509600.000000 1.758339 1.248765 1.622372 1.221333 0.608078
 7510800.000000 1.823492 1.220437 1.693340 1.121747 0.561719
 7512000.000000 1.803497 1.248454 1.735332 1.164711 0.585954
 7513200.000000 1.831862 1.201836 1.707315 1.170492 0.584066
 7514400.000000 1.815375 1.195578 2.354757 1.151413 0.608368
 7515600.000000 1.765018 1.175635 2.062616 1.160858 0.579069
 7516800.000000 1.707993 1.221382 2.089986 1.121567 0.583812
 7518000.000000 1.795116 1.146541 2.324590 1.111012 0.586610
 7519200.000000 1.828871 1.083810 2.248478 1.220931 0.642430
 7520400.000000 1.889075 1.032347 2.170025 1.082917 0.555256
 7521600.000000 1.848975 1.009428 1.962833 1.090240 0.576471
 7522800.000000 1.896375 1.158315 2.158462 1.174873 0.627272
 7524000.000000 1.885130 1.136874 2.217845 1.168753 0.570929
 7525200.000000 1.881848 1.224747 2.095783 1.135018 0.603486
 7526400.000000 1.941212 1.128096 2.362414 1.123660 0.599770
 7527600.000000 1.865286 1.094003 2.122890 1.078710 0.644789
 7528800.000000 1.858030 1.067466 2.220625 1.059402 0.578272
 7530000.000000 1.870053 1.095990 2.356358 1.128307 0.597731
 7531200.000000 1.873533 1.106784 2.356466 1.094311 0.572527
 7532400.000000 1.803416 1.100115 2.043372 1.179295 0.598244
 7533600.000000 1.758847 1.135867 2.054941 1.169224 0.603385
 7534800.000000 1.846968 1.143343 2.147381 1.131696 0.628819
 7536000.000000 1.752468 1.101313 2.061156 1.120896 0.626209
 7537200.000000 1.707343 1.078357 2.150887 1.155978 0.634895
 7538400.000000 1.627358 1.052932 2.175911 1.139186 0.598881
 7539600.000000 1.650011 1.126369 2.199781 1.137242 0.589623
 7540800.000000 1.578290 1.123526 2.151882 1.122539 0.564777
 7542000.000000 1.605391 1.143055 2.190735 1.094563 0.581166
 7543200.000000 1.592692 1.101387 2.194957 1.143187 0.553550
 7544400.000000 1.660391 1.226152 2.089938 1.119483 0.649565
 7545600.000000 1.742230 1.122539 2.087878 1.148082 0.676127
 7546800.000000 1.723040 1.213455 2.100466 1.223046 0.650341
 7548000.000000 1.746137 1.155369 2.442664 1.257203 0.678774
 7549200.000000 1.691581 1.132786 2.188370 1.283720 0.683969
 7550400.000000 1.781813 1.180425 2.205122 1.218935 0.655092
 7551600.000000 1.769767 1.120490 2.180185 1.174350 0.650976
 7552800.000000 1.757942 1.182090 2.353462 1.275367 0.658382
 7554000.000000 1.754919 1.163318 2.342062 1.130277 0.631947
 7555200.000000 1.739063 1.238622 2.252328 1.193873 0.604021
 7556400.000000 1.881609 1.201410 2.337928 1.144546 0.584935
 7557600.000000 1.705270 1.231404 2.378343 1.190825 0.600203
 7558800.000000 1.949546 1.202220 2.342665 1.054255 0.704011
 7560000.000000 1.882978 1.206308 2.519009 1.142018 0.686838
 7561200.000000 1.874625 1.213308 2.451741 1.090572 0.608546
 7562400.000000 1.951023 1.300305 2.415770 1.037883 0.571122
 7563600.000000 1.845605 1.232737 2.379144 1.166286 0.575755
 7564800.000000 1.906631 1.360739 2.483157 1.222526 0.627635
 7566000.000000 1.864245 1.194577 2.660922 1.196485 0.638811
 7567200.000000 1.709642 1.243779 2.530151 1.151534 0.652200
 7568400.000000 1.822655 1.315685 2.493437 1.189725 0.706248
 7569600.000000 1.675376 1.298551 2.480319 1.164172 0.621787
 7570800.000000 1.622492 1.299503 2.160180 1.226416 0.669116
 7572000.000000 1.722851 1.255333 2.295751 1.237406 0.601621
 7573200.000000 1.981610 1.362478 2.582274 1.212162 0.627085
 7574400.000000 1.933146 1.226166 2.431979 1.220062 0.643893
 7575600.000000 1.863576 1.223571 2.332243 1.165010 0.607300
 7576800.000000 1.782986 1.246169 2.549658 1.373873 0.615567
 7578000.000000 1.751611 1.271582 2.342198 1.241481 0.597935
 7579200.000000 1.734517 1.207125 2.360161 1.272901 0.621053
 7580400.000000 1.707461 1.293206 2.400443 1.165284 0.605828
 7581600.000000 1.771035 1.269807 2.454031 1.294209 0.676906
 7582800.000000 1.729754 1.311607 2.500309 1.228020 0.662172
 7584000.000000 1.793625 1.280017 2.432401 1.203007 0.642508
 7585200.000000 1.818070 1.238978 2.426134 1.144055 0.549352
 7586400.000000 1.835047 1.266133 2.470795 1.164442 0.609667
 7587600.000000 1.852323 1.157257 2.307339 1.119112 0.622985
 7588800.000000 1.872435 1.281546 2.577285 1.076882 0.672031
 7590000.000000 1.913862 1.204189 2.553758 1.136894 0.561498
 7591200.000000 1.865290 1.224993 2.561817 1.104083 0.561685
 7592400.000000 1.945005 1.222253 2.427209 1.079105 0.665545
 7593600.000000 1.970630 1.096617 2.551851 1.071415 0.682232
 7594800.000000 1.815323 1.189005 2.534580 1.163160 0.708081
 7596000.000000 1.816433 1.196391 2.489170 1.104138 0.637431
 7597200.000000 1.884943 1.256216 2.535205 1.079446 0.637234
 7598400.000000 1.780928 1.160142 2.496126 1.177872 0.629316
 7599600.000000 1.750430 1.134749 2.276590 1.131139 0.648943
 7600800.000000 1.644410 1.166076 2.396495 1.199400 0.694010
 7602000.000000 1.864859 1.221292 2.349190 1.136900 0.665966
 7603200.000000 1.792367 1.128136 2.562389 1.149796 0.683786
 7604400.000000 1.696743 1.095981 2.403279 1.133887 0.641303
 7605600.000000 1.637517 1.215030 2.353784 1.088524 0.653939
 7606800.000000 1.794908 1.193842 2.558575 1.119007 0.638548
 7608000.000000 1.663878 1.197662 2.509925 1.173812 0.661116
 7609200.000000 1.796126 1.215390 2.414190 1.210372 0.672485
 7610400.000000 1.769821 1.127441 2.611641 1.115930 0.707441
 7611600.000000 1.735701 1.124083 2.392545 1.059561 0.650760
 7612800.000000 1.785616 1.173559 2.494474 1.117770 0.675351
 7614000.000000 1.629922 1.203607 2.633125 1.225852 0.630046
 7615200.000000 1.720274 1.180470 2.551636 1.147040 0.667740
 7616400.000000 1.683772 1.152181 2.639158 1.186391 0.644699
 7617600.000000 1.722262 1.159518 2.427498 1.078150 0.585533
 7618800.000000 1.687143 1.208564 2.437962 1.159043 0.650938
 7620000.000000 1.717578 1.164571 2.475315 1.186532 0.590263
 7621200.000000 1.808079 1.116253 2.524185 1.117011 0.629526
 7622400.000000 1.828715 1.227061 2.476481 1.127152 0.640763
 7623600.000000 1.754077 1.241287 2.472589 1.118523 0.603844
 7624800.000000 1.815265 1.185885 2.428078 1.199978 0.628299
 7626000.000000 1.823571 1.228248 2.517285 1.123350 0.613155
 7627200.000000 1.718832 1.319405 2.371615 1.111868 0.598278
 7628400.000000 1.799307 1.228798 2.461767 1.139460 0.598642
 7629600.000000 1.808952 1.149868 2.491496 1.087814 0.621695
 7630800.000000 1.756282 1.173158 2.648293 1.169275 0.584224
 7632000.000000 1.748591 1.164992 2.614422 1.162487 0.588267
 7633200.000000 1.873782 1.214417 2.605407 1.154882 0.629692
 7634400.000000 1.885137 1.146990 2.533471 1.151453 0.615703
 7635600.000000 1.827712 1.193822 2.635336 1.141676 0.618727
 7636800.000000 1.722529 1.214417 2.632475 1.135444 0.598878
 7638000.000000 1.822560 1.167744 2.561933 1.179386 0.572822
 7639200.000000 1.824683 1.169985 2.777272 1.078537 0.580338
 7640400.000000 1.804490 1.240568 2.681570 1.115298 0.585998
 7641600.000000 1.681860 1.206098 2.691833 1.107749 0.604157
 7642800.000000 1.916761 1.133663 2.708582 1.157432 0.632038
 7644000.000000 1.791472 1.230604 2.605497 1.061902 0.619154
 7645200.000000 1.870503 1.130010 2.455600 1.109688 0.622611
 7646400.000000 1.826529 1.225494 2.561608 1.076119 0.667526
 7647600.000000 1.893229 1.190175 2.555528 1.071441 0.540198
 7648800.000000 1.823347 1.208688 2.495917 1.152635 0.577814
 7650000.000000 1.697805 1.237716 2.474405 1.162147 0.632915
 7651200.000000 1.782656 1.147845 2.618348 1.171301 0.598104
 7652400.000000 1.827246 1.246765 2.457141 1.118327 0.599051
 7653600.000000 1.858342 1.178795 2.478811 1.126050 0.591362
 7654800.000000 1.642787 1.172717 2.500891 1.137609 0.611038
 7656000.000000 1.672925 1.281844 2.551292 1.235017 0.624181
 7657200.000000 1.852243 1.200309 2.613810 1.158618 0.621977
 7658400.000000 1.827724 1.194712 2.624821 1.136532 0.629980
 7659600.000000 1.765049 1.254332 2.658434 1.240108 0.703896
 7660800.000000 1.816817 1.302871 2.533640 1.139851 0.626551
 7662000.000000 1.824015 1.137818 2.705688 1.148450 0.632328
 7663200.000000 1.866242 1.170863 2.728533 1.127562 0.663521
 7664400.000000 1.769932 1.153743 2.638700 1.305197 0.630137
 7665600.000000 1.762392 1.205541 2.530367 1.299828 0.617683
 7666800.000000 1.757516 1.185232 2.377740 1.191163 0.615663
 7668000.000000 1.854039 1.237204 2.460640 1.151938 0.651243
 7669200.000000 1.802324 1.334048 2.713402 1.118738 0.663740
 7670400.000000 1.726901 1.262248 2.644733 1.172657 0.598112
 7671600.000000 1.849846 1.180668 2.573975 1.163956 0.608999
 7672800.000000 1.638072 1.199015 2.551871 1.137697 0.627034
 7674000.000000 1.761692 1.205820 2.622290 1.224967 0.614967
 7675200.000000 1.821638 1.290428 2.339671 1.124250 0.639423
 7676400.000000 1.828122 1.259252 2.413673 1.135307 0.557157
 7677600.000000 1.793420 1.279801 2.403496 1.143979 0.560246
 7678800.000000 1.813532 1.199762 2.712027 1.138048 0.592694
 7680000.000000 1.689268 1.277078 2.605465 1.104617 0.633338
 7681200.000000 1.693215 1.291850 2.647899 1.154156 0.635530
 7682400.000000 1.854015 1.337557 2.544458 1.175723 0.606884
 7683600.000000 1.688197 1.292210 2.526206 1.186428 0.626823
 7684800.000000 1.656919 1.310503 2.713302 1.219286 0.610416
 7686000.000000 1.753934 1.281600 2.412896 1.188513 0.645035
 7687200.000000 1.786634 1.205085 2.318128 1.167429 0.594586
 7688400.000000 1.926778 1.211771 2.388518 1.101145 0.609471
 7689600.000000 1.745830 1.247877 2.450371 1.129846 0.608589
 7690800.000000 1.711512 1.310597 2.609164 1.191893 0.622213
 7692000.000000 1.837555 1.212700 2.400525 1.210934 0.641788
 7693200.000000 1.813120 1.176697 2.524285 1.162673 0.573577
 7694400.000000 1.644093 1.298089 2.568849 1.105769 0.634573
 7695600.000000 1.741301 1.244441 2.521229 1.135797 0.639418
 7696800.000000 1.899648 1.203614 2.619057 1.171595 0.598534
 7698000.000000 1.800779 1.216415 2.528217 1.209385 0.617426
 7699200.000000 1.786638 1.174900 2.486236 1.175259 0.601286
 7700400.000000 1.980992 1.245352 2.595646 1.197708 0.629479
 7701600.000000 1.662335 1.319377 2.448240 1.203021 0.608679
 7702800.000000 1.759255 1.325341 2.207083 1.189543 0.613979
 7704000.000000 1.717131 1.246585 2.481415 1.145394 0.634142
 7705200.000000 1.678158 1.226807 2.608729 1.087829 0.629570
 7706400.000000 1.829464 1.219401 2.275805 1.145252 0.672015
 7707600.000000 1.783807 1.233743 2.317207 1.125264 0.643106
 7708800.000000 1.898306 1.179889 2.339236 1.145207 0.689337
 7710000.000000 1.933200 1.173373 2.361187 1.143698 0.596587
 7711200.000000 1.814206 1.290505 2.295471 1.160871 0.663995
 7712400.000000 1.699845 1.315516 2.413494 1.129905 0.603521
 7713600.000000 1.805412 1.274299 2.414613 1.150820 0.619236
 7714800.000000 1.749391 1.267301 2.457877 1.167501 0.607948
 7716000.000000 1.738844 1.368289 2.384326 1.232767 0.646715
 7717200.000000 1.754328 1.167600 2.434146 1.126494 0.616179
 7718400.000000 1.784311 1.295482 2.403519 1.156136 0.648407
 7719600.000000 1.996854 1.284967 2.546457 1.142559 0.618216
 7720800.000000 1.740360 1.280941 2.479790 1.117227 0.623071
 7722000.000000 1.894108 1.212277 2.578639 1.138608 0.619008
 7723200.000000 1.806292 1.190176 2.677059 1.142778 0.670518
 7724400.000000 1.779481 1.330330 2.618780 1.117466 0.595075
 7725600.000000 1.841200 1.250946 2.422344 1.150366 0.601819
 7726800.000000 1.768886 1.236479 2.527457 1.159272 0.617947
 7728000.000000 1.765072 1.231151 2.548080 1.103899 0.608142
 7729200.000000 1.810922 1.253938 2.491146 1.128393 0.645798
 7730400.000000 1.813514 1.102537 2.521959 1.211331 0.626406
 7731600.000000 1.801102 1.126647 2.669893 1.179254 0.617741
 7732800.000000 1.685161 1.225582 2.545488 1.167158 0.624896
 7734000.000000 1.725500 1.170100 2.514451 1.132867 0.621024
 7735200.000000 1.785181 1.095800 2.731233 1.140425 0.613933
 7736400.000000 1.807685 1.121479 2.438430 1.127271 0.628840
 7737600.000000 1.746926 1.133776 2.917552 1.171198 0.619780
 7738800.000000 1.726857 1.198237 2.821983 1.187987 0.614642
 7740000.000000 1.662862 1.146353 2.859768 1.162198 0.599784
 7741200.000000 1.688008 1.050842 2.439987 1.230531 0.606135
 7742400.000000 1.804005 1.188678 2.565449 1.169650 0.620976
 7743600.000000 1.714066 1.260326 2.645978 1.206903 0.619685
 7744800.000000 1.762023 1.237317 2.750720 1.156220 0.607712
 7746000.000000 1.862269 1.120073 2.763041 1.137804 0.609431
 7747200.000000 1.762866 1.114516 2.712629 1.172430 0.624231
 7748400.000000 1.626337 1.267833 2.696520 1.189913 0.601524
 7749600.000000 1.647834 1.148930 2.731474 1.166938 0.612202
 7750800.000000 1.724991 1.213816 2.649581 1.115222 0.665286
 7752000.000000 1.584162 1.165457 2.670356 1.099517 0.585951
 7753200.000000 1.696798 1.097302 2.732621 1.165278 0.580088
 7754400.000000 1.735053 1.110684 2.714138 1.157594 0.679903
 7755600.000000 1.762636 1.088509 2.711350 1.151881 0.627024
 7756800.000000 1.755244 1.088714 2.743377 1.182836 0.610406
 7758000.000000 1.745282 1.173512 2.700572 1.158272 0.576364
 7759200.000000 1.768343 1.194398 2.591070 1.148645 0.561709
 7760400.000000 1.743414 1.123709 2.711170 1.123050 0.616676
 7761600.000000 1.733047 1.206078 2.506972 1.211756 0.589028
 7762800.000000 1.711568 1.127888 2.685907 1.104548 0.616982
 7764000.000000 1.764147 1.070900 2.765144 1.152517 0.569672
 7765200.000000 1.799267 1.109514 2.595345 1.132823 0.604564
 7766400.000000 1.710094 1.138797 2.621194 1.175407 0.606073
 7767600.000000 1.728285 1.118734 2.438606 1.161345 0.602742
 7768800.000000 1.785285 1.122156 2.629971 1.110997 0.579720
 7770000.000000 1.893147 1.030752 2.614179 1.131503 0.588038
 7771200.000000 1.768668 1.036815 2.669396 1.157063 0.609104
 7772400.000000 1.798577 1.130467 2.716131 1.152401 0.574998
 7773600.000000 1.844144 1.095450 2.696644 1.188301 0.620172
 7774800.000000 1.902542 1.074773 2.767210 1.145984 0.605211
 7776000.000000 1.914552 1.128734 2.690494 1.242241 0.608333
 7777200.000000 1.898324 1.048037 2.741231 1.189307 0.598718
 7778400.000000 1.892411 1.150814 2.825933 1.179412 0.561441
 7779600.000000 1.878977 1.117768 2.641063 1.249642 0.555754
 7780800.000000 1.914937 1.061574 2.729752 1.197112 0.543502
 7782000.000000 1.877909 1.164501 2.626756 1.183482 0.600926
 7783200.000000 1.897653 1.112708 2.385232 1.198953 0.554684
 7784400.000000 1.820757 1.113491 2.621625 1.217365 0.590914
 7785600.000000 1.971841 1.086030 2.823623 1.211989 0.592960
 7786800.000000 1.915633 1.141438 2.710113 1.161364 0.598693
 7788000.000000 1.831045 1.115229 2.408424 1.135398 0.596893
 7789200.000000 1.868728 1.122374 2.631182 1.127282 0.610482
 7790400.000000 1.909800 1.123789 2.729798 1.176604 0.598945
 7791600.000000 2.074576 1.155493 2.641435 1.137152 0.588446
 7792800.000000 1.911883 1.069813 2.700555 1.163607 0.583566
 7794000.000000 2.056951 1.180157 2.674158 1.142574 0.560808
 7795200.000000 2.013083 1.177347 2.579172 1.141624 0.574277
 7796400.000000 1.953694 1.140541 2.740426 1.175609 0.544239
 7797600.000000 1.989253 1.103247 2.564964 1.119173 0.588281
 7798800.000000 2.027415 1.136553 2.659009 1.212585 0.632745
 7800000.000000 1.969145 1.035309 2.508329 1.119789 0.552003
 7801200.000000 1.941648 0.988122 2.488012 1.037448 0.567675
 7802400.000000 1.969585 1.004006 2.483785 1.027076 0.578183
 7803600.000000 1.963175 1.019842 2.306408 1.092385 0.574092
 7804800.000000 1.855997 1.093334 2.351388 1.201556 0.594994
 7806000.000000 1.882712 1.071479 2.355918 1.091751 0.575373
 7807200.000000 1.963060 1.127927 2.451832 1.076086 0.590674
 7808400.000000 1.943886 1.119216 2.441756 1.245788 0.609974
 7809600.000000 1.833123 1.113741 2.581071 1.142562 0.650820
 7810800.000000 1.892479 1.124341 2.427976 1.200529 0.613247
 7812000.000000 1.890832 1.066479 2.440266 1.178083 0.588747
 7813200.000000 1.942747 1.129841 2.749954 1.136990 0.600962
 7814400.000000 1.867508 1.124488 2.681712 1.327327 0.762528
 7815600.000000 1.933102 1.187642 2.692333 1.142247 0.626431
 7816800.000000 1.883945 1.011593 2.370919 1.109817 0.551054
 7818000.000000 1.981892 1.130123 2.634494 1.123459 0.578589
 7819200.000000 1.781648 1.044084 2.256407 1.156809 0.586971
 7820400.000000 1.889265 1.077349 2.723823 1.148455 0.597258
 7821600.000000 1.856945 1.146758 2.699593 1.187694 0.567708
 7822800.000000 1.893303 1.106079 2.745080 1.195351 0.652293
 7824000.000000 1.920923 1.099024 2.734641 1.182371 0.567501
 7825200.000000 1.850957 1.098094 2.761151 1.241544 0.578039
 7826400.000000 1.951872 1.077928 2.968759 1.245981 0.591097
 7827600.000000 1.885607 1.063702 2.589731 1.152031 0.591932
 7828800.000000 1.823511 1.151551 2.584241 1.231715 0.584210
 7830000.000000 1.897057 1.068433 2.626391 1.168382 0.564114
 7831200.000000 1.871438 1.092630 2.917186 1.156948 0.538438
 7832400.000000 1.991918 1.128591 2.763837 1.157611 0.563351
 7833600.000000 1.820122 1.097819 2.784850 1.159101 0.593441
 7834800.000000 1.882988 1.120637 2.532238 1.124182 0.592855
 7836000.000000 1.971693 1.128354 2.788026 1.202336 0.605336
 7837200.000000 1.967383 1.133142 2.685962 1.151468 0.574020
 7838400.000000 1.952986 1.083685 2.666801 1.101392 0.618450
 7839600.000000 1.979216 1.113404 2.726933 1.119836 0.610691
 7840800.000000 1.958137 1.110246 2.578289 1.062167 0.578249
 7842000.000000 1.925537 1.148830 2.661669 1.124394 0.576892
 7843200.000000 1.998489 1.122810 2.615997 1.199681 0.611234
 7844400.000000 2.118872 1.051767 2.543284 1.205985 0.635594
 7845600.000000 1.929537 1.055800 2.442135 1.154985 0.600294
 7846800.000000 1.977038 1.036357 2.272478 1.089790 0.572472
 7848000.000000 2.000986 1.048943 2.569153 1.213254 0.640195
 7849200.000000 1.972377 1.123189 2.502974 1.069334 0.577765
 7850400.000000 1.920826 1.129581 2.346433 1.083337 0.631558
 7851600.000000 1.987266 1.109871 2.602065 1.092772 0.567891
 7852800.000000 1.898352 1.094046 2.518354 1.159910 0.585065
 7854000.000000 1.950592 1.080291 2.520192 1.135770 0.633810
 7855200.000000 1.889254 1.083473 2.469407 1.061181 0.664775
 7856400.000000 1.919280 1.092312 2.382235 1.125373 0.587883
 7857600.000000 1.918648 1.077532 2.425950 1.191482 0.579051
 7858800.000000 1.943665 1.155136 2.732100 1.229412 0.625522
 7860000.000000 1.951915 1.130793 2.450676 1.165556 0.661284
 7861200.000000 2.019916 1.145083 2.709376 1.159128 0.573181
 7862400.000000 1.834563 1.076915 2.496541 1.094538 0.578406
 7863600.000000 1.942711 1.098820 2.748371 1.162730 0.620085
 7864800.000000 1.799769 1.119330 2.200808 1.129426 0.562837
 7866000.000000 1.847919 1.075228 2.555008 1.122873 0.615081
 7867200.000000 1.901507 1.112846 2.518835 1.204836 0.585415
 7868400.000000 1.886190 1.037968 2.457659 1.165098 0.553349
 7869600.000000 1.942972 1.149799 2.460491 1.081209 0.616291
 7870800.000000 1.882549 1.134646 2.479426 1.130947 0.597014
 7872000.000000 1.934686 1.128050 2.560503 1.134421 0.587773
 7873200.000000 1.865014 1.202201 2.412830 1.180104 0.584143
 7874400.000000 1.832538 1.136666 2.382486 1.190185 0.567889
 7875600.000000 1.916358 1.094709 2.477509 1.197627 0.580049
 7876800.000000 2.026988 1.160519 2.395505 1.131379 0.617012
 7878000.000000 2.007935 1.118010 2.638744 1.052581 0.580847
 7879200.000000 1.846234 1.064568 2.368484 1.105794 0.602834
 7880400.000000 1.970306 1.005936 2.433681 1.168893 0.601797
 7881600.000000 1.963599 1.109797 2.579621 1.119743 0.596199
 7882800.000000 1.862438 1.081457 2.462653 1.218310 0.593211
 7884000.000000 1.877048 1.034188 2.284761 1.118848 0.652380
 7885200.000000 1.894291 1.065952 2.247108 1.236223 0.705377
 7886400.000000 1.839459 1.121778 2.110681 1.279820 0.623314
 7887600.000000 1.790798 1.168555 2.388189 1.291392 0.654849
 7888800.000000 1.814353 1.146534 2.309817 1.267942 0.604561
 7890000.000000 1.794373 1.056040 2.452286 1.116326 0.610542
 7891200.000000 1.822172 1.011744 2.385488 1.211379 0.617033
 7892400.000000 1.899778 0.922125 2.353842 1.147223 0.599057
 7893600.000000 1.912040 1.060365 2.468957 1.143498 0.602042
 7894800.000000 1.958472 1.147189 2.621607 1.184898 0.580248
 7896000.000000 1.879457 1.159647 2.600171 1.090629 0.661703
 7897200.000000 2.012895 1.075135 2.597010 1.143785 0.625030
 7898400.000000 1.821515 1.090382 2.305017 1.215738 0.601486
 7899600.000000 1.765609 1.168300 2.218139 1.220951 0.645150
 7900800.000000 1.857884 1.098925 2.587521 1.205265 0.610299
 7902000.000000 2.018805 1.065621 2.635318 1.237209 0.580730
 7903200.000000 1.856900 1.050416 2.509440 1.236326 0.673658
 7904400.000000 1.824675 1.074968 2.519806 1.131003 0.649112
 7905600.000000 1.940961 1.145847 2.552560 1.036580 0.618927
 7906800.000000 1.802744 1.125533 2.537383 1.216153 0.687827
 7908000.000000 1.872513 1.068863 2.661850 1.180531 0.662838
 7909200.000000 1.937002 1.102817 2.616325 1.139204 0.670730
 7910400.000000 1.847254 1.065794 2.495598 1.195304 0.628808
 7911600.000000 1.902284 1.044825 2.279652 1.010208 0.639636
 7912800.000000 1.941457 1.100461 2.597465 1.138062 0.614810
 7914000.000000 1.893167 1.091710 2.400784 1.239852 0.621247
 7915200.000000 1.949074 1.101803 2.613331 1.171822 0.560083
 7916400.000000 1.970408 1.117122 2.708460 1.020177 0.570295
 7917600.000000 2.126265 1.106029 2.826225 1.080025 0.591117
 7918800.000000 2.007216 1.069921 2.528876 1.171469 0.596781
 7920000.000000 2.030346 1.122328 2.360846 1.170003 0.612171
 7921200.000000 2.061824 1.090095 2.421747 1.150280 0.575883
 7922400.000000 2.104062 1.151764 2.422355 1.148768 0.608365
 7923600.000000 2.105055 1.080870 2.729785 1.028637 0.571405
 7924800.000000 2.038740 1.103523 2.639023 1.049662 0.583500
 7926000.000000 2.190681 1.047446 2.581806 0.983846 0.614631
 7927200.000000 1.962108 1.224207 2.625714 1.058915 0.623735
 7928400.000000 2.057874 1.106776 2.554756 1.054931 0.624079
 7929600.000000 2.051662 1.171134 2.577905 1.065990 0.578926
 7930800.000000 2.018907 1.125321 2.548010 1.101211 0.599407
 7932000.000000 2.011371 1.139222 2.575525 1.116335 0.632048
 7933200.000000 1.950778 1.100234 2.572855 1.060987 0.637017
 7934400.000000 1.911740 1.056248 2.612092 1.198637 0.555744
 7935600.000000 1.795554 1.188967 2.529722 1.099046 0.562376
 7936800.000000 1.827829 1.112381 2.522376 1.236682 0.607004
 7938000.000000 1.716765 1.164916 2.476882 1.244961 0.651414
 7939200.000000 1.721527 1.131925 2.384343 1.236463 0.632459
 7940400.000000 1.782151 1.184572 2.497634 1.207154 0.598936
 7941600.000000 1.718647 1.091524 2.160789 1.169875 0.602728
 7942800.000000 1.788993 1.138171 2.369089 1.267984 0.669346
 7944000.000000 1.700279 1.135364 2.363092 1.195506 0.690510
 7945200.000000 1.740251 1.089248 2.426829 1.236314 0.651479
 7946400.000000 1.819558 1.127508 2.560118 1.203446 0.673897
 7947600.000000 1.786091 1.161575 2.308105 1.181253 0.648036
 7948800.000000 1.708293 1.121722 2.330310 1.239160 0.685399
 7950000.000000 1.813262 1.117036 2.271884 1.283370 0.700830
 7951200.000000 1.802644 1.104226 2.294252 1.372112 0.651209
 7952400.000000 1.682051 1.117528 2.323453 1.242945 0.662263
 7953600.000000 1.777039 1.064698 2.434969 1.140321 0.612177
 7954800.000000 1.683912 1.090046 2.230764 1.206769 0.631854
 7956000.000000 1.762852 1.083640 2.278734 1.076810 0.655666
 7957200.000000 1.754378 1.149042 2.406258 1.178844 0.641692
 7958400.000000 1.765181 1.049219 2.132817 1.212411 0.590754
 7959600.000000 1.831047 1.012481 2.309723 1.197554 0.630286
 7960800.000000 1.739080 1.115501 2.316319 1.213105 0.608778
 7962000.000000 1.795034 1.061152 2.225337 1.210692 0.592477
 7963200.000000 1.714825 1.122423 2.248473 1.245807 0.635523
 7964400.000000 1.747509 1.080874 2.255821 1.195255 0.579051
 7965600.000000 1.770472 1.109814 2.304033 1.221279 0.561127
 7966800.000000 1.784431 1.174152 2.332026 1.203473 0.598737
 7968000.000000 1.712295 1.117356 2.408830 1.237067 0.610837
 7969200.000000 1.809356 1.088148 2.386795 1.244360 0.577948
 7970400.000000 1.773614 1.180783 2.397437 1.265872 0.622382
 7971600.000000 1.770515 1.132114 2.442314 1.251633 0.622771
 7972800.000000 1.758336 1.108572 2.686450 1.297937 0.624840
 7974000.000000 1.840552 1.153438 2.457233 1.328231 0.628419
 7975200.000000 1.753871 1.242751 2.429849 1.254458 0.644590
 7976400.000000 1.563296 1.218682 2.307266 1.147219 0.615433
 7977600.000000 1.672127 1.244815 2.340808 1.161897 0.681682
 7978800.000000 1.787185 1.065722 2.231011 1.047451 0.652212
 7980000.000000 1.774927 1.141003 2.378590 1.152904 0.670543
 7981200.000000 1.750394 1.109743 2.418478 1.118198 0.628215
 7982400.000000 1.734430 1.293985 2.404043 1.173438 0.618685
 7983600.000000 1.638928 1.323864 2.410051 1.200849 0.622111
 7984800.000000 1.769380 1.190701 2.465272 1.149791 0.582999
 7986000.000000 1.680141 1.215731 2.582018 1.161935 0.595048
 7987200.000000 1.722067 1.062387 2.512584 1.265923 0.607555
 7988400.000000 1.785379 1.150091 2.651650 1.154822 0.616567
 7989600.000000 1.768949 1.278382 2.591063 1.203401 0.592636
 7990800.000000 1.801917 1.063421 2.423182 1.229558 0.742589
 7992000.000000 1.815545 1.011081 2.526522 1.162534 0.659783
 7993200.000000 1.755286 1.086245 2.508231 1.280471 0.627579
 7994400.000000 1.801481 1.242569 2.611293 1.108653 0.638185
 7995600.000000 1.729695 1.035720 2.645962 1.282672 0.614622
 7996800.000000 1.801068 1.065945 2.545989 1.109455 0.567334
 7998000.000000 1.750605 1.165468 2.422714 1.162714 0.591254
 7999200.000000 1.671536 1.032890 2.258853 1.154226 0.644941
 8000400.000000 1.842922 1.034816 2.291746 1.179725 0.591145
 8001600.000000 1.806533 1.073791 2.413846 1.192132 0.648442
 8002800.000000 1.784313 1.113157 2.360709 1.211154 0.672889
 8004000.000000 1.722257 1.084850 2.485006 1.123272 0.591838
 8005200.000000 1.673924 1.150612 2.333920 1.148897 0.652187
 8006400.000000 1.738600 1.117490 2.432361 1.192835 0.611709
 8007600.000000 1.852787 1.163464 2.387838 1.165779 0.617142
 8008800.000000 1.784656 1.153719 2.408965 1.102101 0.621680
 8010000.000000 1.645825 1.148716 2.357476 1.145103 0.623695
 8011200.000000 1.827465 1.132021 2.286628 1.173870 0.663121
 8012400.000000 1.785626 1.100228 2.401725 1.164799 0.628907
 8013600.000000 1.969003 1.132538 2.361824 1.161805 0.599324
 8014800.000000 1.718206 1.018126 2.154041 1.143187 0.612665
 8016000.000000 1.610340 1.091825 2.387257 1.255314 0.623428
 8017200.000000 1.635574 1.178983 2.339325 1.175384 0.597032
 8018400.000000 1.656760 1.120299 2.370317 1.188098 0.588272
 8019600.000000 1.640700 1.079504 2.337367 1.253092 0.595340
 8020800.000000 1.625531 1.161210 2.122667 1.175939 0.603827
 8022000.000000 1.604852 1.002988 2.203558 1.198234 0.582212
 8023200.000000 1.649000 1.025492 2.282278 1.095825 0.615038
 8024400.000000 1.685664 1.040175 2.316768 1.104913 0.600056
 8025600.000000 1.743580 1.051587 2.366844 1.076095 0.648205
 8026800.000000 1.838590 1.059141 2.377848 1.010581 0.595948
 8028000.000000 1.801827 1.044912 1.943585 1.195113 0.702915
 8029200.000000 1.838869 0.965239 2.507962 1.212585 0.611132
 8030400.000000 1.795586 1.113414 2.411046 1.086571 0.573899
 8031600.000000 1.850041 1.086082 2.397105 1.129302 0.585390
 8032800.000000 1.800636 1.106749 2.450451 1.143899 0.552253
 8034000.000000 1.753726 1.049851 2.478410 1.043315 0.625156
 8035200.000000 1.754105 1.028222 2.452996 1.147141 0.605009
 8036400.000000 1.941761 1.134178 2.465366 1.104849 0.585075
 8037600.000000 1.919428 1.161258 2.392771 1.147610 0.616228
 8038800.000000 1.915328 1.093748 2.247417 1.154313 0.587893
 8040000.000000 1.966218 1.185136 2.453721 1.142039 0.594461
 8041200.000000 1.840388 1.076003 2.393869 1.156872 0.578994
 8042400.000000 2.013998 1.138211 2.437234 1.179016 0.587116
 8043600.000000 1.842988 1.147488 2.549350 1.220865 0.604385
 8044800.000000 1.882930 1.152837 2.438073 1.113625 0.616634
 8046000.000000 1.808093 1.162758 2.348981 1.154496 0.613293
 8047200.000000 1.797156 1.192141 2.160453 1.102308 0.557881
 8048400.000000 1.811903 1.208962 2.474399 1.135967 0.637775
 8049600.000000 1.759962 1.112792 2.458869 1.102260 0.595495
 8050800.000000 1.856753 1.116776 2.444202 1.231734 0.583384
 8052000.000000 1.753532 1.173413 2.281827 1.195007 0.605840
 8053200.000000 1.734844 1.202475 2.487816 1.140502 0.659645
 8054400.000000 1.727140 1.091902 2.415041 1.127239 0.605550
 8055600.000000 1.735105 1.153785 2.422451 1.111515 0.607969
 8056800.000000 1.807675 1.101000 2.369822 1.123874 0.579478
 8058000.000000 1.757720 1.085316 2.079954 1.115403 0.608368
 8059200.000000 1.839624 1.107966 2.296918 1.146829 0.614915
 8060400.000000 1.710492 1.062375 2.263547 1.182682 0.572357
 8061600.000000 1.739819 1.116853 2.159335 1.095385 0.574273
 8062800.000000 1.719010 1.122264 2.476671 1.137753 0.628339
 8064000.000000 1.871576 1.122702 2.419832 1.143206 0.593623
 8065200.000000 1.916920 1.104859 2.100039 1.081812 0.635083
 8066400.000000 1.813163 1.095301 2.300958 1.198797 0.615414
 8067600.000000 1.857313 1.116304 2.002755 1.241119 0.620756
 8068800.000000 1.893130 1.139151 2.251960 1.236440 0.595527
 8070000.000000 1.771492 1.136152 2.254202 1.166741 0.583964
 8071200.000000 1.699487 1.142024 2.465002 1.045673 0.635492
 8072400.000000 1.660108 1.140257 2.513330 1.204896 0.624227
 8073600.000000 1.756205 1.076296 2.350864 1.193110 0.571266
 8074800.000000 1.794823 1.077535 2.459050 1.164501 0.618634
 8076000.000000 1.756254 1.121267 2.348404 1.124974 0.627923
 8077200.000000 1.804150 1.090639 2.311392 1.193621 0.621971
 8078400.000000 1.724372 1.154522 2.398351 1.176624 0.629746
 8079600.000000 1.817794 1.070206 2.479644 1.173571 0.581458
 8080800.000000 1.745691 1.115561 2.480402 1.154300 0.567347
 8082000.000000 1.813565 1.094104 2.385681 1.181068 0.579996
 8083200.000000 1.806698 1.038001 2.472186 1.148799 0.569756
 8084400.000000 1.860153 1.050776 2.319268 1.144623 0.633706
 8085600.000000 1.862781 1.017138 2.611518 1.069281 0.640302
 8086800.000000 1.860169 1.079375 2.410990 1.113028 0.707386
 8088000.000000 1.891073 1.014616 1.946407 1.117758 0.638285
 8089200.000000 1.846707 1.030802 2.163665 1.136743 0.680650
 8090400.000000 1.844293 1.000017 2.276951 1.063161 0.681513
 8091600.000000 1.973933 0.995129 2.335601 0.978719 0.653705
 8092800.000000 1.873581 1.004494 2.276244 1.107989 0.680975
 8094000.000000 1.868781 1.001943 2.322021 1.114766 0.691563
 8095200.000000 1.824212 0.926745 2.353836 1.080593 0.642983
 8096400.000000 1.638571 1.027441 2.100405 1.030332 0.567372
 8097600.000000 1.758980 1.117204 2.151012 1.230686 0.637309
 8098800.000000 1.825653 0.961679 2.247496 1.200831 0.601161
 8100000.000000 1.793064 1.118744 2.258390 1.198340 0.587076
 8101200.000000 1.753282 1.170908 2.472677 1.157810 0.592627
 8102400.000000 1.835870 1.130547 2.484402 1.209774 0.598744
 8103600.000000 1.681534 1.157409 2.506008 1.304066 0.657211
 8104800.000000 1.811848 1.139986 2.184027 1.142811 0.585692
 8106000.000000 1.883095 1.152414 2.362671 1.234301 0.638142
 8107200.000000 1.771668 1.063555 2.351543 1.189036 0.652958
 8108400.000000 1.806119 1.104295 2.424336 1.284049 0.629800
 8109600.000000 1.883000 1.128071 2.388525 1.218282 0.601878
 8110800.000000 1.916601 1.094821 2.397517 1.168313 0.614650
 8112000.000000 1.771129 1.085037 2.426334 1.141706 0.598635
 8113200.000000 1.927403 1.117491 2.404765 1.173744 0.582944
 8114400.000000 1.877076 1.206834 2.462127 1.132376 0.569463
 8115600.000000 1.865783 1.108016 2.520699 1.179407 0.723498
 8116800.000000 1.974123 1.118554 2.445000 1.139004 0.639957
 8118000.000000 1.902349 1.110133 2.422483 1.199410 0.621265
 8119200.000000 1.846757 1.124458 2.321423 1.249919 0.586743
 8120400.000000 1.817624 1.108357 2.368595 1.190884 0.612184
 8121600.000000 1.817010 1.108598 2.225965 1.157866 0.635949
 8122800.000000 1.803245 1.175923 2.460234 1.181164 0.655161
 8124000.000000 1.817369 1.142409 2.287128 1.097842 0.652519
 8125200.000000 1.928558 1.151130 2.464832 1.115795 0.670413
 8126400.000000 1.812107 1.094820 2.394209 1.173026 0.614268
 8127600.000000 1.875748 1.152270 2.460847 1.162780 0.660711
 8128800.000000 1.758606 1.142827 2.584548 1.154096 0.643623
 8130000.000000 1.727576 1.130916 2.561482 1.145264 0.665706
 8131200.000000 1.808246 1.084164 2.503331 1.117363 0.620856
 8132400.000000 1.794463 1.195679 2.418159 1.127991 0.639306
 8133600.000000 1.731234 1.125910 2.400675 1.152065 0.595503
 8134800.000000 1.835354 1.097899 2.504172 1.273244 0.620677
 8136000.000000 1.730117 1.074905 2.384358 1.146606 0.636581
 8137200.000000 1.915630 1.149478 2.572536 1.138208 0.634603
 8138400.000000 1.787052 1.043207 2.627656 1.111909 0.586471
 8139600.000000 1.864083 1.238611 2.761551 1.189653 0.553285
 8140800.000000 1.921066 1.296248 2.486426 1.098312 0.583782
 8142000.000000 1.783599 1.195516 2.551429 1.187563 0.577561
 8143200.000000 1.902296 1.075819 2.402766 1.109535 0.573082
 8144400.000000 1.812573 1.160909 2.512772 1.177158 0.606489
 8145600.000000 1.745242 1.064761 2.451933 1.210493 0.621327
 8146800.000000 1.658428 1.264569 2.713468 1.116177 0.581866
 8148000.000000 1.802450 1.217662 2.379949 1.210274 0.658985
 8149200.000000 1.791331 1.289636 2.322502 1.173595 0.591519
 8150400.000000 1.769265 1.209124 2.360272 1.252244 0.607000
 8151600.000000 1.834131 1.157567 2.476464 1.181970 0.560660
 8152800.000000 1.922508 1.112361 2.404274 0.992560 0.641778
 8154000.000000 1.886802 1.097648 2.347861 1.059735 0.664797
 8155200.000000 1.851718 1.129082 2.353018 1.105012 0.559082
 8156400.000000 1.613150 1.163136 2.423097 1.097403 0.564630
 8157600.000000 1.757360 1.248857 2.549974 1.061269 0.599461
 8158800.000000 1.779324 1.094394 2.546264 1.143201 0.598661
 8160000.000000 1.769427 1.091061 2.416808 1.055779 0.623330
 8161200.000000 1.776990 1.148037 2.660425 1.040645 0.572847
 8162400.000000 1.744132 1.148454 2.693672 1.106831 0.605863
 8163600.000000 1.746330 1.088429 2.833943 1.129552 0.603908
 8164800.000000 1.760368 1.093505 2.735681 1.130083 0.607462
 8166000.000000 1.825905 1.196922 2.570951 1.094301 0.631617
 8167200.000000 1.704710 1.072138 2.666426 1.111907 0.591366
 8168400.000000 1.888901 1.187305 2.711991 1.037040 0.642664
 8169600.000000 1.801094 1.132970 2.875455 1.018812 0.659093
 8170800.000000 1.835052 1.118417 2.682890 1.048684 0.590456
 8172000.000000 1.828620 1.163071 2.883209 1.085861 0.610321
 8173200.000000 1.739929 1.114053 2.820080 1.137266 0.622728
 8174400.000000 1.717811 1.107139 2.656009 1.155726 0.610866
 8175600.000000 1.745466 1.149088 2.462726 0.987464 0.624872
 8176800.000000 1.770369 1.078716 2.588949 1.090041 0.627585
 8178000.000000 1.829493 1.169580 2.614765 1.134558 0.601774
 8179200.000000 1.765853 1.032104 2.529146 1.116818 0.670586
 8180400.000000 1.824762 1.165069 2.501621 1.161346 0.632160
 8181600.000000 1.855858 1.111767 2.663196 1.140968 0.660777
 8182800.000000 1.720137 1.087089 2.635530 1.111688 0.623244
 8184000.000000 1.856652 1.098753 2.563190 1.051761 0.667651
 8185200.000000 1.774816 1.092982 2.638205 1.130347 0.633945
 8186400.000000 1.749513 1.184833 2.691521 1.029252 0.638081
 8187600.000000 1.884966 1.135016 2.886453 1.092064 0.646472
 8188800.000000 1.845155 1.101303 2.823553 1.116730 0.630780
 8190000.000000 1.808777 1.085543 2.764105 1.099581 0.619138
 8191200.000000 1.823001 1.194163 2.699358 1.092118 0.632911
 8192400.000000 1.808282 1.133020 2.519582 1.033864 0.614347
 8193600.000000 1.998141 1.066317 2.818816 1.050129 0.636512
 8194800.000000 1.761315 1.148396 2.849145 1.125106 0.642872
 8196000.000000 1.869972 1.112826 2.778650 1.130320 0.656336
 8197200.000000 1.992643 1.180453 2.680212 1.137805 0.643280
 8198400.000000 1.826165 1.170139 2.597513 1.150863 0.666690
 8199600.000000 1.754816 1.086433 2.478564 1.112423 0.655869
 8200800.000000 1.961545 1.072417 2.754319 1.152787 0.674367
 8202000.000000 1.891226 1.127750 2.657060 1.164896 0.674894
 8203200.000000 2.035690 1.154983 2.802989 1.013718 0.652986
 8204400.000000 2.017508 1.214373 2.894541 1.067448 0.672294
 8205600.000000 1.969022 1.043245 2.718630 1.082756 0.615847
 8206800.000000 1.914978 1.108367 2.881465 1.028279 0.647934
 8208000.000000 1.878712 1.110217 2.814783 1.063354 0.626783
 8209200.000000 1.861285 1.031904 2.629400 1.094219 0.661924
 8210400.000000 1.965304 1.081409 2.771720 1.054468 0.660624
 8211600.000000 1.894922 1.067851 2.721268 1.097800 0.663981
 8212800.000000 1.890269 1.127114 2.836508 1.061889 0.644847
 8214000.000000 1.750802 1.244901 2.562829 1.192418 0.624286
 8215200.000000 1.675813 1.284243 2.764518 1.218238 0.624917
 8216400.000000 1.860929 1.159587 2.824932 1.123705 0.664977
 8217600.000000 1.775279 1.185278 2.696708 1.156952 0.592824
 8218800.000000 1.896609 1.228299 2.791481 1.064825 0.626572
 8220000.000000 1.975593 1.185540 2.735711 0.982519 0.662627
 8221200.000000 1.910891 1.215391 2.843686 1.086312 0.640311
 8222400.000000 1.679579 1.240665 2.839412 1.162131 0.641686
 8223600.000000 1.770104 1.147909 2.705714 1.136169 0.608954
 8224800.000000 1.728789 1.157368 2.757602 1.017766 0.642933
 8226000.000000 1.897241 1.163169 2.809866 1.076528 0.633120
 8227200.000000 1.793306 1.117249 2.684846 1.096114 0.633086
 8228400.000000 1.808774 1.116035 2.607953 1.063246 0.699225
 8229600.000000 1.717045 1.111402 2.714185 1.069105 0.609857
 8230800.000000 1.641912 1.300166 2.718896 1.092928 0.638224
 8232000.000000 1.696840 1.117495 2.603312 1.096856 0.603739
 8233200.000000 1.704776 1.158116 2.775188 1.174337 0.633386
 8234400.000000 1.808595 1.142363 2.712597 1.152239 0.627097
 8235600.000000 1.674031 1.309303 2.528818 1.088646 0.664388
 8236800.000000 1.741915 1.190152 2.510617 1.062720 0.664834
 8238000.000000 1.782966 1.149766 2.601290 1.139109 0.609141
 8239200.000000 1.800734 1.211455 2.627302 1.183330 0.616366
 8240400.000000 1.796593 1.271181 2.708792 1.169916 0.608772
 8241600.000000 1.711866 1.120165 2.334947 1.112032 0.655554
 8242800.000000 1.786283 1.189197 2.773243 1.144873 0.615853
 8244000.000000 1.788044 1.157890 2.563128 1.036502 0.625615
 8245200.000000 1.689648 1.198459 2.557477 1.140545 0.667624
 8246400.000000 1.712706 1.233744 2.667743 1.159630 0.690280
 8247600.000000 1.787771 1.116091 2.505012 1.134608 0.622344
 8248800.000000 1.756326 1.178735 2.440885 1.106399 0.595436
 8250000.000000 1.860325 1.190655 2.532428 1.129686 0.605475
 8251200.000000 1.783809 1.231485 2.681927 1.095556 0.588716
 8252400.000000 1.667369 1.299344 2.646316 1.085597 0.630432
 8253600.000000 1.755013 1.203560 2.684632 1.101512 0.622910
 8254800.000000 1.663151 1.469049 2.701550 1.162177 0.605750
 8256000.000000 1.726671 1.256572 2.724621 1.100518 0.662778
 8257200.000000 1.767944 1.221364 2.822554 1.091976 0.642312
 8258400.000000 1.724432 1.236334 2.607266 1.109479 0.681998
 8259600.000000 1.672213 1.306466 2.738079 1.155779 0.615003
 8260800.000000 1.717796 1.186828 2.491830 1.107982 0.614579
 8262000.000000 1.638080 1.160290 2.608250 1.125786 0.691793
 8263200.000000 1.679616 1.161761 2.555108 1.141470 0.705126
 8264400.000000 1.608308 1.161558 2.535755 1.141199 0.661076
 8265600.000000 1.947864 1.087135 2.491855 1.046281 0.651772
 8266800.000000 1.690755 1.171309 2.611046 1.108670 0.631211
 8268000.000000 1.870550 1.200605 2.477599 1.110593 0.615898
 8269200.000000 1.815103 1.158080 2.579434 1.173934 0.561939
 8270400.000000 1.883697 1.104454 2.605678 1.182033 0.620568
 8271600.000000 1.830810 1.194263 2.446397 1.235179 0.600195
 8272800.000000 1.775833 1.209274 2.515818 1.157660 0.629354
 8274000.000000 1.637476 1.227955 2.365865 1.141487 0.623788
 8275200.000000 1.806583 1.272073 2.372191 1.165444 0.618168
 8276400.000000 1.744251 1.174036 2.410706 1.144600 0.598842
 8277600.000000 1.726041 1.181140 2.432646 1.141714 0.581210
 8278800.000000 1.750699 1.198683 2.372662 1.179019 0.636239
 8280000.000000 1.838757 1.177984 2.485081 1.082214 0.605504
 8281200.000000 1.676566 1.224863 2.580016 1.129082 0.644767
 8282400.000000 1.858256 1.174108 2.551452 1.123788 0.630050
 8283600.000000 1.771843 1.228949 2.632356 1.117340 0.605371
 8284800.000000 1.801096 1.221141 2.394568 1.093603 0.607529
 8286000.000000 1.912637 1.241930 2.451368 1.159952 0.613497
 8287200.000000 1.886386 1.224520 2.467670 1.139598 0.609178
 8288400.000000 1.877639 1.249938 2.509239 1.143036 0.664106
 8289600.000000 1.700957 1.295520 2.507008 1.210393 0.631916
 8290800.000000 1.813466 1.287475 2.551053 1.150867 0.638418
 8292000.000000 1.926130 1.158018 2.601161 1.151830 0.642117
 8293200.000000 1.780716 1.134137 2.462359 1.148237 0.672087
 8294400.000000 1.868571 1.165337 2.453217 1.168281 0.660844
 8295600.000000 1.844801 1.182872 2.432143 1.106215 0.637070
 8296800.000000 1.756648 1.160976 2.492657 1.136781 0.667422
 8298000.000000 1.807600 1.178191 2.592864 1.111626 0.609845
 8299200.000000 1.838244 1.239498 2.606165 1.087349 0.599616
 8300400.000000 1.936878 1.196854 2.722495 1.113877 0.610628
 8301600.000000 1.823389 1.197003 2.608050 1.183968 0.601553
 8302800.000000 1.814992 1.327712 2.817652 1.183967 0.592950
 8304000.000000 1.743452 1.244757 2.690144 1.124947 0.575375
 8305200.000000 1.784707 1.188219 2.509197 1.169399 0.587351
 8306400.000000 1.771111 1.171984 2.339297 1.106315 0.611982
 8307600.000000 1.836924 1.226501 2.478083 1.163031 0.627521
 8308800.000000 1.806356 1.243011 2.325179 1.128485 0.605843
 8310000.000000 1.728424 1.171307 2.347857 1.124613 0.567092
 8311200.000000 1.825073 1.297032 2.383575 1.121249 0.617446
 8312400.000000 1.793783 1.319048 2.509840 1.087382 0.661998
 8313600.000000 1.855121 1.327285 2.345689 1.064744 0.579657
 8314800.000000 2.019497 1.321698 2.593839 1.094624 0.640244
 8316000.000000 1.865499 1.321336 2.652146 1.165125 0.602887
 8317200.000000 1.967950 1.264515 2.690504 1.135309 0.541138
 8318400.000000 2.001084 1.343842 2.432696 1.178717 0.586645
 8319600.000000 1.993892 1.340213 2.535686 1.056072 0.573560
 8320800.000000 2.114739 1.166741 2.589543 1.211830 0.601244
 8322000.000000 2.003820 1.234726 2.358529 1.163401 0.591087
 8323200.000000 2.073053 1.207535 2.704964 1.121145 0.625873
 8324400.000000 2.089968 1.172008 2.732253 1.095372 0.603975
 8325600.000000 2.058070 1.234058 2.665037 1.073557 0.613722
 8326800.000000 2.098866 1.284072 2.616203 1.122392 0.607477
 8328000.000000 1.967188 1.280613 2.727950 1.099027 0.569589
 8329200.000000 2.062412 1.258353 2.683207 1.131070 0.608346
 8330400.000000 2.095360 1.237288 2.731864 1.250946 0.614804
 8331600.000000 2.059012 1.238719 2.883413 1.122938 0.587287
 8332800.000000 2.051768 1.324730 2.790374 1.089862 0.588726
 8334000.000000 2.106323 1.216416 2.614852 1.115790 0.588460
 8335200.000000 2.115414 1.171888 2.852152 1.072967 0.568245
 8336400.000000 2.158238 1.280068 2.654317 1.074016 0.576286
 8337600.000000 2.092767 1.255542 2.780973 1.134617 0.610197
 8338800.000000 2.040245 1.310281 2.648200 1.069482 0.574142
 8340000.000000 1.962026 1.233560 2.658248 1.101432 0.577314
 8341200.000000 2.064873 1.199015 2.716183 1.159666 0.571541
 8342400.000000 2.080814 1.150390 2.757749 1.065059 0.584970
 8343600.000000 2.026241 1.205760 2.769866 1.146723 0.560736
 8344800.000000 2.210992 1.265330 2.900203 1.145154 0.606440
 8346000.000000 2.226241 1.192123 2.621937 1.166322 0.575612
 8347200.000000 2.092332 1.275160 2.722670 1.115953 0.599059
 8348400.000000 2.046432 1.108752 2.604127 1.147371 0.600909
 8349600.000000 2.096572 1.186283 2.393303 1.137365 0.587851
 8350800.000000 1.924718 1.229367 2.480855 1.165987 0.597921
 8352000.000000 2.071586 1.294756 2.281129 1.183639 0.600015
 8353200.000000 1.961489 1.242437 2.362083 1.241753 0.596955
 8354400.000000 1.935539 1.180912 2.412730 1.187786 0.597779
 8355600.000000 1.905979 1.236958 2.669756 1.166027 0.590137
 8356800.000000 1.984898 1.112497 2.406177 1.144937 0.602861
 8358000.000000 2.054611 1.197047 2.476439 1.216806 0.594746
 8359200.000000 2.026214 1.262547 2.560991 1.287818 0.609494
 8360400.000000 1.957607 1.262196 2.488121 1.268600 0.630828
 8361600.000000 1.967347 1.181364 2.541495 1.133302 0.578799
 8362800.000000 1.998084 1.207618 2.573533 1.172003 0.593905
 8364000.000000 2.084035 1.248270 2.627865 1.081192 0.585834
 8365200.000000 2.044220 1.190460 2.578650 1.146227 0.589458
 8366400.000000 2.044119 1.179435 2.736074 1.139825 0.575174
 8367600.000000 2.081943 1.202685 2.827009 1.106362 0.584648
 8368800.000000 1.983491 1.244033 2.544459 1.095098 0.595138
 8370000.000000 1.977662 1.221344 2.509065 1.123180 0.566108
 8371200.000000 1.880938 1.204697 2.539909 1.175539 0.582637
 8372400.000000 1.921892 1.149207 2.468032 1.201224 0.595329
 8373600.000000 2.043047 1.187391 2.593138 1.081514 0.621391
 8374800.000000 1.956801 1.149517 2.484563 1.146302 0.641063
 8376000.000000 2.055246 1.237536 2.478862 1.123131 0.628661
 8377200.000000 2.058950 1.175109 2.543156 1.092352 0.644689
 8378400.000000 1.985338 1.289951 2.454700 1.133962 0.683294
 8379600.000000 1.999185 1.231634 2.623543 1.166652 0.568890
 8380800.000000 2.024546 1.183920 2.679057 1.119342 0.572411
 8382000.000000 1.985104 1.322753 2.811226 1.130587 0.570025
 8383200.000000 1.994679 1.230485 2.635957 1.136555 0.615202
 8384400.000000 1.975618 1.100117 2.737377 1.176574 0.608970
 8385600.000000 1.848851 1.266448 2.494329 1.158655 0.607092
 8386800.000000 1.946005 1.185345 2.509139 1.117449 0.589440
 8388000.000000 1.907296 1.178519 2.519434 1.112696 0.642328
 8389200.000000 1.948592 1.245748 2.647685 1.127679 0.579570
 8390400.000000 2.034606 1.130033 2.497034 1.134920 0.583351
 8391600.000000 1.913244 1.091332 2.573871 1.178231 0.626753
 8392800.000000 1.937275 1.289058 2.744236 1.122857 0.597267
 8394000.000000 1.977299 1.225901 2.679711 1.108704 0.620884
 8395200.000000 1.866757 1.326109 2.674320 1.146726 0.610180
 8396400.000000 1.902097 1.365308 2.612680 1.178099 0.602288
 8397600.000000 1.957050 1.230030 2.677474 1.191416 0.611421
 8398800.000000 1.898291 1.231594 2.596303 1.146700 0.597426
 8400000.000000 1.938802 1.206551 2.456847 1.208531 0.583668
 8401200.000000 1.945417 1.205155 2.373883 1.138811 0.586715
 8402400.000000 1.889734 1.265439 2.613527 1.136319 0.596485
 8403600.000000 1.860818 1.159474 2.584085 1.152954 0.575586
 8404800.000000 1.976782 1.170757 2.528866 1.066722 0.563529
 8406000.000000 2.007895 1.218327 2.512728 1.104964 0.597880
 8407200.000000 2.028914 1.237852 2.644892 1.125818 0.604611
 8408400.000000 1.966976 1.194006 2.493635 1.184314 0.583537
 8409600.000000 2.045836 1.336007 2.519124 1.139750 0.608908
 8410800.000000 2.034692 1.294453 2.576202 1.148186 0.627530
 8412000.000000 1.886197 1.143799 2.607593 1.145049 0.574098
 8413200.000000 1.973412 1.235240 2.771513 1.071047 0.613572
 8414400.000000 1.951176 1.170775 2.708850 1.138520 0.639059
 8415600.000000 2.025329 1.215518 2.412975 1.177131 0.615177
 8416800.000000 2.008223 1.101391 2.458783 1.149817 0.573272
 8418000.000000 1.850295 1.245442 2.552024 1.160912 0.593206
 8419200.000000 1.849438 1.188435 2.518748 1.090980 0.560983
 8420400.000000 1.950093 1.264723 2.462776 1.144823 0.579533
 8421600.000000 1.870309 1.231322 2.560858 1.171587 0.634781
 8422800.000000 1.914012 1.229256 2.657484 1.127578 0.625302
 8424000.000000 1.983459 1.254347 2.391245 1.144124 0.578814
 8425200.000000 2.068981 1.122691 2.443044 1.165974 0.594736
 8426400.000000 2.092698 1.334845 2.598880 1.107904 0.580703
 8427600.000000 2.083554 1.295532 2.495821 1.117724 0.594315
 8428800.000000 1.931853 1.255021 2.475213 1.149140 0.583653
 8430000.000000 2.052688 1.255138 2.619173 1.150872 0.614957
 8431200.000000 2.025588 1.246055 2.355030 1.168854 0.569818
 8432400.000000 2.043622 1.317099 2.552903 1.095214 0.596568
 8433600.000000 1.924060 1.369072 2.657305 1.177317 0.571442
 8434800.000000 1.951514 1.311928 2.589223 1.136639 0.596301
 8436000.000000 1.953647 1.304717 2.540216 1.097047 0.582341
 8437200.000000 1.978429 1.242999 2.613058 1.186371 0.592775
 8438400.000000 2.193234 1.200554 2.370879 1.158500 0.605888
 8439600.000000 2.022581 1.182151 2.405835 1.095368 0.611773
 8440800.000000 1.764345 1.233445 2.391679 1.163340 0.612349
 8442000.000000 1.860765 1.299980 2.592892 1.185189 0.629453
 8443200.000000 1.860218 1.257314 2.546435 1.195935 0.620732
 8444400.000000 1.730311 1.247847 2.358926 1.145878 0.590176
 8445600.000000 1.726299 1.334947 2.430680 1.115908 0.598230
 8446800.000000 1.809982 1.199391 2.354584 1.125847 0.647125
 8448000.000000 1.739928 1.235104 2.360646 1.122525 0.599261
 8449200.000000 1.793016 1.244767 2.231092 1.282966 0.627313
 8450400.000000 1.713974 1.227268 2.264881 1.124866 0.575888
 8451600.000000 1.714345 1.120203 2.606565 1.114527 0.596316
 8452800.000000 1.788031 1.179457 2.394314 1.082737 0.609133
 8454000.000000 1.799933 1.122885 2.443224 1.127552 0.620797
 8455200.000000 1.956204 1.167657 2.542266 1.155351 0.599534
 8456400.000000 1.921829 1.133918 2.546455 1.157872 0.596648
 8457600.000000 1.866710 1.169959 2.380789 1.288977 0.620955
 8458800.000000 1.725049 1.176817 2.470896 1.155728 0.591110
 8460000.000000 1.953767 1.205536 2.475378 1.277178 0.593477
 8461200.000000 1.924009 1.147184 2.421938 1.289913 0.603090
 8462400.000000 1.922774 1.190351 2.335374 1.101422 0.564988
 8463600.000000 1.903291 1.131697 2.523512 1.135062 0.578108
 8464800.000000 1.812653 1.129674 2.301335 1.185826 0.572820
 8466000.000000 1.741464 1.164445 2.308001 1.133312 0.583997
 8467200.000000 1.831072 1.207436 2.378503 1.257377 0.617894
 8468400.000000 1.767831 1.266668 2.386867 1.259534 0.642800
 8469600.000000 1.930036 1.230480 2.198146 1.153298 0.619155
 8470800.000000 1.985982 1.192271 2.556217 1.282576 0.619088
 8472000.000000 1.834716 1.043767 2.722472 1.124509 0.570609
 8473200.000000 1.835711 1.073854 2.497330 1.103921 0.539883
 8474400.000000 1.837565 1.112260 2.508290 1.108189 0.605332
 8475600.000000 2.075929 1.149059 2.450499 1.063811 0.662351
 8476800.000000 1.881128 1.072202 2.560992 1.106267 0.588590
 8478000.000000 1.965135 1.080945 2.471678 1.133295 0.610123
 8479200.000000 2.029716 1.112394 2.625274 1.066084 0.593030
 8480400.000000 1.968255 1.076692 2.776029 1.090231 0.589667
 8481600.000000 2.070592 1.114212 2.682347 1.116081 0.572534
 8482800.000000 1.986018 1.202175 2.540554 1.131728 0.589629
 8484000.000000 2.012179 1.145274 2.541842 1.112578 0.590838
 8485200.000000 1.882219 1.296619 2.634180 1.108738 0.597881
 8486400.000000 1.897443 1.227650 2.364218 1.111374 0.556827
 8487600.000000 1.937038 1.129241 2.557743 1.073900 0.566525
 8488800.000000 1.935108 1.144705 2.597677 1.182958 0.597278
 8490000.000000 1.899696 1.173081 2.561431 1.168118 0.618281
 8491200.000000 1.916875 1.134746 2.536201 1.138065 0.565845
 8492400.000000 1.948051 1.174967 2.554340 1.178989 0.571859
 8493600.000000 1.955223 1.160312 2.537881 1.127791 0.586666
 8494800.000000 1.768859 1.169421 2.605043 1.179223 0.569061
 8496000.000000 1.795971 1.114815 2.447995 1.157959 0.621338
 8497200.000000 1.726799 1.107448 2.421025 0.996635 0.697309
 8498400.000000 1.776030 1.094291 2.648605 1.071601 0.622545
 8499600.000000 1.728816 1.118838 2.261217 1.112381 0.677702
 8500800.000000 1.742173 1.132185 2.483548 1.097145 0.605174
 8502000.000000 1.835913 1.173681 2.367751 1.166878 0.580323
 8503200.000000 1.840486 1.123128 2.478253 1.182227 0.598225
 8504400.000000 1.844060 1.143889 2.350689 1.135577 0.576764
 8505600.000000 1.882548 1.231390 2.387634 1.198395 0.600267
 8506800.000000 1.983103 1.197108 2.601775 1.199467 0.579417
 8508000.000000 1.908834 1.205941 2.649875 1.193974 0.635373
 8509200.000000 1.887091 1.316655 2.728256 1.186700 0.605747
 8510400.000000 1.813985 1.231881 2.585236 1.179037 0.627049
 8511600.000000 1.811506 1.172139 2.506868 1.192055 0.567555
 8512800.000000 1.887593 1.206250 2.509646 1.159917 0.585948
 8514000.000000 1.881760 1.121415 2.510057 1.110872 0.600839
 8515200.000000 1.789763 1.134902 2.588024 1.169762 0.570836
 8516400.000000 1.788596 1.210251 2.649530 1.188294 0.577285
 8517600.000000 1.940512 1.154822 2.545395 1.151149 0.590595
 8518800.000000 1.800915 1.224226 2.775409 1.149156 0.577028
 8520000.000000 1.756832 1.294481 2.614025 1.112310 0.557352
 8521200.000000 1.818758 1.170437 2.636262 1.170463 0.559884
 8522400.000000 1.717597 1.266877 2.598121 1.169640 0.589426
 8523600.000000 1.724713 1.184831 2.410837 1.141384 0.599120
 8524800.000000 1.866360 1.203261 2.400346 1.142276 0.617168
 8526000.000000 1.682638 1.172228 2.400587 1.171407 0.609994
 8527200.000000 1.668421 1.311453 2.503233 1.112921 0.629186
 8528400.000000 1.728607 1.217017 2.376378 1.094229 0.615017
 8529600.000000 1.827695 1.316838 2.580408 1.132259 0.612200
 8530800.000000 1.630162 1.159909 2.700678 1.129062 0.621647
 8532000.000000 1.689275 1.175477 2.512652 1.147554 0.605945
 8533200.000000 1.773224 1.211165 2.629284 1.158016 0.593227
 8534400.000000 1.737233 1.209927 2.565191 1.173228 0.626795
 8535600.000000 1.885106 1.198995 2.603130 1.117118 0.587660
 8536800.000000 1.754351 1.139001 2.665696 1.104120 0.631405
 8538000.000000 1.849552 1.162960 2.745971 1.154929 0.626211
 8539200.000000 1.812749 1.208018 2.585142 1.236211 0.616010
 8540400.000000 1.725675 1.107843 2.620909 1.111612 0.592023
 8541600.000000 1.657572 1.265158 2.559618 1.145768 0.604123
 8542800.000000 1.627968 1.215637 2.696466 1.165240 0.605069
 8544000.000000 1.656683 1.160091 2.625598 1.137072 0.612687
 8545200.000000 1.665866 1.121126 2.493507 1.144506 0.625420
 8546400.000000 1.635832 1.079087 2.588593 1.073118 0.630965
 8547600.000000 1.745317 1.154265 2.595249 1.133418 0.583572
 8548800.000000 1.587868 1.169042 2.462351 1.083172 0.676043
 8550000.000000 1.685444 1.092697 2.479189 1.143569 0.627306
 8551200.000000 1.788700 1.189367 2.451663 1.091950 0.639430
 8552400.000000 1.756905 1.166443 2.618979 1.156834 0.620204
 8553600.000000 1.642681 1.165013 2.705801 1.073661 0.648962
 8554800.000000 1.724691 1.264948 2.501293 1.116137 0.624833
 8556000.000000 1.691155 1.103176 2.655070 1.120316 0.682973
 8557200.000000 1.695297 1.073448 2.627050 1.063622 0.598308
 8558400.000000 1.731860 1.180603 2.563092 1.080798 0.604205
 8559600.000000 1.723100 1.091650 2.419718 1.159722 0.576045
 8560800.000000 1.686831 1.279541 2.501939 1.162781 0.598162
 8562000.000000 1.661601 1.384925 2.477779 1.168721 0.601555
 8563200.000000 1.613035 1.201730 2.379193 1.137743 0.604000
 8564400.000000 1.679129 1.202904 2.495199 1.169477 0.594173
 8565600.000000 1.768619 1.188193 2.531324 1.165966 0.597357
 8566800.000000 1.746447 1.131108 2.544552 1.199232 0.615561
 8568000.000000 1.745262 1.184263 2.587701 1.202832 0.626413
 8569200.000000 1.669221 1.200634 2.832288 1.154415 0.639367
 8570400.000000 1.791501 1.258446 2.824420 1.192889 0.616874
 8571600.000000 1.612303 1.162501 2.692419 1.130891 0.643215
 8572800.000000 1.699199 1.213834 2.621897 1.194550 0.672879
 8574000.000000 1.775597 1.251060 2.642468 1.130975 0.611637
 8575200.000000 1.733229 1.222598 2.575192 1.154917 0.690058
 8576400.000000 1.733227 1.250125 2.621758 1.139451 0.650211
 8577600.000000 1.864023 1.174716 2.708399 1.175520 0.649327
 8578800.000000 1.722908 1.254688 2.598479 1.176580 0.629216
 8580000.000000 1.864559 1.243250 2.644261 1.077217 0.625593
 8581200.000000 1.757680 1.236540 2.581808 1.117422 0.612015
 8582400.000000 1.761518 1.160847 2.484074 1.032557 0.563089
 8583600.000000 1.621015 1.200409 2.649302 1.210587 0.592550
 8584800.000000 1.744676 1.154575 2.639798 1.129158 0.622051
 8586000.000000 1.752029 1.226967 2.473894 1.073538 0.575782
 8587200.000000 1.593710 1.289050 2.497686 1.088131 0.532062
 8588400.000000 1.790926 1.208957 2.433905 1.180994 0.618082
 8589600.000000 1.657591 1.308763 2.346329 1.137670 0.611079
 8590800.000000 1.735231 1.269344 2.342699 1.096719 0.582810
 8592000.000000 1.807953 1.234140 2.526893 1.088391 0.596989
 8593200.000000 1.701320 1.358587 2.587646 1.164379 0.614804
 8594400.000000 1.689667 1.266682 2.574559 1.093798 0.567316
 8595600.000000 1.635613 1.263606 2.531268 1.092927 0.568210
 8596800.000000 1.543104 1.449770 2.235314 1.202937 0.580104
 8598000.000000 1.749527 1.326801 2.549908 1.171765 0.555320
 8599200.000000 1.652174 1.274124 2.492367 1.158505 0.605995
 8600400.000000 1.832719 1.218101 2.595611 1.174816 0.627659
 8601600.000000 1.670187 1.232976 2.451799 1.236137 0.565253
 8602800.000000 1.632189 1.223257 2.493561 1.173006 0.596965
 8604000.000000 1.553921 1.294312 2.573473 1.118856 0.584934
 8605200.000000 1.757638 1.162264 2.578655 1.096892 0.611155
 8606400.000000 1.698566 1.245755 2.354016 1.129632 0.603465
 8607600.000000 1.690340 1.205755 2.632997 1.180654 0.636161
 8608800.000000 1.682064 1.254370 2.447436 1.057150 0.653235
 8610000.000000 1.621465 1.255862 2.554009 1.121024 0.593402
 8611200.000000 1.569462 1.152196 2.680113 1.132642 0.618249
 8612400.000000 1.622695 1.124261 2.620781 1.186012 0.600618
 8613600.000000 1.659275 1.147638 2.663747 1.162702 0.577828
 8614800.000000 1.593509 1.293245 2.587228 1.177433 0.583190
 8616000.000000 1.786959 1.144122 2.469423 1.156840 0.643138
 8617200.000000 1.641620 1.103269 2.166616 1.194529 0.613630
 8618400.000000 1.592331 1.129225 2.528945 1.233451 0.588846
 8619600.000000 1.650010 1.236693 2.496678 1.130883 0.613694
 8620800.000000 1.644898 1.268327 2.515056 1.234774 0.629245
 8622000.000000 1.656033 1.181385 2.339750 1.172223 0.647437
 8623200.000000 1.609550 1.095691 2.505985 1.151949 0.582973
 8624400.000000 1.555170 1.093563 2.599414 1.155625 0.557459
 8625600.000000 1.634995 1.091120 2.447973 1.168647 0.620592
 8626800.000000 1.715034 1.194351 2.490660 1.085269 0.644916
 8628000.000000 1.679919 1.235868 2.287671 1.125171 0.586316
 8629200.000000 1.610711 1.138071 2.415767 1.232360 0.603041
 8630400.000000 1.691452 1.163820 2.423313 1.062225 0.618598
 8631600.000000 1.726576 1.126822 2.390707 1.095237 0.584475
 8632800.000000 1.786895 1.176708 2.570262 1.101678 0.645043
 8634000.000000 1.978214 1.205838 2.571491 1.088893 0.612873
 8635200.000000 1.782471 1.153783 2.491310 1.089911 0.591808
 8636400.000000 1.838065 1.137534 2.398431 1.115480 0.606922
 8637600.000000 1.707054 1.129484 2.472568 1.246252 0.573938
 8638800.000000 1.755862 1.201018 2.540284 1.104798 0.598185
 8640000.000000 1.795127 1.162423 2.547321 1.192853 0.598983
 8641200.000000 1.642147 1.126054 2.663724 1.049376 0.552651
 8642400.000000 1.719547 1.156541 2.549496 1.153055 0.580083
 8643600.000000 1.622592 1.119274 2.490456 1.207017 0.624558
 8644800.000000 1.639044 1.217000 2.457115 1.106624 0.598339
 8646000.000000 1.643941 1.220868 2.543931 1.233271 0.595372
 8647200.000000 1.830924 1.283943 2.595467 1.140902 0.587239
 8648400.000000 1.694401 1.153255 2.660151 1.156428 0.610065
 8649600.000000 1.715780 1.156467 2.735673 1.158312 0.588863
 8650800.000000 1.774024 1.153532 2.736161 1.161375 0.587663
 8652000.000000 1.734292 1.174476 2.448124 1.223076 0.627915
 8653200.000000 1.743696 1.271425 2.693771 1.125906 0.578675
 8654400.000000 1.806356 1.186092 2.548802 1.261977 0.564719
 8655600.000000 1.840248 1.208144 2.509751 1.045322 0.583020
 8656800.000000 1.855501 1.135413 2.520536 1.046540 0.582889
 8658000.000000 1.899305 1.181381 2.512535 1.055914 0.625893
 8659200.000000 1.786242 1.192113 2.532200 1.052016 0.588647
 8660400.000000 1.793484 1.222354 2.581724 1.087899 0.575944
 8661600.000000 1.800700 1.198330 2.548822 1.071931 0.645487
 8662800.000000 1.744980 1.107349 2.691407 1.051905 0.621180
 8664000.000000 1.814076 1.134838 2.638353 0.974166 0.666900
 8665200.000000 1.730390 1.113228 2.461854 1.094738 0.595371
 8666400.000000 1.777409 1.082901 2.548568 1.067554 0.605908
 8667600.000000 1.763265 1.147168 2.599998 1.068680 0.632414
 8668800.000000 1.740246 1.146386 2.592673 1.110549 0.648334
 8670000.000000 1.835658 1.169664 2.616013 1.071493 0.600535
 8671200.000000 1.802790 1.133061 2.706431 1.059922 0.613461
 8672400.000000 1.788090 1.143032 2.807723 1.049477 0.657718
 8673600.000000 1.826454 1.129668 2.777954 1.045174 0.627156
 8674800.000000 1.803371 1.180611 2.716321 1.157642 0.600350
 8676000.000000 1.919103 1.061255 2.259020 1.103978 0.588667
 8677200.000000 1.882196 1.087515 2.618706 0.992978 0.557643
 8678400.000000 1.823919 1.116661 2.639540 1.095413 0.584668
 8679600.000000 1.742503 1.101360 2.573215 1.213520 0.592730
 8680800.000000 1.770703 1.188986 2.747557 1.093515 0.580610
 8682000.000000 1.827267 1.122020 2.541156 1.084003 0.570964
 8683200.000000 1.947885 1.039585 2.586648 1.081890 0.579484
 8684400.000000 1.775777 1.081415 2.534570 1.118977 0.601097
 8685600.000000 1.781227 1.048064 2.563900 1.113487 0.564306
 8686800.000000 1.734423 1.122876 2.551479 1.087267 0.571862
 8688000.000000 1.718645 1.147687 2.482013 1.156491 0.582888
 8689200.000000 1.814263 1.188142 2.707701 1.083989 0.605418
 8690400.000000 1.788478 1.133882 2.659431 1.171945 0.622653
 8691600.000000 1.799507 1.235193 2.762584 1.177257 0.581535
 8692800.000000 1.780555 1.038344 2.506872 1.207402 0.613404
 8694000.000000 1.708972 1.137269 2.697119 1.072798 0.619272
 8695200.000000 1.835349 1.268986 2.622571 1.126810 0.587070
 8696400.000000 1.818740 1.234633 2.672517 1.223345 0.566031
 8697600.000000 1.713372 1.182480 2.840569 1.182144 0.660983
 8698800.000000 1.755901 1.141051 2.683233 1.187443 0.604113
 8700000.000000 1.782378 1.192896 2.808373 1.199823 0.571294
 8701200.000000 1.842290 1.144579 2.845648 1.188437 0.566367
 8702400.000000 1.737637 1.148039 2.877189 1.138191 0.607886
 8703600.000000 1.736541 1.033274 2.871179 1.126347 0.605195
 8704800.000000 1.826782 1.108552 2.829765 1.132200 0.605094
 8706000.000000 1.797933 1.113680 2.848341 1.147121 0.584432
 8707200.000000 1.857026 1.067304 2.797588 1.194844 0.595099
 8708400.000000 1.733710 1.104768 2.654848 1.148354 0.606679
 8709600.000000 1.735655 1.226400 2.713665 1.131873 0.552875
 8710800.000000 1.721110 1.159725 2.826286 1.124769 0.569202
 8712000.000000 1.841626 1.282416 2.646060 1.083848 0.611127
 8713200.000000 2.014400 1.086628 2.641454 1.080107 0.572789
 8714400.000000 1.901976 1.213436 2.694523 1.074916 0.626260
 8715600.000000 1.832699 1.077864 2.571697 1.075982 0.590726
 8716800.000000 1.905596 1.180723 2.648329 1.111442 0.589318
 8718000.000000 1.793319 1.089195 2.555540 1.203528 0.585911
 8719200.000000 1.884317 1.257358 2.753992 1.193555 0.592881
 8720400.000000 1.850839 1.192312 2.649113 1.187800 0.587759
 8721600.000000 1.815230 1.147022 2.619156 1.140235 0.681084
 8722800.000000 1.752263 1.280109 2.610259 1.140649 0.583184
 8724000.000000 1.768558 1.204855 2.741566 1.048555 0.639026
 8725200.000000 1.858547 1.153373 2.744529 1.234588 0.612857
 8726400.000000 1.832823 1.220578 2.860669 1.146427 0.651590
 8727600.000000 1.831053 1.171280 2.768645 1.055998 0.627431
 8728800.000000 1.700788 1.159076 2.614375 1.104298 0.624998
 8730000.000000 1.669993 1.112757 2.681901 1.118685 0.675504
 8731200.000000 1.742645 1.098218 2.635759 1.086804 0.608104
 8732400.000000 1.899980 1.063109 2.672463 1.066927 0.630255
 8733600.000000 1.835692 1.078820 2.671246 1.136993 0.659247
 8734800.000000 1.801376 1.146230 2.730321 1.104393 0.599678
 8736000.000000 1.775314 1.098348 2.689877 1.084670 0.611910
 8737200.000000 1.921892 1.100348 2.685359 1.106471 0.577331
 8738400.000000 1.834256 1.146747 2.674209 1.141012 0.602670
 8739600.000000 1.859501 1.166253 2.665694 1.159170 0.612174
 8740800.000000 1.928799 1.127763 2.802989 1.121237 0.600960
 8742000.000000 1.875216 1.109426 2.571334 1.154065 0.593404
 8743200.000000 1.903771 1.148210 2.584312 1.150999 0.593156
 8744400.000000 1.870202 1.166132 2.733746 1.127871 0.599783
 8745600.000000 1.906663 1.178301 2.812730 1.174698 0.607785
 8746800.000000 1.886100 1.198076 2.740767 1.140627 0.610878
 8748000.000000 1.900116 1.088240 2.687551 1.187305 0.610986
 8749200.000000 1.958264 1.166843 2.670212 1.041411 0.633052
 8750400.000000 1.884212 1.191336 2.706815 1.156760 0.611314
 8751600.000000 2.055328 1.112959 2.686598 1.134509 0.657488
 8752800.000000 2.123781 1.084894 2.677108 1.098540 0.600081
 8754000.000000 2.011259 1.148697 2.818937 0.987223 0.616851
 8755200.000000 1.812328 1.126355 2.710592 1.130901 0.615028
 8756400.000000 1.881415 1.097140 2.722783 1.107300 0.629576
 8757600.000000 1.933424 1.113016 2.767089 1.127248 0.604328
 8758800.000000 1.882606 1.196273 2.813376 1.121932 0.604566
 8760000.000000 1.962679 1.129351 2.846359 1.151696 0.604128
 8761200.000000 2.080902 1.166357 2.697781 1.104997 0.622101
 8762400.000000 1.899837 1.204413 2.677233 1.080915 0.632177
 8763600.000000 1.831314 1.113115 2.532927 1.117872 0.562277
 8764800.000000 1.882448 1.173110 2.708948 1.117991 0.601572
 8766000.000000 1.884858 1.185813 2.638027 1.144404 0.629031
 8767200.000000 1.998711 1.111114 2.761806 1.084660 0.591649
 8768400.000000 1.905862 1.126983 2.575876 1.099236 0.618545
 8769600.000000 1.830213 1.095914 2.543684 1.153787 0.567753
 8770800.000000 1.889008 1.204098 2.500691 1.088973 0.571676
 8772000.000000 1.864203 1.111213 2.720821 1.124321 0.607809
 8773200.000000 1.770345 1.121108 2.654538 1.071776 0.668975
 8774400.000000 1.931040 1.169137 2.648712 1.205758 0.582837
 8775600.000000 1.907074 1.154958 2.644178 1.113897 0.602419
 8776800.000000 1.817789 1.212628 2.747779 1.145398 0.632839
 8778000.000000 1.879372 1.124926 2.676722 1.099712 0.630568
 8779200.000000 1.870370 1.114130 2.747419 1.189139 0.581502
 8780400.000000 1.883516 1.246928 2.591226 1.128935 0.563373
 8781600.000000 1.928322 1.072362 2.628862 1.051993 0.552132
 8782800.000000 1.810913 1.107530 2.689559 1.106988 0.558844
 8784000.000000 1.799697 1.154968 2.582992 1.106638 0.591747
 8785200.000000 1.875566 1.178491 2.642224 1.086925 0.581883
 8786400.000000 1.950937 1.183119 2.650155 1.181358 0.637737
 8787600.000000 1.801267 1.103529 2.549684 1.089159 0.585211
 8788800.000000 1.843166 1.052343 2.678433 1.097699 0.594435
 8790000.000000 2.078308 1.102195 2.687101 1.116264 0.604658
 8791200.000000 1.887081 1.106500 2.706035 1.131093 0.578127
 8792400.000000 1.842146 1.177454 2.547692 1.085772 0.580849
 8793600.000000 1.925226 1.112460 2.809030 1.127885 0.622479
 8794800.000000 1.891347 1.103937 2.737341 1.039968 0.562018
 8796000.000000 1.871129 1.110629 2.731240 1.082384 0.575106
 8797200.000000 1.848401 1.112299 2.845158 1.089215 0.604500
 8798400.000000 1.865239 1.081073 2.752556 1.149528 0.592348
 8799600.000000 1.969191 1.142422 2.852671 1.199390 0.607932
 8800800.000000 1.866098 1.129629 2.757266 1.184333 0.592817
 8802000.000000 1.938018 1.162048 2.805460 1.166764 0.581252
 8803200.000000 1.866981 1.103105 2.786300 1.089674 0.571152
 8804400.000000 1.759762 1.171221 2.835909 1.166788 0.583093
 8805600.000000 1.838474 1.054990 2.713745 1.125896 0.588300
 8806800.000000 1.765988 1.126987 2.821777 1.109116 0.540190
 8808000.000000 1.807675 1.136868 2.756900 1.092930 0.573490
 8809200.000000 1.754606 1.110878 2.716128 1.125379 0.604438
 8810400.000000 2.029312 1.190860 2.719516 1.117434 0.584560
 8811600.000000 1.931318 1.151220 2.579790 1.212192 0.664869
 8812800.000000 1.837231 1.148915 2.696001 1.083826 0.570505
 8814000.000000 2.023227 1.139179 2.811130 1.064804 0.615685
 8815200.000000 1.851828 1.106964 2.794936 1.140317 0.596445
 8816400.000000 1.895626 1.149890 2.749352 1.104709 0.587324
 8817600.000000 1.710362 1.149328 2.671019 1.137590 0.579737
 8818800.000000 1.745431 1.189397 2.590415 1.105864 0.565702
 8820000.000000 1.826789 1.019754 2.534819 1.062991 0.570532
 8821200.000000 1.715096 1.024374 2.734634 1.073499 0.618441
 8822400.000000 1.687587 1.170454 2.662352 1.084484 0.626553
 8823600.000000 1.730807 1.161732 2.632353 1.077296 0.584486
 8824800.000000 1.786144 1.151725 2.798330 1.082608 0.628824
 8826000.000000 1.765051 1.136495 2.661699 1.057653 0.638872
 8827200.000000 1.801937 1.136916 2.741034 1.114262 0.615115
 8828400.000000 1.872091 1.181501 2.601776 1.105429 0.617484
 8829600.000000 1.902222 1.166528 2.524886 1.079853 0.595278
 8830800.000000 1.818169 1.155662 2.482740 1.121867 0.558641
 8832000.000000 1.739875 1.257289 2.460302 1.102064 0.628840
 8833200.000000 1.822149 1.217973 2.486281 1.114613 0.588188
 8834400.000000 1.684711 1.198805 2.599663 1.107943 0.588084
 8835600.000000 1.592438 1.142318 2.480365 1.084742 0.606647
 8836800.000000 1.862908 1.105127 2.589242 1.086680 0.636353
 8838000.000000 1.952537 1.070040 2.456010 1.144622 0.602985
 8839200.000000 1.892913 1.079880 2.599877 1.103452 0.584646
 8840400.000000 1.836782 1.122271 2.612300 1.189682 0.591233
 8841600.000000 1.848331 1.090731 2.544445 1.125844 0.577925
 8842800.000000 1.781036 1.126595 2.392946 1.142386 0.607423
 8844000.000000 1.810958 1.144408 2.480893 1.161876 0.626994
 8845200.000000 1.893539 1.187962 2.374002 1.039445 0.602648
 8846400.000000 1.751141 1.135835 2.631175 1.116124 0.580740
 8847600.000000 1.815578 1.199827 2.654811 1.057347 0.591546
 8848800.000000 1.797702 1.124140 2.394643 1.109884 0.567733
 8850000.000000 1.789377 1.060629 2.688116 1.153091 0.630748
 8851200.000000 1.763247 1.145617 2.585295 1.088995 0.579346
 8852400.000000 1.748449 1.113470 2.606106 1.081138 0.598710
 8853600.000000 1.765248 1.092002 2.618233 1.128242 0.622972
 8854800.000000 1.733708 1.052786 2.651857 1.181494 0.565078
 8856000.000000 1.774582 1.097429 2.526716 1.086106 0.614780
 8857200.000000 1.803370 1.117564 2.567114 1.129489 0.595253
 8858400.000000 1.788724 1.127768 2.478491 1.127583 0.632176
 8859600.000000 1.750723 1.053497 2.737040 1.105055 0.601011
 8860800.000000 1.749247 1.172209 2.737046 1.144361 0.596340
 8862000.000000 1.671020 1.083203 2.610371 1.114647 0.585668
 8863200.000000 1.671107 1.066753 2.579340 1.175836 0.580040
 8864400.000000 1.884245 1.053748 2.757089 1.120973 0.598480
 8865600.000000 1.751700 1.129101 2.899359 1.152845 0.551309
 8866800.000000 2.016747 1.075428 2.905286 1.081661 0.595005
 8868000.000000 1.928508 1.148044 2.479314 0.998431 0.573115
 8869200.000000 2.004707 1.059457 2.403887 1.150412 0.570858
 8870400.000000 1.825087 1.155561 2.564335 1.072277 0.582626
 8871600.000000 1.956381 1.036872 2.686159 1.154000 0.590246
 8872800.000000 1.855473 0.863304 2.628906 1.158320 0.598451
 8874000.000000 1.926012 1.060804 2.725176 1.030439 0.556557
 8875200.000000 1.860719 1.140883 2.614986 1.187933 0.572895
 8876400.000000 1.967411 1.087417 2.564760 1.050186 0.591939
 8877600.000000 1.923105 1.099652 2.648168 1.151772 0.578325
 8878800.000000 1.853528 1.133822 2.778949 1.132650 0.626805
 8880000.000000 1.801962 1.127543 2.457047 1.163644 0.571283
 8881200.000000 1.917930 1.151492 2.701913 1.136430 0.613782
 8882400.000000 1.896811 1.128268 2.587897 1.186055 0.571728
 8883600.000000 1.800414 1.176349 2.692617 1.194204 0.582898
 8884800.000000 1.913366 1.123710 2.659124 1.124344 0.562871
 8886000.000000 1.926842 1.048640 2.717731 1.082315 0.547408
 8887200.000000 1.837857 1.195405 2.711056 1.123972 0.567457
 8888400.000000 1.826622 1.104799 2.825971 1.137590 0.596415
 8889600.000000 1.809282 1.147488 2.745223 1.127295 0.588493
 8890800.000000 1.758127 1.020522 2.735092 1.128057 0.578316
 8892000.000000 1.695199 1.126853 2.641428 1.025264 0.606547
 8893200.000000 1.698008 0.993380 2.603510 1.102086 0.596595
 8894400.000000 1.710854 1.144299 2.651804 1.191866 0.631447
 8895600.000000 1.750433 0.989470 2.642475 1.062716 0.611254
 8896800.000000 1.778137 1.067006 2.764983 1.107640 0.561223
 8898000.000000 1.814163 0.917561 2.895991 1.071302 0.574561
 8899200.000000 1.853630 0.958611 2.788926 1.106931 0.594455
 8900400.000000 1.876557 0.908848 2.768291 1.073006 0.588984
 8901600.000000 1.862636 0.962072 2.737288 1.108401 0.570412
 8902800.000000 1.899894 0.954296 2.751293 1.104559 0.583419
 8904000.000000 1.783360 0.901968 2.699734 1.098065 0.598047
 8905200.000000 1.725838 1.057252 2.885032 1.066121 0.613903
 8906400.000000 1.765386 1.014557 2.835478 1.092704 0.573525
 8907600.000000 1.736909 1.118128 2.795987 1.086275 0.597648
 8908800.000000 1.697585 1.087707 2.730908 1.175063 0.631542
 8910000.000000 1.673684 1.091873 2.728653 1.099325 0.576605
 8911200.000000 1.847347 1.117414 2.762216 1.064449 0.600700
 8912400.000000 1.714277 1.071476 2.690126 1.101776 0.618745
 8913600.000000 1.735602 1.074226 2.659483 1.089060 0.581856
 8914800.000000 1.705928 1.109633 2.716815 1.116742 0.592566
 8916000.000000 1.725010 1.092239 2.542189 1.141810 0.612962
 8917200.000000 1.749592 1.076332 2.590746 1.055942 0.600959
 8918400.000000 1.789222 1.137524 2.598776 1.044362 0.592541
 8919600.000000 1.811541 1.134900 2.599493 1.142284 0.602058
 8920800.000000 1.787378 1.128435 2.646506 1.122320 0.557946
 8922000.000000 1.799728 1.223425 2.636008 1.046279 0.575761
 8923200.000000 1.871073 1.133218 2.635576 1.092178 0.599596
 8924400.000000 1.810172 1.133125 2.643624 1.117467 0.601329
 8925600.000000 1.857595 1.188287 2.627119 1.065367 0.591766
 8926800.000000 1.971390 1.106733 2.690768 1.087569 0.597503
 8928000.000000 1.905071 1.185626 2.631428 1.143622 0.626340
 8929200.000000 1.852344 1.232472 2.749383 1.147398 0.596250
 8930400.000000 1.843769 1.237527 2.571317 1.106220 0.581957
 8931600.000000 1.959142 1.069295 2.675269 1.081828 0.649448
 8932800.000000 1.807222 1.275026 2.546734 1.111350 0.647198
 8934000.000000 1.713528 1.159975 2.604491 1.127677 0.705857
 8935200.000000 1.786538 1.153771 2.569942 1.100294 0.616621
 8936400.000000 1.684737 1.260502 2.711348 1.174039 0.600800
 8937600.000000 1.894490 1.143066 2.611062 1.121287 0.561305
 8938800.000000 1.768077 1.178469 2.553563 1.121132 0.616707
 8940000.000000 1.698754 1.133818 2.430278 1.072201 0.595383
 8941200.000000 1.747845 1.243485 2.458567 1.087465 0.582407
 8942400.000000 1.621491 1.214959 2.552398 1.161098 0.572386
 8943600.000000 1.710539 1.201959 2.721897 1.200714 0.572713
 8944800.000000 1.656042 1.136576 2.676660 1.130148 0.594481
 8946000.000000 1.741016 1.157446 2.500528 1.206120 0.622007
 8947200.000000 1.777570 1.090107 2.554307 1.159175 0.615790
 8948400.000000 1.801650 1.119995 2.533645 1.139945 0.615894
 8949600.000000 1.736408 1.174993 2.671989 1.129005 0.581528
 8950800.000000 1.637213 1.193525 2.742972 1.173241 0.629300
 8952000.000000 1.804106 1.164801 2.642593 1.139261 0.589624
 8953200.000000 1.581668 1.154621 2.670606 1.173709 0.658612
 8954400.000000 1.738193 1.115271 2.726819 1.115974 0.606350
 8955600.000000 1.828439 1.189545 2.610921 1.106525 0.544527
 8956800.000000 1.843303 1.171414 2.605621 1.197941 0.624298
 8958000.000000 1.740817 1.203237 2.688197 1.247349 0.620317
 8959200.000000 1.763573 1.261130 2.673631 1.212430 0.640097
 8960400.000000 1.691047 1.124924 2.835663 1.161856 0.628186
 8961600.000000 1.836595 1.218333 2.720218 1.192604 0.602282
 8962800.000000 2.049966 1.235629 2.610317 1.046993 0.596895
 8964000.000000 1.925810 1.220020 2.726494 1.087719 0.577207
 8965200.000000 1.918107 1.153326 2.753247 1.086926 0.584604
 8966400.000000 1.795954 1.049785 2.687733 1.182317 0.604264
 8967600.000000 1.871198 1.153562 2.708081 1.087992 0.640131
 8968800.000000 1.843958 1.217242 2.768388 1.147300 0.635123
 8970000.000000 1.871443 1.071254 2.792510 1.116601 0.555493
 8971200.000000 1.889355 1.153000 2.806093 1.146914 0.629044
 8972400.000000 1.904419 1.171176 2.704215 1.114044 0.588579
 8973600.000000 1.840085 1.200834 2.731224 1.075822 0.614197
 8974800.000000 1.835940 1.214819 2.615646 1.117987 0.606781
 8976000.000000 1.778280 1.158011 2.596942 1.125638 0.581100
 8977200.000000 1.761512 1.124639 2.552657 1.147163 0.643537
 8978400.000000 1.751025 1.135432 2.730308 1.103967 0.640685
 8979600.000000 1.714334 1.114494 2.484012 1.099174 0.627578
 8980800.000000 1.741063 1.143606 2.609571 1.063999 0.683261
 8982000.000000 1.827367 1.133413 2.616239 1.132712 0.610532
 8983200.000000 1.668611 1.282222 2.640312 1.157156 0.624919
 8984400.000000 1.848166 1.114337 2.563556 1.115634 0.619874
 8985600.000000 1.705378 1.087942 2.719809 1.189583 0.628772
 8986800.000000 1.904391 1.139350 2.645741 1.116678 0.611283
 8988000.000000 1.903561 1.140302 2.847684 1.155556 0.580202
 8989200.000000 1.847638 1.169140 2.773945 1.163244 0.618379
 8990400.000000 1.831603 1.161619 2.801422 1.106512 0.593486
 8991600.000000 1.916753 1.219676 2.803621 1.103823 0.673554
 8992800.000000 1.922836 1.195609 2.731237 1.032798 0.674173
 8994000.000000 1.981352 1.074106 2.715626 1.170269 0.643110
 8995200.000000 1.870780 1.214318 2.668405 1.088442 0.589030
 8996400.000000 1.833502 1.181810 2.733220 1.157998 0.586044
 8997600.000000 1.863641 1.101354 2.636891 1.152595 0.595528
 8998800.000000 1.879280 1.030420 2.497626 1.167818 0.642243
 9000000.000000 1.917471 0.967618 2.409230 1.129267 0.602946
 9001200.000000 1.873711 1.104112 2.499078 1.077005 0.571834
 9002400.000000 1.796843 1.257354 2.310590 1.098356 0.578255
 9003600.000000 1.829337 1.140234 2.435335 1.069101 0.588480
 9004800.000000 1.716977 1.129471 2.705485 1.151293 0.658758
 9006000.000000 1.825450 1.047898 2.523694 1.074173 0.597740
 9007200.000000 1.723237 1.020283 2.425824 1.252018 0.658256
 9008400.000000 1.778228 1.011580 2.436177 1.138326 0.674633
 9009600.000000 1.724345 1.034908 2.235464 1.083246 0.619377
 9010800.000000 1.644976 1.049776 2.241031 1.153166 0.653585
 9012000.000000 1.623591 1.212316 2.460587 1.118126 0.576903
 9013200.000000 1.683791 1.205221 2.464827 1.158431 0.656968
 9014400.000000 1.857180 1.220927 2.487896 1.216682 0.660740
 9015600.000000 1.925187 1.181590 2.511157 1.167367 0.595456
 9016800.000000 1.943333 1.190419 2.698336 1.171312 0.669345
 9018000.000000 1.980722 1.173512 2.725313 1.179125 0.598219
 9019200.000000 1.695667 1.190806 2.806063 1.269941 0.620073
 9020400.000000 1.715095 1.127980 2.685976 1.262193 0.669562
 9021600.000000 1.780067 1.190914 2.674819 1.224398 0.611785
 9022800.000000 1.836585 1.178263 2.540142 1.210962 0.676588
 9024000.000000 1.832716 1.207998 2.589306 1.300256 0.621793
 9025200.000000 1.783082 1.134394 2.784322 1.234781 0.639894
 9026400.000000 1.904945 1.208029 2.674148 1.224724 0.637839
 9027600.000000 1.841507 1.104227 2.513778 1.218716 0.634912
 9028800.000000 1.831695 1.155938 2.548823 1.164114 0.593302
 9030000.000000 1.820833 1.076158 2.649142 1.286372 0.612167
 9031200.000000 1.795452 1.138835 2.699900 1.285085 0.641579
 9032400.000000 1.763523 1.189713 2.494797 1.185577 0.572323
 9033600.000000 1.868001 1.121910 2.322698 1.210871 0.645961
 9034800.000000 1.864063 1.174180 2.391622 1.211764 0.661806
 9036000.000000 1.914249 1.056764 2.479548 1.160284 0.630312
 9037200.000000 1.793274 1.039389 2.447384 1.148269 0.605814
 9038400.000000 1.653232 1.049916 2.523468 1.141162 0.659881
 9039600.000000 1.745008 1.043734 2.245463 1.109371 0.643135
 9040800.000000 1.738742 1.000976 2.366544 1.059566 0.623224
 9042000.000000 1.708367 1.096668 2.406892 1.079853 0.610868
 9043200.000000 1.743574 1.142675 2.477457 1.141092 0.597629
 9044400.000000 1.798465 1.122940 2.570739 1.176728 0.560633
 9045600.000000 1.730641 1.175620 2.522416 1.137436 0.614846
 9046800.000000 1.887823 1.181560 2.314663 1.096255 0.621144
 9048000.000000 1.936597 1.170687 2.194525 1.163850 0.659230
 9049200.000000 1.957442 1.177334 2.274798 1.155619 0.611453
 9050400.000000 1.845655 1.117051 2.142446 1.180701 0.640742
 9051600.000000 1.814826 1.122678 2.258887 1.182510 0.601217
 9052800.000000 1.700028 1.089529 2.389308 1.137553 0.642594
 9054000.000000 1.677534 1.163327 2.211010 1.197762 0.653678
 9055200.000000 1.654411 1.184505 2.309111 1.159614 0.642365
 9056400.000000 1.637324 1.229485 2.497089 1.148362 0.573127
 9057600.000000 1.676829 1.306388 2.296868 1.169605 0.623629
 9058800.000000 1.737943 1.155012 2.257498 1.167210 0.607490
 9060000.000000 1.764678 1.183580 2.250789 1.252528 0.616938
 9061200.000000 1.828270 1.266196 2.222401 1.142028 0.622226
 9062400.000000 1.824713 1.213022 2.084074 1.155777 0.614244
 9063600.000000 1.767375 1.196766 2.214377 1.134283 0.598878
 9064800.000000 1.788473 1.190166 2.176778 1.175065 0.611367
 9066000.000000 1.895546 1.191987 2.124773 1.125968 0.609377
 9067200.000000 1.860887 1.311256 2.246415 1.143466 0.661131
 9068400.000000 1.839657 1.232301 2.369036 1.225669 0.654174
 9069600.000000 1.819874 1.173251 2.085727 1.190479 0.637199
 9070800.000000 1.930987 1.298289 2.573484 1.253932 0.677891
 9072000.000000 1.910681 1.209819 2.114675 1.151017 0.622041
 9073200.000000 1.760259 1.137094 2.113426 1.109052 0.614199
 9074400.000000 1.893272 1.176390 2.224386 1.126676 0.621594
 9075600.000000 1.918004 1.282818 2.157887 1.169510 0.628548
 9076800.000000 1.903856 1.205230 2.182832 1.246728 0.637600
 9078000.000000 1.907172 1.200194 2.123943 1.134355 0.621671
 9079200.000000 1.785440 1.208739 2.098741 1.113538 0.594001
 9080400.000000 1.859441 1.143682 2.107010 1.066297 0.574190
 9081600.000000 1.790770 1.135349 2.081135 1.067305 0.549587
 9082800.000000 1.851906 1.208756 1.962815 1.239504 0.652336
 9084000.000000 1.828157 1.263998 2.167974 1.114396 0.590016
 9085200.000000 1.770891 1.151102 2.225168 1.127645 0.629732
 9086400.000000 1.819465 1.168343 2.098095 1.091072 0.643081
 9087600.000000 1.920547 1.205823 2.072185 1.131897 0.579828
 9088800.000000 1.823332 1.148865 2.121653 1.137429 0.602252
 9090000.000000 1.915648 1.150554 2.014845 1.185774 0.554880
 9091200.000000 1.790221 1.209964 2.106939 1.157813 0.599813
 9092400.000000 1.875168 1.190978 2.013606 1.119834 0.596318
 9093600.000000 1.671821 1.295140 2.349299 1.170065 0.654626
 9094800.000000 1.773219 1.222292 2.206320 1.248919 0.633937
 9096000.000000 1.710921 1.169206 2.173019 1.168269 0.633439
 9097200.000000 1.590231 1.160844 2.124815 1.174336 0.664163
 9098400.000000 1.628994 1.281520 2.238283 1.156827 0.666707
 9099600.000000 1.711727 1.341443 2.325391 1.142326 0.673994
 9100800.000000 1.723845 1.281828 2.459632 1.227556 0.650693
 9102000.000000 1.691511 1.332772 2.371908 1.168933 0.611757
 9103200.000000 1.705828 1.290827 2.535149 1.209249 0.605895
 9104400.000000 1.761312 1.134303 2.893786 1.200820 0.593849
 9105600.000000 1.692142 1.143452 2.526051 1.155059 0.593871
 9106800.000000 1.687878 1.156868 2.464681 1.136016 0.586518
 9108000.000000 1.672967 1.257526 2.334774 1.176625 0.627427
 9109200.000000 1.693273 1.144410 2.339905 1.123437 0.653169
 9110400.000000 1.812870 1.288609 2.390533 1.126749 0.584760
 9111600.000000 1.756363 1.203185 2.449770 1.136137 0.595397
 9112800.000000 1.905274 1.202433 2.336230 1.194801 0.650841
 9114000.000000 1.861588 1.328566 2.382584 1.096567 0.588234
 9115200.000000 1.891685 1.179895 2.450946 1.094123 0.617029
 9116400.000000 1.814926 1.137505 2.437652 1.159820 0.627448
 9117600.000000 1.884895 1.209258 2.428646 1.137939 0.609805
 9118800.000000 1.845791 1.110926 2.265614 1.162685 0.619871
 9120000.000000 1.901873 1.115302 2.268489 1.169468 0.614629
 9121200.000000 1.833772 1.208174 2.046877 1.176732 0.581223
 9122400.000000 1.850216 1.168484 2.241554 1.078219 0.581180
 9123600.000000 1.939034 1.142372 2.207024 1.159758 0.573748
 9124800.000000 1.935863 1.126897 2.109652 1.129071 0.596148
 9126000.000000 1.796893 1.171521 2.171998 1.127745 0.593234
 9127200.000000 1.935805 1.089448 2.156118 1.146485 0.610923
 9128400.000000 1.759805 1.109044 2.296695 1.120820 0.606459
 9129600.000000 1.779397 1.134847 2.365557 1.108424 0.618301
 9130800.000000 1.806197 1.151716 2.444989 1.176731 0.625347
 9132000.000000 1.671978 1.076176 2.194560 1.109321 0.620462
 9133200.000000 1.786693 1.069859 2.246957 1.125166 0.601485
 9134400.000000 1.709287 1.141194 2.090804 1.102603 0.620061
 9135600.000000 1.882619 1.316544 2.153438 1.196938 0.632812
 9136800.000000 1.724166 1.185638 2.280002 1.148892 0.606499
 9138000.000000 1.905501 1.174180 2.377634 1.139088 0.584197
 9139200.000000 1.839123 1.175704 2.515003 1.142342 0.589606
 9140400.000000 1.835448 1.213829 2.420878 1.087957 0.573698
 9141600.000000 1.608331 1.191797 2.381419 1.111149 0.603826
 9142800.000000 1.740612 1.237373 2.399997 1.108288 0.568232
 9144000.000000 1.776786 1.358312 2.488268 1.204268 0.615273
 9145200.000000 1.646728 1.189700 2.535698 1.186640 0.631755
 9146400.000000 1.819531 1.190027 2.256193 1.118928 0.568445
 9147600.000000 1.651086 1.102530 2.231501 1.147977 0.584915
 9148800.000000 1.741453 1.156691 2.177460 1.104233 0.579695
 9150000.000000 1.842714 1.180034 2.419353 1.148970 0.628581
 9151200.000000 1.697718 1.224806 2.261895 1.195004 0.636454
 9152400.000000 1.821514 1.142189 2.425444 1.208796 0.627455
 9153600.000000 1.671943 1.249794 2.242057 1.141089 0.611255
 9154800.000000 1.816858 1.165357 2.572490 1.187134 0.609786
 9156000.000000 1.739842 1.108134 2.489024 1.103288 0.601906
 9157200.000000 1.701228 1.149406 2.660528 1.168317 0.663083
 9158400.000000 1.744203 1.135304 2.192306 1.128806 0.606904
 9159600.000000 1.636263 1.162219 2.165552 1.251919 0.597366
 9160800.000000 1.750330 1.315596 2.104619 1.175939 0.600077
 9162000.000000 1.703520 1.257951 2.110933 1.163507 0.570988
 9163200.000000 1.699389 1.349153 2.087706 1.078828 0.582001
 9164400.000000 1.747726 1.327896 2.266766 1.084602 0.628123
 9165600.000000 1.708287 1.265625 2.466575 1.075731 0.553400
 9166800.000000 1.839252 1.328582 2.338376 1.191962 0.609855
 9168000.000000 1.628305 1.263431 2.116999 1.204503 0.599928
 9169200.000000 1.671246 1.118280 2.374918 1.054683 0.613751
 9170400.000000 1.651938 1.369712 2.208843 1.094285 0.618868
 9171600.000000 1.594681 1.187647 2.049711 1.080750 0.620347
 9172800.000000 1.670744 1.305589 2.209665 1.200964 0.581514
 9174000.000000 1.649700 1.226562 2.203289 1.103919 0.626601
 9175200.000000 1.692853 1.344623 2.184230 1.114831 0.575155
 9176400.000000 1.632270 1.379627 2.153835 1.018710 0.608033
 9177600.000000 1.649489 1.168247 2.124386 1.149805 0.570285
 9178800.000000 1.621897 1.280537 2.310774 1.165367 0.614027
 9180000.000000 1.571762 1.306535 2.294766 1.109521 0.592362
 9181200.000000 1.601207 1.364396 2.528858 1.172766 0.624892
 9182400.000000 1.645249 1.193228 2.405656 1.168201 0.579930
 9183600.000000 1.692843 1.141680 2.456724 1.036947 0.632559
 9184800.000000 1.677985 1.191857 2.283337 1.157160 0.595673
 9186000.000000 1.662525 1.126302 2.272189 1.133163 0.616381
 9187200.000000 1.661911 1.113751 2.262304 1.214206 0.656870
 9188400.000000 1.687872 1.143572 1.976612 1.197823 0.631783
 9189600.000000 1.633198 1.024517 2.202913 1.186886 0.586362
 9190800.000000 1.695480 0.987276 2.374236 1.109121 0.632214
 9192000.000000 1.586456 1.091634 2.199210 1.114568 0.598103
 9193200.000000 1.716128 1.124543 2.007991 1.128010 0.664147
 9194400.000000 1.637497 1.143111 2.114841 1.176682 0.643215
 9195600.000000 1.630486 1.108349 2.127088 1.128310 0.642887
 9196800.000000 1.623988 1.147964 2.288252 1.187755 0.627252
 9198000.000000 1.643098 1.077353 2.259663 1.181631 0.611975
 9199200.000000 1.636428 1.194956 2.222810 1.161515 0.581852
 9200400.000000 1.933720 1.131453 2.203439 1.108642 0.589216
 9201600.000000 1.749954 1.120204 2.374029 1.157929 0.578094
 9202800.000000 1.677013 1.020230 2.175795 1.133487 0.597383
 9204000.000000 1.656697 1.103721 2.327808 1.074119 0.600874
 9205200.000000 1.563150 1.101604 2.171525 1.146125 0.613628
 9206400.000000 1.589720 1.093250 2.143318 1.116002 0.563621
 9207600.000000 1.601907 1.120345 2.163652 1.170237 0.608445
 9208800.000000 1.510756 1.322759 2.382842 1.100346 0.580601
 9210000.000000 1.575667 1.375620 2.460762 1.182792 0.636038
 9211200.000000 1.642526 1.127077 2.426542 1.208729 0.598251
 9212400.000000 1.763289 1.078759 2.455568 1.071191 0.639971
 9213600.000000 1.804991 1.114824 2.504204 1.203983 0.659473
 9214800.000000 1.740548 1.115255 2.596996 1.123685 0.648994
 9216000.000000 1.653656 1.135913 2.639732 1.222689 0.706557
 9217200.000000 1.678593 1.088637 2.620039 1.187988 0.690351
 9218400.000000 1.605205 1.074042 2.689063 1.091279 0.623975
 9219600.000000 1.688908 1.098576 2.824543 1.094175 0.599800
 9220800.000000 1.691609 1.110190 2.591071 1.149907 0.590225
 9222000.000000 1.724459 1.154419 2.624489 1.096940 0.593670
 9223200.000000 1.583911 1.134417 2.455746 1.161982 0.548951
 9224400.000000 1.807297 1.207101 2.458932 1.173577 0.637574
 9225600.000000 1.688510 1.106346 2.428948 1.153321 0.625753
 9226800.000000 1.641065 1.138843 2.434870 1.154531 0.647856
 9228000.000000 1.707973 1.125438 2.218523 1.116938 0.624222
 9229200.000000 1.692030 1.145788 2.257924 1.085909 0.612248
 9230400.000000 1.642776 1.190252 2.353277 1.151545 0.620620
 9231600.000000 1.631106 1.100270 2.159668 1.205911 0.628273
 9232800.000000 1.629730 1.186661 2.296726 1.101692 0.645632
 9234000.000000 1.678263 1.159507 2.274242 1.144582 0.617474
 9235200.000000 1.679625 1.067939 2.392257 1.124237 0.551081
 9236400.000000 1.716254 1.073669 2.284251 1.126200 0.579841
 9237600.000000 1.705632 1.092783 2.216536 1.142424 0.585551
 9238800.000000 1.640469 1.154673 2.128556 1.218197 0.567674
 9240000.000000 1.616286 1.096005 2.299005 1.119778 0.672969
 9241200.000000 1.688088 0.901101 2.071348 1.087877 0.624676
 9242400.000000 1.918298 0.872121 2.156782 1.101803 0.594464
 9243600.000000 1.806909 1.056762 2.160610 1.109223 0.591439
 9244800.000000 1.790479 0.915594 2.224280 1.177671 0.632979
 9246000.000000 1.882263 1.145533 2.438264 1.094018 0.606948
 9247200.000000 1.667701 1.139304 2.305458 1.090218 0.625146
 9248400.000000 1.783557 1.121216 2.329501 1.071084 0.586404
 9249600.000000 1.695124 1.118317 2.312984 1.136400 0.628513
 9250800.000000 1.855379 1.180655 2.345668 1.140703 0.653428
 9252000.000000 1.808202 1.141999 2.290493 1.140617 0.629487
 9253200.000000 1.887453 1.007920 2.298101 1.113609 0.615850
 9254400.000000 1.818466 1.116679 2.458907 1.022244 0.614054
 9255600.000000 1.862969 1.072409 2.455951 1.124056 0.610443
 9256800.000000 1.868138 1.100389 2.352958 1.073878 0.586859
 9258000.000000 1.775544 1.177786 2.292161 1.088554 0.580288
 9259200.000000 1.863249 1.142421 2.217258 1.112718 0.624874
 9260400.000000 1.754393 1.138457 2.422814 1.070438 0.610226
 9261600.000000 1.790520 1.107538 2.325876 1.116466 0.598811
 9262800.000000 1.869634 1.177143 2.217293 1.140643 0.594168
 9264000.000000 1.882309 1.173102 2.346432 1.179568 0.646297
 9265200.000000 1.836070 1.135400 2.137503 1.155053 0.614595
 9266400.000000 1.805863 1.080558 2.310635 1.186756 0.620462
 9267600.000000 1.880859 1.062298 2.169723 1.161539 0.608678
 9268800.000000 1.823229 1.131879 2.169464 1.171926 0.597356
 9270000.000000 1.834639 1.145702 2.251945 1.119350 0.571858
 9271200.000000 1.933216 1.173018 2.241839 1.123061 0.598943
 9272400.000000 1.792243 1.130945 2.217992 1.065991 0.634492
 9273600.000000 2.005144 1.185584 2.048009 1.235159 0.617464
 9274800.000000 1.911976 1.206671 2.218746 1.135188 0.598339
 9276000.000000 1.751764 1.131589 2.382239 1.073303 0.621913
 9277200.000000 1.992591 1.098897 2.509313 1.143977 0.623539
 9278400.000000 1.939110 1.128460 2.313960 1.141809 0.595396
 9279600.000000 1.817756 1.103691 2.303393 1.140158 0.587045
 9280800.000000 1.816414 1.082272 2.510698 1.004440 0.662513
 9282000.000000 1.801373 1.131276 2.243068 1.089090 0.585814
 9283200.000000 1.836032 1.024891 2.273599 1.086917 0.592646
 9284400.000000 1.840810 1.018380 2.294596 1.100183 0.610988
 9285600.000000 1.752354 1.076908 2.472758 1.049000 0.634730
 9286800.000000 1.798132 0.973140 2.429867 1.110725 0.564379
 9288000.000000 1.799282 1.034453 2.269422 1.095119 0.615143
 9289200.000000 1.968227 1.043251 2.349221 1.101980 0.617612
 9290400.000000 1.914277 1.079671 2.456929 1.030685 0.631898
 9291600.000000 1.630817 1.102525 1.891808 1.065859 0.578104
 9292800.000000 1.860683 1.031144 2.436462 1.090872 0.570813
 9294000.000000 1.737395 1.068940 2.466428 1.081934 0.589214
 9295200.000000 1.877731 1.123615 2.218468 1.033040 0.628776
 9296400.000000 1.915292 1.157702 2.196861 1.007911 0.628601
 9297600.000000 1.793158 1.103790 2.546734 1.090507 0.640277
 9298800.000000 2.010451 1.104510 2.449397 1.040937 0.622548
 9300000.000000 1.870524 1.105165 2.231062 1.084871 0.614374
 9301200.000000 1.795112 1.131276 2.256971 1.097571 0.602714
 9302400.000000 1.776942 1.128283 2.257455 1.054131 0.621699
 9303600.000000 1.929765 1.122710 2.323416 1.050178 0.650600
 9304800.000000 1.849299 1.008776 2.491415 1.127704 0.620799
 9306000.000000 1.775971 1.124206 2.319562 1.149925 0.648027
 9307200.000000 1.932512 1.161177 2.533439 1.108588 0.650116
 9308400.000000 1.968961 1.086334 2.345176 1.152080 0.631223
 9309600.000000 1.738951 1.106031 2.614541 1.186284 0.645151
 9310800.000000 1.882965 1.100686 2.407776 1.119116 0.651140
 9312000.000000 1.775616 1.139116 2.704996 1.095766 0.641529
 9313200.000000 1.667502 1.201350 2.466780 1.135102 0.608084
 9314400.000000 1.728950 1.130939 2.403232 1.122670 0.599278
 9315600.000000 1.775585 1.105724 2.511391 1.168092 0.571719
 9316800.000000 1.689306 1.084370 2.397398 1.138691 0.560873
 9318000.000000 1.721035 1.119802 2.510834 1.131570 0.574062
 9319200.000000 1.687893 1.084669 2.523541 1.012404 0.648680
 9320400.000000 1.754971 1.075441 2.623964 1.045825 0.630366
 9321600.000000 1.670670 1.148201 2.542084 1.066594 0.657487
 9322800.000000 1.789741 1.005196 2.599864 1.180209 0.572803
 9324000.000000 1.688589 1.104829 2.513804 1.103232 0.657059
 9325200.000000 1.654573 1.124900 2.523193 1.017074 0.603779
 9326400.000000 1.696964 1.116873 2.554044 1.155847 0.639683
 9327600.000000 1.802159 1.070584 2.513754 1.073622 0.659459
 9328800.000000 1.619707 1.133482 2.526612 1.079382 0.665805
 9330000.000000 1.732282 1.056468 2.450091 1.037185 0.624722
 9331200.000000 1.696220 1.085809 2.387813 1.056035 0.616968
 9332400.000000 1.780337 1.009722 2.349759 1.022463 0.632280
 9333600.000000 1.765441 1.065122 2.289862 1.112181 0.648727
 9334800.000000 1.722686 1.140518 2.186893 1.087126 0.597801
 9336000.000000 1.652545 1.069421 2.470494 1.043450 0.579289
 9337200.000000 1.848602 1.060731 2.231100 1.122367 0.607980
 9338400.000000 1.881710 1.039302 2.469142 1.065615 0.683980
 9339600.000000 1.739977 1.076552 2.322848 1.086387 0.615383
 9340800.000000 1.938436 1.013462 2.338375 1.036994 0.638047
 9342000.000000 1.807193 0.978489 2.344497 1.130180 0.620336
 9343200.000000 1.972982 0.898846 2.526366 1.131310 0.580124
 9344400.000000 1.824329 1.070385 2.240958 1.149453 0.660295
 9345600.000000 1.863728 1.025005 2.467324 1.068129 0.625380
 9346800.000000 1.831129 1.093993 2.456852 1.096760 0.608716
 9348000.000000 1.943988 0.902546 2.587108 1.088750 0.625375
 9349200.000000 1.774841 1.112955 2.673715 1.117992 0.601782
 9350400.000000 1.822364 1.070818 2.361968 1.112370 0.583192
 9351600.000000 1.728997 1.092803 2.341135 1.158261 0.562123
 9352800.000000 1.792523 1.034252 2.292193 1.045973 0.600648
 9354000.000000 1.795099 0.968930 2.363763 1.108519 0.601810
 9355200.000000 1.724095 1.065504 2.294537 1.041995 0.617895
 9356400.000000 1.822176 1.010666 2.590260 1.054907 0.680253
 9357600.000000 1.889422 0.911445 2.354983 1.023604 0.638697
 9358800.000000 1.942471 0.967232 2.646269 1.097525 0.599624
 9360000.000000 1.832892 1.106595 2.448929 1.184051 0.676548
 9361200.000000 1.878480 1.153776 2.437769 1.142130 0.584237
 9362400.000000 1.804155 1.119531 2.615927 1.115308 0.620558
 9363600.000000 1.783417 1.123427 2.319320 1.224653 0.638640
 9364800.000000 1.818583 1.170464 2.263262 1.089320 0.592756
 9366000.000000 1.904731 1.108741 2.703647 1.117726 0.605631
 9367200.000000 1.829825 1.172563 2.543032 1.071326 0.572030
 9368400.000000 2.045259 1.118121 2.576893 1.049388 0.625802
 9369600.000000 1.718526 1.107197 2.538799 1.081642 0.638875
 9370800.000000 1.730592 1.051235 2.473462 1.135691 0.725514
 9372000.000000 1.674019 1.137465 2.261685 1.000569 0.590984
 9373200.000000 1.773086 1.114717 2.567585 1.076527 0.635694
 9374400.000000 1.826586 1.103091 2.263203 1.075760 0.644795
 9375600.000000 1.727594 1.116891 2.371198 1.071568 0.582298
 9376800.000000 1.845090 1.108600 2.629003 1.118643 0.602949
 9378000.000000 1.852254 1.097884 2.754614 1.154664 0.607902
 9379200.000000 1.955428 1.063875 2.561613 1.088100 0.599576
 9380400.000000 1.831066 1.137270 2.417388 1.056279 0.590692
 9381600.000000 1.811135 1.101327 2.465728 1.108828 0.603328
 9382800.000000 1.782952 1.094317 2.317698 1.104281 0.600944
 9384000.000000 1.827992 1.018553 2.368973 1.017570 0.602943
 9385200.000000 1.761748 1.057876 2.393820 1.041295 0.643689
 9386400.000000 1.622114 1.078902 2.279073 1.122637 0.697152
 9387600.000000 1.588427 1.106317 2.487078 1.127985 0.589429
 9388800.000000 1.668179 1.116962 2.473439 1.081936 0.643504
 9390000.000000 1.767380 1.086402 2.490358 1.092004 0.632070
 9391200.000000 1.838148 1.048600 2.478288 1.126808 0.639666
 9392400.000000 1.759471 1.106354 2.450161 1.150142 0.607620
 9393600.000000 1.745681 1.114474 2.425628 1.167971 0.625248
 9394800.000000 1.706485 1.171578 2.524796 1.088815 0.578698
 9396000.000000 1.717581 1.105016 2.600046 1.255218 0.628580
 9397200.000000 1.870780 0.975546 2.434448 1.197788 0.593258
 9398400.000000 1.854799 1.062241 2.381369 1.128642 0.634896
 9399600.000000 1.746510 1.061628 2.498871 1.111824 0.620744
 9400800.000000 1.786151 1.110818 2.550317 1.139122 0.578884
 9402000.000000 1.755493 1.062816 2.466553 1.134716 0.601092
 9403200.000000 1.851417 1.046011 2.676357 1.342518 0.617128
 9404400.000000 1.689580 1.135898 2.466921 1.213976 0.586807
 9405600.000000 1.688587 1.198134 2.533118 1.136524 0.568404
 9406800.000000 1.840779 1.023984 2.594058 1.106653 0.610215
 9408000.000000 1.789387 1.073783 2.313002 1.197984 0.623293
 9409200.000000 1.797641 1.119238 2.335699 1.116294 0.557645
 9410400.000000 1.822484 1.045953 2.409795 1.123777 0.595221
 9411600.000000 1.826883 1.021457 2.490224 1.190844 0.633242
 9412800.000000 1.780246 1.079757 2.290288 1.179849 0.612119
 9414000.000000 1.787283 1.076685 2.413321 1.125954 0.622255
 9415200.000000 1.712831 1.102219 2.522633 1.131850 0.636717
 9416400.000000 1.715755 1.117169 2.642453 1.261472 0.579406
 9417600.000000 1.850106 1.052773 2.612901 1.139356 0.592265
 9418800.000000 1.860939 1.164315 2.591378 1.087960 0.585801
 9420000.000000 1.777919 1.006630 2.609246 1.141908 0.595980
 9421200.000000 1.889847 1.037840 2.504126 1.120967 0.639232
 9422400.000000 1.929043 1.123723 2.478166 1.078076 0.610520
 9423600.000000 1.872297 0.916261 2.450918 1.100299 0.566996
 9424800.000000 1.861383 0.946787 2.479002 1.113484 0.623869
 9426000.000000 2.039946 0.909706 2.542260 1.122908 0.587420
 9427200.000000 1.909761 0.951351 2.418843 1.117713 0.547158
 9428400.000000 1.924219 0.974568 2.475731 1.100552 0.580808
 9429600.000000 1.863321 1.102976 2.400619 1.125235 0.635902
 9430800.000000 1.932380 1.059718 2.720456 1.100931 0.584852
 9432000.000000 1.815324 0.932598 2.441061 1.091604 0.564609
 9433200.000000 2.076609 0.929620 2.417518 1.038792 0.562982
 9434400.000000 1.935739 1.081315 2.300435 1.102374 0.640671
 9435600.000000 1.859863 1.112232 2.157643 1.117298 0.588078
 9436800.000000 1.792563 1.054025 2.374217 1.194481 0.624784
 9438000.000000 1.845138 1.073594 2.476761 1.150111 0.569213
 9439200.000000 1.758211 1.010726 2.402849 1.130417 0.576945
 9440400.000000 1.755633 1.013337 2.605655 1.162403 0.603521
 9441600.000000 1.699052 1.065449 2.535825 1.062001 0.590530
 9442800.000000 1.906368 1.094579 2.472275 1.176427 0.570298
 9444000.000000 1.900883 1.109547 2.521262 1.147088 0.548378
 9445200.000000 1.730365 1.092565 2.511333 1.145094 0.571280
 9446400.000000 1.665267 1.104407 2.401931 1.178176 0.564711
 9447600.000000 1.736039 1.073114 2.332572 1.106145 0.571725
 9448800.000000 1.841049 1.195641 2.235881 1.143008 0.630333
 9450000.000000 1.858549 1.045000 2.510381 1.114981 0.598682
 9451200.000000 1.790683 1.133034 2.302834 1.149939 0.610201
 9452400.000000 1.764423 1.076771 2.580176 1.209511 0.637998
 9453600.000000 1.940524 0.957578 2.586257 1.127241 0.565332
 9454800.000000 1.895297 0.988814 2.408145 1.186577 0.601490
 9456000.000000 1.849530 1.069038 2.525550 1.137116 0.599880
 9457200.000000 1.795703 1.107477 2.467139 1.096153 0.626115
 9458400.000000 1.797561 1.062015 2.291435 1.134326 0.592203
 9459600.000000 1.809848 1.099657 2.563317 1.172614 0.612547
 9460800.000000 1.864476 1.069384 2.519311 1.103487 0.593863
 9462000.000000 1.920118 1.101284 2.491936 1.143995 0.581621
 9463200.000000 1.717644 1.062953 2.463893 1.132292 0.607718
 9464400.000000 1.853079 1.118957 2.486194 1.135650 0.583839
 9465600.000000 1.712526 1.083364 2.207861 1.096726 0.628878
 9466800.000000 1.807384 1.158225 2.457263 1.156543 0.610718
 9468000.000000 1.818361 1.097668 2.495287 1.130514 0.609527
 9469200.000000 1.794171 1.121993 2.573897 1.135311 0.611754
 9470400.000000 1.720289 1.091345 2.417292 1.143085 0.561242
 9471600.000000 1.726211 1.105087 2.508528 1.194356 0.588985
 9472800.000000 1.745954 1.081342 2.523746 1.078809 0.594596
 9474000.000000 1.715372 1.058014 2.488263 1.122341 0.562371
 9475200.000000 1.773297 1.028480 2.442471 1.053588 0.558185
 9476400.000000 1.862719 1.048566 2.473845 1.206710 0.605809
 9477600.000000 1.952187 0.998980 2.562954 1.116328 0.572458
 9478800.000000 1.754232 1.117845 2.467611 1.203985 0.595822
 9480000.000000 1.659773 1.103150 2.402572 1.122080 0.604263
 9481200.000000 1.832205 1.130969 2.532347 1.150304 0.598057
 9482400.000000 1.838885 1.011645 2.550152 1.168636 0.619961
 9483600.000000 1.795486 1.080263 2.430127 1.161751 0.638264
 9484800.000000 1.800408 1.070517 2.512644 1.119607 0.597492
 9486000.000000 1.755998 1.042104 2.477091 1.131625 0.576213
 9487200.000000 1.796865 1.121496 2.467482 1.157090 0.590351
 9488400.000000 1.665815 1.169283 2.435406 1.096526 0.578392
 9489600.000000 1.707163 1.180049 2.413187 1.145726 0.552810
 9490800.000000 1.692043 1.176538 2.562516 1.196958 0.579054
 9492000.000000 1.766444 1.192348 2.325058 1.152871 0.549433
 9493200.000000 1.872140 1.150733 2.511673 1.123304 0.563677
 9494400.000000 1.829862 1.043493 2.602327 1.131378 0.573573
 9495600.000000 1.802587 1.067786 2.640994 1.082952 0.575234
 9496800.000000 1.750640 1.080355 2.509934 1.061454 0.588861
 9498000.000000 1.748871 1.122420 2.414555 1.119004 0.607854
 9499200.000000 1.726604 1.126427 2.387646 1.111212 0.596091
 9500400.000000 1.781853 1.123635 2.557737 1.096337 0.630759
 9501600.000000 1.667836 1.096874 2.462027 1.095576 0.565900
 9502800.000000 1.673395 1.100214 2.423087 1.110571 0.546661
 9504000.000000 1.719835 1.131540 2.466594 1.203031 0.592525
 9505200.000000 1.679460 1.079723 2.663919 1.094079 0.581760
 9506400.000000 1.821554 1.166871 2.558932 1.098425 0.607756
 9507600.000000 1.723745 1.154803 2.610273 1.133425 0.632161
 9508800.000000 1.757702 1.132705 2.687984 1.198613 0.610345
 9510000.000000 1.883858 1.050261 2.584387 1.151878 0.576292
 9511200.000000 1.797503 1.109387 2.424745 1.140306 0.573727
 9512400.000000 1.734250 1.095235 2.364563 1.152455 0.562929
 9513600.000000 1.736022 1.057715 2.630484 1.111378 0.566747
 9514800.000000 1.719208 0.939022 2.618302 1.114360 0.611447
 9516000.000000 1.686161 1.072942 2.638410 1.186607 0.639308
 9517200.000000 1.644537 1.087953 2.597166 1.112535 0.627006
 9518400.000000 1.715423 1.075139 2.498310 1.048884 0.616767
 9519600.000000 1.597262 1.060008 2.556873 1.131654 0.616011
 9520800.000000 1.750670 1.156333 2.512098 1.163756 0.611709
 9522000.000000 1.722227 1.134427 2.505316 1.137416 0.591006
 9523200.000000 1.688686 1.136615 2.538479 1.227207 0.664950
 9524400.000000 1.725033 1.089059 2.411825 1.087510 0.637807
 9525600.000000 1.620941 1.102091 2.505503 1.244163 0.635256
 9526800.000000 1.763487 1.072329 2.463457 1.135969 0.615227
 9528000.000000 1.759504 1.093551 2.459895 1.166626 0.620606
 9529200.000000 1.674522 1.081129 2.278014 1.190911 0.635037
 9530400.000000 1.723489 1.140713 2.254086 1.114902 0.587630
 9531600.000000 1.692053 1.142337 2.624768 1.128067 0.587059
 9532800.000000 1.817246 1.129185 2.625550 1.100443 0.580336
 9534000.000000 1.759085 1.079232 2.573053 1.177460 0.574569
 9535200.000000 1.764033 1.107416 2.599393 1.090922 0.566187
 9536400.000000 1.718808 1.130509 2.608044 1.118784 0.602038
 9537600.000000 1.855196 1.140513 2.531077 1.087979 0.568130
 9538800.000000 1.753899 1.082476 2.739783 1.087662 0.556202
 9540000.000000 1.739320 1.062132 2.610792 1.084752 0.632053
 9541200.000000 1.802905 1.174976 2.686859 1.093095 0.616048
 9542400.000000 1.662741 1.192660 2.613708 1.066586 0.603297
 9543600.000000 1.690821 1.111338 2.468581 1.121816 0.617291
 9544800.000000 1.712393 1.086372 2.436743 1.089554 0.580030
 9546000.000000 1.740121 1.067000 2.431166 1.052430 0.603566
 9547200.000000 1.814966 1.098076 2.635312 1.126264 0.647300
 9548400.000000 1.886024 1.093058 2.574239 1.112291 0.602195
 9549600.000000 1.847898 1.132743 2.471946 1.049635 0.577149
 9550800.000000 1.827644 1.111473 2.441991 1.067210 0.629189
 9552000.000000 1.779417 1.106626 2.565548 1.138561 0.557506
 9553200.000000 1.727255 1.162072 2.525406 1.109502 0.593120
 9554400.000000 1.830482 1.176746 2.489200 1.055960 0.605348
 9555600.000000 1.836142 1.109645 2.599409 1.068314 0.594145
 9556800.000000 1.848138 1.099211 2.530282 1.090412 0.645146
 9558000.000000 2.033973 1.101511 2.470204 1.073818 0.590239
 9559200.000000 1.833444 1.079658 2.710160 1.153409 0.587708
 9560400.000000 1.720334 1.128227 2.203505 1.097274 0.577809
 9561600.000000 1.853789 0.984272 2.687289 1.143257 0.564273
 9562800.000000 1.742145 1.077058 2.490325 1.125914 0.567749
 9564000.000000 1.895521 1.114107 2.720570 1.147741 0.542074
 9565200.000000 1.786388 1.140744 2.537994 1.146057 0.562974
 9566400.000000 1.781840 1.178434 2.569951 1.135667 0.552531
 9567600.000000 1.750850 1.162427 2.549001 1.075139 0.568293
 9568800.000000 1.841880 1.093846 2.868239 1.148047 0.590864
 9570000.000000 1.690886 1.029857 2.808385 1.111679 0.593044
 9571200.000000 1.854234 1.108423 2.510485 1.082676 0.617117
 9572400.000000 1.815626 1.131338 2.766292 1.081213 0.553987
 9573600.000000 1.837099 1.110276 2.828286 1.214035 0.580199
 9574800.000000 1.846856 1.035618 2.769866 1.158784 0.586409
 9576000.000000 1.944064 0.968013 2.674009 1.151232 0.591880
 9577200.000000 2.060932 0.983226 2.831855 1.082039 0.573477
 9578400.000000 1.916032 1.074777 2.857195 1.073728 0.582450
 9579600.000000 1.814551 1.061805 2.826274 1.094196 0.577372
 9580800.000000 1.807973 1.148407 2.595327 1.095639 0.580922
 9582000.000000 1.666474 1.146051 2.513157 1.102466 0.542658
 9583200.000000 1.744290 1.159243 2.592306 1.173223 0.581237
 9584400.000000 1.810179 1.102942 2.646190 1.075806 0.603386
 9585600.000000 1.712807 1.120761 2.898093 1.156443 0.577489
 9586800.000000 1.810237 1.139582 2.418721 1.157205 0.567535
 9588000.000000 1.837212 0.985725 2.229636 1.127923 0.563247
 9589200.000000 1.860381 0.986139 2.505496 1.141616 0.581935
 9590400.000000 1.699935 1.068003 2.354117 1.126238 0.585072
 9591600.000000 1.833820 0.864824 2.293577 1.106503 0.570039
 9592800.000000 1.681164 1.086650 2.320256 1.208544 0.595657
 9594000.000000 1.697724 1.009024 2.349255 1.150835 0.628760
 9595200.000000 1.794006 1.153091 2.256937 1.179709 0.592200
 9596400.000000 1.706406 1.046575 2.444631 1.170897 0.592248
 9597600.000000 1.808668 0.968172 2.342386 1.138745 0.587370
 9598800.000000 1.736957 1.098001 2.454784 1.142549 0.609340
 9600000.000000 1.725421 1.111577 2.313155 1.081603 0.595999
 9601200.000000 1.732802 1.100342 2.480973 1.083632 0.562462
 9602400.000000 1.697210 1.140625 2.431857 1.059574 0.549415
 9603600.000000 1.821222 1.120468 2.494573 1.164476 0.555876
 9604800.000000 1.823056 1.195350 2.595236 1.204331 0.545870
 9606000.000000 1.773813 1.178814 2.378398 1.146041 0.596909
 9607200.000000 1.887796 1.217350 2.557855 1.140570 0.589112
 9608400.000000 1.809823 1.139990 2.474554 1.114150 0.536427
 9609600.000000 1.792389 1.116779 2.436086 1.088514 0.633184
 9610800.000000 1.729810 1.161145 2.409883 1.162950 0.542183
 9612000.000000 1.853207 1.192024 2.382688 1.103577 0.579509
 9613200.000000 1.859590 1.121478 2.399605 1.181679 0.562002
 9614400.000000 1.879152 1.122213 2.606039 1.187227 0.552529
 9615600.000000 1.859948 1.169941 2.576469 1.171349 0.604866
 9616800.000000 1.899627 1.271771 2.413892 1.169701 0.584798
 9618000.000000 1.634425 1.168792 2.487012 1.210414 0.604958
 9619200.000000 1.680054 1.116277 2.533126 1.228673 0.553498
 9620400.000000 1.660736 1.150016 2.522302 1.165418 0.605668
 9621600.000000 1.694599 1.205715 2.571517 1.166169 0.612470
 9622800.000000 1.749814 1.178287 2.580322 1.227685 0.591381
 9624000.000000 1.714242 1.144544 2.512340 1.131169 0.565020
 9625200.000000 1.666754 1.080953 2.612298 1.102322 0.534595
 9626400.000000 1.740284 1.155570 2.388321 1.154855 0.593361
 9627600.000000 1.721825 1.208731 2.462761 1.081265 0.538082
 9628800.000000 1.587258 1.141169 2.459554 1.107257 0.613954
 9630000.000000 1.693833 1.243940 2.572745 1.116596 0.596857
 9631200.000000 1.830316 1.129153 2.752107 1.156174 0.579209
 9632400.000000 1.695932 1.104223 2.395000 1.188420 0.583084
 9633600.000000 1.688350 1.183822 2.605624 1.164236 0.632571
 9634800.000000 1.813078 1.156566 2.742372 1.164207 0.561943
 9636000.000000 1.693775 1.128694 2.471240 1.140997 0.580323
 9637200.000000 1.713669 1.103690 2.562099 1.104044 0.615286
 9638400.000000 1.697407 1.061139 2.509199 1.150359 0.605987
 9639600.000000 1.734586 1.162883 2.229980 1.124625 0.575181
 9640800.000000 1.688912 1.183662 2.604245 1.114540 0.551186
 9642000.000000 1.652616 1.350447 2.551270 1.163735 0.548453
 9643200.000000 1.677568 1.142593 2.652987 1.195552 0.594409
 9644400.000000 1.749857 1.125988 2.382315 1.125961 0.532761
 9645600.000000 1.671944 1.147031 2.661591 1.107834 0.559682
 9646800.000000 1.579895 1.192921 2.626771 1.154832 0.588371
 9648000.000000 1.647163 1.142879 2.624898 1.155146 0.582465
 9649200.000000 1.766340 1.098408 2.697505 1.156663 0.557547
 9650400.000000 1.601700 1.308644 2.506983 1.113363 0.579722
 9651600.000000 1.683159 1.161947 2.505055 1.122117 0.576173
 9652800.000000 1.759076 1.234901 2.316890 1.118396 0.599453
 9654000.000000 1.580245 1.151544 2.418014 1.139654 0.548729
 9655200.000000 1.792577 1.185665 2.448694 1.197394 0.558193
 9656400.000000 1.879837 1.048340 2.622087 1.134655 0.602791
 9657600.000000 1.857595 1.137464 2.389797 1.066862 0.605990
 9658800.000000 1.761293 1.132211 2.312214 1.138055 0.577725
 9660000.000000 1.816886 1.165163 2.455145 1.202559 0.569120
 9661200.000000 1.797940 1.125883 2.400054 1.119024 0.585849
 9662400.000000 1.752346 1.086934 2.392088 1.129490 0.577920
 9663600.000000 1.772607 1.279578 2.486862 1.162961 0.602888
 9664800.000000 1.709997 1.127790 2.529299 1.188756 0.584508
 9666000.000000 1.696659 1.091752 2.541825 1.206848 0.589552
 9667200.000000 1.797040 1.168251 2.637849 1.219537 0.591339
 9668400.000000 1.890346 1.048526 2.520835 1.202825 0.598603
 9669600.000000 1.891405 1.103927 2.491326 1.095004 0.584116
 9670800.000000 1.911703 1.042718 2.453892 1.086857 0.567310
 9672000.000000 1.727306 1.248968 2.327870 1.121484 0.548949
 9673200.000000 1.609805 1.096570 2.463815 1.164609 0.615940
 9674400.000000 1.722811 1.174670 2.446358 1.160857 0.574899
 9675600.000000 1.834035 1.084471 2.372003 1.123615 0.564643
 9676800.000000 1.750082 1.119004 2.615212 1.180882 0.575249
 9678000.000000 1.742209 1.106294 2.557705 1.084207 0.590118
 9679200.000000 1.601939 1.118866 2.613099 1.078515 0.558310
 9680400.000000 1.642551 1.252494 2.472358 1.175239 0.579987
 9681600.000000 1.830750 1.086526 2.456594 1.122318 0.579993
 9682800.000000 1.652883 1.187115 2.264012 1.125125 0.614602
 9684000.000000 1.718347 1.207999 2.528802 1.119999 0.592016
 9685200.000000 1.817577 1.125673 2.535932 1.075204 0.575241
 9686400.000000 1.726757 1.139657 2.541861 1.221355 0.552471
 9687600.000000 1.725921 1.128434 2.333502 1.209095 0.541459
 9688800.000000 1.656476 1.078731 2.363362 1.152644 0.544320
 9690000.000000 1.801534 1.062324 2.572346 1.240055 0.577205
 9691200.000000 1.842789 1.112941 2.395985 1.159729 0.560194
 9692400.000000 1.757656 1.091347 2.314923 1.124754 0.557229
 9693600.000000 1.771525 1.103281 2.262670 1.101172 0.549283
 9694800.000000 1.959751 1.087335 2.423960 1.072690 0.593513
 9696000.000000 1.951735 1.081008 2.099512 1.101867 0.608885
 9697200.000000 1.746754 1.219414 2.260592 1.073866 0.570353
 9698400.000000 1.801754 1.236600 2.017996 1.153489 0.583143
 9699600.000000 1.734991 1.177446 2.193524 1.182703 0.582012
 9700800.000000 1.823527 1.112282 2.403467 1.136910 0.607039
 9702000.000000 1.604667 1.242508 2.504475 1.135818 0.550643
 9703200.000000 1.632014 1.189022 2.472255 1.051930 0.638175
 9704400.000000 1.790629 1.068474 2.546757 1.123865 0.558126
 9705600.000000 1.737531 1.204804 2.538226 1.217104 0.560515
 9706800.000000 1.843778 1.156639 2.480687 1.116029 0.564059
 9708000.000000 1.680670 1.160715 2.520262 1.157057 0.544939
 9709200.000000 1.734437 1.129701 2.462726 1.230064 0.597113
 9710400.000000 1.698689 1.135227 2.560251 1.163704 0.568169
 9711600.000000 1.692465 1.284933 2.560908 1.139026 0.567557
 9712800.000000 1.791893 1.118743 2.326868 1.100291 0.590214
 9714000.000000 1.781345 1.218173 2.540060 1.118270 0.633716
 9715200.000000 1.796040 1.281315 2.471016 1.162123 0.614924
 9716400.000000 1.940348 1.222568 2.575073 1.174179 0.588298
 9717600.000000 1.722428 1.263951 2.647537 1.194009 0.593888
 9718800.000000 1.752516 1.277337 2.381359 1.230816 0.571706
 9720000.000000 1.928864 1.266016 2.576849 1.325237 0.587575
 9721200.000000 1.751943 1.311676 2.506343 1.124633 0.557142
 9722400.000000 1.705324 1.256173 2.185177 1.118069 0.562618
 9723600.000000 1.663115 1.345017 2.441632 1.084325 0.612216
 9724800.000000 1.742445 1.321760 2.349785 1.202490 0.571599
 9726000.000000 1.761183 1.186516 2.567818 1.124821 0.601869
 9727200.000000 1.587590 1.299809 2.742098 1.205552 0.606439
 9728400.000000 1.837573 1.170412 2.673903 1.221000 0.584916
 9729600.000000 1.564086 1.327928 2.430562 1.159084 0.578532
 9730800.000000 1.695617 1.153212 2.349824 1.152220 0.591179
 9732000.000000 1.636298 1.138914 2.193877 1.073389 0.569336
 9733200.000000 1.682724 1.201168 2.214692 1.132506 0.628441
 9734400.000000 1.629519 1.271096 2.490914 1.176871 0.639769
 9735600.000000 1.620064 1.330486 2.355932 1.187799 0.624699
 9736800.000000 1.530244 1.347968 2.313600 1.130456 0.568463
 9738000.000000 1.560037 1.437454 2.215745 1.104304 0.574108
 9739200.000000 1.778933 1.243489 2.383979 1.067734 0.578172
 9740400.000000 1.831039 1.229628 2.634960 1.095796 0.562337
 9741600.000000 1.723199 1.158081 2.299052 1.103492 0.591895
 9742800.000000 1.711060 1.231397 2.410232 1.098080 0.566565
 9744000.000000 1.754504 1.180906 2.720309 1.112701 0.585807
 9745200.000000 1.712501 1.500728 2.509163 1.158474 0.593574
 9746400.000000 1.704311 1.342768 2.493510 1.082427 0.614662
 9747600.000000 1.837917 1.311880 2.540877 1.105556 0.587061
 9748800.000000 1.852702 1.125278 2.596809 1.129807 0.546801
 9750000.000000 1.819802 1.173601 2.655279 1.030958 0.604625
 9751200.000000 1.776409 1.173926 2.544698 1.148002 0.619583
 9752400.000000 1.605215 1.317700 2.495318 1.093345 0.607158
 9753600.000000 1.621633 1.315311 2.391340 1.095657 0.626138
 9754800.000000 1.608312 1.377367 2.259983 1.193347 0.593372
 9756000.000000 1.750250 1.380552 2.486429 1.148699 0.585028
 9757200.000000 1.673164 1.237005 2.539373 1.132879 0.595384
 9758400.000000 1.579299 1.404179 2.585887 1.083215 0.566227
 9759600.000000 1.605642 1.425111 2.395216 1.161857 0.536651
 9760800.000000 1.650986 1.328228 2.681706 1.180771 0.553479
 9762000.000000 1.685707 1.362642 2.544790 1.120876 0.602939
 9763200.000000 1.595236 1.380157 2.502777 1.111716 0.579716
 9764400.000000 1.605142 1.398902 2.356873 1.128728 0.605259
 9765600.000000 1.601823 1.388059 2.464517 1.118005 0.611497
 9766800.000000 1.626263 1.490649 2.384280 1.073798 0.604996
 9768000.000000 1.678886 1.354313 2.420227 1.071705 0.595845
 9769200.000000 1.559527 1.287814 2.247613 1.095954 0.608224
 9770400.000000 1.573165 1.378715 2.335012 1.101629 0.597490
 9771600.000000 1.668462 1.271661 2.139478 1.146585 0.592425
 9772800.000000 1.710583 1.326290 2.310178 1.105674 0.579844
 9774000.000000 1.577577 1.303236 2.293016 1.180963 0.623771
 9775200.000000 1.649242 1.344708 2.276324 1.075195 0.616560
 9776400.000000 1.656500 1.396541 2.236790 1.138739 0.562381
 9777600.000000 1.693185 1.332295 2.408388 1.135637 0.551814
 9778800.000000 1.635832 1.395738 2.336320 1.141040 0.583023
 9780000.000000 1.631521 1.339921 2.459192 1.136561 0.594968
 9781200.000000 1.753918 1.350664 2.382635 1.187000 0.574808
 9782400.000000 1.714785 1.286397 2.609883 1.110897 0.633343
 9783600.000000 1.634332 1.238377 2.303347 1.145096 0.551307
 9784800.000000 1.587897 1.389284 2.815332 1.087710 0.591226
 9786000.000000 1.585584 1.327183 2.666833 1.095168 0.620699
 9787200.000000 1.646111 1.348719 2.799175 1.106861 0.606640
 9788400.000000 1.645047 1.210987 2.564052 1.091809 0.619786
 9789600.000000 1.619614 1.379531 2.569496 1.037026 0.597022
 9790800.000000 1.640717 1.352504 2.606028 1.110039 0.577257
 9792000.000000 1.599757 1.335312 2.567035 1.104401 0.567771
 9793200.000000 1.536076 1.443567 2.648025 1.187384 0.567048
 9794400.000000 1.674842 1.274455 2.736967 1.136564 0.590750
 9795600.000000 1.601011 1.351074 2.628054 1.157999 0.604122
 9796800.000000 1.666008 1.239404 2.700897 1.143399 0.573434
 9798000.000000 1.594734 1.279102 2.472852 1.121774 0.573179
 9799200.000000 1.593088 1.341847 2.806405 1.082523 0.603538
 9800400.000000 1.697092 1.295559 2.580669 1.111274 0.598873
 9801600.000000 1.743421 1.439147 2.461688 1.047737 0.595256
 9802800.000000 1.655769 1.291645 2.741198 1.062727 0.588094
 9804000.000000 1.769498 1.305916 2.568726 1.114583 0.566441
 9805200.000000 1.703567 1.314769 2.622254 1.120946 0.571089
 9806400.000000 1.676844 1.428641 2.465011 1.112982 0.559582
 9807600.000000 1.680656 1.438572 2.628486 1.098485 0.592324
 9808800.000000 1.463976 1.543066 2.487384 1.141897 0.613203
 9810000.000000 1.557503 1.590184 2.637422 1.079434 0.572601
 9811200.000000 1.479233 1.502894 2.483386 1.021546 0.581907
 9812400.000000 1.505500 1.589322 2.487805 1.053483 0.629549
 9813600.000000 1.603679 1.405276 2.695371 1.115862 0.596247
 9814800.000000 1.697218 1.286958 2.713905 1.121210 0.568910
 9816000.000000 1.622104 1.325092 2.935087 1.124091 0.590165
 9817200.000000 1.517111 1.355711 2.582202 1.091392 0.595280
 9818400.000000 1.567723 1.430320 2.440348 1.112189 0.549031
 9819600.000000 1.588440 1.462605 2.630767 1.116898 0.575140
 9820800.000000 1.614596 1.382642 2.702418 1.188789 0.575764
 9822000.000000 1.635312 1.432886 2.544874 1.148228 0.584950
 9823200.000000 1.680938 1.261481 2.626258 1.114203 0.546038
 9824400.000000 1.450330 1.298281 2.716902 1.151177 0.574663
 9825600.000000 1.548881 1.282664 2.638224 1.178767 0.572827
 9826800.000000 1.764852 1.249729 2.486692 1.100222 0.563567
 9828000.000000 1.781717 1.276371 2.588968 1.158224 0.553482
 9829200.000000 1.791986 1.336713 2.718812 1.150395 0.569393
 9830400.000000 1.772155 1.188571 2.778269 1.174032 0.620522
 9831600.000000 1.745181 1.121254 2.685507 1.108792 0.604364
 9832800.000000 1.759080 1.279746 2.877116 1.117794 0.591730
 9834000.000000 1.657255 1.258399 2.761403 1.151490 0.581113
 9835200.000000 1.574562 1.198970 2.877421 1.213163 0.610707
 9836400.000000 1.592526 1.250821 3.001639 1.160162 0.592932
 9837600.000000 1.657088 1.229749 2.779738 1.135107 0.557608
 9838800.000000 1.682241 1.175612 2.790666 1.104581 0.575524
 9840000.000000 1.649165 1.243700 2.778331 1.145360 0.578918
 9841200.000000 1.694432 1.293608 2.748283 1.134762 0.594512
 9842400.000000 1.701129 1.285959 2.803203 1.234259 0.576797
 9843600.000000 1.765963 1.352024 3.016269 1.248407 0.592622
 9844800.000000 1.645713 1.323015 2.822612 1.209814 0.540239
 9846000.000000 1.658069 1.305737 2.711231 1.159060 0.564930
 9847200.000000 1.642752 1.344277 2.609197 1.147714 0.584324
 9848400.000000 1.693037 1.308794 2.688176 1.133847 0.597980
 9849600.000000 1.604028 1.370576 2.676047 1.101267 0.559810
 9850800.000000 1.586071 1.368273 2.588638 1.210501 0.571319
 9852000.000000 1.670953 1.304814 2.584007 1.152424 0.588344
 9853200.000000 1.582879 1.385095 2.493072 1.175206 0.576201
 9854400.000000 1.523017 1.351575 2.416304 1.146144 0.552316
 9855600.000000 1.595476 1.363142 2.495634 1.197598 0.581006
 9856800.000000 1.812260 1.316227 2.598049 1.208650 0.554047
 9858000.000000 1.620037 1.287746 2.599197 1.163458 0.534308
 9859200.000000 1.590173 1.352032 2.743269 1.135669 0.562677
 9860400.000000 1.581667 1.270990 2.459556 1.182933 0.582456
 9861600.000000 1.589060 1.228364 2.480763 1.133398 0.554787
 9862800.000000 1.706893 1.138995 2.646685 1.110180 0.615647
 9864000.000000 1.604519 1.296293 2.719669 1.172465 0.640760
 9865200.000000 1.644018 1.291107 2.706607 1.161795 0.582391
 9866400.000000 1.666894 1.319590 2.591104 1.099840 0.548060
 9867600.000000 1.568572 1.323669 2.661488 1.211139 0.585968
 9868800.000000 1.689264 1.425751 2.724434 1.145392 0.602459
 9870000.000000 1.604214 1.304478 2.598668 1.248838 0.597849
 9871200.000000 1.645359 1.311410 2.727580 1.147984 0.588272
 9872400.000000 1.582012 1.254322 2.778097 1.144832 0.591339
 9873600.000000 1.569303 1.331907 2.473324 1.151596 0.610588
 9874800.000000 1.592689 1.175932 2.401706 1.172883 0.581401
 9876000.000000 1.575943 1.165129 2.446514 1.144383 0.598808
 9877200.000000 1.566798 1.279606 2.244684 1.087108 0.641811
 9878400.000000 1.557161 1.245783 2.182738 1.108975 0.621816
 9879600.000000 1.748752 1.324312 2.247347 1.150092 0.639750
 9880800.000000 1.630399 1.528291 2.329599 1.239825 0.635523
 9882000.000000 1.649354 1.377790 2.398337 1.139622 0.608628
 9883200.000000 1.609259 1.109375 2.467657 1.182967 0.599282
 9884400.000000 1.549774 1.198621 2.245118 1.095852 0.585376
 9885600.000000 1.560803 1.194876 2.552425 1.209567 0.599970
 9886800.000000 1.618405 1.240249 2.496808 1.163121 0.593553
 9888000.000000 1.576755 1.198943 2.453644 1.097696 0.565217
 9889200.000000 1.639084 1.109428 2.565863 1.200452 0.606827
 9890400.000000 1.622730 1.309661 2.388635 1.198331 0.597820
 9891600.000000 1.589774 1.306729 2.669605 1.179465 0.547082
 9892800.000000 1.656917 1.289701 2.787818 1.138536 0.583673
 9894000.000000 1.648364 1.172982 2.791075 1.222020 0.592213
 9895200.000000 1.673164 1.209081 2.629870 1.084456 0.573307
 9896400.000000 1.628461 1.216150 2.665283 1.119726 0.534187
 9897600.000000 1.598521 1.352799 2.532726 1.107644 0.510959
 9898800.000000 1.590314 1.219766 2.709450 1.093600 0.628446
 9900000.000000 1.569693 1.216547 2.624516 1.141033 0.582156
 9901200.000000 1.605665 1.174667 2.557118 1.156204 0.591510
 9902400.000000 1.623029 1.199029 2.560978 1.177041 0.602440
 9903600.000000 1.672980 1.215165 2.745710 1.238731 0.537504
 9904800.000000 1.574735 1.281236 2.674291 1.344175 0.616941
 9906000.000000 1.596058 1.236371 2.637722 1.245996 0.583384
 9907200.000000 1.654928 1.173009 2.694237 1.154252 0.595132
 9908400.000000 1.717308 1.205190 2.491903 1.182667 0.606297
 9909600.000000 1.682822 1.223499 2.667617 1.212162 0.606989
 9910800.000000 1.630413 1.265609 2.637268 1.177063 0.590125
 9912000.000000 1.705629 1.187750 2.739599 1.222250 0.592632
 9913200.000000 1.807192 1.211577 2.714792 1.175869 0.607007
 9914400.000000 1.721958 1.226124 2.715118 1.234314 0.569766
 9915600.000000 1.743868 1.239741 2.801039 1.186077 0.605315
 9916800.000000 1.659095 1.209636 2.782799 1.167397 0.588197
 9918000.000000 1.632173 1.379773 2.603609 1.231198 0.593457
 9919200.000000 1.641262 1.381818 2.380753 1.235028 0.524972
 9920400.000000 1.598169 1.374059 2.889964 1.188538 0.563985
 9921600.000000 1.610641 1.400033 2.834892 1.223414 0.593748
 9922800.000000 1.567114 1.369592 2.588628 1.184028 0.629460
 9924000.000000 1.650591 1.390175 2.601206 1.254889 0.577080
 9925200.000000 1.601391 1.396421 2.536770 1.186004 0.567892
 9926400.000000 1.626112 1.435673 2.544195 1.218996 0.605613
 9927600.000000 1.597686 1.331365 2.663496 1.196188 0.594383
 9928800.000000 1.610199 1.241880 2.638424 1.216871 0.621326
 9930000.000000 1.611432 1.261978 2.856563 1.209754 0.570777
 9931200.000000 1.636426 1.234607 2.752112 1.156221 0.582400
 9932400.000000 1.728101 1.258651 2.633615 1.151033 0.567441
 9933600.000000 1.634721 1.330069 2.834805 1.186862 0.583117
 9934800.000000 1.543292 1.191003 2.729837 1.119616 0.608124
 9936000.000000 1.658408 1.271968 2.766402 1.180939 0.600910
 9937200.000000 1.683342 1.205906 2.916389 1.155167 0.625830
 9938400.000000 1.692167 1.237634 2.716740 1.102804 0.705795
 9939600.000000 1.612433 1.251565 2.705743 1.193922 0.579257
 9940800.000000 1.600256 1.253459 2.712401 1.155218 0.648981
 9942000.000000 1.697099 1.212429 2.808584 1.165280 0.608008
 9943200.000000 1.614193 1.208543 2.783043 1.123393 0.602662
 9944400.000000 1.706492 1.271977 2.754569 1.163894 0.642717
 9945600.000000 1.645390 1.288091 2.604315 1.076239 0.608792
 9946800.000000 1.599629 1.146113 2.667829 1.124001 0.610432
 9948000.000000 1.545352 1.216425 2.736934 1.167637 0.632607
 9949200.000000 1.650517 1.261718 2.682018 1.127100 0.597282
 9950400.000000 1.641549 1.195780 2.812225 1.135443 0.599199
 9951600.000000 1.611020 1.245034 2.831814 1.129041 0.608500
 9952800.000000 1.576219 1.201320 2.732414 1.075167 0.611732
 9954000.000000 1.624779 1.259939 2.750503 1.154418 0.645023
 9955200.000000 1.633567 1.261016 2.859743 1.091312 0.648670
 9956400.000000 1.617404 1.234840 2.874720 1.064105 0.601197
 9957600.000000 1.576353 1.249506 2.927872 1.069542 0.564979
 9958800.000000 1.684282 1.163646 2.647243 1.091307 0.584404
 9960000.000000 1.615213 1.204619 2.819580 1.186116 0.571787
 9961200.000000 1.611029 1.223151 2.707310 1.124827 0.556267
 9962400.000000 1.657827 1.100583 2.772065 1.129371 0.601583
 9963600.000000 1.584558 1.170898 2.715164 1.126497 0.583055
 9964800.000000 1.594366 1.248805 2.733466 1.100274 0.545950
 9966000.000000 1.596374 1.323230 2.777884 1.253227 0.614055
 9967200.000000 1.577614 1.191290 2.681477 1.165845 0.590247
 9968400.000000 1.694483 1.243626 2.711907 1.130528 0.571017
 9969600.000000 1.594211 1.207835 2.686625 1.101132 0.582116
 9970800.000000 1.621690 1.259963 2.986722 1.056615 0.607726
 9972000.000000 1.564904 1.195025 3.063468 1.113531 0.581454
 9973200.000000 1.596474 1.181380 2.828308 1.106081 0.593829
 9974400.000000 1.542645 1.194117 2.887666 1.127992 0.568990
 9975600.000000 1.542264 1.165622 3.043369 1.132991 0.587246
 9976800.000000 1.644552 1.202026 2.913374 1.126685 0.601536
 9978000.000000 1.667181 1.196909 3.005368 1.064546 0.635296
 9979200.000000 1.585120 1.188381 2.960269 1.071263 0.596914
 9980400.000000 1.637749 1.115670 2.887841 1.110972 0.574807
 9981600.000000 1.602719 1.281138 2.971500 1.151642 0.561682
 9982800.000000 1.598501 1.217008 2.762649 1.148802 0.605251
 9984000.000000 1.540606 1.172488 2.865010 1.180399 0.603393
 9985200.000000 1.566110 1.186061 2.878843 1.110012 0.564942
 9986400.000000 1.564045 1.276671 2.499413 1.120191 0.597201
 9987600.000000 1.635291 1.280983 2.659236 1.117993 0.611278
 9988800.000000 1.621316 1.204273 2.771537 1.062113 0.598612
 9990000.000000 1.571215 1.217232 2.901223 1.149120 0.608355
 9991200.000000 1.554230 1.278880 2.922147 1.100814 0.584399
 9992400.000000 1.595815 1.219545 2.844474 1.089955 0.632673
 9993600.000000 1.576637 1.269906 3.061948 1.151223 0.600643
 9994800.000000 1.596313 1.260963 2.860792 1.121160 0.627229
 9996000.000000 1.607696 1.222889 2.818911 1.108013 0.572407
 9997200.000000 1.615159 1.202984 2.806857 1.189307 0.578042
 9998400.000000 1.515231 1.349621 2.579939 1.148048 0.599968
 9999600.000000 1.631922 1.303341 2.844773 1.114335 0.566174
 10000800.000000 1.599974 1.327863 2.678827 1.201021 0.575944
 10002000.000000 1.597268 1.183602 2.861146 1.170435 0.567748
 10003200.000000 1.611019 1.280716 2.715378 1.106436 0.580131
 10004400.000000 1.652239 1.243992 2.918955 1.124364 0.560207
 10005600.000000 1.607366 1.207581 2.669722 1.139219 0.585815
 10006800.000000 1.627374 1.245041 2.354746 1.129779 0.592750
 10008000.000000 1.598080 1.353230 2.689412 1.152891 0.619428
 10009200.000000 1.567840 1.197646 2.724858 1.127576 0.639023
 10010400.000000 1.561155 1.274931 2.699248 1.187728 0.636358
 10011600.000000 1.624539 1.277614 2.599381 1.184205 0.593841
 10012800.000000 1.548102 1.242548 2.630046 1.163102 0.614286
 10014000.000000 1.666094 1.245403 2.780249 1.132768 0.634926
 10015200.000000 1.570693 1.235336 2.836430 1.159218 0.632119
 10016400.000000 1.622874 1.192554 2.845223 1.135201 0.616490
 10017600.000000 1.598172 1.252256 2.934172 1.196441 0.606992
 10018800.000000 1.590070 1.124371 2.799460 1.155122 0.610981
 10020000.000000 1.684036 1.185702 2.626217 1.171580 0.615595
 10021200.000000 1.642687 1.153627 2.819996 1.150914 0.601939
 10022400.000000 1.641357 1.193282 2.709595 1.077666 0.564464
 10023600.000000 1.757333 1.103313 2.923450 1.117207 0.577916
 10024800.000000 1.684454 1.157085 3.030858 1.157114 0.604230
 10026000.000000 1.831060 1.069855 3.008704 1.161938 0.592715
 10027200.000000 1.700859 1.219509 2.820764 1.175547 0.607003
 10028400.000000 1.638706 1.117579 2.699585 1.091622 0.604169
 10029600.000000 1.701007 1.171472 2.714958 1.143174 0.613545
 10030800.000000 1.827475 1.208611 2.660007 1.262590 0.626968
 10032000.000000 1.710323 1.151144 2.690912 1.321266 0.631619
 10033200.000000 1.705711 1.176144 2.628303 1.177783 0.646515
 10034400.000000 1.668779 1.198636 2.646229 1.141766 0.603715
 10035600.000000 1.577967 1.131128 2.719043 1.189387 0.600994
 10036800.000000 1.615929 1.165579 2.720420 1.139560 0.610184
 10038000.000000 1.609652 1.116051 2.821470 1.199635 0.587527
 10039200.000000 1.628413 1.162728 2.845574 1.166100 0.634349
 10040400.000000 1.600493 1.316447 2.724447 1.184060 0.598637
 10041600.000000 1.568823 1.259748 2.681762 1.167792 0.592886
 10042800.000000 1.586901 1.190226 2.714604 1.139408 0.585290
 10044000.000000 1.617070 1.185241 2.797007 1.246044 0.608228
 10045200.000000 1.638293 1.267472 2.650057 1.168458 0.616055
 10046400.000000 1.498648 1.228636 2.733956 1.188049 0.592266
 10047600.000000 1.535424 1.194138 2.770825 1.096140 0.641598
 10048800.000000 1.600446 1.269028 2.741657 1.144164 0.626287
 10050000.000000 1.595344 1.314152 2.694453 1.171941 0.662363
 10051200.000000 1.689079 1.293523 2.699962 1.169417 0.623809
 10052400.000000 1.589572 1.255515 2.673276 1.306297 0.619936
 10053600.000000 1.824287 1.231273 2.559377 1.227961 0.645880
 10054800.000000 1.896517 1.238011 2.712195 1.234665 0.601090
 10056000.000000 1.792043 1.177062 2.704485 1.237470 0.615418
 10057200.000000 1.817787 1.280549 2.701924 1.117327 0.623522
 10058400.000000 1.662813 1.265726 2.471286 1.168098 0.631070
 10059600.000000 1.582981 1.335905 2.451389 1.139771 0.658402
 10060800.000000 1.536831 1.204275 2.420158 1.228766 0.625702
 10062000.000000 1.676814 1.390516 2.711054 1.205254 0.578035
 10063200.000000 1.741294 1.286684 2.566754 1.180154 0.609127
 10064400.000000 1.862632 1.111499 2.574557 1.217065 0.601915
 10065600.000000 1.719637 1.187088 2.658493 1.230884 0.611628
 10066800.000000 1.792179 1.275572 2.709124 1.156582 0.611669
 10068000.000000 1.739648 1.229939 2.697066 1.285089 0.642837
 10069200.000000 1.747365 1.222305 2.713550 1.203242 0.604017
 10070400.000000 1.698325 1.276728 2.742875 1.226518 0.653178
 10071600.000000 1.805969 1.256502 2.660573 1.103460 0.602071
 10072800.000000 1.683397 1.157842 2.602474 1.197166 0.610197
 10074000.000000 1.634590 1.240744 2.709209 1.179767 0.566293
 10075200.000000 1.644996 1.184097 2.593827 1.173916 0.629356
 10076400.000000 1.693296 1.296954 2.683411 1.128531 0.610789
 10077600.000000 1.700309 1.205536 2.731857 1.149998 0.573923
 10078800.000000 1.782482 1.081936 2.676445 1.231795 0.596011
 10080000.000000 1.731539 1.241445 2.654897 1.136490 0.626434
 10081200.000000 1.733449 1.222434 2.809082 1.185174 0.619353
 10082400.000000 1.752545 1.130848 2.531633 1.115670 0.565269
 10083600.000000 1.745034 1.134056 2.755813 1.158443 0.604273
 10084800.000000 1.901761 1.166987 2.856783 1.193453 0.611243
 10086000.000000 1.809997 1.156888 2.778164 1.144308 0.590797
 10087200.000000 1.849584 1.184749 2.863456 1.206634 0.581178
 10088400.000000 1.782207 1.193121 2.773089 1.149248 0.576522
 10089600.000000 1.849872 1.028471 2.857743 1.193263 0.613724
 10090800.000000 1.819843 1.004563 2.904811 1.189361 0.617857
 10092000.000000 1.799787 0.984493 2.809059 1.148061 0.592069
 10093200.000000 1.887584 1.103495 2.745635 1.104318 0.614148
 10094400.000000 1.788888 1.134953 2.617618 1.154075 0.594701
 10095600.000000 1.818318 1.135604 2.897752 1.080152 0.615856
 10096800.000000 1.843003 1.116077 2.620413 1.148500 0.587123
 10098000.000000 1.905252 1.113801 2.627248 1.110803 0.578553
